600.0037	-2E-4
600.2448	2E-4
600.4858	1E-4
600.7269	-4E-4
600.968	-8E-4
601.209	-7E-4
601.4501	-3E-4
601.6912	1E-4
601.9323	2E-4
602.1733	2E-4
602.4144	4E-4
602.6554	0.0012
602.8965	0.0024
603.1375	0.0033
603.3786	0.0027
603.6196	7E-4
603.8607	-0.0011
604.1018	-1E-3
604.3428	6E-4
604.5839	0.002
604.825	0.0021
605.066	0.0018
605.3071	0.0022
605.5482	0.0035
605.7892	0.0046
606.0303	0.0049
606.2714	0.0049
606.5124	0.0053
606.7535	0.0057
606.9945	0.0056
607.2356	0.005
607.4766	0.0045
607.7177	0.0048
607.9588	0.0057
608.1998	0.0067
608.4409	0.0075
608.6819	0.008
608.923	0.008
609.1641	0.0078
609.4052	0.0072
609.6462	0.0065
609.8873	0.0058
610.1284	0.0049
610.3694	0.0042
610.6105	0.0041
610.8515	0.0048
611.0926	0.0061
611.3336	0.0071
611.5747	0.0077
611.8158	0.0083
612.0568	0.0093
612.2979	0.01
612.5389	0.0094
612.78	0.0076
613.0211	0.0058
613.2621	0.0053
613.5032	0.0062
613.7443	0.0076
613.9854	0.0091
614.2264	0.0106
614.4675	0.0124
614.7085	0.0142
614.9496	0.0154
615.1906	0.0155
615.4317	0.0147
615.6728	0.0138
615.9138	0.0137
616.1549	0.014
616.3959	0.014
616.637	0.0136
616.8781	0.0131
617.1191	0.0127
617.3602	0.0116
617.6013	0.0097
617.8423	0.008
618.0834	0.0079
618.3245	0.0097
618.5655	0.0119
618.8066	0.0131
619.0476	0.0128
619.2887	0.0118
619.5298	0.0112
619.7708	0.0118
620.0119	0.0133
620.2529	0.0149
620.494	0.0159
620.735	0.0165
620.9761	0.0167
621.2172	0.0162
621.4583	0.0148
621.6993	0.0132
621.9404	0.0127
622.1815	0.0137
622.4225	0.0151
622.6636	0.016
622.9046	0.0161
623.1457	0.0154
623.3868	0.0144
623.6278	0.0137
623.8689	0.0139
624.1099	0.0149
624.351	0.0158
624.592	0.016
624.8331	0.0158
625.0742	0.0159
625.3152	0.0165
625.5563	0.017
625.7974	0.0173
626.0385	0.0177
626.2795	0.0183
626.5206	0.0187
626.7616	0.0184
627.0027	0.0177
627.2438	0.0177
627.4848	0.019
627.7259	0.0206
627.9669	0.0212
628.208	0.0201
628.449	0.0181
628.6901	0.0167
628.9312	0.0167
629.1722	0.0179
629.4133	0.0191
629.6544	0.0199
629.8954	0.0204
630.1365	0.0207
630.3776	0.0208
630.6186	0.0209
630.8597	0.0209
631.1008	0.0212
631.3418	0.0216
631.5829	0.0217
631.8239	0.021
632.065	0.02
632.306	0.0195
632.5471	0.0198
632.7882	0.0207
633.0292	0.0215
633.2703	0.0218
633.5114	0.0216
633.7524	0.0209
633.9935	0.0203
634.2346	0.0203
634.4756	0.0209
634.7167	0.0217
634.9578	0.022
635.1988	0.0218
635.4399	0.0218
635.6809	0.0221
635.922	0.0225
636.163	0.0231
636.4041	0.0242
636.6451	0.0262
636.8862	0.0282
637.1273	0.0287
637.3683	0.0275
637.6094	0.0256
637.8505	0.0248
638.0916	0.0255
638.3326	0.0268
638.5737	0.0274
638.8148	0.0274
639.0558	0.0274
639.2969	0.0278
639.5379	0.0277
639.779	0.0264
640.02	0.0245
640.2611	0.0236
640.5022	0.0249
640.7432	0.0276
640.9843	0.0298
641.2253	0.0306
641.4664	0.0304
641.7075	0.0301
641.9485	0.0301
642.1896	0.0301
642.4307	0.0301
642.6718	0.03
642.9128	0.03
643.1539	0.0301
643.3949	0.0307
643.636	0.0317
643.877	0.0327
644.1181	0.0334
644.3591	0.0333
644.6002	0.0326
644.8413	0.0318
645.0823	0.0314
645.3234	0.0317
645.5645	0.0323
645.8055	0.0327
646.0466	0.0326
646.2877	0.032
646.5287	0.0313
646.7698	0.0309
647.0109	0.0311
647.2519	0.0321
647.493	0.0333
647.734	0.0337
647.9751	0.033
648.2162	0.0321
648.4572	0.0321
648.6983	0.0328
648.9393	0.0335
649.1804	0.0336
649.4214	0.0336
649.6625	0.0341
649.9036	0.0348
650.1447	0.0352
650.3857	0.0348
650.6268	0.0337
650.8679	0.0326
651.1089	0.0324
651.35	0.0334
651.591	0.035
651.8321	0.0359
652.0731	0.0355
652.3142	0.0349
652.5553	0.0349
652.7963	0.0356
653.0374	0.0363
653.2784	0.0366
653.5195	0.0372
653.7606	0.0381
654.0016	0.0391
654.2427	0.0396
654.4838	0.0396
654.7249	0.0393
654.9659	0.0389
655.207	0.0382
655.448	0.0377
655.6891	0.0377
655.9302	0.0379
656.1712	0.0381
656.4123	0.0379
656.6533	0.0377
656.8944	0.0379
657.1354	0.0388
657.3765	0.0401
657.6176	0.0412
657.8586	0.0421
658.0997	0.0429
658.3408	0.044
658.5818	0.045
658.8229	0.0449
659.064	0.0435
659.305	0.0414
659.5461	0.0399
659.7871	0.0395
660.0282	0.04
660.2693	0.0408
660.5103	0.0414
660.7514	0.0418
660.9924	0.0423
661.2335	0.0431
661.4745	0.0439
661.7156	0.0438
661.9567	0.0428
662.1978	0.0417
662.4388	0.0414
662.6799	0.0421
662.921	0.0427
663.162	0.043
663.4031	0.0431
663.6442	0.0436
663.8852	0.0443
664.1263	0.0445
664.3673	0.0444
664.6084	0.0445
664.8494	0.0451
665.0905	0.0463
665.3315	0.0476
665.5726	0.0486
665.8137	0.0487
666.0547	0.0478
666.2958	0.0465
666.5369	0.0456
666.778	0.0453
667.019	0.0457
667.2601	0.0462
667.5011	0.0465
667.7422	0.0466
667.9833	0.0466
668.2243	0.0468
668.4654	0.0472
668.7064	0.0481
668.9475	0.0492
669.1885	0.0502
669.4296	0.0506
669.6707	0.0503
669.9117	0.0497
670.1528	0.049
670.3939	0.0485
670.6349	0.0484
670.876	0.049
671.1171	0.05
671.3582	0.0508
671.5992	0.0505
671.8403	0.0495
672.0813	0.0488
672.3224	0.0493
672.5634	0.0506
672.8045	0.0521
673.0455	0.0532
673.2866	0.0539
673.5277	0.0541
673.7687	0.0535
674.0098	0.0524
674.2509	0.0516
674.4919	0.0517
674.733	0.0527
674.9741	0.0536
675.2151	0.0539
675.4562	0.0535
675.6973	0.0535
675.9383	0.0543
676.1794	0.0555
676.4204	0.0563
676.6615	0.0562
676.9025	0.0558
677.1436	0.056
677.3847	0.0568
677.6257	0.0575
677.8668	0.0578
678.1078	0.0579
678.3489	0.0581
678.59	0.0582
678.8311	0.0579
679.0721	0.0571
679.3132	0.0567
679.5543	0.057
679.7953	0.0578
680.0364	0.0581
680.2774	0.0576
680.5185	0.0565
680.7595	0.0556
681.0006	0.0557
681.2417	0.0565
681.4827	0.0573
681.7238	0.0578
681.9648	0.0579
682.2059	0.0585
682.447	0.0595
682.688	0.0606
682.9291	0.0611
683.1702	0.0609
683.4113	0.0605
683.6523	0.0605
683.8934	0.0609
684.1344	0.0613
684.3755	0.0613
684.6165	0.061
684.8576	0.0611
685.0987	0.0618
685.3397	0.0626
685.5808	0.063
685.8218	0.0629
686.0629	0.0628
686.304	0.0631
686.545	0.0635
686.7861	0.0636
687.0272	0.0632
687.2682	0.063
687.5093	0.0633
687.7504	0.0636
687.9914	0.0638
688.2325	0.064
688.4735	0.0647
688.7146	0.0659
688.9557	0.0669
689.1967	0.0671
689.4378	0.0663
689.6788	0.0652
689.9199	0.0644
690.1609	0.0643
690.402	0.0647
690.6431	0.0652
690.8842	0.0657
691.1252	0.0662
691.3663	0.0669
691.6074	0.0676
691.8484	0.068
692.0895	0.068
692.3305	0.0675
692.5716	0.0667
692.8127	0.066
693.0537	0.0656
693.2948	0.0656
693.5358	0.0663
693.7769	0.0676
694.0179	0.0691
694.259	0.07
694.5001	0.0699
694.7411	0.0692
694.9822	0.0685
695.2233	0.0684
695.4644	0.0686
695.7054	0.0689
695.9465	0.0691
696.1875	0.0693
696.4286	0.0696
696.6697	0.0702
696.9107	0.071
697.1518	0.0715
697.3928	0.0716
697.6339	0.0714
697.8749	0.0714
698.116	0.0718
698.3571	0.0721
698.5981	0.0722
698.8392	0.0723
699.0803	0.0727
699.3214	0.0732
699.5624	0.0737
699.8035	0.0738
700.0445	0.0734
700.2856	0.073
700.5267	0.0728
700.7677	0.0732
701.0088	0.0739
701.2498	0.0743
701.4909	0.074
701.7319	0.0733
701.973	0.0731
702.2141	0.0735
702.4551	0.074
702.6962	0.0743
702.9373	0.0744
703.1783	0.0749
703.4194	0.0758
703.6605	0.0766
703.9015	0.0768
704.1426	0.0765
704.3837	0.0764
704.6247	0.0768
704.8658	0.0774
705.1068	0.0778
705.3479	0.0779
705.5889	0.078
705.83	0.0781
706.071	0.0779
706.3121	0.0772
706.5532	0.0763
706.7943	0.0759
707.0353	0.0761
707.2764	0.0769
707.5175	0.0778
707.7585	0.0785
707.9996	0.079
708.2407	0.0792
708.4817	0.0794
708.7228	0.0796
708.9638	0.0798
709.2049	0.0801
709.4459	0.0802
709.687	0.0802
709.9281	0.0799
710.1691	0.0795
710.4102	0.0793
710.6512	0.0797
710.8923	0.0806
711.1334	0.0815
711.3745	0.082
711.6155	0.0822
711.8566	0.082
712.0977	0.0815
712.3387	0.0809
712.5798	0.0808
712.8208	0.0814
713.0619	0.0822
713.3029	0.0828
713.544	0.0829
713.785	0.0829
714.0261	0.083
714.2672	0.083
714.5082	0.0829
714.7493	0.0828
714.9904	0.0829
715.2314	0.0833
715.4725	0.084
715.7136	0.0845
715.9547	0.0846
716.1957	0.0845
716.4368	0.0846
716.6778	0.0848
716.9189	0.0848
717.1599	0.0844
717.401	0.084
717.6421	0.0839
717.8831	0.0842
718.1242	0.0845
718.3652	0.0845
718.6063	0.0844
718.8474	0.0844
719.0884	0.0846
719.3295	0.0849
719.5706	0.085
719.8116	0.085
720.0527	0.085
720.2938	0.0853
720.5348	0.0857
720.7759	0.0861
721.0169	0.0863
721.258	0.0865
721.499	0.0868
721.7401	0.0871
721.9812	0.0873
722.2222	0.0872
722.4633	0.0873
722.7043	0.0877
722.9454	0.0879
723.1865	0.0879
723.4276	0.0876
723.6686	0.0873
723.9097	0.0873
724.1508	0.0874
724.3918	0.0876
724.6329	0.088
724.8739	0.0884
725.115	0.0888
725.3561	0.0889
725.5971	0.0888
725.8382	0.0887
726.0792	0.0886
726.3203	0.0884
726.5613	0.0884
726.8024	0.0885
727.0435	0.0889
727.2845	0.0894
727.5256	0.0897
727.7667	0.0898
728.0078	0.0898
728.2488	0.09
728.4899	0.0901
728.7309	0.0901
728.972	0.0902
729.213	0.0904
729.4541	0.0907
729.6952	0.0909
729.9362	0.0908
730.1773	0.0906
730.4183	0.0905
730.6594	0.0907
730.9005	0.091
731.1415	0.0912
731.3826	0.0912
731.6237	0.0912
731.8647	0.0913
732.1058	0.0915
732.3469	0.0919
732.5879	0.0921
732.829	0.0921
733.0701	0.0921
733.3111	0.0922
733.5522	0.0924
733.7932	0.0926
734.0343	0.0927
734.2753	0.0928
734.5164	0.0928
734.7574	0.0929
734.9985	0.0929
735.2396	0.0929
735.4807	0.0931
735.7217	0.0932
735.9628	0.0935
736.2039	0.0938
736.4449	0.0942
736.686	0.0942
736.927	0.0938
737.1681	0.0933
737.4092	0.0934
737.6502	0.0938
737.8913	0.0942
738.1323	0.0944
738.3734	0.0944
738.6144	0.0945
738.8555	0.0945
739.0966	0.0944
739.3376	0.0941
739.5787	0.0941
739.8198	0.0944
740.0609	0.0947
740.3019	0.0947
740.543	0.0946
740.7841	0.0945
741.0251	0.0948
741.2662	0.0953
741.5072	0.0958
741.7483	0.0959
741.9893	0.0956
742.2304	0.0954
742.4714	0.0953
742.7125	0.0955
742.9536	0.0957
743.1946	0.0957
743.4357	0.0959
743.6768	0.0962
743.9178	0.0966
744.1589	0.0968
744.4	0.0966
744.641	0.0962
744.8821	0.0959
745.1232	0.0959
745.3642	0.0961
745.6053	0.0964
745.8463	0.0966
746.0874	0.0967
746.3284	0.0969
746.5695	0.097
746.8106	0.0971
747.0516	0.0971
747.2927	0.0971
747.5338	0.097
747.7748	0.0968
748.0159	0.0966
748.257	0.0965
748.498	0.0964
748.7391	0.0964
748.9802	0.0967
749.2212	0.0971
749.4623	0.0976
749.7033	0.0978
749.9444	0.0977
750.1854	0.0978
750.4265	0.0981
750.6676	0.0984
750.9086	0.0985
751.1497	0.0983
751.3907	0.0981
751.6318	0.0981
751.8729	0.0982
752.114	0.0982
752.355	0.0981
752.5961	0.098
752.8372	0.0981
753.0782	0.0983
753.3193	0.0983
753.5603	0.0982
753.8014	0.0982
754.0424	0.0984
754.2835	0.0986
754.5246	0.0988
754.7656	0.0987
755.0067	0.0987
755.2477	0.0986
755.4888	0.0987
755.7299	0.0989
755.9709	0.099
756.212	0.099
756.4531	0.099
756.6942	0.0989
756.9352	0.0989
757.1763	0.099
757.4173	0.099
757.6584	0.0991
757.8994	0.0994
758.1405	0.0998
758.3816	0.1002
758.6226	0.1003
758.8637	0.1002
759.1047	0.1
759.3458	0.0999
759.5869	0.1
759.8279	0.1
760.069	0.0999
760.3101	0.0997
760.5511	0.0997
760.7922	0.0999
761.0333	0.1002
761.2743	0.1002
761.5154	0.0999
761.7564	0.0995
761.9975	0.0994
762.2386	0.0996
762.4796	0.0999
762.7207	0.1001
762.9617	0.1004
763.2028	0.1007
763.4438	0.1008
763.6849	0.1008
763.926	0.1006
764.1671	0.1004
764.4081	0.1003
764.6492	0.1005
764.8903	0.1008
765.1313	0.101
765.3724	0.1008
765.6134	0.1005
765.8545	0.1003
766.0956	0.1005
766.3366	0.1006
766.5777	0.1007
766.8187	0.1008
767.0598	0.101
767.3008	0.1012
767.5419	0.1014
767.783	0.1014
768.024	0.1012
768.2651	0.101
768.5062	0.1009
768.7473	0.1011
768.9883	0.1012
769.2294	0.1011
769.4704	0.1007
769.7115	0.1005
769.9526	0.1007
770.1936	0.101
770.4347	0.1012
770.6757	0.1013
770.9168	0.1015
771.1578	0.1017
771.3989	0.1017
771.64	0.1014
771.881	0.1011
772.1221	0.1008
772.3632	0.1008
772.6042	0.1011
772.8453	0.1013
773.0864	0.1014
773.3274	0.1013
773.5685	0.1013
773.8096	0.1013
774.0506	0.1014
774.2917	0.1014
774.5327	0.1014
774.7738	0.1014
775.0148	0.1017
775.2559	0.102
775.4969	0.1022
775.738	0.1021
775.9791	0.102
776.2202	0.1017
776.4612	0.1014
776.7023	0.1012
776.9434	0.1011
777.1844	0.1009
777.4255	0.1008
777.6666	0.1008
777.9076	0.1009
778.1487	0.1011
778.3897	0.1011
778.6308	0.1011
778.8718	0.1011
779.1129	0.1014
779.354	0.1017
779.595	0.1018
779.8361	0.1017
780.0771	0.1016
780.3182	0.1016
780.5593	0.1016
780.8004	0.1016
781.0414	0.1016
781.2825	0.1016
781.5236	0.1017
781.7646	0.1018
782.0057	0.1018
782.2467	0.1016
782.4878	0.1014
782.7288	0.1013
782.9699	0.1013
783.2109	0.1014
783.452	0.1014
783.6931	0.1014
783.9341	0.1012
784.1752	0.101
784.4163	0.1011
784.6573	0.1013
784.8984	0.1014
785.1395	0.1013
785.3806	0.1011
785.6216	0.1011
785.8627	0.1012
786.1037	0.1012
786.3448	0.1012
786.5858	0.1012
786.8269	0.1012
787.068	0.1012
787.309	0.1012
787.5501	0.101
787.7911	0.1007
788.0322	0.1007
788.2733	0.1009
788.5143	0.1013
788.7554	0.1015
788.9965	0.1014
789.2375	0.101
789.4786	0.1007
789.7197	0.1006
789.9607	0.1005
790.2018	0.1005
790.4428	0.1005
790.6839	0.1007
790.9249	0.1009
791.166	0.101
791.4071	0.1008
791.6481	0.1005
791.8892	0.1003
792.1302	0.1002
792.3713	0.1004
792.6124	0.1005
792.8535	0.1005
793.0945	0.1004
793.3356	0.1004
793.5767	0.1007
793.8177	0.1009
794.0588	0.101
794.2998	0.1008
794.5409	0.1006
794.782	0.1005
795.023	0.1005
795.2641	0.1004
795.5051	0.1003
795.7462	0.1002
795.9872	0.1002
796.2283	0.1001
796.4694	0.0999
796.7104	0.0997
796.9515	0.0996
797.1926	0.0997
797.4337	0.1
797.6747	0.1002
797.9158	0.1002
798.1568	0.1
798.3979	0.0997
798.6389	0.0997
798.88	0.0998
799.1211	0.0999
799.3621	0.0998
799.6032	0.0996
799.8442	0.0994
800.0853	0.0994
800.3264	0.0994
800.5674	0.0993
800.8085	0.099
801.0496	0.0989
801.2906	0.0989
801.5317	0.0991
801.7728	0.0992
802.0138	0.0993
802.2549	0.0993
802.496	0.0992
802.737	0.0992
802.9781	0.0992
803.2191	0.099
803.4602	0.0987
803.7012	0.0985
803.9423	0.0984
804.1833	0.0986
804.4244	0.0987
804.6655	0.0986
804.9066	0.0985
805.1476	0.0983
805.3887	0.0982
805.6298	0.0981
805.8708	0.098
806.1119	0.098
806.3529	0.0981
806.594	0.0983
806.8351	0.0985
807.0761	0.0984
807.3172	0.0982
807.5582	0.0981
807.7993	0.0981
808.0403	0.0982
808.2814	0.0982
808.5225	0.0979
808.7635	0.0975
809.0046	0.0973
809.2457	0.0972
809.4868	0.0973
809.7278	0.0972
809.9689	0.0971
810.21	0.0971
810.451	0.0971
810.6921	0.0973
810.9331	0.0972
811.1742	0.097
811.4152	0.0967
811.6563	0.0965
811.8973	0.0966
812.1384	0.0966
812.3795	0.0965
812.6205	0.0963
812.8616	0.0962
813.1027	0.0962
813.3438	0.0962
813.5848	0.0961
813.8259	0.096
814.0669	0.0958
814.308	0.0957
814.5491	0.0957
814.7901	0.0956
815.0312	0.0955
815.2722	0.0955
815.5133	0.0955
815.7543	0.0956
815.9954	0.0957
816.2365	0.0956
816.4775	0.0954
816.7186	0.0951
816.9597	0.095
817.2007	0.095
817.4418	0.0951
817.6829	0.095
817.924	0.0948
818.165	0.0947
818.4061	0.0947
818.6471	0.0947
818.8882	0.0947
819.1292	0.0947
819.3703	0.0946
819.6113	0.0945
819.8524	0.0944
820.0935	0.0942
820.3345	0.0941
820.5756	0.0939
820.8167	0.0938
821.0577	0.0938
821.2988	0.0938
821.5399	0.0937
821.7809	0.0935
822.022	0.0932
822.2631	0.0931
822.5041	0.0931
822.7452	0.093
822.9862	0.093
823.2273	0.0929
823.4683	0.0928
823.7094	0.0926
823.9505	0.0924
824.1915	0.0922
824.4326	0.0921
824.6736	0.092
824.9147	0.0921
825.1558	0.0922
825.3969	0.0922
825.6379	0.0921
825.879	0.0919
826.1201	0.0918
826.3611	0.0919
826.6022	0.0919
826.8432	0.092
827.0843	0.0919
827.3253	0.0918
827.5664	0.0916
827.8075	0.0914
828.0485	0.0911
828.2896	0.0909
828.5306	0.0908
828.7717	0.0907
829.0128	0.0907
829.2538	0.0906
829.4949	0.0904
829.736	0.0902
829.9771	0.0902
830.2181	0.0903
830.4592	0.0903
830.7002	0.0902
830.9413	0.0899
831.1823	0.0898
831.4234	0.0898
831.6645	0.0898
831.9055	0.0897
832.1466	0.0895
832.3876	0.0893
832.6287	0.0893
832.8698	0.0892
833.1108	0.0891
833.3519	0.0888
833.593	0.0885
833.834	0.0884
834.0751	0.0884
834.3162	0.0885
834.5572	0.0884
834.7983	0.0881
835.0393	0.0878
835.2804	0.0877
835.5215	0.0877
835.7625	0.0877
836.0036	0.0877
836.2446	0.0875
836.4857	0.0875
836.7267	0.0874
836.9678	0.0874
837.2089	0.0873
837.45	0.0871
837.691	0.0869
837.9321	0.0868
838.1732	0.0867
838.4142	0.0865
838.6553	0.0862
838.8963	0.086
839.1374	0.086
839.3785	0.0861
839.6195	0.0863
839.8606	0.0862
840.1016	0.086
840.3427	0.0856
840.5837	0.0855
840.8248	0.0854
841.0659	0.0854
841.3069	0.0853
841.548	0.0851
841.7891	0.085
842.0302	0.0849
842.2712	0.0847
842.5123	0.0845
842.7533	0.0843
842.9944	0.0842
843.2355	0.0843
843.4765	0.0843
843.7176	0.0842
843.9586	0.0841
844.1997	0.0839
844.4407	0.0838
844.6818	0.0838
844.9229	0.0836
845.1639	0.0835
845.405	0.0833
845.6461	0.0832
845.8871	0.0832
846.1282	0.0832
846.3693	0.0831
846.6103	0.083
846.8514	0.0828
847.0925	0.0826
847.3335	0.0824
847.5746	0.0822
847.8156	0.082
848.0567	0.082
848.2977	0.082
848.5388	0.0821
848.7799	0.0821
849.0209	0.0818
849.262	0.0815
849.5031	0.0812
849.7441	0.0811
849.9852	0.0811
850.2263	0.081
850.4673	0.0808
850.7084	0.0806
850.9495	0.0804
851.1905	0.0804
851.4316	0.0804
851.6726	0.0802
851.9137	0.08
852.1547	0.0799
852.3958	0.0799
852.6368	0.0798
852.8779	0.0797
853.119	0.0794
853.36	0.0793
853.6011	0.0792
853.8422	0.0792
854.0833	0.0791
854.3243	0.0789
854.5654	0.0785
854.8065	0.0784
855.0475	0.0783
855.2886	0.0784
855.5296	0.0783
855.7707	0.0781
856.0117	0.0779
856.2528	0.0778
856.4939	0.0777
856.7349	0.0776
856.976	0.0773
857.217	0.0771
857.4581	0.077
857.6992	0.0769
857.9402	0.0768
858.1813	0.0766
858.4224	0.0765
858.6635	0.0764
858.9045	0.0764
859.1456	0.0764
859.3866	0.0763
859.6277	0.0761
859.8687	0.0758
860.1098	0.0756
860.3508	0.0755
860.5919	0.0753
860.833	0.0751
861.074	0.0749
861.3151	0.0748
861.5562	0.0747
861.7972	0.0747
862.0383	0.0745
862.2794	0.0742
862.5204	0.0741
862.7615	0.074
863.0026	0.074
863.2436	0.074
863.4847	0.0738
863.7257	0.0737
863.9668	0.0736
864.2079	0.0735
864.4489	0.0734
864.69	0.0731
864.931	0.0729
865.1721	0.0726
865.4131	0.0725
865.6542	0.0724
865.8953	0.0722
866.1364	0.072
866.3774	0.0719
866.6185	0.0719
866.8596	0.0719
867.1006	0.0718
867.3417	0.0715
867.5827	0.0712
867.8238	0.071
868.0648	0.071
868.3059	0.071
868.547	0.0708
868.788	0.0706
869.0291	0.0703
869.2701	0.0702
869.5112	0.0701
869.7523	0.07
869.9933	0.0698
870.2344	0.0696
870.4755	0.0694
870.7166	0.0693
870.9576	0.0692
871.1987	0.069
871.4397	0.0688
871.6808	0.0686
871.9219	0.0686
872.1629	0.0685
872.404	0.0684
872.645	0.0681
872.8861	0.0678
873.1271	0.0677
873.3682	0.0677
873.6093	0.0676
873.8503	0.0675
874.0914	0.0672
874.3325	0.067
874.5735	0.0669
874.8146	0.0669
875.0557	0.0669
875.2967	0.0667
875.5378	0.0665
875.7788	0.0664
876.0199	0.0663
876.261	0.0661
876.502	0.0658
876.7431	0.0656
876.9841	0.0655
877.2252	0.0655
877.4662	0.0654
877.7073	0.0652
877.9484	0.0649
878.1895	0.0646
878.4305	0.0645
878.6716	0.0645
878.9127	0.0645
879.1537	0.0643
879.3948	0.064
879.6359	0.0638
879.8769	0.0637
880.118	0.0635
880.359	0.0632
880.6001	0.0629
880.8411	0.0626
881.0822	0.0626
881.3232	0.0627
881.5643	0.0627
881.8054	0.0625
882.0464	0.0623
882.2875	0.0621
882.5286	0.062
882.7697	0.0619
883.0107	0.0617
883.2518	0.0615
883.4928	0.0613
883.7339	0.0611
883.975	0.061
884.216	0.0608
884.4571	0.0605
884.6981	0.0603
884.9392	0.0602
885.1802	0.0602
885.4213	0.0602
885.6624	0.06
885.9034	0.0598
886.1445	0.0596
886.3856	0.0595
886.6266	0.0594
886.8677	0.0591
887.1088	0.0588
887.3499	0.0586
887.5909	0.0585
887.832	0.0585
888.073	0.0584
888.3141	0.0581
888.5551	0.0579
888.7962	0.0577
889.0372	0.0575
889.2783	0.0574
889.5194	0.0573
889.7604	0.057
890.0015	0.0569
890.2426	0.057
890.4836	0.057
890.7247	0.0569
890.9658	0.0565
891.2068	0.0561
891.4479	0.0559
891.689	0.0558
891.93	0.0557
892.1711	0.0555
892.4121	0.0553
892.6532	0.0551
892.8942	0.055
893.1353	0.0548
893.3764	0.0547
893.6174	0.0545
893.8585	0.0544
894.0995	0.0543
894.3406	0.0542
894.5817	0.054
894.8228	0.0538
895.0638	0.0535
895.3049	0.0533
895.546	0.0532
895.787	0.053
896.0281	0.0528
896.2691	0.0526
896.5102	0.0525
896.7512	0.0524
896.9923	0.0524
897.2334	0.0522
897.4744	0.0519
897.7155	0.0515
897.9565	0.0512
898.1976	0.0511
898.4387	0.051
898.6797	0.0508
898.9208	0.0506
899.1619	0.0504
899.403	0.0503
899.644	0.0503
899.8851	0.0501
900.1261	0.0499
900.3672	0.0495
900.6082	0.0493
900.8493	0.0492
901.0904	0.0491
901.3314	0.049
901.5725	0.0488
901.8135	0.0487
902.0546	0.0486
902.2957	0.0485
902.5367	0.0483
902.7778	0.048
903.0189	0.0478
903.2599	0.0476
903.501	0.0475
903.7421	0.0474
903.9831	0.0472
904.2242	0.047
904.4652	0.0468
904.7063	0.0467
904.9474	0.0465
905.1884	0.0463
905.4295	0.046
905.6705	0.0457
905.9116	0.0456
906.1526	0.0456
906.3937	0.0456
906.6348	0.0454
906.8759	0.045
907.1169	0.0447
907.358	0.0446
907.5991	0.0445
907.8401	0.0445
908.0812	0.0443
908.3222	0.0441
908.5633	0.044
908.8044	0.0439
909.0454	0.0436
909.2865	0.0434
909.5275	0.0431
909.7686	0.043
910.0096	0.0429
910.2507	0.0427
910.4918	0.0424
910.7328	0.0421
910.9739	0.0419
911.215	0.0418
911.4561	0.0417
911.6971	0.0415
911.9382	0.0413
912.1792	0.0411
912.4203	0.0409
912.6614	0.0408
912.9024	0.0407
913.1435	0.0404
913.3845	0.0401
913.6256	0.0399
913.8666	0.0399
914.1077	0.0398
914.3488	0.0397
914.5898	0.0395
914.8309	0.0392
915.072	0.039
915.313	0.0389
915.5541	0.0388
915.7952	0.0386
916.0362	0.0383
916.2773	0.0381
916.5184	0.038
916.7594	0.0379
917.0005	0.0377
917.2415	0.0375
917.4826	0.0373
917.7236	0.0371
917.9647	0.037
918.2058	0.0368
918.4468	0.0365
918.6879	0.0363
918.929	0.0362
919.17	0.0361
919.4111	0.036
919.6522	0.0358
919.8932	0.0355
920.1343	0.0353
920.3754	0.0352
920.6164	0.0351
920.8575	0.0349
921.0985	0.0346
921.3396	0.0344
921.5806	0.0343
921.8217	0.0342
922.0627	0.0341
922.3038	0.0339
922.5449	0.0337
922.7859	0.0335
923.027	0.0334
923.2681	0.0334
923.5092	0.0331
923.7502	0.0328
923.9913	0.0325
924.2324	0.0324
924.4734	0.0324
924.7145	0.0323
924.9555	0.032
925.1966	0.0317
925.4376	0.0315
925.6787	0.0314
925.9198	0.0313
926.1608	0.0311
926.4019	0.0308
926.6429	0.0305
926.884	0.0303
927.1251	0.0302
927.3661	0.0302
927.6072	0.03
927.8483	0.0297
928.0894	0.0295
928.3304	0.0294
928.5715	0.0293
928.8125	0.0291
929.0536	0.0288
929.2946	0.0286
929.5357	0.0285
929.7767	0.0285
930.0178	0.0283
930.2589	0.028
930.4999	0.0277
930.741	0.0275
930.9821	0.0275
931.2231	0.0275
931.4642	0.0273
931.7053	0.0271
931.9464	0.0268
932.1874	0.0266
932.4285	0.0265
932.6695	0.0263
932.9106	0.0261
933.1516	0.0259
933.3927	0.0258
933.6338	0.0257
933.8748	0.0256
934.1159	0.0254
934.3569	0.025
934.598	0.0248
934.8391	0.0246
935.0801	0.0245
935.3212	0.0243
935.5623	0.0241
935.8033	0.0238
936.0444	0.0237
936.2855	0.0236
936.5265	0.0235
936.7676	0.0233
937.0086	0.0231
937.2497	0.023
937.4907	0.023
937.7318	0.023
937.9729	0.0228
938.2139	0.0226
938.455	0.0223
938.696	0.0222
938.9371	0.0221
939.1782	0.022
939.4193	0.0218
939.6603	0.0215
939.9014	0.0213
940.1425	0.0212
940.3835	0.0211
940.6246	0.0209
940.8656	0.0207
941.1067	0.0205
941.3478	0.0204
941.5888	0.0203
941.8299	0.0201
942.0709	0.0198
942.312	0.0195
942.553	0.0194
942.7941	0.0194
943.0352	0.0193
943.2762	0.0192
943.5173	0.0189
943.7584	0.0187
943.9995	0.0186
944.2405	0.0186
944.4816	0.0185
944.7226	0.0182
944.9637	0.018
945.2047	0.0179
945.4458	0.0178
945.6869	0.0176
945.9279	0.0173
946.169	0.0171
946.41	0.0169
946.6511	0.0169
946.8922	0.0169
947.1332	0.0167
947.3743	0.0165
947.6154	0.0163
947.8564	0.0162
948.0975	0.0162
948.3386	0.0161
948.5796	0.0158
948.8207	0.0155
949.0618	0.0153
949.3028	0.0152
949.5439	0.0151
949.7849	0.0149
950.026	0.0148
950.267	0.0146
950.5081	0.0146
950.7491	0.0145
950.9902	0.0144
951.2313	0.0142
951.4724	0.014
951.7134	0.0138
951.9545	0.0138
952.1956	0.0137
952.4366	0.0136
952.6777	0.0134
952.9187	0.0132
953.1598	0.0131
953.4009	0.013
953.6419	0.0129
953.883	0.0127
954.124	0.0126
954.3651	0.0124
954.6061	0.0123
954.8472	0.0122
955.0883	0.012
955.3293	0.0118
955.5704	0.0117
955.8115	0.0116
956.0526	0.0116
956.2936	0.0114
956.5347	0.0112
956.7758	0.0111
957.0168	0.0111
957.2579	0.0111
957.4989	0.0109
957.74	0.0106
957.981	0.0104
958.2221	0.0103
958.4631	0.0102
958.7042	0.0101
958.9453	0.01
959.1863	0.0098
959.4274	0.0096
959.6685	0.0095
959.9095	0.0095
960.1506	0.0093
960.3917	0.0092
960.6327	0.009
960.8738	0.0089
961.1149	0.0089
961.3559	0.0089
961.597	0.0087
961.838	0.0086
962.0791	0.0084
962.3201	0.0083
962.5612	0.0082
962.8023	0.0081
963.0433	0.008
963.2844	0.0078
963.5255	0.0077
963.7665	0.0076
964.0076	0.0075
964.2487	0.0074
964.4897	0.0073
964.7308	0.0072
964.9719	0.0071
965.2129	0.007
965.454	0.0068
965.695	0.0067
965.9361	0.0066
966.1771	0.0065
966.4182	0.0065
966.6593	0.0064
966.9003	0.0062
967.1414	0.0061
967.3824	0.006
967.6235	0.006
967.8646	0.0059
968.1057	0.0057
968.3467	0.0055
968.5878	0.0054
968.8289	0.0054
969.0699	0.0054
969.311	0.0053
969.552	0.0052
969.7931	0.0051
970.0341	0.0051
970.2752	0.0051
970.5163	0.0051
970.7573	0.0049
970.9984	0.0046
971.2394	0.0044
971.4805	0.0044
971.7216	0.0044
971.9626	0.0043
972.2037	0.0041
972.4448	0.0041
972.6859	0.0041
972.9269	0.0041
973.168	0.0041
973.409	0.0039
973.6501	0.0037
973.8911	0.0037
974.1322	0.0037
974.3733	0.0037
974.6143	0.0036
974.8554	0.0034
975.0964	0.0032
975.3375	0.0032
975.5786	0.0032
975.8196	0.0031
976.0607	0.003
976.3018	0.0028
976.5428	0.0027
976.7839	0.0027
977.025	0.0027
977.266	0.0027
977.5071	0.0026
977.7481	0.0024
977.9892	0.0024
978.2303	0.0024
978.4713	0.0024
978.7124	0.0023
978.9534	0.0022
979.1945	0.0022
979.4355	0.0022
979.6766	0.0021
979.9177	0.002
980.1588	0.0019
980.3998	0.0019
980.6409	0.0019
980.882	0.0019
981.123	0.0017
981.3641	0.0016
981.6051	0.0014
981.8462	0.0014
982.0873	0.0014
982.3283	0.0013
982.5694	0.0012
982.8104	0.0011
983.0515	0.0011
983.2925	0.0011
983.5336	0.0011
983.7747	0.0011
984.0157	9E-4
984.2568	9E-4
984.4979	8E-4
984.739	8E-4
984.98	7E-4
985.2211	6E-4
985.4621	5E-4
985.7032	6E-4
985.9443	7E-4
986.1853	8E-4
986.4264	7E-4
986.6674	5E-4
986.9085	4E-4
987.1495	4E-4
987.3906	4E-4
987.6317	4E-4
987.8727	4E-4
988.1138	4E-4
988.3549	4E-4
988.5959	3E-4
988.837	2E-4
989.0781	1E-4
989.3191	0
989.5602	0
989.8013	0
990.0423	-1E-4
990.2834	-2E-4
990.5244	-2E-4
990.7655	-2E-4
991.0065	-2E-4
991.2476	-2E-4
991.4886	-2E-4
991.7297	-2E-4
991.9708	-2E-4
992.2119	-2E-4
992.4529	-2E-4
992.694	-3E-4
992.9351	-5E-4
993.1761	-6E-4
993.4172	-6E-4
993.6583	-6E-4
993.8993	-5E-4
994.1404	-5E-4
994.3814	-6E-4
994.6225	-6E-4
994.8635	-7E-4
995.1046	-7E-4
995.3457	-7E-4
995.5867	-8E-4
995.8278	-8E-4
996.0688	-8E-4
996.3099	-6E-4
996.551	-6E-4
996.7921	-6E-4
997.0331	-8E-4
997.2742	-9E-4
997.5153	-9E-4
997.7563	-8E-4
997.9974	-8E-4
998.2384	-9E-4
998.4795	-9E-4
998.7205	-9E-4
998.9616	-9E-4
999.2026	-9E-4
999.4437	-9E-4
999.6848	-9E-4
999.9258	-9E-4
1000.167	-9E-4
1000.408	-9E-4
1000.649	-9E-4
1000.89	-9E-4
1001.131	-9E-4
1001.372	-9E-4
1001.613	-8E-4
1001.854	-8E-4
1002.095	-8E-4
1002.336	-8E-4
1002.578	-9E-4
1002.819	-9E-4
1003.06	-9E-4
1003.301	-9E-4
1003.542	-9E-4
1003.783	-9E-4
1004.024	-9E-4
1004.265	-9E-4
1004.506	-8E-4
1004.747	-8E-4
1004.988	-8E-4
1005.229	-8E-4
1005.47	-7E-4
1005.711	-6E-4
1005.952	-6E-4
1006.193	-7E-4
1006.435	-7E-4
1006.676	-6E-4
1006.917	-5E-4
1007.158	-5E-4
1007.399	-5E-4
1007.64	-5E-4
1007.881	-4E-4
1008.122	-3E-4
1008.363	-2E-4
1008.604	-2E-4
1008.845	-1E-4
1009.086	-1E-4
1009.327	1E-4
1009.568	2E-4
1009.809	2E-4
1010.05	2E-4
1010.292	2E-4
1010.533	2E-4
1010.774	2E-4
1011.015	2E-4
1011.256	2E-4
1011.497	2E-4
1011.738	2E-4
1011.979	3E-4
1012.22	4E-4
1012.461	3E-4
1012.702	2E-4
1012.943	2E-4
1013.184	3E-4
1013.425	5E-4
1013.666	7E-4
1013.907	8E-4
1014.148	7E-4
1014.39	7E-4
1014.631	7E-4
1014.872	6E-4
1015.113	6E-4
1015.354	6E-4
1015.595	6E-4
1015.836	7E-4
1016.077	9E-4
1016.318	1E-3
1016.559	1E-3
1016.8	1E-3
1017.041	1E-3
1017.282	1E-3
1017.523	1E-3
1017.764	0.0011
1018.005	0.0011
1018.247	1E-3
1018.488	1E-3
1018.729	1E-3
1018.97	1E-3
1019.211	9E-4
1019.452	8E-4
1019.693	8E-4
1019.934	7E-4
1020.175	7E-4
1020.416	6E-4
1020.657	5E-4
1020.898	5E-4
1021.139	5E-4
1021.38	6E-4
1021.621	7E-4
1021.862	7E-4
1022.104	7E-4
1022.345	6E-4
1022.586	6E-4
1022.827	5E-4
1023.068	4E-4
1023.309	4E-4
1023.55	5E-4
1023.791	6E-4
1024.032	6E-4
1024.273	6E-4
1024.514	5E-4
1024.755	3E-4
1024.996	2E-4
1025.237	1E-4
1025.478	0
1025.719	0
1025.961	0
1026.202	1E-4
1026.443	3E-4
1026.684	4E-4
1026.925	3E-4
1027.166	2E-4
1027.407	1E-4
1027.648	0
1027.889	-1E-4
1028.13	-1E-4
1028.371	0
1028.612	0
1028.853	0
1029.094	1E-4
1029.335	1E-4
1029.577	1E-4
1029.818	0
1030.059	0
1030.3	0
1030.541	1E-4
1030.782	1E-4
1031.023	0
1031.264	-1E-4
1031.505	-1E-4
1031.746	0
1031.987	0
1032.228	0
1032.469	0
1032.71	-1E-4
1032.951	-2E-4
1033.192	-3E-4
1033.433	-4E-4
1033.675	-5E-4
1033.916	-4E-4
1034.157	-3E-4
1034.398	-3E-4
1034.639	-4E-4
1034.88	-5E-4
1035.121	-5E-4
1035.362	-4E-4
1035.603	-3E-4
1035.844	-3E-4
1036.085	-3E-4
1036.326	-3E-4
1036.567	-3E-4
1036.808	-3E-4
1037.049	-3E-4
1037.291	-3E-4
1037.531	-3E-4
1037.773	-4E-4
1038.014	-4E-4
1038.255	-4E-4
1038.496	-4E-4
1038.737	-5E-4
1038.978	-6E-4
1039.219	-6E-4
1039.46	-6E-4
1039.701	-5E-4
1039.942	-5E-4
1040.183	-4E-4
1040.424	-5E-4
1040.665	-5E-4
1040.906	-5E-4
1041.147	-5E-4
1041.389	-5E-4
1041.63	-5E-4
1041.871	-5E-4
1042.112	-5E-4
1042.353	-5E-4
1042.594	-6E-4
1042.835	-6E-4
1043.076	-6E-4
1043.317	-4E-4
1043.558	-3E-4
1043.799	-3E-4
1044.04	-4E-4
1044.281	-5E-4
1044.522	-5E-4
1044.763	-5E-4
1045.005	-5E-4
1045.245	-7E-4
1045.487	-8E-4
1045.728	-8E-4
1045.969	-7E-4
1046.21	-6E-4
1046.451	-6E-4
1046.692	-6E-4
1046.933	-5E-4
1047.174	-5E-4
1047.415	-5E-4
1047.656	-6E-4
1047.897	-7E-4
1048.138	-8E-4
1048.379	-8E-4
1048.62	-7E-4
1048.861	-6E-4
1049.103	-6E-4
1049.344	-8E-4
1049.585	-9E-4
1049.826	-1E-3
1050.067	-1E-3
1050.308	-9E-4
1050.549	-7E-4
1050.79	-7E-4
1051.031	-7E-4
1051.272	-7E-4
1051.513	-7E-4
1051.754	-8E-4
1051.995	-8E-4
1052.236	-8E-4
1052.477	-7E-4
1052.719	-7E-4
1052.959	-7E-4
1053.201	-7E-4
1053.442	-7E-4
1053.683	-7E-4
1053.924	-7E-4
1054.165	-8E-4
1054.406	-9E-4
1054.647	-9E-4
1054.888	-9E-4
1055.129	-7E-4
1055.37	-6E-4
1055.611	-6E-4
1055.852	-6E-4
1056.093	-7E-4
1056.334	-7E-4
1056.575	-6E-4
1056.817	-6E-4
1057.058	-6E-4
1057.299	-6E-4
1057.54	-7E-4
1057.781	-7E-4
1058.022	-7E-4
1058.263	-7E-4
1058.504	-7E-4
1058.745	-7E-4
1058.986	-6E-4
1059.227	-5E-4
1059.468	-5E-4
1059.709	-6E-4
1059.95	-6E-4
1060.191	-6E-4
1060.432	-6E-4
1060.673	-6E-4
1060.915	-6E-4
1061.156	-6E-4
1061.397	-6E-4
1061.638	-6E-4
1061.879	-6E-4
1062.12	-5E-4
1062.361	-5E-4
1062.602	-5E-4
1062.843	-5E-4
1063.084	-6E-4
1063.325	-6E-4
1063.566	-7E-4
1063.807	-8E-4
1064.048	-8E-4
1064.289	-7E-4
1064.531	-7E-4
1064.772	-6E-4
1065.013	-5E-4
1065.254	-5E-4
1065.495	-5E-4
1065.736	-6E-4
1065.977	-7E-4
1066.218	-7E-4
1066.459	-7E-4
1066.7	-7E-4
1066.941	-6E-4
1067.182	-5E-4
1067.423	-5E-4
1067.664	-4E-4
1067.905	-4E-4
1068.146	-3E-4
1068.387	-3E-4
1068.629	-3E-4
1068.87	-4E-4
1069.111	-6E-4
1069.352	-8E-4
1069.593	-8E-4
1069.834	-7E-4
1070.075	-6E-4
1070.316	-5E-4
1070.557	-5E-4
1070.798	-6E-4
1071.039	-6E-4
1071.28	-6E-4
1071.521	-7E-4
1071.762	-6E-4
1072.003	-6E-4
1072.245	-5E-4
1072.486	-5E-4
1072.727	-5E-4
1072.968	-5E-4
1073.209	-4E-4
1073.45	-4E-4
1073.691	-3E-4
1073.932	-4E-4
1074.173	-4E-4
1074.414	-4E-4
1074.655	-4E-4
1074.896	-4E-4
1075.137	-4E-4
1075.378	-4E-4
1075.619	-4E-4
1075.86	-3E-4
1076.101	-3E-4
1076.343	-3E-4
1076.584	-4E-4
1076.825	-4E-4
1077.066	-3E-4
1077.307	-3E-4
1077.548	-2E-4
1077.789	-2E-4
1078.03	-2E-4
1078.271	-3E-4
1078.512	-3E-4
1078.753	-3E-4
1078.994	-2E-4
1079.235	-2E-4
1079.476	-2E-4
1079.717	-2E-4
1079.958	-2E-4
1080.2	-1E-4
1080.441	-1E-4
1080.682	-1E-4
1080.923	-1E-4
1081.164	-1E-4
1081.405	-1E-4
1081.646	-1E-4
1081.887	-1E-4
1082.128	-2E-4
1082.369	-1E-4
1082.61	-1E-4
1082.851	-1E-4
1083.092	-1E-4
1083.333	-1E-4
1083.574	-2E-4
1083.815	-2E-4
1084.057	-2E-4
1084.298	-1E-4
1084.539	-1E-4
1084.78	0
1085.021	0
1085.262	0
1085.503	0
1085.744	0
1085.985	0
1086.226	0
1086.467	1E-4
1086.708	1E-4
1086.949	1E-4
1087.19	0
1087.431	0
1087.672	-1E-4
1087.914	0
1088.155	0
1088.396	0
1088.637	-1E-4
1088.878	-2E-4
1089.119	-2E-4
1089.36	-1E-4
1089.601	0
1089.842	1E-4
1090.083	1E-4
1090.324	0
1090.565	-1E-4
1090.806	-2E-4
1091.047	-2E-4
1091.288	-1E-4
1091.529	0
1091.771	0
1092.012	1E-4
1092.253	1E-4
1092.494	0
1092.735	0
1092.976	0
1093.217	0
1093.458	1E-4
1093.699	1E-4
1093.94	0
1094.181	0
1094.422	-1E-4
1094.663	-1E-4
1094.904	-1E-4
1095.145	-1E-4
1095.386	-1E-4
1095.628	0
1095.869	0
1096.11	0
1096.351	-1E-4
1096.592	-1E-4
1096.833	-2E-4
1097.074	-2E-4
1097.315	-2E-4
1097.556	-1E-4
1097.797	-1E-4
1098.038	-2E-4
1098.279	-2E-4
1098.52	-2E-4
1098.761	-1E-4
1099.002	0
1099.243	0
1099.484	0
1099.726	-1E-4
1099.967	-2E-4
1100.208	-2E-4
1100.449	-2E-4
1100.69	-1E-4
1100.931	0
1101.172	0
1101.413	0
1101.654	-1E-4
1101.895	-1E-4
1102.136	-1E-4
1102.377	-1E-4
1102.618	-1E-4
1102.859	-1E-4
1103.1	-1E-4
1103.342	-2E-4
1103.583	-2E-4
1103.824	-2E-4
1104.065	-2E-4
1104.306	-2E-4
1104.547	-2E-4
1104.788	-2E-4
1105.029	-3E-4
1105.27	-3E-4
1105.511	-3E-4
1105.752	-3E-4
1105.993	-2E-4
1106.234	-2E-4
1106.475	-2E-4
1106.716	-2E-4
1106.957	-2E-4
1107.198	-3E-4
1107.44	-3E-4
1107.681	-3E-4
1107.922	-3E-4
1108.163	-2E-4
1108.404	-2E-4
1108.645	-3E-4
1108.886	-3E-4
1109.127	-3E-4
1109.368	-2E-4
1109.609	-3E-4
1109.85	-3E-4
1110.091	-3E-4
1110.332	-3E-4
1110.573	-3E-4
1110.814	-3E-4
1111.056	-3E-4
1111.297	-2E-4
1111.538	-2E-4
1111.779	-1E-4
1112.02	-1E-4
1112.261	-2E-4
1112.502	-3E-4
1112.743	-3E-4
1112.984	-3E-4
1113.225	-3E-4
1113.466	-3E-4
1113.707	-3E-4
1113.948	-4E-4
1114.189	-4E-4
1114.43	-3E-4
1114.671	-2E-4
1114.912	-2E-4
1115.154	-2E-4
1115.395	-2E-4
1115.636	-3E-4
1115.877	-3E-4
1116.118	-3E-4
1116.359	-3E-4
1116.6	-3E-4
1116.841	-3E-4
1117.082	-2E-4
1117.323	-2E-4
1117.564	-2E-4
1117.805	-2E-4
1118.046	-2E-4
1118.287	-2E-4
1118.528	-2E-4
1118.77	-2E-4
1119.011	-2E-4
1119.252	-2E-4
1119.493	-3E-4
1119.734	-3E-4
1119.975	-3E-4
1120.216	-3E-4
1120.457	-2E-4
1120.698	-3E-4
1120.939	-3E-4
1121.18	-2E-4
1121.421	-2E-4
1121.662	-1E-4
1121.903	-1E-4
1122.144	-1E-4
1122.385	0
1122.626	0
1122.868	0
1123.109	0
1123.35	-1E-4
1123.591	-2E-4
1123.832	-2E-4
1124.073	-2E-4
1124.314	-2E-4
1124.555	-2E-4
1124.796	-2E-4
1125.037	-2E-4
1125.278	-2E-4
1125.519	-1E-4
1125.76	-1E-4
1126.001	-1E-4
1126.242	0
1126.484	-1E-4
1126.725	-1E-4
1126.966	-2E-4
1127.207	-4E-4
1127.448	-4E-4
1127.689	-3E-4
1127.93	-2E-4
1128.171	-2E-4
1128.412	-2E-4
1128.653	-2E-4
1128.894	-2E-4
1129.135	-2E-4
1129.376	-2E-4
1129.617	-3E-4
1129.858	-3E-4
1130.099	-3E-4
1130.34	-3E-4
1130.582	-4E-4
1130.823	-4E-4
1131.064	-5E-4
1131.305	-5E-4
1131.546	-4E-4
1131.787	-3E-4
1132.028	-3E-4
1132.269	-4E-4
1132.51	-5E-4
1132.751	-5E-4
1132.992	-4E-4
1133.233	-4E-4
1133.474	-5E-4
1133.715	-5E-4
1133.956	-5E-4
1134.198	-4E-4
1134.439	-4E-4
1134.68	-5E-4
1134.921	-5E-4
1135.162	-5E-4
1135.403	-4E-4
1135.644	-4E-4
1135.885	-4E-4
1136.126	-4E-4
1136.367	-4E-4
1136.608	-5E-4
1136.849	-4E-4
1137.09	-4E-4
1137.331	-4E-4
1137.572	-4E-4
1137.813	-4E-4
1138.054	-4E-4
1138.296	-4E-4
1138.537	-5E-4
1138.778	-5E-4
1139.019	-5E-4
1139.26	-5E-4
1139.501	-5E-4
1139.742	-6E-4
1139.983	-6E-4
1140.224	-7E-4
1140.465	-7E-4
1140.706	-6E-4
1140.947	-6E-4
1141.188	-5E-4
1141.429	-6E-4
1141.67	-6E-4
1141.911	-6E-4
1142.153	-6E-4
1142.394	-5E-4
1142.635	-5E-4
1142.876	-5E-4
1143.117	-5E-4
1143.358	-5E-4
1143.599	-5E-4
1143.84	-5E-4
1144.081	-5E-4
1144.322	-6E-4
1144.563	-5E-4
1144.804	-5E-4
1145.045	-5E-4
1145.286	-6E-4
1145.527	-6E-4
1145.768	-6E-4
1146.01	-6E-4
1146.251	-6E-4
1146.492	-6E-4
1146.733	-6E-4
1146.974	-7E-4
1147.215	-7E-4
1147.456	-7E-4
1147.697	-7E-4
1147.938	-7E-4
1148.179	-7E-4
1148.42	-6E-4
1148.661	-6E-4
1148.902	-6E-4
1149.143	-6E-4
1149.384	-6E-4
1149.625	-6E-4
1149.867	-6E-4
1150.108	-5E-4
1150.349	-5E-4
1150.59	-6E-4
1150.831	-6E-4
1151.072	-6E-4
1151.313	-6E-4
1151.554	-5E-4
1151.795	-5E-4
1152.036	-5E-4
1152.277	-4E-4
1152.518	-4E-4
1152.759	-4E-4
1153	-5E-4
1153.241	-5E-4
1153.482	-5E-4
1153.724	-5E-4
1153.965	-5E-4
1154.206	-5E-4
1154.447	-6E-4
1154.688	-6E-4
1154.929	-6E-4
1155.17	-5E-4
1155.411	-5E-4
1155.652	-5E-4
1155.893	-5E-4
1156.134	-6E-4
1156.375	-6E-4
1156.616	-5E-4
1156.857	-3E-4
1157.098	-3E-4
1157.339	-2E-4
1157.581	-3E-4
1157.822	-4E-4
1158.063	-4E-4
1158.304	-5E-4
1158.545	-5E-4
1158.786	-5E-4
1159.027	-5E-4
1159.268	-6E-4
1159.509	-6E-4
1159.75	-5E-4
1159.991	-6E-4
1160.232	-6E-4
1160.473	-6E-4
1160.714	-6E-4
1160.955	-5E-4
1161.196	-4E-4
1161.438	-5E-4
1161.679	-5E-4
1161.92	-4E-4
1162.161	-4E-4
1162.402	-4E-4
1162.643	-4E-4
1162.884	-5E-4
1163.125	-4E-4
1163.366	-4E-4
1163.607	-4E-4
1163.848	-5E-4
1164.089	-5E-4
1164.33	-5E-4
1164.571	-5E-4
1164.812	-4E-4
1165.053	-4E-4
1165.295	-4E-4
1165.536	-5E-4
1165.777	-5E-4
1166.018	-5E-4
1166.259	-5E-4
1166.5	-5E-4
1166.741	-4E-4
1166.982	-4E-4
1167.223	-3E-4
1167.464	-3E-4
1167.705	-2E-4
1167.946	-3E-4
1168.187	-3E-4
1168.428	-4E-4
1168.669	-4E-4
1168.91	-5E-4
1169.151	-4E-4
1169.393	-4E-4
1169.634	-4E-4
1169.875	-3E-4
1170.116	-3E-4
1170.357	-3E-4
1170.598	-3E-4
1170.839	-3E-4
1171.08	-3E-4
1171.321	-3E-4
1171.562	-3E-4
1171.803	-4E-4
1172.044	-4E-4
1172.285	-5E-4
1172.526	-5E-4
1172.767	-5E-4
1173.009	-5E-4
1173.25	-5E-4
1173.491	-5E-4
1173.732	-5E-4
1173.973	-5E-4
1174.214	-4E-4
1174.455	-4E-4
1174.696	-4E-4
1174.937	-3E-4
1175.178	-3E-4
1175.419	-2E-4
1175.66	-3E-4
1175.901	-3E-4
1176.142	-3E-4
1176.383	-3E-4
1176.624	-3E-4
1176.865	-2E-4
1177.107	-2E-4
1177.348	-2E-4
1177.589	-3E-4
1177.83	-4E-4
1178.071	-4E-4
1178.312	-4E-4
1178.553	-3E-4
1178.794	-3E-4
1179.035	-2E-4
1179.276	-2E-4
1179.517	-2E-4
1179.758	-3E-4
1179.999	-3E-4
1180.24	-3E-4
1180.481	-3E-4
1180.723	-3E-4
1180.964	-2E-4
1181.205	-2E-4
1181.446	-2E-4
1181.687	-2E-4
1181.928	-3E-4
1182.169	-4E-4
1182.41	-4E-4
1182.651	-4E-4
1182.892	-3E-4
1183.133	-3E-4
1183.374	-3E-4
1183.615	-3E-4
1183.856	-2E-4
1184.097	-2E-4
1184.338	-1E-4
1184.579	-2E-4
1184.821	-2E-4
1185.062	-3E-4
1185.303	-2E-4
1185.544	-2E-4
1185.785	-1E-4
1186.026	-1E-4
1186.267	-2E-4
1186.508	-2E-4
1186.749	-2E-4
1186.99	-2E-4
1187.231	-2E-4
1187.472	-2E-4
1187.713	-2E-4
1187.954	-1E-4
1188.195	-1E-4
1188.437	-1E-4
1188.677	-1E-4
1188.919	-1E-4
1189.16	-1E-4
1189.401	-1E-4
1189.642	-1E-4
1189.883	-1E-4
1190.124	-1E-4
1190.365	-1E-4
1190.606	-1E-4
1190.847	-2E-4
1191.088	-2E-4
1191.329	-2E-4
1191.57	-2E-4
1191.811	-1E-4
1192.052	0
1192.293	0
1192.535	0
1192.776	0
1193.017	0
1193.258	0
1193.499	0
1193.74	0
1193.981	0
1194.222	0
1194.463	-1E-4
1194.704	0
1194.945	1E-4
1195.186	2E-4
1195.427	2E-4
1195.668	2E-4
1195.909	1E-4
1196.151	0
1196.391	0
1196.633	1E-4
1196.874	2E-4
1197.115	2E-4
1197.356	2E-4
1197.597	2E-4
1197.838	2E-4
1198.079	2E-4
1198.32	2E-4
1198.561	2E-4
1198.802	2E-4
1199.043	1E-4
1199.284	1E-4
1199.525	0
1199.766	1E-4
1200.007	1E-4
1200.249	1E-4
1200.49	1E-4
1200.731	1E-4
1200.972	1E-4
1201.213	1E-4
1201.454	1E-4
1201.695	1E-4
1201.936	2E-4
1202.177	2E-4
1202.418	3E-4
1202.659	3E-4
1202.9	2E-4
1203.141	1E-4
1203.382	1E-4
1203.623	2E-4
1203.865	2E-4
1204.105	3E-4
1204.347	3E-4
1204.588	3E-4
1204.829	3E-4
1205.07	2E-4
1205.311	3E-4
1205.552	3E-4
1205.793	4E-4
1206.034	4E-4
1206.275	4E-4
1206.516	4E-4
1206.757	3E-4
1206.998	3E-4
1207.239	2E-4
1207.48	3E-4
1207.721	4E-4
1207.963	5E-4
1208.204	5E-4
1208.445	4E-4
1208.686	4E-4
1208.927	4E-4
1209.168	4E-4
1209.409	5E-4
1209.65	5E-4
1209.891	5E-4
1210.132	4E-4
1210.373	5E-4
1210.614	5E-4
1210.855	5E-4
1211.096	5E-4
1211.337	5E-4
1211.578	5E-4
1211.819	5E-4
1212.061	5E-4
1212.302	4E-4
1212.543	4E-4
1212.784	5E-4
1213.025	5E-4
1213.266	6E-4
1213.507	7E-4
1213.748	7E-4
1213.989	6E-4
1214.23	5E-4
1214.471	5E-4
1214.712	6E-4
1214.953	6E-4
1215.194	7E-4
1215.435	7E-4
1215.677	8E-4
1215.918	8E-4
1216.159	7E-4
1216.4	7E-4
1216.641	6E-4
1216.882	6E-4
1217.123	7E-4
1217.364	7E-4
1217.605	7E-4
1217.846	6E-4
1218.087	6E-4
1218.328	6E-4
1218.569	7E-4
1218.81	7E-4
1219.051	7E-4
1219.292	7E-4
1219.533	7E-4
1219.775	7E-4
1220.016	7E-4
1220.257	7E-4
1220.498	8E-4
1220.739	8E-4
1220.98	9E-4
1221.221	9E-4
1221.462	8E-4
1221.703	7E-4
1221.944	7E-4
1222.185	8E-4
1222.426	9E-4
1222.667	9E-4
1222.908	9E-4
1223.149	8E-4
1223.391	8E-4
1223.632	8E-4
1223.873	8E-4
1224.114	8E-4
1224.355	8E-4
1224.596	8E-4
1224.837	8E-4
1225.078	8E-4
1225.319	7E-4
1225.56	7E-4
1225.801	8E-4
1226.042	8E-4
1226.283	8E-4
1226.524	7E-4
1226.765	7E-4
1227.006	7E-4
1227.247	7E-4
1227.489	8E-4
1227.73	9E-4
1227.971	9E-4
1228.212	1E-3
1228.453	1E-3
1228.694	1E-3
1228.935	1E-3
1229.176	1E-3
1229.417	1E-3
1229.658	0.0011
1229.899	0.0011
1230.14	0.0011
1230.381	0.0011
1230.622	0.0011
1230.863	1E-3
1231.104	1E-3
1231.346	0.0011
1231.587	0.0011
1231.828	1E-3
1232.069	1E-3
1232.31	1E-3
1232.551	1E-3
1232.792	1E-3
1233.033	1E-3
1233.274	1E-3
1233.515	9E-4
1233.756	1E-3
1233.997	1E-3
1234.238	0.0012
1234.479	0.0012
1234.72	0.0013
1234.961	0.0013
1235.203	0.0013
1235.444	0.0013
1235.685	0.0012
1235.926	0.0012
1236.167	0.0012
1236.408	0.0013
1236.649	0.0013
1236.89	0.0014
1237.131	0.0014
1237.372	0.0014
1237.613	0.0014
1237.854	0.0014
1238.095	0.0014
1238.336	0.0014
1238.577	0.0014
1238.818	0.0014
1239.06	0.0015
1239.301	0.0015
1239.542	0.0015
1239.783	0.0015
1240.024	0.0015
1240.265	0.0016
1240.506	0.0016
1240.747	0.0016
1240.988	0.0016
1241.229	0.0015
1241.47	0.0015
1241.711	0.0015
1241.952	0.0015
1242.193	0.0016
1242.434	0.0016
1242.675	0.0016
1242.917	0.0016
1243.158	0.0016
1243.399	0.0016
1243.64	0.0016
1243.881	0.0016
1244.122	0.0016
1244.363	0.0017
1244.604	0.0018
1244.845	0.0018
1245.086	0.0018
1245.327	0.0018
1245.568	0.0018
1245.809	0.0018
1246.05	0.0018
1246.291	0.0018
1246.532	0.0018
1246.774	0.0018
1247.015	0.0019
1247.256	0.0019
1247.497	0.0019
1247.738	0.0019
1247.979	0.0018
1248.22	0.0019
1248.461	0.0019
1248.702	0.002
1248.943	0.002
1249.184	0.002
1249.425	0.002
1249.666	0.002
1249.907	0.002
1250.148	0.002
1250.389	0.002
1250.63	0.002
1250.872	0.0021
1251.113	0.0021
1251.354	0.0021
1251.595	0.0021
1251.836	0.0022
1252.077	0.0022
1252.318	0.0022
1252.559	0.0022
1252.8	0.0021
1253.041	0.0021
1253.282	0.0021
1253.523	0.0022
1253.764	0.0023
1254.005	0.0023
1254.246	0.0023
1254.488	0.0024
1254.729	0.0024
1254.97	0.0024
1255.211	0.0024
1255.452	0.0023
1255.693	0.0023
1255.934	0.0023
1256.175	0.0023
1256.416	0.0024
1256.657	0.0024
1256.898	0.0024
1257.139	0.0024
1257.38	0.0024
1257.621	0.0025
1257.862	0.0025
1258.103	0.0025
1258.344	0.0024
1258.586	0.0025
1258.827	0.0025
1259.068	0.0026
1259.309	0.0027
1259.55	0.0027
1259.791	0.0026
1260.032	0.0026
1260.273	0.0026
1260.514	0.0026
1260.755	0.0027
1260.996	0.0027
1261.237	0.0027
1261.478	0.0027
1261.719	0.0026
1261.96	0.0026
1262.202	0.0026
1262.443	0.0027
1262.684	0.0028
1262.925	0.0029
1263.166	0.0029
1263.407	0.0029
1263.648	0.0029
1263.889	0.0029
1264.13	0.0029
1264.371	0.0029
1264.612	0.0029
1264.853	0.0028
1265.094	0.0028
1265.335	0.0028
1265.576	0.0028
1265.817	0.0028
1266.058	0.0029
1266.3	0.0029
1266.541	0.0029
1266.782	0.0029
1267.023	0.0029
1267.264	0.0029
1267.505	0.0029
1267.746	0.0029
1267.987	0.003
1268.228	0.003
1268.469	0.0031
1268.71	0.003
1268.951	0.003
1269.192	0.003
1269.433	0.003
1269.674	0.003
1269.916	0.0029
1270.156	0.0029
1270.398	0.0029
1270.639	0.003
1270.88	0.003
1271.121	0.0031
1271.362	0.0031
1271.603	0.0031
1271.844	0.0032
1272.085	0.0032
1272.326	0.0032
1272.567	0.0031
1272.808	0.0031
1273.049	0.0031
1273.29	0.0031
1273.531	0.0032
1273.772	0.0032
1274.014	0.0031
1274.255	0.0031
1274.496	0.0032
1274.737	0.0032
1274.978	0.0032
1275.219	0.0032
1275.46	0.0032
1275.701	0.0032
1275.942	0.0033
1276.183	0.0033
1276.424	0.0033
1276.665	0.0033
1276.906	0.0033
1277.147	0.0033
1277.388	0.0033
1277.63	0.0033
1277.87	0.0033
1278.112	0.0033
1278.353	0.0033
1278.594	0.0034
1278.835	0.0034
1279.076	0.0034
1279.317	0.0033
1279.558	0.0033
1279.799	0.0034
1280.04	0.0034
1280.281	0.0034
1280.522	0.0034
1280.763	0.0034
1281.004	0.0035
1281.245	0.0035
1281.486	0.0035
1281.728	0.0035
1281.969	0.0035
1282.21	0.0035
1282.451	0.0036
1282.692	0.0036
1282.933	0.0036
1283.174	0.0037
1283.415	0.0037
1283.656	0.0037
1283.897	0.0037
1284.138	0.0037
1284.379	0.0037
1284.62	0.0037
1284.861	0.0036
1285.102	0.0037
1285.344	0.0037
1285.584	0.0037
1285.826	0.0038
1286.067	0.0038
1286.308	0.0039
1286.549	0.004
1286.79	0.004
1287.031	0.0039
1287.272	0.004
1287.513	0.0041
1287.754	0.0042
1287.995	0.0043
1288.236	0.0044
1288.477	0.0044
1288.718	0.0045
1288.959	0.0046
1289.2	0.0047
1289.442	0.0048
1289.683	0.0049
1289.924	0.005
1290.165	0.0052
1290.406	0.0055
1290.647	0.0057
1290.888	0.0059
1291.129	0.0061
1291.37	0.0063
1291.611	0.0065
1291.852	0.0068
1292.093	0.0071
1292.334	0.0075
1292.575	0.008
1292.816	0.0085
1293.057	0.0091
1293.298	0.0097
1293.54	0.0104
1293.781	0.0112
1294.022	0.0121
1294.263	0.0132
1294.504	0.0144
1294.745	0.0158
1294.986	0.0174
1295.227	0.0192
1295.468	0.0213
1295.709	0.0237
1295.95	0.0262
1296.191	0.0288
1296.432	0.0317
1296.673	0.0348
1296.914	0.038
1297.156	0.0413
1297.397	0.0447
1297.638	0.0481
1297.879	0.0515
1298.12	0.0548
1298.361	0.0581
1298.602	0.0614
1298.843	0.0646
1299.084	0.0676
1299.325	0.0705
1299.566	0.0732
1299.807	0.0757
1300.048	0.0781
1300.289	0.0803
1300.53	0.0822
1300.771	0.084
1301.012	0.0855
1301.254	0.0868
1301.495	0.0879
1301.736	0.0888
1301.977	0.0895
1302.218	0.09
1302.459	0.0901
1302.7	0.0899
1302.941	0.0895
1303.182	0.0888
1303.423	0.0878
1303.664	0.0866
1303.905	0.0852
1304.146	0.0835
1304.387	0.0817
1304.628	0.0796
1304.87	0.0773
1305.111	0.0749
1305.352	0.0723
1305.593	0.0697
1305.834	0.067
1306.075	0.0643
1306.316	0.0616
1306.557	0.0589
1306.798	0.0561
1307.039	0.0534
1307.28	0.0507
1307.521	0.048
1307.762	0.0455
1308.003	0.043
1308.244	0.0406
1308.485	0.0384
1308.726	0.0362
1308.968	0.0341
1309.209	0.0321
1309.45	0.0301
1309.691	0.0283
1309.932	0.0265
1310.173	0.0249
1310.414	0.0233
1310.655	0.0219
1310.896	0.0206
1311.137	0.0194
1311.378	0.0183
1311.619	0.0172
1311.86	0.0161
1312.101	0.0151
1312.342	0.0143
1312.583	0.0135
1312.825	0.0128
1313.066	0.0121
1313.307	0.0115
1313.548	0.0109
1313.789	0.0105
1314.03	0.01
1314.271	0.0096
1314.512	0.0093
1314.753	0.009
1314.994	0.0087
1315.235	0.0084
1315.476	0.0082
1315.717	0.008
1315.958	0.0078
1316.199	0.0076
1316.44	0.0075
1316.682	0.0074
1316.923	0.0072
1317.164	0.0071
1317.405	0.0069
1317.646	0.0069
1317.887	0.0068
1318.128	0.0068
1318.369	0.0067
1318.61	0.0067
1318.851	0.0066
1319.092	0.0065
1319.333	0.0064
1319.574	0.0064
1319.815	0.0063
1320.056	0.0064
1320.297	0.0064
1320.539	0.0064
1320.78	0.0063
1321.021	0.0063
1321.262	0.0063
1321.503	0.0063
1321.744	0.0064
1321.985	0.0064
1322.226	0.0063
1322.467	0.0063
1322.708	0.0063
1322.949	0.0063
1323.19	0.0064
1323.431	0.0064
1323.672	0.0063
1323.913	0.0062
1324.154	0.0062
1324.396	0.0063
1324.637	0.0063
1324.878	0.0064
1325.119	0.0063
1325.36	0.0063
1325.601	0.0063
1325.842	0.0063
1326.083	0.0063
1326.324	0.0064
1326.565	0.0064
1326.806	0.0064
1327.047	0.0064
1327.288	0.0064
1327.529	0.0064
1327.77	0.0063
1328.011	0.0063
1328.253	0.0063
1328.494	0.0064
1328.735	0.0064
1328.976	0.0064
1329.217	0.0065
1329.458	0.0064
1329.699	0.0064
1329.94	0.0064
1330.181	0.0063
1330.422	0.0064
1330.663	0.0064
1330.904	0.0065
1331.145	0.0065
1331.386	0.0065
1331.627	0.0064
1331.868	0.0064
1332.109	0.0064
1332.351	0.0064
1332.592	0.0064
1332.833	0.0064
1333.074	0.0064
1333.315	0.0064
1333.556	0.0064
1333.797	0.0065
1334.038	0.0065
1334.279	0.0065
1334.52	0.0065
1334.761	0.0066
1335.002	0.0066
1335.243	0.0065
1335.484	0.0065
1335.725	0.0064
1335.967	0.0064
1336.208	0.0064
1336.449	0.0064
1336.69	0.0065
1336.931	0.0065
1337.172	0.0065
1337.413	0.0065
1337.654	0.0065
1337.895	0.0064
1338.136	0.0063
1338.377	0.0063
1338.618	0.0064
1338.859	0.0064
1339.1	0.0064
1339.341	0.0064
1339.582	0.0064
1339.823	0.0065
1340.065	0.0066
1340.306	0.0066
1340.547	0.0066
1340.788	0.0065
1341.029	0.0065
1341.27	0.0065
1341.511	0.0065
1341.752	0.0065
1341.993	0.0064
1342.234	0.0064
1342.475	0.0065
1342.716	0.0066
1342.957	0.0066
1343.198	0.0066
1343.439	0.0065
1343.681	0.0065
1343.922	0.0065
1344.163	0.0066
1344.404	0.0066
1344.645	0.0066
1344.886	0.0066
1345.127	0.0066
1345.368	0.0067
1345.609	0.0067
1345.85	0.0067
1346.091	0.0066
1346.332	0.0067
1346.573	0.0067
1346.814	0.0067
1347.055	0.0067
1347.296	0.0067
1347.537	0.0067
1347.779	0.0067
1348.02	0.0068
1348.261	0.0068
1348.502	0.0068
1348.743	0.0068
1348.984	0.0068
1349.225	0.0069
1349.466	0.007
1349.707	0.007
1349.948	0.007
1350.189	0.0071
1350.43	0.0071
1350.671	0.0071
1350.912	0.0071
1351.153	0.007
1351.395	0.007
1351.635	0.007
1351.877	0.0071
1352.118	0.0071
1352.359	0.0071
1352.6	0.0072
1352.841	0.0072
1353.082	0.0073
1353.323	0.0073
1353.564	0.0073
1353.805	0.0072
1354.046	0.0072
1354.287	0.0073
1354.528	0.0073
1354.769	0.0073
1355.01	0.0073
1355.251	0.0073
1355.493	0.0073
1355.734	0.0073
1355.975	0.0074
1356.216	0.0074
1356.457	0.0074
1356.698	0.0073
1356.939	0.0074
1357.18	0.0075
1357.421	0.0075
1357.662	0.0075
1357.903	0.0075
1358.144	0.0075
1358.385	0.0075
1358.626	0.0076
1358.867	0.0076
1359.109	0.0077
1359.349	0.0077
1359.591	0.0077
1359.832	0.0078
1360.073	0.0078
1360.314	0.0078
1360.555	0.0078
1360.796	0.0078
1361.037	0.0079
1361.278	0.0079
1361.519	0.0079
1361.76	0.0078
1362.001	0.0079
1362.242	0.0079
1362.483	0.0079
1362.724	0.0078
1362.965	0.0078
1363.207	0.0078
1363.448	0.0078
1363.689	0.0078
1363.93	0.0079
1364.171	0.0079
1364.412	0.0079
1364.653	0.008
1364.894	0.0081
1365.135	0.0081
1365.376	0.0081
1365.617	0.0081
1365.858	0.0081
1366.099	0.0081
1366.34	0.0081
1366.581	0.0082
1366.823	0.0081
1367.063	0.0081
1367.305	0.0081
1367.546	0.0082
1367.787	0.0082
1368.028	0.0082
1368.269	0.0082
1368.51	0.0081
1368.751	0.0081
1368.992	0.0081
1369.233	0.0082
1369.474	0.0082
1369.715	0.0083
1369.956	0.0083
1370.197	0.0084
1370.438	0.0084
1370.679	0.0084
1370.921	0.0084
1371.162	0.0084
1371.403	0.0085
1371.644	0.0085
1371.885	0.0086
1372.126	0.0085
1372.367	0.0084
1372.608	0.0085
1372.849	0.0085
1373.09	0.0085
1373.331	0.0085
1373.572	0.0085
1373.813	0.0085
1374.054	0.0085
1374.295	0.0085
1374.536	0.0085
1374.777	0.0085
1375.019	0.0085
1375.26	0.0085
1375.501	0.0086
1375.742	0.0087
1375.983	0.0087
1376.224	0.0087
1376.465	0.0088
1376.706	0.0088
1376.947	0.0088
1377.188	0.0088
1377.429	0.0088
1377.67	0.0088
1377.911	0.0088
1378.152	0.0088
1378.393	0.0089
1378.635	0.0089
1378.876	0.0089
1379.117	0.0089
1379.358	0.0089
1379.599	0.0089
1379.84	0.0089
1380.081	0.0089
1380.322	0.009
1380.563	0.009
1380.804	0.009
1381.045	0.009
1381.286	0.009
1381.527	0.009
1381.768	0.009
1382.009	0.0091
1382.25	0.0091
1382.491	0.0091
1382.733	0.0091
1382.974	0.0091
1383.215	0.0092
1383.456	0.0092
1383.697	0.0092
1383.938	0.0091
1384.179	0.0091
1384.42	0.0091
1384.661	0.0092
1384.902	0.0092
1385.143	0.0092
1385.384	0.0092
1385.625	0.0092
1385.866	0.0092
1386.107	0.0093
1386.349	0.0093
1386.59	0.0092
1386.831	0.0092
1387.072	0.0093
1387.313	0.0094
1387.554	0.0094
1387.795	0.0094
1388.036	0.0095
1388.277	0.0095
1388.518	0.0095
1388.759	0.0095
1389	0.0095
1389.241	0.0095
1389.482	0.0095
1389.723	0.0095
1389.964	0.0095
1390.205	0.0096
1390.447	0.0095
1390.688	0.0095
1390.929	0.0096
1391.17	0.0096
1391.411	0.0096
1391.652	0.0095
1391.893	0.0095
1392.134	0.0096
1392.375	0.0096
1392.616	0.0097
1392.857	0.0097
1393.098	0.0097
1393.339	0.0097
1393.58	0.0097
1393.821	0.0098
1394.063	0.0099
1394.304	0.0099
1394.545	0.0098
1394.786	0.0098
1395.027	0.0098
1395.268	0.0098
1395.509	0.0098
1395.75	0.0098
1395.991	0.0099
1396.232	0.0099
1396.473	0.01
1396.714	0.01
1396.955	0.01
1397.196	0.0099
1397.437	0.0099
1397.678	0.0099
1397.919	0.0099
1398.161	0.01
1398.402	0.01
1398.643	0.01
1398.884	0.01
1399.125	0.01
1399.366	0.0101
1399.607	0.0101
1399.848	0.0102
1400.089	0.0102
1400.33	0.0102
1400.571	0.0102
1400.812	0.0102
1401.053	0.0102
1401.294	0.0102
1401.535	0.0103
1401.776	0.0103
1402.018	0.0103
1402.259	0.0102
1402.5	0.0102
1402.741	0.0102
1402.982	0.0103
1403.223	0.0103
1403.464	0.0103
1403.705	0.0104
1403.946	0.0104
1404.187	0.0104
1404.428	0.0105
1404.669	0.0105
1404.91	0.0105
1405.151	0.0105
1405.392	0.0106
1405.633	0.0106
1405.875	0.0106
1406.116	0.0105
1406.357	0.0105
1406.598	0.0106
1406.839	0.0106
1407.08	0.0106
1407.321	0.0106
1407.562	0.0106
1407.803	0.0107
1408.044	0.0107
1408.285	0.0107
1408.526	0.0108
1408.767	0.0107
1409.008	0.0107
1409.249	0.0107
1409.49	0.0108
1409.732	0.0108
1409.973	0.0107
1410.214	0.0107
1410.455	0.0108
1410.696	0.0108
1410.937	0.0108
1411.178	0.0108
1411.419	0.0107
1411.66	0.0107
1411.901	0.0108
1412.142	0.0108
1412.383	0.0109
1412.624	0.0109
1412.865	0.0109
1413.106	0.0109
1413.347	0.011
1413.589	0.011
1413.83	0.011
1414.071	0.011
1414.312	0.0111
1414.553	0.0111
1414.794	0.0111
1415.035	0.0111
1415.276	0.0111
1415.517	0.0111
1415.758	0.0111
1415.999	0.0112
1416.24	0.0114
1416.481	0.0114
1416.722	0.0113
1416.963	0.0113
1417.204	0.0113
1417.446	0.0113
1417.687	0.0113
1417.928	0.0113
1418.169	0.0113
1418.41	0.0114
1418.651	0.0114
1418.892	0.0114
1419.133	0.0114
1419.374	0.0114
1419.615	0.0113
1419.856	0.0114
1420.097	0.0114
1420.338	0.0115
1420.579	0.0115
1420.82	0.0115
1421.061	0.0115
1421.302	0.0115
1421.544	0.0115
1421.785	0.0115
1422.026	0.0116
1422.267	0.0116
1422.508	0.0116
1422.749	0.0116
1422.99	0.0116
1423.231	0.0116
1423.472	0.0116
1423.713	0.0117
1423.954	0.0118
1424.195	0.0118
1424.436	0.0118
1424.677	0.0117
1424.918	0.0118
1425.16	0.0118
1425.401	0.0119
1425.642	0.0119
1425.883	0.0119
1426.124	0.0119
1426.365	0.0119
1426.606	0.012
1426.847	0.012
1427.088	0.0119
1427.329	0.0119
1427.57	0.0118
1427.811	0.0119
1428.052	0.0119
1428.293	0.0119
1428.534	0.0119
1428.775	0.012
1429.016	0.0121
1429.258	0.0121
1429.499	0.0121
1429.74	0.0121
1429.981	0.0121
1430.222	0.0121
1430.463	0.0121
1430.704	0.0122
1430.945	0.0122
1431.186	0.0122
1431.427	0.0122
1431.668	0.0122
1431.909	0.0123
1432.15	0.0122
1432.391	0.0122
1432.632	0.0122
1432.874	0.0122
1433.115	0.0123
1433.356	0.0123
1433.597	0.0124
1433.838	0.0124
1434.079	0.0124
1434.32	0.0123
1434.561	0.0124
1434.802	0.0124
1435.043	0.0124
1435.284	0.0124
1435.525	0.0124
1435.766	0.0124
1436.007	0.0124
1436.248	0.0124
1436.489	0.0124
1436.73	0.0125
1436.972	0.0126
1437.213	0.0126
1437.454	0.0126
1437.695	0.0126
1437.936	0.0126
1438.177	0.0126
1438.418	0.0127
1438.659	0.0127
1438.9	0.0126
1439.141	0.0126
1439.382	0.0126
1439.623	0.0126
1439.864	0.0126
1440.105	0.0126
1440.346	0.0126
1440.588	0.0126
1440.829	0.0127
1441.07	0.0127
1441.311	0.0127
1441.552	0.0128
1441.793	0.0128
1442.034	0.0128
1442.275	0.0129
1442.516	0.0129
1442.757	0.013
1442.998	0.013
1443.239	0.013
1443.48	0.0131
1443.721	0.0131
1443.962	0.013
1444.203	0.0131
1444.444	0.0131
1444.686	0.0132
1444.927	0.0132
1445.168	0.0133
1445.409	0.0133
1445.65	0.0132
1445.891	0.0132
1446.132	0.0133
1446.373	0.0134
1446.614	0.0133
1446.855	0.0133
1447.096	0.0133
1447.337	0.0133
1447.578	0.0134
1447.819	0.0133
1448.06	0.0134
1448.302	0.0134
1448.542	0.0135
1448.784	0.0135
1449.025	0.0136
1449.266	0.0137
1449.507	0.0137
1449.748	0.0137
1449.989	0.0136
1450.23	0.0137
1450.471	0.0137
1450.712	0.0137
1450.953	0.0137
1451.194	0.0137
1451.435	0.0137
1451.676	0.0137
1451.917	0.0136
1452.158	0.0136
1452.4	0.0136
1452.641	0.0137
1452.882	0.0137
1453.123	0.0137
1453.364	0.0138
1453.605	0.0138
1453.846	0.0138
1454.087	0.0139
1454.328	0.0139
1454.569	0.0139
1454.81	0.0138
1455.051	0.0138
1455.292	0.0139
1455.533	0.0139
1455.774	0.0138
1456.016	0.0138
1456.257	0.0138
1456.498	0.0138
1456.739	0.0138
1456.98	0.014
1457.221	0.014
1457.462	0.0141
1457.703	0.0141
1457.944	0.0141
1458.185	0.0142
1458.426	0.0141
1458.667	0.0141
1458.908	0.0141
1459.149	0.0142
1459.39	0.0143
1459.631	0.0143
1459.872	0.0144
1460.114	0.0144
1460.355	0.0145
1460.596	0.0145
1460.837	0.0145
1461.078	0.0145
1461.319	0.0145
1461.56	0.0145
1461.801	0.0146
1462.042	0.0146
1462.283	0.0146
1462.524	0.0146
1462.765	0.0146
1463.006	0.0148
1463.247	0.0148
1463.488	0.0148
1463.729	0.0148
1463.97	0.0148
1464.212	0.0148
1464.453	0.0148
1464.694	0.0148
1464.935	0.0148
1465.176	0.0149
1465.417	0.015
1465.658	0.015
1465.899	0.015
1466.14	0.015
1466.381	0.0149
1466.622	0.0148
1466.863	0.0148
1467.104	0.0148
1467.345	0.0149
1467.586	0.0149
1467.828	0.0149
1468.069	0.015
1468.31	0.015
1468.551	0.0151
1468.792	0.0152
1469.033	0.0152
1469.274	0.0151
1469.515	0.0151
1469.756	0.0151
1469.997	0.0151
1470.238	0.0152
1470.479	0.0152
1470.72	0.0153
1470.961	0.0153
1471.202	0.0153
1471.443	0.0153
1471.685	0.0153
1471.926	0.0153
1472.167	0.0154
1472.408	0.0154
1472.649	0.0155
1472.89	0.0155
1473.131	0.0155
1473.372	0.0156
1473.613	0.0157
1473.854	0.0158
1474.095	0.0158
1474.336	0.0158
1474.577	0.0158
1474.818	0.0158
1475.059	0.0159
1475.3	0.0159
1475.542	0.0159
1475.783	0.0159
1476.024	0.0159
1476.265	0.016
1476.506	0.0162
1476.747	0.0162
1476.988	0.0163
1477.229	0.0163
1477.47	0.0164
1477.711	0.0164
1477.952	0.0164
1478.193	0.0163
1478.434	0.0163
1478.675	0.0163
1478.916	0.0164
1479.157	0.0164
1479.398	0.0164
1479.64	0.0164
1479.881	0.0164
1480.122	0.0165
1480.363	0.0165
1480.604	0.0165
1480.845	0.0165
1481.086	0.0165
1481.327	0.0166
1481.568	0.0167
1481.809	0.0167
1482.05	0.0166
1482.291	0.0166
1482.532	0.0166
1482.773	0.0166
1483.014	0.0166
1483.255	0.0166
1483.497	0.0166
1483.738	0.0166
1483.979	0.0167
1484.22	0.0167
1484.461	0.0167
1484.702	0.0167
1484.943	0.0167
1485.184	0.0168
1485.425	0.0168
1485.666	0.0169
1485.907	0.0168
1486.148	0.0168
1486.389	0.0168
1486.63	0.0168
1486.871	0.0168
1487.113	0.0168
1487.354	0.0168
1487.595	0.0168
1487.836	0.0169
1488.077	0.017
1488.318	0.0171
1488.559	0.0171
1488.8	0.0171
1489.041	0.0171
1489.282	0.0172
1489.523	0.0172
1489.764	0.0171
1490.005	0.0172
1490.246	0.0172
1490.487	0.0172
1490.728	0.0173
1490.969	0.0173
1491.211	0.0173
1491.452	0.0173
1491.693	0.0173
1491.934	0.0174
1492.175	0.0174
1492.416	0.0174
1492.657	0.0173
1492.898	0.0174
1493.139	0.0175
1493.38	0.0176
1493.621	0.0176
1493.862	0.0177
1494.103	0.0177
1494.344	0.0176
1494.585	0.0176
1494.826	0.0176
1495.068	0.0177
1495.309	0.0177
1495.55	0.0176
1495.791	0.0176
1496.032	0.0177
1496.273	0.0177
1496.514	0.0178
1496.755	0.0178
1496.996	0.0179
1497.237	0.018
1497.478	0.018
1497.719	0.018
1497.96	0.018
1498.201	0.0179
1498.442	0.0179
1498.683	0.018
1498.925	0.018
1499.166	0.0181
1499.407	0.0181
1499.648	0.0181
1499.889	0.0182
1500.13	0.0183
1500.371	0.0183
1500.612	0.0183
1500.853	0.0183
1501.094	0.0183
1501.335	0.0183
1501.576	0.0183
1501.817	0.0183
1502.058	0.0184
1502.299	0.0184
1502.541	0.0185
1502.781	0.0185
1503.023	0.0185
1503.264	0.0185
1503.505	0.0185
1503.746	0.0186
1503.987	0.0187
1504.228	0.0187
1504.469	0.0187
1504.71	0.0187
1504.951	0.0187
1505.192	0.0187
1505.433	0.0186
1505.674	0.0186
1505.915	0.0187
1506.156	0.0188
1506.397	0.0188
1506.639	0.0188
1506.88	0.0188
1507.121	0.0188
1507.362	0.0189
1507.603	0.019
1507.844	0.0191
1508.085	0.0191
1508.326	0.0191
1508.567	0.0192
1508.808	0.0193
1509.049	0.0193
1509.29	0.0193
1509.531	0.0193
1509.772	0.0193
1510.013	0.0193
1510.254	0.0193
1510.495	0.0194
1510.737	0.0194
1510.978	0.0193
1511.219	0.0193
1511.46	0.0194
1511.701	0.0195
1511.942	0.0195
1512.183	0.0195
1512.424	0.0195
1512.665	0.0196
1512.906	0.0197
1513.147	0.0197
1513.388	0.0198
1513.629	0.0198
1513.87	0.0198
1514.111	0.0198
1514.353	0.0199
1514.594	0.02
1514.835	0.02
1515.076	0.02
1515.317	0.02
1515.558	0.02
1515.799	0.02
1516.04	0.02
1516.281	0.0201
1516.522	0.0201
1516.763	0.0201
1517.004	0.0202
1517.245	0.0202
1517.486	0.0203
1517.727	0.0203
1517.969	0.0204
1518.209	0.0205
1518.451	0.0206
1518.692	0.0206
1518.933	0.0206
1519.174	0.0206
1519.415	0.0207
1519.656	0.0208
1519.897	0.0207
1520.138	0.0207
1520.379	0.0207
1520.62	0.0207
1520.861	0.0207
1521.102	0.0207
1521.343	0.0208
1521.584	0.0209
1521.825	0.021
1522.067	0.0211
1522.308	0.0212
1522.549	0.0212
1522.79	0.0212
1523.031	0.0213
1523.272	0.0214
1523.513	0.0215
1523.754	0.0215
1523.995	0.0214
1524.236	0.0215
1524.477	0.0215
1524.718	0.0216
1524.959	0.0217
1525.2	0.0217
1525.441	0.0218
1525.682	0.0218
1525.923	0.0219
1526.165	0.022
1526.406	0.022
1526.647	0.022
1526.888	0.022
1527.129	0.0221
1527.37	0.0221
1527.611	0.0221
1527.852	0.0221
1528.093	0.0221
1528.334	0.0221
1528.575	0.0222
1528.816	0.0222
1529.057	0.0223
1529.298	0.0222
1529.539	0.0222
1529.781	0.0222
1530.022	0.0222
1530.263	0.0223
1530.504	0.0222
1530.745	0.0221
1530.986	0.0221
1531.227	0.0222
1531.468	0.0222
1531.709	0.0222
1531.95	0.0222
1532.191	0.0222
1532.432	0.0222
1532.673	0.0222
1532.914	0.0223
1533.155	0.0223
1533.396	0.0222
1533.637	0.0221
1533.879	0.0221
1534.12	0.0222
1534.361	0.0222
1534.602	0.0222
1534.843	0.0222
1535.084	0.0223
1535.325	0.0225
1535.566	0.0225
1535.807	0.0226
1536.048	0.0225
1536.289	0.0224
1536.53	0.0224
1536.771	0.0224
1537.012	0.0225
1537.253	0.0225
1537.495	0.0225
1537.736	0.0225
1537.977	0.0225
1538.218	0.0226
1538.459	0.0225
1538.7	0.0225
1538.941	0.0226
1539.182	0.0227
1539.423	0.0227
1539.664	0.0227
1539.905	0.0226
1540.146	0.0226
1540.387	0.0226
1540.628	0.0228
1540.869	0.0229
1541.11	0.0229
1541.351	0.0229
1541.593	0.0229
1541.834	0.0229
1542.075	0.0229
1542.316	0.0229
1542.557	0.023
1542.798	0.0231
1543.039	0.0232
1543.28	0.0232
1543.521	0.0232
1543.762	0.0232
1544.003	0.0232
1544.244	0.0232
1544.485	0.0232
1544.726	0.0233
1544.967	0.0233
1545.208	0.0233
1545.45	0.0234
1545.691	0.0235
1545.932	0.0236
1546.173	0.0236
1546.414	0.0235
1546.655	0.0236
1546.896	0.0236
1547.137	0.0237
1547.378	0.0237
1547.619	0.0237
1547.86	0.0237
1548.101	0.0237
1548.342	0.0237
1548.583	0.0238
1548.824	0.0238
1549.065	0.0238
1549.307	0.0238
1549.548	0.0239
1549.789	0.024
1550.03	0.0241
1550.271	0.0241
1550.512	0.0241
1550.753	0.0241
1550.994	0.0242
1551.235	0.0242
1551.476	0.0243
1551.717	0.0243
1551.958	0.0243
1552.199	0.0243
1552.44	0.0244
1552.681	0.0244
1552.922	0.0243
1553.164	0.0244
1553.405	0.0244
1553.646	0.0245
1553.887	0.0244
1554.128	0.0244
1554.369	0.0244
1554.61	0.0246
1554.851	0.0247
1555.092	0.0248
1555.333	0.0248
1555.574	0.0248
1555.815	0.0247
1556.056	0.0247
1556.297	0.0247
1556.538	0.0247
1556.779	0.0247
1557.021	0.0247
1557.262	0.0248
1557.503	0.0249
1557.744	0.025
1557.985	0.0249
1558.226	0.0249
1558.467	0.0249
1558.708	0.025
1558.949	0.0251
1559.19	0.0251
1559.431	0.0251
1559.672	0.0251
1559.913	0.0251
1560.154	0.0251
1560.395	0.0252
1560.636	0.0253
1560.878	0.0253
1561.119	0.0254
1561.36	0.0254
1561.601	0.0254
1561.842	0.0253
1562.083	0.0253
1562.324	0.0253
1562.565	0.0254
1562.806	0.0255
1563.047	0.0255
1563.288	0.0256
1563.529	0.0257
1563.77	0.0257
1564.011	0.0257
1564.252	0.0257
1564.493	0.0257
1564.734	0.0257
1564.976	0.0257
1565.217	0.0257
1565.458	0.0258
1565.699	0.0258
1565.94	0.0258
1566.181	0.0259
1566.422	0.026
1566.663	0.026
1566.904	0.026
1567.145	0.026
1567.386	0.026
1567.627	0.026
1567.868	0.0261
1568.109	0.0261
1568.35	0.0261
1568.592	0.0261
1568.833	0.0261
1569.074	0.0262
1569.315	0.0262
1569.556	0.0262
1569.797	0.0262
1570.038	0.0262
1570.279	0.0263
1570.52	0.0263
1570.761	0.0263
1571.002	0.0264
1571.243	0.0264
1571.484	0.0264
1571.725	0.0265
1571.966	0.0265
1572.207	0.0266
1572.448	0.0266
1572.69	0.0266
1572.931	0.0267
1573.172	0.0268
1573.413	0.0268
1573.654	0.0268
1573.895	0.0268
1574.136	0.0268
1574.377	0.0268
1574.618	0.0269
1574.859	0.0269
1575.1	0.027
1575.341	0.027
1575.582	0.027
1575.823	0.027
1576.064	0.0271
1576.306	0.0272
1576.547	0.0273
1576.788	0.0274
1577.029	0.0274
1577.27	0.0274
1577.511	0.0274
1577.752	0.0275
1577.993	0.0275
1578.234	0.0275
1578.475	0.0275
1578.716	0.0276
1578.957	0.0277
1579.198	0.0277
1579.439	0.0277
1579.68	0.0278
1579.921	0.0279
1580.162	0.0279
1580.404	0.0278
1580.645	0.0278
1580.886	0.0279
1581.127	0.028
1581.368	0.0281
1581.609	0.0281
1581.85	0.0282
1582.091	0.0282
1582.332	0.0283
1582.573	0.0284
1582.814	0.0284
1583.055	0.0285
1583.296	0.0285
1583.537	0.0286
1583.778	0.0287
1584.02	0.0287
1584.26	0.0288
1584.502	0.0288
1584.743	0.0289
1584.984	0.029
1585.225	0.029
1585.466	0.029
1585.707	0.029
1585.948	0.029
1586.189	0.0291
1586.43	0.0291
1586.671	0.0293
1586.912	0.0293
1587.153	0.0294
1587.394	0.0294
1587.635	0.0295
1587.876	0.0297
1588.118	0.0297
1588.359	0.0298
1588.6	0.0298
1588.841	0.0298
1589.082	0.0299
1589.323	0.03
1589.564	0.0301
1589.805	0.0302
1590.046	0.0302
1590.287	0.0302
1590.528	0.0303
1590.769	0.0303
1591.01	0.0304
1591.251	0.0305
1591.492	0.0307
1591.734	0.0308
1591.974	0.0308
1592.216	0.0308
1592.457	0.0308
1592.698	0.0309
1592.939	0.031
1593.18	0.031
1593.421	0.0311
1593.662	0.0312
1593.903	0.0313
1594.144	0.0314
1594.385	0.0315
1594.626	0.0315
1594.867	0.0316
1595.108	0.0316
1595.349	0.0318
1595.59	0.0319
1595.832	0.032
1596.073	0.032
1596.314	0.032
1596.555	0.0321
1596.796	0.0322
1597.037	0.0323
1597.278	0.0323
1597.519	0.0325
1597.76	0.0326
1598.001	0.0327
1598.242	0.0328
1598.483	0.033
1598.724	0.033
1598.965	0.033
1599.206	0.0331
1599.448	0.0332
1599.688	0.0333
1599.93	0.0334
1600.171	0.0334
1600.412	0.0335
1600.653	0.0337
1600.894	0.0337
1601.135	0.0338
1601.376	0.034
1601.617	0.0341
1601.858	0.0342
1602.099	0.0343
1602.34	0.0344
1602.581	0.0345
1602.822	0.0345
1603.063	0.0345
1603.304	0.0347
1603.546	0.0348
1603.787	0.0349
1604.028	0.035
1604.269	0.0351
1604.51	0.0352
1604.751	0.0353
1604.992	0.0354
1605.233	0.0356
1605.474	0.0357
1605.715	0.0358
1605.956	0.0358
1606.197	0.036
1606.438	0.0361
1606.679	0.0363
1606.92	0.0363
1607.161	0.0364
1607.402	0.0365
1607.644	0.0366
1607.885	0.0366
1608.126	0.0368
1608.367	0.0369
1608.608	0.037
1608.849	0.0371
1609.09	0.0372
1609.331	0.0373
1609.572	0.0373
1609.813	0.0374
1610.054	0.0375
1610.295	0.0377
1610.536	0.0378
1610.777	0.0378
1611.018	0.038
1611.26	0.0381
1611.501	0.0383
1611.742	0.0384
1611.983	0.0385
1612.224	0.0386
1612.465	0.0387
1612.706	0.0388
1612.947	0.0389
1613.188	0.0391
1613.429	0.0392
1613.67	0.0393
1613.911	0.0394
1614.152	0.0395
1614.393	0.0396
1614.634	0.0397
1614.875	0.0399
1615.116	0.0401
1615.358	0.0402
1615.599	0.0402
1615.84	0.0402
1616.081	0.0403
1616.322	0.0405
1616.563	0.0407
1616.804	0.0409
1617.045	0.0412
1617.286	0.0414
1617.527	0.0415
1617.768	0.0417
1618.009	0.0418
1618.25	0.0419
1618.491	0.0421
1618.732	0.0422
1618.974	0.0424
1619.215	0.0426
1619.456	0.0427
1619.697	0.0428
1619.938	0.0429
1620.179	0.0431
1620.42	0.0432
1620.661	0.0433
1620.902	0.0435
1621.143	0.0436
1621.384	0.0437
1621.625	0.0439
1621.866	0.0441
1622.107	0.0444
1622.348	0.0445
1622.589	0.0447
1622.83	0.0449
1623.072	0.0451
1623.313	0.0452
1623.554	0.0453
1623.795	0.0454
1624.036	0.0456
1624.277	0.0458
1624.518	0.0459
1624.759	0.0461
1625	0.0462
1625.241	0.0464
1625.482	0.0465
1625.723	0.0467
1625.964	0.0469
1626.205	0.047
1626.446	0.0472
1626.688	0.0474
1626.929	0.0476
1627.17	0.0478
1627.411	0.0479
1627.652	0.048
1627.893	0.0481
1628.134	0.0483
1628.375	0.0484
1628.616	0.0486
1628.857	0.0487
1629.098	0.0489
1629.339	0.0491
1629.58	0.0492
1629.821	0.0494
1630.062	0.0495
1630.303	0.0496
1630.544	0.0497
1630.786	0.05
1631.027	0.0502
1631.268	0.0503
1631.509	0.0504
1631.75	0.0506
1631.991	0.0507
1632.232	0.0508
1632.473	0.051
1632.714	0.0511
1632.955	0.0512
1633.196	0.0513
1633.437	0.0514
1633.678	0.0515
1633.919	0.0516
1634.16	0.0517
1634.401	0.0518
1634.643	0.0519
1634.884	0.0521
1635.125	0.0522
1635.366	0.0523
1635.607	0.0525
1635.848	0.0526
1636.089	0.0528
1636.33	0.053
1636.571	0.0531
1636.812	0.0532
1637.053	0.0533
1637.294	0.0534
1637.535	0.0534
1637.776	0.0535
1638.017	0.0535
1638.258	0.0536
1638.5	0.0537
1638.741	0.0538
1638.982	0.0539
1639.223	0.0539
1639.464	0.0541
1639.705	0.0542
1639.946	0.0543
1640.187	0.0544
1640.428	0.0545
1640.669	0.0546
1640.91	0.0546
1641.151	0.0547
1641.392	0.0548
1641.633	0.0549
1641.874	0.055
1642.115	0.055
1642.357	0.0551
1642.598	0.0552
1642.839	0.0552
1643.08	0.0552
1643.321	0.0552
1643.562	0.0554
1643.803	0.0555
1644.044	0.0555
1644.285	0.0556
1644.526	0.0556
1644.767	0.0557
1645.008	0.0557
1645.249	0.0557
1645.49	0.0557
1645.731	0.0557
1645.972	0.0557
1646.214	0.0559
1646.455	0.056
1646.696	0.0561
1646.937	0.0562
1647.178	0.0562
1647.419	0.0564
1647.66	0.0565
1647.901	0.0565
1648.142	0.0565
1648.383	0.0565
1648.624	0.0564
1648.865	0.0564
1649.106	0.0565
1649.347	0.0566
1649.588	0.0566
1649.829	0.0566
1650.071	0.0567
1650.312	0.0567
1650.553	0.0568
1650.794	0.0569
1651.035	0.0569
1651.276	0.0568
1651.517	0.0568
1651.758	0.0568
1651.999	0.0569
1652.24	0.0569
1652.481	0.057
1652.722	0.057
1652.963	0.057
1653.204	0.0571
1653.445	0.0572
1653.686	0.0573
1653.927	0.0573
1654.169	0.0573
1654.41	0.0574
1654.651	0.0574
1654.892	0.0574
1655.133	0.0574
1655.374	0.0574
1655.615	0.0575
1655.856	0.0575
1656.097	0.0575
1656.338	0.0575
1656.579	0.0575
1656.82	0.0575
1657.061	0.0575
1657.302	0.0576
1657.543	0.0576
1657.785	0.0576
1658.026	0.0576
1658.267	0.0577
1658.508	0.0578
1658.749	0.0578
1658.99	0.0578
1659.231	0.0578
1659.472	0.0578
1659.713	0.0578
1659.954	0.0578
1660.195	0.0578
1660.436	0.0578
1660.677	0.0578
1660.918	0.0579
1661.159	0.0579
1661.4	0.0579
1661.641	0.0579
1661.883	0.0579
1662.124	0.0579
1662.365	0.0579
1662.606	0.0579
1662.847	0.0579
1663.088	0.058
1663.329	0.058
1663.57	0.0579
1663.811	0.0579
1664.052	0.058
1664.293	0.058
1664.534	0.058
1664.775	0.058
1665.016	0.058
1665.257	0.058
1665.499	0.0579
1665.74	0.0579
1665.981	0.0579
1666.222	0.0579
1666.463	0.0579
1666.704	0.0579
1666.945	0.0578
1667.186	0.0578
1667.427	0.0578
1667.668	0.0578
1667.909	0.0579
1668.15	0.0579
1668.391	0.0578
1668.632	0.0577
1668.873	0.0577
1669.114	0.0576
1669.355	0.0576
1669.597	0.0576
1669.838	0.0576
1670.079	0.0577
1670.32	0.0577
1670.561	0.0576
1670.802	0.0576
1671.043	0.0576
1671.284	0.0575
1671.525	0.0575
1671.766	0.0576
1672.007	0.0576
1672.248	0.0576
1672.489	0.0575
1672.73	0.0574
1672.971	0.0574
1673.213	0.0574
1673.453	0.0573
1673.695	0.0573
1673.936	0.0573
1674.177	0.0572
1674.418	0.0571
1674.659	0.057
1674.9	0.0569
1675.141	0.0569
1675.382	0.0568
1675.623	0.0568
1675.864	0.0568
1676.105	0.0567
1676.346	0.0566
1676.587	0.0566
1676.828	0.0566
1677.069	0.0566
1677.311	0.0565
1677.552	0.0564
1677.793	0.0564
1678.034	0.0563
1678.275	0.0563
1678.516	0.0562
1678.757	0.0561
1678.998	0.056
1679.239	0.0559
1679.48	0.0558
1679.721	0.0558
1679.962	0.0557
1680.203	0.0556
1680.444	0.0555
1680.685	0.0554
1680.927	0.0554
1681.167	0.0553
1681.409	0.0552
1681.65	0.0551
1681.891	0.0551
1682.132	0.055
1682.373	0.0548
1682.614	0.0547
1682.855	0.0546
1683.096	0.0545
1683.337	0.0544
1683.578	0.0543
1683.819	0.0542
1684.06	0.0541
1684.301	0.054
1684.542	0.054
1684.783	0.0539
1685.025	0.0539
1685.266	0.0538
1685.507	0.0537
1685.748	0.0536
1685.989	0.0535
1686.23	0.0534
1686.471	0.0533
1686.712	0.0532
1686.953	0.053
1687.194	0.0528
1687.435	0.0527
1687.676	0.0526
1687.917	0.0525
1688.158	0.0523
1688.399	0.0522
1688.641	0.0521
1688.881	0.052
1689.123	0.0519
1689.364	0.0518
1689.605	0.0517
1689.846	0.0516
1690.087	0.0514
1690.328	0.0513
1690.569	0.0511
1690.81	0.051
1691.051	0.0508
1691.292	0.0507
1691.533	0.0506
1691.774	0.0505
1692.015	0.0503
1692.256	0.0502
1692.497	0.05
1692.739	0.0499
1692.98	0.0497
1693.221	0.0496
1693.462	0.0495
1693.703	0.0493
1693.944	0.0491
1694.185	0.0489
1694.426	0.0487
1694.667	0.0486
1694.908	0.0485
1695.149	0.0483
1695.39	0.0482
1695.631	0.048
1695.872	0.0479
1696.113	0.0478
1696.354	0.0477
1696.595	0.0476
1696.837	0.0475
1697.078	0.0472
1697.319	0.047
1697.56	0.0469
1697.801	0.0467
1698.042	0.0466
1698.283	0.0464
1698.524	0.0462
1698.765	0.046
1699.006	0.0458
1699.247	0.0456
1699.488	0.0455
1699.729	0.0453
1699.97	0.0451
1700.211	0.0449
1700.453	0.0447
1700.694	0.0445
1700.935	0.0444
1701.176	0.0442
1701.417	0.0441
1701.658	0.044
1701.899	0.0438
1702.14	0.0436
1702.381	0.0434
1702.622	0.0431
1702.863	0.0429
1703.104	0.0428
1703.345	0.0426
1703.586	0.0425
1703.827	0.0423
1704.068	0.0421
1704.309	0.0419
1704.551	0.0417
1704.792	0.0415
1705.033	0.0414
1705.274	0.0412
1705.515	0.041
1705.756	0.0408
1705.997	0.0406
1706.238	0.0404
1706.479	0.0402
1706.72	0.0399
1706.961	0.0397
1707.202	0.0395
1707.443	0.0394
1707.684	0.0392
1707.925	0.039
1708.167	0.0388
1708.408	0.0385
1708.649	0.0383
1708.89	0.0381
1709.131	0.0379
1709.372	0.0377
1709.613	0.0375
1709.854	0.0373
1710.095	0.037
1710.336	0.0368
1710.577	0.0366
1710.818	0.0363
1711.059	0.0362
1711.3	0.036
1711.541	0.0358
1711.782	0.0356
1712.023	0.0355
1712.265	0.0353
1712.506	0.0351
1712.747	0.0349
1712.988	0.0346
1713.229	0.0344
1713.47	0.0342
1713.711	0.0339
1713.952	0.0337
1714.193	0.0336
1714.434	0.0334
1714.675	0.0332
1714.916	0.033
1715.157	0.0328
1715.398	0.0326
1715.639	0.0324
1715.88	0.0322
1716.122	0.032
1716.363	0.0317
1716.604	0.0315
1716.845	0.0313
1717.086	0.0311
1717.327	0.031
1717.568	0.0308
1717.809	0.0307
1718.05	0.0305
1718.291	0.0302
1718.532	0.03
1718.773	0.0298
1719.014	0.0297
1719.255	0.0294
1719.496	0.0291
1719.737	0.0289
1719.979	0.0288
1720.22	0.0287
1720.461	0.0285
1720.702	0.0283
1720.943	0.0281
1721.184	0.0279
1721.425	0.0277
1721.666	0.0275
1721.907	0.0273
1722.148	0.0271
1722.389	0.0269
1722.63	0.0267
1722.871	0.0265
1723.112	0.0263
1723.353	0.0261
1723.594	0.0259
1723.836	0.0257
1724.077	0.0255
1724.318	0.0253
1724.559	0.0251
1724.8	0.025
1725.041	0.0248
1725.282	0.0246
1725.523	0.0244
1725.764	0.0242
1726.005	0.0241
1726.246	0.0239
1726.487	0.0237
1726.728	0.0235
1726.969	0.0234
1727.21	0.0232
1727.451	0.023
1727.693	0.0228
1727.934	0.0226
1728.175	0.0225
1728.416	0.0223
1728.657	0.0221
1728.898	0.0219
1729.139	0.0218
1729.38	0.0216
1729.621	0.0214
1729.862	0.0213
1730.103	0.0211
1730.344	0.021
1730.585	0.0208
1730.826	0.0207
1731.067	0.0205
1731.308	0.0203
1731.55	0.0201
1731.791	0.0199
1732.032	0.0197
1732.273	0.0195
1732.514	0.0193
1732.755	0.0191
1732.996	0.019
1733.237	0.0188
1733.478	0.0187
1733.719	0.0186
1733.96	0.0185
1734.201	0.0184
1734.442	0.0182
1734.683	0.0181
1734.924	0.018
1735.165	0.0179
1735.406	0.0177
1735.648	0.0176
1735.889	0.0174
1736.13	0.0172
1736.371	0.017
1736.612	0.0169
1736.853	0.0168
1737.094	0.0166
1737.335	0.0164
1737.576	0.0163
1737.817	0.0162
1738.058	0.016
1738.299	0.0159
1738.54	0.0158
1738.781	0.0157
1739.022	0.0156
1739.264	0.0154
1739.505	0.0153
1739.746	0.0152
1739.987	0.015
1740.228	0.0149
1740.469	0.0149
1740.71	0.0148
1740.951	0.0147
1741.192	0.0145
1741.433	0.0144
1741.674	0.0143
1741.915	0.0142
1742.156	0.0141
1742.397	0.014
1742.638	0.0138
1742.879	0.0136
1743.12	0.0135
1743.362	0.0134
1743.603	0.0133
1743.844	0.0132
1744.085	0.0131
1744.326	0.013
1744.567	0.0129
1744.808	0.0128
1745.049	0.0126
1745.29	0.0124
1745.531	0.0123
1745.772	0.0122
1746.013	0.0121
1746.254	0.012
1746.495	0.0119
1746.736	0.0119
1746.978	0.0118
1747.219	0.0118
1747.46	0.0117
1747.701	0.0116
1747.942	0.0115
1748.183	0.0113
1748.424	0.0112
1748.665	0.0111
1748.906	0.0109
1749.147	0.0108
1749.388	0.0108
1749.629	0.0107
1749.87	0.0106
1750.111	0.0105
1750.352	0.0104
1750.593	0.0103
1750.834	0.0102
1751.076	0.0101
1751.317	0.01
1751.558	0.01
1751.799	0.0099
1752.04	0.0098
1752.281	0.0097
1752.522	0.0096
1752.763	0.0095
1753.004	0.0094
1753.245	0.0093
1753.486	0.0092
1753.727	0.0092
1753.968	0.0091
1754.209	0.0091
1754.45	0.009
1754.692	0.0089
1754.932	0.0088
1755.174	0.0087
1755.415	0.0086
1755.656	0.0085
1755.897	0.0084
1756.138	0.0083
1756.379	0.0083
1756.62	0.0083
1756.861	0.0083
1757.102	0.0082
1757.343	0.0082
1757.584	0.0081
1757.825	0.008
1758.066	0.0079
1758.307	0.0079
1758.548	0.0079
1758.79	0.0078
1759.031	0.0077
1759.272	0.0076
1759.513	0.0075
1759.754	0.0075
1759.995	0.0074
1760.236	0.0073
1760.477	0.0073
1760.718	0.0072
1760.959	0.0071
1761.2	0.007
1761.441	0.0069
1761.682	0.0068
1761.923	0.0068
1762.164	0.0067
1762.406	0.0067
1762.646	0.0066
1762.888	0.0066
1763.129	0.0066
1763.37	0.0066
1763.611	0.0065
1763.852	0.0064
1764.093	0.0063
1764.334	0.0062
1764.575	0.0062
1764.816	0.0062
1765.057	0.0062
1765.298	0.0062
1765.539	0.0061
1765.78	0.006
1766.021	0.006
1766.262	0.0059
1766.504	0.0058
1766.745	0.0057
1766.986	0.0056
1767.227	0.0056
1767.468	0.0056
1767.709	0.0055
1767.95	0.0055
1768.191	0.0055
1768.432	0.0054
1768.673	0.0053
1768.914	0.0052
1769.155	0.0052
1769.396	0.0051
1769.637	0.0051
1769.878	0.005
1770.12	0.005
1770.36	0.005
1770.602	0.0049
1770.843	0.0049
1771.084	0.0048
1771.325	0.0048
1771.566	0.0047
1771.807	0.0046
1772.048	0.0046
1772.289	0.0045
1772.53	0.0045
1772.771	0.0045
1773.012	0.0046
1773.253	0.0046
1773.494	0.0046
1773.735	0.0046
1773.976	0.0045
1774.218	0.0045
1774.459	0.0044
1774.7	0.0044
1774.941	0.0043
1775.182	0.0043
1775.423	0.0042
1775.664	0.0041
1775.905	0.0041
1776.146	0.0041
1776.387	0.0041
1776.628	0.004
1776.869	0.004
1777.11	0.004
1777.351	0.0039
1777.592	0.0038
1777.833	0.0038
1778.074	0.0038
1778.316	0.0038
1778.557	0.0038
1778.798	0.0038
1779.039	0.0037
1779.28	0.0036
1779.521	0.0035
1779.762	0.0035
1780.003	0.0035
1780.244	0.0035
1780.485	0.0034
1780.726	0.0034
1780.967	0.0034
1781.208	0.0034
1781.449	0.0033
1781.69	0.0033
1781.932	0.0033
1782.173	0.0033
1782.414	0.0032
1782.655	0.0032
1782.896	0.0031
1783.137	0.0031
1783.378	0.003
1783.619	0.003
1783.86	0.003
1784.101	0.003
1784.342	0.0029
1784.583	0.0029
1784.824	0.0029
1785.065	0.0029
1785.306	0.0029
1785.547	0.0029
1785.788	0.0029
1786.03	0.0028
1786.271	0.0027
1786.512	0.0027
1786.753	0.0026
1786.994	0.0027
1787.235	0.0027
1787.476	0.0027
1787.717	0.0026
1787.958	0.0026
1788.199	0.0025
1788.44	0.0025
1788.681	0.0025
1788.922	0.0025
1789.163	0.0024
1789.404	0.0024
1789.646	0.0023
1789.887	0.0023
1790.128	0.0023
1790.369	0.0023
1790.61	0.0023
1790.851	0.0022
1791.092	0.0022
1791.333	0.0021
1791.574	0.0021
1791.815	0.0021
1792.056	0.0021
1792.297	0.0021
1792.538	0.002
1792.779	0.002
1793.02	0.002
1793.261	0.002
1793.502	0.002
1793.744	0.002
1793.985	0.002
1794.226	0.0019
1794.467	0.0019
1794.708	0.0019
1794.949	0.0019
1795.19	0.0018
1795.431	0.0018
1795.672	0.0018
1795.913	0.0018
1796.154	0.0018
1796.395	0.0018
1796.636	0.0018
1796.877	0.0017
1797.118	0.0016
1797.359	0.0015
1797.601	0.0016
1797.842	0.0016
1798.083	0.0016
1798.324	0.0017
1798.565	0.0017
1798.806	0.0017
1799.047	0.0017
1799.288	0.0016
1799.529	0.0016
1799.77	0.0016
1800.011	0.0015
1800.252	0.0015
1800.493	0.0015
1800.734	0.0015
1800.975	0.0015
1801.216	0.0015
1801.458	0.0015
1801.699	0.0015
1801.94	0.0014
1802.181	0.0013
1802.422	0.0013
1802.663	0.0013
1802.904	0.0013
1803.145	0.0014
1803.386	0.0013
1803.627	0.0013
1803.868	0.0012
1804.109	0.0012
1804.35	0.0012
1804.591	0.0012
1804.832	0.0012
1805.073	0.0012
1805.315	0.0012
1805.556	0.0012
1805.797	0.0012
1806.038	0.0012
1806.279	0.0012
1806.52	0.0013
1806.761	0.0012
1807.002	0.0011
1807.243	0.0011
1807.484	1E-3
1807.725	0.0011
1807.966	1E-3
1808.207	1E-3
1808.448	1E-3
1808.689	9E-4
1808.93	9E-4
1809.172	8E-4
1809.413	8E-4
1809.654	8E-4
1809.895	8E-4
1810.136	8E-4
1810.377	8E-4
1810.618	9E-4
1810.859	9E-4
1811.1	9E-4
1811.341	9E-4
1811.582	8E-4
1811.823	7E-4
1812.064	7E-4
1812.305	8E-4
1812.546	8E-4
1812.787	7E-4
1813.029	7E-4
1813.27	6E-4
1813.511	6E-4
1813.752	6E-4
1813.993	6E-4
1814.234	7E-4
1814.475	7E-4
1814.716	8E-4
1814.957	7E-4
1815.198	7E-4
1815.439	7E-4
1815.68	6E-4
1815.921	6E-4
1816.162	5E-4
1816.403	5E-4
1816.644	5E-4
1816.885	5E-4
1817.127	5E-4
1817.368	5E-4
1817.609	5E-4
1817.85	5E-4
1818.091	5E-4
1818.332	5E-4
1818.573	6E-4
1818.814	6E-4
1819.055	5E-4
1819.296	5E-4
1819.537	5E-4
1819.778	4E-4
1820.019	4E-4
1820.26	4E-4
1820.501	4E-4
1820.743	4E-4
1820.984	4E-4
1821.225	4E-4
1821.466	4E-4
1821.707	4E-4
1821.948	4E-4
1822.189	4E-4
1822.43	5E-4
1822.671	4E-4
1822.912	3E-4
1823.153	3E-4
1823.394	2E-4
1823.635	2E-4
1823.876	3E-4
1824.117	3E-4
1824.358	3E-4
1824.599	3E-4
1824.841	2E-4
1825.082	3E-4
1825.323	3E-4
1825.564	3E-4
1825.805	3E-4
1826.046	3E-4
1826.287	3E-4
1826.528	2E-4
1826.769	2E-4
1827.01	2E-4
1827.251	2E-4
1827.492	1E-4
1827.733	1E-4
1827.974	1E-4
1828.215	1E-4
1828.457	1E-4
1828.698	2E-4
1828.939	2E-4
1829.18	2E-4
1829.421	2E-4
1829.662	1E-4
1829.903	1E-4
1830.144	1E-4
1830.385	1E-4
1830.626	1E-4
1830.867	1E-4
1831.108	1E-4
1831.349	1E-4
1831.59	0
1831.831	0
1832.072	0
1832.313	1E-4
1832.555	1E-4
1832.796	1E-4
1833.037	0
1833.278	0
1833.519	0
1833.76	0
1834.001	0
1834.242	0
1834.483	1E-4
1834.724	1E-4
1834.965	1E-4
1835.206	1E-4
1835.447	1E-4
1835.688	1E-4
1835.929	1E-4
1836.171	1E-4
1836.412	0
1836.653	0
1836.894	0
1837.135	0
1837.376	-1E-4
1837.617	-1E-4
1837.858	-1E-4
1838.099	-1E-4
1838.34	-1E-4
1838.581	-1E-4
1838.822	-1E-4
1839.063	0
1839.304	0
1839.545	0
1839.786	0
1840.027	0
1840.269	-1E-4
1840.51	-1E-4
1840.751	-1E-4
1840.992	-1E-4
1841.233	-1E-4
1841.474	-1E-4
1841.715	-1E-4
1841.956	-1E-4
1842.197	-1E-4
1842.438	-1E-4
1842.679	-1E-4
1842.92	-1E-4
1843.161	-1E-4
1843.402	-1E-4
1843.643	-1E-4
1843.885	-1E-4
1844.126	0
1844.367	0
1844.608	1E-4
1844.849	1E-4
1845.09	0
1845.331	-1E-4
1845.572	-1E-4
1845.813	-1E-4
1846.054	-1E-4
1846.295	-1E-4
1846.536	-2E-4
1846.777	-2E-4
1847.018	-2E-4
1847.259	-2E-4
1847.5	-2E-4
1847.741	-2E-4
1847.983	-1E-4
1848.224	-1E-4
1848.465	-1E-4
1848.706	-1E-4
1848.947	-1E-4
1849.188	-1E-4
1849.429	-1E-4
1849.67	-1E-4
1849.911	-1E-4
1850.152	-1E-4
1850.393	-1E-4
1850.634	-1E-4
1850.875	-1E-4
1851.116	-1E-4
1851.357	-1E-4
1851.599	-1E-4
1851.84	-1E-4
1852.081	-1E-4
1852.322	-1E-4
1852.563	-1E-4
1852.804	-1E-4
1853.045	-1E-4
1853.286	-2E-4
1853.527	-2E-4
1853.768	-2E-4
1854.009	-2E-4
1854.25	-2E-4
1854.491	-2E-4
1854.732	-1E-4
1854.973	-1E-4
1855.214	-2E-4
1855.455	-1E-4
1855.697	-1E-4
1855.938	-1E-4
1856.179	-1E-4
1856.42	-2E-4
1856.661	-2E-4
1856.902	-2E-4
1857.143	-2E-4
1857.384	-1E-4
1857.625	-1E-4
1857.866	-1E-4
1858.107	-1E-4
1858.348	-1E-4
1858.589	-1E-4
1858.83	-1E-4
1859.071	-1E-4
1859.313	-1E-4
1859.554	-1E-4
1859.795	-1E-4
1860.036	-2E-4
1860.277	-2E-4
1860.518	-2E-4
1860.759	-2E-4
1861	-2E-4
1861.241	-2E-4
1861.482	-2E-4
1861.723	-1E-4
1861.964	-1E-4
1862.205	-1E-4
1862.446	-1E-4
1862.687	-1E-4
1862.928	0
1863.169	-1E-4
1863.411	-1E-4
1863.652	0
1863.893	0
1864.134	-1E-4
1864.375	-1E-4
1864.616	-1E-4
1864.857	0
1865.098	0
1865.339	0
1865.58	0
1865.821	0
1866.062	0
1866.303	-1E-4
1866.544	0
1866.785	0
1867.026	-1E-4
1867.268	-1E-4
1867.509	-2E-4
1867.75	-2E-4
1867.991	-2E-4
1868.232	-2E-4
1868.473	-1E-4
1868.714	-1E-4
1868.955	-1E-4
1869.196	-2E-4
1869.437	-2E-4
1869.678	-2E-4
1869.919	-1E-4
1870.16	-1E-4
1870.401	-1E-4
1870.642	-1E-4
1870.883	-1E-4
1871.125	-1E-4
1871.366	0
1871.607	0
1871.848	-1E-4
1872.089	-1E-4
1872.33	-1E-4
1872.571	-1E-4
1872.812	-2E-4
1873.053	-2E-4
1873.294	-1E-4
1873.535	0
1873.776	0
1874.017	0
1874.258	-1E-4
1874.499	-1E-4
1874.74	0
1874.982	0
1875.223	0
1875.464	0
1875.705	0
1875.946	-1E-4
1876.187	-1E-4
1876.428	-1E-4
1876.669	-1E-4
1876.91	-1E-4
1877.151	-1E-4
1877.392	0
1877.633	0
1877.874	-1E-4
1878.115	-2E-4
1878.356	-2E-4
1878.597	-1E-4
1878.839	-1E-4
1879.08	-1E-4
1879.321	-1E-4
1879.562	-1E-4
1879.803	-1E-4
1880.044	-1E-4
1880.285	-1E-4
1880.526	0
1880.767	-1E-4
1881.008	-1E-4
1881.249	-2E-4
1881.49	-2E-4
1881.731	-2E-4
1881.972	-2E-4
1882.213	-2E-4
1882.454	-1E-4
1882.696	-1E-4
1882.937	-1E-4
1883.178	-1E-4
1883.419	0
1883.66	0
1883.901	0
1884.142	0
1884.383	0
1884.624	-1E-4
1884.865	-1E-4
1885.106	-2E-4
1885.347	-2E-4
1885.588	-2E-4
1885.829	-2E-4
1886.07	-2E-4
1886.311	-1E-4
1886.552	-1E-4
1886.794	-1E-4
1887.035	-2E-4
1887.276	-2E-4
1887.517	-2E-4
1887.758	-2E-4
1887.999	-2E-4
1888.24	-1E-4
1888.481	0
1888.722	-1E-4
1888.963	-2E-4
1889.204	-2E-4
1889.445	-2E-4
1889.686	-1E-4
1889.927	-1E-4
1890.168	-1E-4
1890.41	-1E-4
1890.651	-1E-4
1890.892	0
1891.133	0
1891.374	1E-4
1891.615	0
1891.856	0
1892.097	0
1892.338	-1E-4
1892.579	-1E-4
1892.82	-1E-4
1893.061	-1E-4
1893.302	-1E-4
1893.543	-1E-4
1893.784	0
1894.025	0
1894.266	1E-4
1894.508	1E-4
1894.749	1E-4
1894.99	0
1895.231	0
1895.472	0
1895.713	0
1895.954	0
1896.195	0
1896.436	0
1896.677	0
1896.918	0
1897.159	0
1897.4	0
1897.641	-1E-4
1897.882	-1E-4
1898.124	0
1898.365	0
1898.606	0
1898.847	0
1899.088	0
1899.329	0
1899.57	0
1899.811	-1E-4
1900.052	0
1900.293	0
1900.534	0
1900.775	0
1901.016	0
1901.257	0
1901.498	0
1901.739	0
1901.98	0
1902.222	-1E-4
1902.463	-1E-4
1902.704	-1E-4
1902.945	-1E-4
1903.186	-1E-4
1903.427	-1E-4
1903.668	0
1903.909	0
1904.15	0
1904.391	0
1904.632	0
1904.873	-1E-4
1905.114	-1E-4
1905.355	-1E-4
1905.596	-1E-4
1905.838	-1E-4
1906.078	-1E-4
1906.32	-1E-4
1906.561	-1E-4
1906.802	-2E-4
1907.043	-2E-4
1907.284	-1E-4
1907.525	-1E-4
1907.766	-1E-4
1908.007	-1E-4
1908.248	-1E-4
1908.489	-2E-4
1908.73	-2E-4
1908.971	-2E-4
1909.212	-2E-4
1909.453	-2E-4
1909.694	-2E-4
1909.936	-1E-4
1910.177	-1E-4
1910.418	-1E-4
1910.659	-2E-4
1910.9	-2E-4
1911.141	-2E-4
1911.382	-2E-4
1911.623	-2E-4
1911.864	-2E-4
1912.105	-2E-4
1912.346	-2E-4
1912.587	-2E-4
1912.828	-2E-4
1913.069	-2E-4
1913.31	-2E-4
1913.552	-3E-4
1913.792	-3E-4
1914.034	-2E-4
1914.275	-2E-4
1914.516	-2E-4
1914.757	-2E-4
1914.998	-2E-4
1915.239	-2E-4
1915.48	-3E-4
1915.721	-3E-4
1915.962	-3E-4
1916.203	-3E-4
1916.444	-3E-4
1916.685	-3E-4
1916.926	-3E-4
1917.167	-3E-4
1917.408	-4E-4
1917.65	-4E-4
1917.891	-4E-4
1918.132	-4E-4
1918.373	-3E-4
1918.614	-3E-4
1918.855	-3E-4
1919.096	-3E-4
1919.337	-3E-4
1919.578	-2E-4
1919.819	-2E-4
1920.06	-2E-4
1920.301	-2E-4
1920.542	-2E-4
1920.783	-2E-4
1921.024	-2E-4
1921.266	-2E-4
1921.506	-2E-4
1921.748	-2E-4
1921.989	-2E-4
1922.23	-3E-4
1922.471	-4E-4
1922.712	-4E-4
1922.953	-4E-4
1923.194	-4E-4
1923.435	-3E-4
1923.676	-3E-4
1923.917	-3E-4
1924.158	-4E-4
1924.399	-4E-4
1924.64	-4E-4
1924.881	-4E-4
1925.122	-4E-4
1925.364	-4E-4
1925.605	-4E-4
1925.846	-3E-4
1926.087	-3E-4
1926.328	-3E-4
1926.569	-3E-4
1926.81	-3E-4
1927.051	-4E-4
1927.292	-5E-4
1927.533	-5E-4
1927.774	-5E-4
1928.015	-4E-4
1928.256	-4E-4
1928.497	-4E-4
1928.738	-4E-4
1928.979	-4E-4
1929.22	-4E-4
1929.462	-4E-4
1929.703	-4E-4
1929.944	-5E-4
1930.185	-5E-4
1930.426	-5E-4
1930.667	-4E-4
1930.908	-4E-4
1931.149	-4E-4
1931.39	-5E-4
1931.631	-5E-4
1931.872	-5E-4
1932.113	-5E-4
1932.354	-5E-4
1932.595	-4E-4
1932.836	-4E-4
1933.078	-3E-4
1933.319	-4E-4
1933.56	-4E-4
1933.801	-4E-4
1934.042	-4E-4
1934.283	-4E-4
1934.524	-4E-4
1934.765	-4E-4
1935.006	-4E-4
1935.247	-4E-4
1935.488	-4E-4
1935.729	-4E-4
1935.97	-3E-4
1936.211	-3E-4
1936.452	-3E-4
1936.693	-3E-4
1936.934	-4E-4
1937.176	-4E-4
1937.417	-4E-4
1937.658	-4E-4
1937.899	-4E-4
1938.14	-5E-4
1938.381	-5E-4
1938.622	-5E-4
1938.863	-5E-4
1939.104	-5E-4
1939.345	-5E-4
1939.586	-4E-4
1939.827	-4E-4
1940.068	-4E-4
1940.309	-4E-4
1940.55	-4E-4
1940.792	-4E-4
1941.033	-4E-4
1941.274	-4E-4
1941.515	-4E-4
1941.756	-4E-4
1941.997	-4E-4
1942.238	-4E-4
1942.479	-4E-4
1942.72	-4E-4
1942.961	-4E-4
1943.202	-5E-4
1943.443	-5E-4
1943.684	-4E-4
1943.925	-4E-4
1944.166	-4E-4
1944.407	-4E-4
1944.648	-4E-4
1944.89	-4E-4
1945.131	-5E-4
1945.372	-5E-4
1945.613	-4E-4
1945.854	-4E-4
1946.095	-5E-4
1946.336	-4E-4
1946.577	-4E-4
1946.818	-4E-4
1947.059	-4E-4
1947.3	-4E-4
1947.541	-4E-4
1947.782	-4E-4
1948.023	-5E-4
1948.264	-4E-4
1948.505	-3E-4
1948.747	-3E-4
1948.988	-3E-4
1949.229	-3E-4
1949.47	-3E-4
1949.711	-4E-4
1949.952	-4E-4
1950.193	-5E-4
1950.434	-5E-4
1950.675	-4E-4
1950.916	-4E-4
1951.157	-4E-4
1951.398	-4E-4
1951.639	-3E-4
1951.88	-3E-4
1952.121	-3E-4
1952.362	-3E-4
1952.604	-3E-4
1952.845	-4E-4
1953.086	-4E-4
1953.327	-4E-4
1953.568	-4E-4
1953.809	-4E-4
1954.05	-5E-4
1954.291	-4E-4
1954.532	-3E-4
1954.773	-3E-4
1955.014	-4E-4
1955.255	-4E-4
1955.496	-4E-4
1955.737	-4E-4
1955.978	-3E-4
1956.219	-3E-4
1956.461	-3E-4
1956.702	-3E-4
1956.943	-4E-4
1957.184	-3E-4
1957.425	-3E-4
1957.666	-3E-4
1957.907	-3E-4
1958.148	-4E-4
1958.389	-3E-4
1958.63	-3E-4
1958.871	-4E-4
1959.112	-4E-4
1959.353	-3E-4
1959.594	-3E-4
1959.835	-3E-4
1960.076	-3E-4
1960.318	-3E-4
1960.559	-3E-4
1960.8	-3E-4
1961.041	-2E-4
1961.282	-2E-4
1961.523	-2E-4
1961.764	-3E-4
1962.005	-3E-4
1962.246	-2E-4
1962.487	-2E-4
1962.728	-2E-4
1962.969	-3E-4
1963.21	-2E-4
1963.451	-2E-4
1963.692	-2E-4
1963.933	-2E-4
1964.175	-2E-4
1964.416	-2E-4
1964.657	-2E-4
1964.898	-2E-4
1965.139	-2E-4
1965.38	-2E-4
1965.621	-2E-4
1965.862	-2E-4
1966.103	-3E-4
1966.344	-2E-4
1966.585	-2E-4
1966.826	-2E-4
1967.067	-2E-4
1967.308	-2E-4
1967.549	-2E-4
1967.79	-3E-4
1968.031	-3E-4
1968.273	-3E-4
1968.514	-2E-4
1968.755	-2E-4
1968.996	-2E-4
1969.237	-2E-4
1969.478	-2E-4
1969.719	-2E-4
1969.96	-2E-4
1970.201	-1E-4
1970.442	-1E-4
1970.683	0
1970.924	0
1971.165	0
1971.406	0
1971.647	-1E-4
1971.889	-1E-4
1972.13	0
1972.371	0
1972.612	0
1972.853	0
1973.094	0
1973.335	0
1973.576	0
1973.817	-1E-4
1974.058	-1E-4
1974.299	-1E-4
1974.54	0
1974.781	0
1975.022	0
1975.263	0
1975.504	0
1975.745	0
1975.987	0
1976.228	0
1976.469	0
1976.71	0
1976.951	0
1977.192	0
1977.433	1E-4
1977.674	1E-4
1977.915	2E-4
1978.156	2E-4
1978.397	2E-4
1978.638	2E-4
1978.879	1E-4
1979.12	2E-4
1979.361	2E-4
1979.603	1E-4
1979.844	2E-4
1980.085	2E-4
1980.326	3E-4
1980.567	2E-4
1980.808	2E-4
1981.049	2E-4
1981.29	2E-4
1981.531	2E-4
1981.772	3E-4
1982.013	3E-4
1982.254	3E-4
1982.495	2E-4
1982.736	2E-4
1982.977	3E-4
1983.218	3E-4
1983.459	3E-4
1983.701	3E-4
1983.942	3E-4
1984.183	3E-4
1984.424	2E-4
1984.665	2E-4
1984.906	3E-4
1985.147	4E-4
1985.388	4E-4
1985.629	4E-4
1985.87	4E-4
1986.111	3E-4
1986.352	3E-4
1986.593	2E-4
1986.834	3E-4
1987.075	4E-4
1987.317	4E-4
1987.557	4E-4
1987.799	4E-4
1988.04	5E-4
1988.281	5E-4
1988.522	5E-4
1988.763	5E-4
1989.004	5E-4
1989.245	5E-4
1989.486	4E-4
1989.727	4E-4
1989.968	4E-4
1990.209	4E-4
1990.45	5E-4
1990.691	5E-4
1990.932	6E-4
1991.173	6E-4
1991.415	6E-4
1991.656	6E-4
1991.897	6E-4
1992.138	7E-4
1992.379	7E-4
1992.62	6E-4
1992.861	6E-4
1993.102	6E-4
1993.343	6E-4
1993.584	6E-4
1993.825	7E-4
1994.066	7E-4
1994.307	7E-4
1994.548	7E-4
1994.789	7E-4
1995.031	7E-4
1995.271	7E-4
1995.513	7E-4
1995.754	7E-4
1995.995	8E-4
1996.236	7E-4
1996.477	7E-4
1996.718	8E-4
1996.959	8E-4
1997.2	8E-4
1997.441	8E-4
1997.682	8E-4
1997.923	9E-4
1998.164	9E-4
1998.405	9E-4
1998.646	1E-3
1998.887	1E-3
1999.129	1E-3
1999.37	1E-3
1999.611	9E-4
1999.852	1E-3
2000.093	1E-3
2000.334	1E-3
2000.575	1E-3
2000.816	1E-3
2001.057	9E-4
2001.298	9E-4
2001.539	1E-3
2001.78	0.0011
2002.021	0.0012
2002.262	0.0012
2002.503	0.0012
2002.745	0.0012
2002.985	0.0012
2003.227	0.0012
2003.468	0.0012
2003.709	0.0012
2003.95	0.0012
2004.191	0.0012
2004.432	0.0011
2004.673	0.0012
2004.914	0.0012
2005.155	0.0012
2005.396	0.0012
2005.637	0.0013
2005.878	0.0013
2006.119	0.0013
2006.36	0.0013
2006.601	0.0013
2006.843	0.0014
2007.084	0.0014
2007.325	0.0014
2007.566	0.0014
2007.807	0.0015
2008.048	0.0014
2008.289	0.0014
2008.53	0.0015
2008.771	0.0015
2009.012	0.0015
2009.253	0.0014
2009.494	0.0014
2009.735	0.0014
2009.976	0.0015
2010.217	0.0015
2010.458	0.0015
2010.699	0.0015
2010.941	0.0016
2011.182	0.0016
2011.423	0.0016
2011.664	0.0017
2011.905	0.0017
2012.146	0.0017
2012.387	0.0016
2012.628	0.0016
2012.869	0.0016
2013.11	0.0016
2013.351	0.0017
2013.592	0.0017
2013.833	0.0018
2014.074	0.0017
2014.315	0.0017
2014.557	0.0018
2014.798	0.0018
2015.039	0.0018
2015.28	0.0017
2015.521	0.0018
2015.762	0.0018
2016.003	0.0019
2016.244	0.0019
2016.485	0.002
2016.726	0.002
2016.967	0.002
2017.208	0.002
2017.449	0.002
2017.69	0.0021
2017.931	0.0021
2018.172	0.002
2018.413	0.002
2018.655	0.002
2018.896	0.002
2019.137	0.002
2019.378	0.0021
2019.619	0.0022
2019.86	0.0022
2020.101	0.0022
2020.342	0.0022
2020.583	0.0022
2020.824	0.0022
2021.065	0.0022
2021.306	0.0022
2021.547	0.0022
2021.788	0.0023
2022.029	0.0022
2022.271	0.0022
2022.512	0.0022
2022.753	0.0022
2022.994	0.0022
2023.235	0.0023
2023.476	0.0024
2023.717	0.0025
2023.958	0.0024
2024.199	0.0024
2024.44	0.0024
2024.681	0.0024
2024.922	0.0024
2025.163	0.0024
2025.404	0.0025
2025.645	0.0025
2025.886	0.0025
2026.127	0.0025
2026.369	0.0025
2026.61	0.0026
2026.851	0.0026
2027.092	0.0026
2027.333	0.0026
2027.574	0.0027
2027.815	0.0026
2028.056	0.0026
2028.297	0.0026
2028.538	0.0026
2028.779	0.0026
2029.02	0.0027
2029.261	0.0027
2029.502	0.0028
2029.743	0.0028
2029.984	0.0028
2030.226	0.0027
2030.467	0.0028
2030.708	0.0028
2030.949	0.0028
2031.19	0.0028
2031.431	0.0029
2031.672	0.003
2031.913	0.003
2032.154	0.003
2032.395	0.0031
2032.636	0.0031
2032.877	0.003
2033.118	0.003
2033.359	0.0031
2033.6	0.0031
2033.841	0.0031
2034.083	0.0031
2034.324	0.0031
2034.565	0.0031
2034.806	0.0031
2035.047	0.0031
2035.288	0.0032
2035.529	0.0033
2035.77	0.0033
2036.011	0.0033
2036.252	0.0033
2036.493	0.0034
2036.734	0.0033
2036.975	0.0033
2037.216	0.0033
2037.457	0.0034
2037.698	0.0034
2037.94	0.0034
2038.181	0.0034
2038.422	0.0035
2038.663	0.0034
2038.904	0.0034
2039.145	0.0034
2039.386	0.0035
2039.627	0.0035
2039.868	0.0035
2040.109	0.0035
2040.35	0.0036
2040.591	0.0037
2040.832	0.0037
2041.073	0.0037
2041.314	0.0038
2041.555	0.0038
2041.797	0.0037
2042.038	0.0037
2042.279	0.0038
2042.52	0.0038
2042.761	0.0038
2043.002	0.0038
2043.243	0.0038
2043.484	0.0038
2043.725	0.0038
2043.966	0.0038
2044.207	0.0039
2044.448	0.0039
2044.689	0.0039
2044.93	0.0039
2045.171	0.004
2045.412	0.004
2045.654	0.0041
2045.895	0.004
2046.136	0.0041
2046.377	0.0041
2046.618	0.0041
2046.859	0.0042
2047.1	0.0042
2047.341	0.0041
2047.582	0.0041
2047.823	0.0041
2048.064	0.0042
2048.305	0.0043
2048.546	0.0043
2048.787	0.0043
2049.028	0.0044
2049.27	0.0044
2049.51	0.0043
2049.751	0.0042
2049.993	0.0042
2050.234	0.0043
2050.475	0.0043
2050.716	0.0043
2050.957	0.0044
2051.198	0.0044
2051.439	0.0045
2051.68	0.0045
2051.921	0.0045
2052.162	0.0046
2052.403	0.0046
2052.644	0.0046
2052.885	0.0046
2053.126	0.0046
2053.367	0.0047
2053.609	0.0046
2053.85	0.0046
2054.091	0.0047
2054.332	0.0048
2054.573	0.0048
2054.814	0.0048
2055.055	0.0048
2055.296	0.0049
2055.537	0.0049
2055.778	0.0049
2056.019	0.0049
2056.26	0.005
2056.501	0.0049
2056.742	0.0049
2056.983	0.005
2057.225	0.0051
2057.466	0.0051
2057.707	0.0051
2057.948	0.0051
2058.189	0.0051
2058.43	0.0051
2058.671	0.0051
2058.912	0.0052
2059.153	0.0053
2059.394	0.0053
2059.635	0.0052
2059.876	0.0052
2060.117	0.0052
2060.358	0.0052
2060.599	0.0052
2060.84	0.0053
2061.082	0.0054
2061.323	0.0055
2061.564	0.0054
2061.805	0.0054
2062.046	0.0054
2062.287	0.0054
2062.528	0.0054
2062.769	0.0054
2063.01	0.0055
2063.251	0.0056
2063.492	0.0056
2063.733	0.0056
2063.974	0.0056
2064.215	0.0057
2064.456	0.0056
2064.698	0.0057
2064.938	0.0057
2065.179	0.0058
2065.421	0.0058
2065.662	0.0058
2065.903	0.0058
2066.144	0.0058
2066.385	0.0058
2066.626	0.0058
2066.867	0.0059
2067.108	0.0059
2067.349	0.0059
2067.59	0.0059
2067.831	0.0059
2068.072	0.006
2068.313	0.006
2068.554	0.006
2068.795	0.0061
2069.037	0.0062
2069.278	0.0061
2069.519	0.0061
2069.76	0.006
2070.001	0.0061
2070.242	0.0061
2070.483	0.0062
2070.724	0.0063
2070.965	0.0063
2071.206	0.0064
2071.447	0.0063
2071.688	0.0063
2071.929	0.0064
2072.17	0.0063
2072.411	0.0062
2072.653	0.0063
2072.894	0.0064
2073.135	0.0065
2073.376	0.0065
2073.617	0.0064
2073.858	0.0065
2074.099	0.0065
2074.34	0.0066
2074.581	0.0066
2074.822	0.0067
2075.063	0.0067
2075.304	0.0067
2075.545	0.0067
2075.786	0.0067
2076.027	0.0068
2076.268	0.0068
2076.51	0.0068
2076.75	0.0068
2076.992	0.0068
2077.233	0.0068
2077.474	0.0068
2077.715	0.0069
2077.956	0.007
2078.197	0.007
2078.438	0.0069
2078.679	0.0069
2078.92	0.007
2079.161	0.007
2079.402	0.007
2079.643	0.007
2079.884	0.0071
2080.125	0.0071
2080.366	0.0071
2080.607	0.0072
2080.849	0.0072
2081.09	0.0073
2081.331	0.0072
2081.572	0.0073
2081.813	0.0073
2082.054	0.0073
2082.295	0.0072
2082.536	0.0073
2082.777	0.0074
2083.018	0.0075
2083.259	0.0074
2083.5	0.0074
2083.741	0.0074
2083.982	0.0074
2084.223	0.0074
2084.465	0.0075
2084.706	0.0076
2084.947	0.0076
2085.188	0.0076
2085.429	0.0076
2085.67	0.0077
2085.911	0.0078
2086.152	0.0078
2086.393	0.0078
2086.634	0.0078
2086.875	0.0079
2087.116	0.0079
2087.357	0.0078
2087.598	0.0079
2087.839	0.0079
2088.081	0.0079
2088.322	0.008
2088.563	0.008
2088.804	0.008
2089.045	0.008
2089.286	0.008
2089.527	0.008
2089.768	0.0081
2090.009	0.0081
2090.25	0.0081
2090.491	0.0081
2090.732	0.0083
2090.973	0.0083
2091.214	0.0083
2091.455	0.0083
2091.696	0.0083
2091.938	0.0083
2092.178	0.0083
2092.42	0.0084
2092.661	0.0084
2092.902	0.0084
2093.143	0.0084
2093.384	0.0084
2093.625	0.0085
2093.866	0.0085
2094.107	0.0085
2094.348	0.0086
2094.589	0.0087
2094.83	0.0087
2095.071	0.0087
2095.312	0.0087
2095.553	0.0087
2095.794	0.0088
2096.035	0.0088
2096.277	0.0089
2096.518	0.0089
2096.759	0.009
2097	0.0089
2097.241	0.0089
2097.482	0.0089
2097.723	0.009
2097.964	0.009
2098.205	0.009
2098.446	0.0091
2098.687	0.0091
2098.928	0.0092
2099.169	0.0092
2099.41	0.0092
2099.651	0.0093
2099.893	0.0093
2100.134	0.0093
2100.375	0.0093
2100.616	0.0093
2100.857	0.0093
2101.098	0.0093
2101.339	0.0093
2101.58	0.0093
2101.821	0.0094
2102.062	0.0094
2102.303	0.0094
2102.544	0.0095
2102.785	0.0096
2103.026	0.0096
2103.267	0.0096
2103.509	0.0097
2103.75	0.0097
2103.99	0.0097
2104.232	0.0098
2104.473	0.0098
2104.714	0.0099
2104.955	0.0099
2105.196	0.0099
2105.437	0.0099
2105.678	0.01
2105.919	0.01
2106.16	0.0099
2106.401	0.0099
2106.642	0.01
2106.883	0.01
2107.124	0.0101
2107.365	0.0101
2107.606	0.0102
2107.848	0.0101
2108.089	0.0101
2108.33	0.0102
2108.571	0.0104
2108.812	0.0104
2109.053	0.0104
2109.294	0.0104
2109.535	0.0104
2109.776	0.0104
2110.017	0.0104
2110.258	0.0104
2110.499	0.0104
2110.74	0.0104
2110.981	0.0104
2111.222	0.0104
2111.463	0.0106
2111.705	0.0107
2111.946	0.0107
2112.187	0.0106
2112.428	0.0107
2112.669	0.0107
2112.91	0.0107
2113.151	0.0108
2113.392	0.0109
2113.633	0.0109
2113.874	0.0108
2114.115	0.0108
2114.356	0.0109
2114.597	0.011
2114.838	0.011
2115.079	0.011
2115.321	0.011
2115.562	0.0111
2115.803	0.011
2116.044	0.011
2116.285	0.0111
2116.526	0.0112
2116.767	0.0111
2117.008	0.0111
2117.249	0.0111
2117.49	0.0112
2117.731	0.0113
2117.972	0.0113
2118.213	0.0114
2118.454	0.0114
2118.695	0.0114
2118.937	0.0115
2119.177	0.0115
2119.418	0.0116
2119.66	0.0115
2119.901	0.0115
2120.142	0.0115
2120.383	0.0116
2120.624	0.0117
2120.865	0.0116
2121.106	0.0117
2121.347	0.0118
2121.588	0.0118
2121.829	0.0118
2122.07	0.0118
2122.311	0.0119
2122.552	0.0119
2122.793	0.0119
2123.034	0.0119
2123.276	0.0119
2123.517	0.012
2123.758	0.012
2123.999	0.012
2124.24	0.0121
2124.481	0.0121
2124.722	0.0121
2124.963	0.0121
2125.204	0.0122
2125.445	0.0122
2125.686	0.0122
2125.927	0.0122
2126.168	0.0122
2126.409	0.0122
2126.65	0.0122
2126.891	0.0122
2127.133	0.0123
2127.374	0.0124
2127.615	0.0124
2127.856	0.0124
2128.097	0.0125
2128.338	0.0125
2128.579	0.0125
2128.82	0.0125
2129.061	0.0126
2129.302	0.0127
2129.543	0.0127
2129.784	0.0127
2130.025	0.0127
2130.266	0.0128
2130.507	0.0128
2130.749	0.0128
2130.99	0.0129
2131.23	0.013
2131.472	0.013
2131.713	0.0129
2131.954	0.0129
2132.195	0.0129
2132.436	0.0129
2132.677	0.013
2132.918	0.013
2133.159	0.0131
2133.4	0.0131
2133.641	0.0131
2133.882	0.0131
2134.123	0.0131
2134.365	0.0131
2134.605	0.0131
2134.846	0.0132
2135.088	0.0133
2135.329	0.0134
2135.57	0.0134
2135.811	0.0134
2136.052	0.0135
2136.293	0.0135
2136.534	0.0135
2136.775	0.0134
2137.016	0.0134
2137.257	0.0135
2137.498	0.0134
2137.739	0.0133
2137.98	0.0133
2138.221	0.0133
2138.462	0.0133
2138.704	0.0133
2138.945	0.0133
2139.186	0.0135
2139.427	0.0135
2139.668	0.0134
2139.909	0.0134
2140.15	0.0134
2140.391	0.0134
2140.632	0.0134
2140.873	0.0134
2141.114	0.0136
2141.355	0.0137
2141.596	0.0137
2141.837	0.0136
2142.078	0.0136
2142.319	0.0136
2142.561	0.0136
2142.802	0.0137
2143.043	0.0139
2143.284	0.014
2143.525	0.014
2143.766	0.014
2144.007	0.0141
2144.248	0.0142
2144.489	0.0142
2144.73	0.0142
2144.971	0.0142
2145.212	0.0143
2145.453	0.0143
2145.694	0.0144
2145.935	0.0145
2146.177	0.0145
2146.417	0.0145
2146.659	0.0145
2146.9	0.0146
2147.141	0.0146
2147.382	0.0146
2147.623	0.0146
2147.864	0.0147
2148.105	0.0148
2148.346	0.0149
2148.587	0.0149
2148.828	0.015
2149.069	0.0151
2149.31	0.0151
2149.551	0.0151
2149.792	0.0152
2150.033	0.0154
2150.274	0.0154
2150.516	0.0154
2150.757	0.0154
2150.998	0.0155
2151.239	0.0155
2151.48	0.0155
2151.721	0.0155
2151.962	0.0156
2152.203	0.0157
2152.444	0.0156
2152.685	0.0156
2152.926	0.0157
2153.167	0.0157
2153.408	0.0157
2153.649	0.0157
2153.89	0.0157
2154.132	0.0157
2154.373	0.0158
2154.614	0.0158
2154.855	0.0159
2155.096	0.0159
2155.337	0.0159
2155.578	0.0159
2155.819	0.0159
2156.06	0.0159
2156.301	0.0159
2156.542	0.0159
2156.783	0.016
2157.024	0.0161
2157.265	0.0162
2157.506	0.0162
2157.747	0.0162
2157.989	0.0162
2158.229	0.0162
2158.471	0.0162
2158.712	0.0162
2158.953	0.0162
2159.194	0.0162
2159.435	0.0161
2159.676	0.0162
2159.917	0.0163
2160.158	0.0163
2160.399	0.0163
2160.64	0.0164
2160.881	0.0164
2161.122	0.0163
2161.363	0.0163
2161.604	0.0163
2161.845	0.0164
2162.086	0.0165
2162.328	0.0165
2162.569	0.0165
2162.81	0.0165
2163.051	0.0166
2163.292	0.0165
2163.533	0.0165
2163.774	0.0165
2164.015	0.0165
2164.256	0.0165
2164.497	0.0165
2164.738	0.0166
2164.979	0.0167
2165.22	0.0167
2165.461	0.0167
2165.702	0.0167
2165.944	0.0167
2166.185	0.0166
2166.426	0.0166
2166.667	0.0167
2166.908	0.0168
2167.149	0.0168
2167.39	0.0168
2167.631	0.0169
2167.872	0.0169
2168.113	0.0168
2168.354	0.0168
2168.595	0.0168
2168.836	0.0169
2169.077	0.0169
2169.318	0.0169
2169.56	0.0169
2169.801	0.0169
2170.042	0.017
2170.283	0.017
2170.524	0.017
2170.765	0.0171
2171.006	0.017
2171.247	0.017
2171.488	0.0169
2171.729	0.017
2171.97	0.017
2172.211	0.017
2172.452	0.017
2172.693	0.0171
2172.934	0.0172
2173.175	0.0172
2173.417	0.0172
2173.657	0.0173
2173.899	0.0173
2174.14	0.0172
2174.381	0.0172
2174.622	0.0173
2174.863	0.0173
2175.104	0.0173
2175.345	0.0173
2175.586	0.0174
2175.827	0.0175
2176.068	0.0175
2176.309	0.0174
2176.55	0.0174
2176.791	0.0175
2177.032	0.0175
2177.273	0.0175
2177.515	0.0175
2177.756	0.0176
2177.997	0.0176
2178.238	0.0176
2178.479	0.0178
2178.72	0.0178
2178.961	0.0178
2179.202	0.0177
2179.443	0.0176
2179.684	0.0177
2179.925	0.0177
2180.166	0.0176
2180.407	0.0176
2180.648	0.0176
2180.889	0.0176
2181.13	0.0176
2181.372	0.0176
2181.613	0.0177
2181.854	0.0178
2182.095	0.0178
2182.336	0.0177
2182.577	0.0178
2182.818	0.0178
2183.059	0.0178
2183.3	0.0178
2183.541	0.0179
2183.782	0.018
2184.023	0.0179
2184.264	0.0179
2184.505	0.018
2184.746	0.018
2184.988	0.018
2185.229	0.0179
2185.469	0.018
2185.711	0.018
2185.952	0.018
2186.193	0.0179
2186.434	0.0179
2186.675	0.018
2186.916	0.018
2187.157	0.018
2187.398	0.018
2187.639	0.0181
2187.88	0.018
2188.121	0.018
2188.362	0.0181
2188.603	0.0181
2188.844	0.0181
2189.085	0.0181
2189.327	0.0181
2189.568	0.0182
2189.809	0.0181
2190.05	0.018
2190.291	0.018
2190.532	0.0181
2190.773	0.0182
2191.014	0.0181
2191.255	0.0181
2191.496	0.0182
2191.737	0.0182
2191.978	0.0182
2192.219	0.0182
2192.46	0.0183
2192.701	0.0183
2192.942	0.0183
2193.184	0.0182
2193.425	0.0183
2193.666	0.0183
2193.907	0.0183
2194.148	0.0182
2194.389	0.0182
2194.63	0.0183
2194.871	0.0183
2195.112	0.0183
2195.353	0.0183
2195.594	0.0183
2195.835	0.0182
2196.076	0.0182
2196.317	0.0183
2196.558	0.0184
2196.8	0.0184
2197.041	0.0184
2197.282	0.0184
2197.523	0.0184
2197.764	0.0183
2198.005	0.0183
2198.246	0.0183
2198.487	0.0183
2198.728	0.0183
2198.969	0.0182
2199.21	0.0183
2199.451	0.0183
2199.692	0.0183
2199.933	0.0183
2200.174	0.0183
2200.416	0.0183
2200.656	0.0183
2200.897	0.0183
2201.139	0.0183
2201.38	0.0184
2201.621	0.0184
2201.862	0.0184
2202.103	0.0183
2202.344	0.0183
2202.585	0.0183
2202.826	0.0183
2203.067	0.0182
2203.308	0.0183
2203.549	0.0183
2203.79	0.0182
2204.031	0.0182
2204.272	0.0182
2204.513	0.0183
2204.755	0.0182
2204.996	0.0182
2205.237	0.0183
2205.478	0.0183
2205.719	0.0183
2205.96	0.0182
2206.201	0.0182
2206.442	0.0182
2206.683	0.0182
2206.924	0.0182
2207.165	0.0182
2207.406	0.0183
2207.647	0.0183
2207.888	0.0183
2208.129	0.0183
2208.371	0.0183
2208.612	0.0183
2208.853	0.0183
2209.094	0.0183
2209.335	0.0184
2209.576	0.0184
2209.817	0.0184
2210.058	0.0183
2210.299	0.0184
2210.54	0.0183
2210.781	0.0183
2211.022	0.0182
2211.263	0.0183
2211.504	0.0183
2211.745	0.0182
2211.986	0.0182
2212.228	0.0182
2212.469	0.0182
2212.71	0.0181
2212.951	0.0181
2213.192	0.0182
2213.433	0.0183
2213.674	0.0182
2213.915	0.0182
2214.156	0.0182
2214.397	0.0182
2214.638	0.0181
2214.879	0.0181
2215.12	0.0181
2215.361	0.0181
2215.602	0.0181
2215.844	0.0181
2216.084	0.0181
2216.325	0.0182
2216.567	0.0181
2216.808	0.0181
2217.049	0.0181
2217.29	0.0182
2217.531	0.0182
2217.772	0.0181
2218.013	0.018
2218.254	0.0181
2218.495	0.018
2218.736	0.018
2218.977	0.0179
2219.218	0.018
2219.459	0.018
2219.7	0.0179
2219.941	0.0179
2220.183	0.018
2220.424	0.018
2220.665	0.018
2220.906	0.0179
2221.147	0.018
2221.388	0.018
2221.629	0.0179
2221.87	0.0178
2222.111	0.0179
2222.352	0.0179
2222.593	0.0179
2222.834	0.0179
2223.075	0.0179
2223.316	0.0179
2223.557	0.0178
2223.798	0.0177
2224.04	0.0177
2224.281	0.0177
2224.522	0.0177
2224.763	0.0177
2225.004	0.0178
2225.245	0.0179
2225.486	0.0178
2225.727	0.0178
2225.968	0.0178
2226.209	0.0179
2226.45	0.0178
2226.691	0.0177
2226.932	0.0176
2227.173	0.0177
2227.414	0.0177
2227.656	0.0177
2227.896	0.0177
2228.138	0.0177
2228.379	0.0177
2228.62	0.0176
2228.861	0.0176
2229.102	0.0176
2229.343	0.0176
2229.584	0.0175
2229.825	0.0175
2230.066	0.0176
2230.307	0.0176
2230.548	0.0175
2230.789	0.0174
2231.03	0.0175
2231.271	0.0176
2231.512	0.0175
2231.753	0.0174
2231.995	0.0174
2232.236	0.0174
2232.477	0.0173
2232.718	0.0173
2232.959	0.0174
2233.2	0.0174
2233.441	0.0173
2233.682	0.0172
2233.923	0.0173
2234.164	0.0173
2234.405	0.0173
2234.646	0.0172
2234.887	0.0172
2235.128	0.0173
2235.369	0.0172
2235.611	0.0172
2235.852	0.0172
2236.093	0.0173
2236.334	0.0173
2236.575	0.0172
2236.816	0.0172
2237.057	0.0172
2237.298	0.0172
2237.539	0.0172
2237.78	0.0172
2238.021	0.0172
2238.262	0.0172
2238.503	0.017
2238.744	0.017
2238.985	0.017
2239.227	0.0171
2239.468	0.017
2239.708	0.017
2239.95	0.017
2240.191	0.017
2240.432	0.0168
2240.673	0.0168
2240.914	0.0168
2241.155	0.0169
2241.396	0.0169
2241.637	0.0169
2241.878	0.0169
2242.119	0.017
2242.36	0.0169
2242.601	0.0169
2242.842	0.0169
2243.083	0.0169
2243.324	0.0169
2243.566	0.0168
2243.807	0.0168
2244.048	0.0169
2244.289	0.0169
2244.53	0.0168
2244.771	0.0168
2245.012	0.0168
2245.253	0.0168
2245.494	0.0167
2245.735	0.0167
2245.976	0.0166
2246.217	0.0166
2246.458	0.0165
2246.699	0.0165
2246.94	0.0166
2247.181	0.0166
2247.423	0.0165
2247.664	0.0165
2247.905	0.0165
2248.146	0.0165
2248.387	0.0165
2248.628	0.0165
2248.869	0.0165
2249.11	0.0165
2249.351	0.0164
2249.592	0.0164
2249.833	0.0164
2250.074	0.0164
2250.315	0.0164
2250.556	0.0163
2250.797	0.0163
2251.039	0.0163
2251.28	0.0163
2251.521	0.0162
2251.762	0.0162
2252.003	0.0162
2252.244	0.0161
2252.485	0.016
2252.726	0.016
2252.967	0.0161
2253.208	0.0161
2253.449	0.0161
2253.69	0.0161
2253.931	0.0161
2254.172	0.0161
2254.413	0.016
2254.654	0.0161
2254.896	0.0161
2255.136	0.0161
2255.378	0.0159
2255.619	0.0159
2255.86	0.0159
2256.101	0.0159
2256.342	0.0159
2256.583	0.0159
2256.824	0.0159
2257.065	0.0159
2257.306	0.0158
2257.547	0.0158
2257.788	0.0159
2258.029	0.0159
2258.27	0.0158
2258.511	0.0158
2258.752	0.0158
2258.994	0.0158
2259.235	0.0158
2259.476	0.0158
2259.717	0.0158
2259.958	0.0158
2260.199	0.0157
2260.44	0.0156
2260.681	0.0156
2260.922	0.0155
2261.163	0.0154
2261.404	0.0154
2261.645	0.0155
2261.886	0.0156
2262.127	0.0156
2262.368	0.0156
2262.609	0.0157
2262.851	0.0157
2263.092	0.0156
2263.333	0.0155
2263.574	0.0155
2263.815	0.0156
2264.056	0.0155
2264.297	0.0154
2264.538	0.0154
2264.779	0.0154
2265.02	0.0154
2265.261	0.0154
2265.502	0.0154
2265.743	0.0154
2265.984	0.0154
2266.225	0.0153
2266.467	0.0152
2266.708	0.0153
2266.948	0.0153
2267.19	0.0153
2267.431	0.0152
2267.672	0.0152
2267.913	0.0152
2268.154	0.0151
2268.395	0.0151
2268.636	0.0151
2268.877	0.0151
2269.118	0.0151
2269.359	0.0151
2269.6	0.0151
2269.841	0.0151
2270.083	0.015
2270.323	0.0149
2270.564	0.0149
2270.806	0.015
2271.047	0.0149
2271.288	0.0149
2271.529	0.0149
2271.77	0.015
2272.011	0.015
2272.252	0.0149
2272.493	0.0149
2272.734	0.0149
2272.975	0.0148
2273.216	0.0148
2273.457	0.0149
2273.698	0.015
2273.939	0.0149
2274.18	0.0148
2274.422	0.0148
2274.663	0.0148
2274.904	0.0148
2275.145	0.0147
2275.386	0.0147
2275.627	0.0147
2275.868	0.0147
2276.109	0.0147
2276.35	0.0147
2276.591	0.0147
2276.832	0.0147
2277.073	0.0146
2277.314	0.0146
2277.555	0.0146
2277.796	0.0147
2278.037	0.0147
2278.279	0.0146
2278.52	0.0146
2278.761	0.0146
2279.002	0.0145
2279.243	0.0145
2279.484	0.0145
2279.725	0.0145
2279.966	0.0144
2280.207	0.0143
2280.448	0.0143
2280.689	0.0144
2280.93	0.0144
2281.171	0.0143
2281.412	0.0143
2281.653	0.0143
2281.895	0.0142
2282.135	0.0141
2282.376	0.0142
2282.618	0.0143
2282.859	0.0143
2283.1	0.0142
2283.341	0.0142
2283.582	0.0142
2283.823	0.0142
2284.064	0.0141
2284.305	0.0141
2284.546	0.0142
2284.787	0.0142
2285.028	0.0142
2285.269	0.0142
2285.51	0.0143
2285.751	0.0143
2285.992	0.0142
2286.234	0.0141
2286.475	0.0141
2286.716	0.0141
2286.957	0.014
2287.198	0.0139
2287.439	0.014
2287.68	0.0141
2287.921	0.014
2288.162	0.014
2288.403	0.014
2288.644	0.014
2288.885	0.0139
2289.126	0.0139
2289.367	0.0139
2289.608	0.0139
2289.85	0.0138
2290.091	0.0137
2290.332	0.0138
2290.573	0.0138
2290.814	0.0139
2291.055	0.0138
2291.296	0.0138
2291.537	0.0138
2291.778	0.0138
2292.019	0.0137
2292.26	0.0136
2292.501	0.0136
2292.742	0.0136
2292.983	0.0136
2293.224	0.0136
2293.465	0.0136
2293.707	0.0136
2293.948	0.0135
2294.189	0.0135
2294.43	0.0136
2294.671	0.0136
2294.912	0.0135
2295.153	0.0135
2295.394	0.0135
2295.635	0.0135
2295.876	0.0135
2296.117	0.0135
2296.358	0.0136
2296.599	0.0136
2296.84	0.0135
2297.081	0.0135
2297.323	0.0135
2297.563	0.0135
2297.804	0.0135
2298.046	0.0134
2298.287	0.0134
2298.528	0.0134
2298.769	0.0134
2299.01	0.0133
2299.251	0.0133
2299.492	0.0133
2299.733	0.0132
2299.974	0.0131
2300.215	0.0131
2300.456	0.0132
2300.697	0.0132
2300.938	0.0132
2301.179	0.0133
2301.42	0.0133
2301.662	0.0133
2301.903	0.0133
2302.144	0.0132
2302.385	0.0132
2302.626	0.0131
2302.867	0.013
2303.108	0.013
2303.349	0.0131
2303.59	0.0131
2303.831	0.0131
2304.072	0.013
2304.313	0.013
2304.554	0.013
2304.795	0.013
2305.036	0.0129
2305.278	0.013
2305.519	0.013
2305.76	0.013
2306.001	0.013
2306.242	0.013
2306.483	0.013
2306.724	0.0129
2306.965	0.0129
2307.206	0.0129
2307.447	0.0129
2307.688	0.0128
2307.929	0.0128
2308.17	0.0127
2308.411	0.0127
2308.652	0.0127
2308.893	0.0126
2309.135	0.0127
2309.375	0.0128
2309.617	0.0129
2309.858	0.0128
2310.099	0.0128
2310.34	0.0128
2310.581	0.0127
2310.822	0.0125
2311.063	0.0125
2311.304	0.0126
2311.545	0.0126
2311.786	0.0127
2312.027	0.0127
2312.268	0.0127
2312.509	0.0126
2312.75	0.0124
2312.991	0.0123
2313.232	0.0124
2313.474	0.0125
2313.715	0.0126
2313.956	0.0126
2314.197	0.0127
2314.438	0.0126
2314.679	0.0124
2314.92	0.0123
2315.161	0.0123
2315.402	0.0124
2315.643	0.0124
2315.884	0.0124
2316.125	0.0124
2316.366	0.0124
2316.607	0.0122
2316.848	0.0121
2317.09	0.0121
2317.331	0.0123
2317.572	0.0124
2317.813	0.0124
2318.054	0.0124
2318.295	0.0123
2318.536	0.0122
2318.777	0.0121
2319.018	0.0121
2319.259	0.0122
2319.5	0.0123
2319.741	0.0123
2319.982	0.0123
2320.223	0.0123
2320.464	0.0122
2320.706	0.012
2320.947	0.0118
2321.188	0.0119
2321.429	0.0121
2321.67	0.0122
2321.911	0.0122
2322.152	0.0122
2322.393	0.012
2322.634	0.0118
2322.875	0.0117
2323.116	0.0117
2323.357	0.0119
2323.598	0.0121
2323.839	0.0121
2324.08	0.0121
2324.321	0.012
2324.563	0.0117
2324.803	0.0116
2325.045	0.0117
2325.286	0.0119
2325.527	0.012
2325.768	0.012
2326.009	0.0119
2326.25	0.0117
2326.491	0.0115
2326.732	0.0113
2326.973	0.0115
2327.214	0.0117
2327.455	0.0119
2327.696	0.0119
2327.937	0.0118
2328.178	0.0116
2328.419	0.0114
2328.66	0.0112
2328.902	0.0114
2329.143	0.0117
2329.384	0.0119
2329.625	0.0118
2329.866	0.0116
2330.107	0.0115
2330.348	0.0113
2330.589	0.0113
2330.83	0.0116
2331.071	0.0118
2331.312	0.0119
2331.553	0.0117
2331.794	0.0115
2332.035	0.0113
2332.276	0.0112
2332.518	0.0113
2332.759	0.0115
2333	0.0117
2333.241	0.0117
2333.482	0.0115
2333.723	0.0112
2333.964	0.0111
2334.205	0.0113
2334.446	0.0115
2334.687	0.0117
2334.928	0.0118
2335.169	0.0116
2335.41	0.0113
2335.651	0.0111
2335.892	0.0111
2336.134	0.0113
2336.375	0.0116
2336.615	0.0117
2336.857	0.0117
2337.098	0.0115
2337.339	0.0113
2337.58	0.0112
2337.821	0.0115
2338.062	0.0119
2338.303	0.0122
2338.544	0.0122
2338.785	0.0121
2339.026	0.012
2339.267	0.012
2339.508	0.0122
2339.749	0.0126
2339.99	0.0129
2340.231	0.013
2340.473	0.0128
2340.714	0.0126
2340.955	0.0126
2341.196	0.0127
2341.437	0.0129
2341.678	0.013
2341.919	0.013
2342.16	0.0129
2342.401	0.0126
2342.642	0.0125
2342.883	0.0126
2343.124	0.0128
2343.365	0.0128
2343.606	0.0127
2343.847	0.0126
2344.088	0.0125
2344.33	0.0124
2344.571	0.0124
2344.812	0.0126
2345.053	0.0126
2345.294	0.0125
2345.535	0.0123
2345.776	0.0121
2346.017	0.0121
2346.258	0.0121
2346.499	0.0121
2346.74	0.0121
2346.981	0.0121
2347.222	0.012
2347.463	0.0118
2347.704	0.0118
2347.946	0.0119
2348.187	0.0119
2348.427	0.0119
2348.669	0.0118
2348.91	0.0118
2349.151	0.0118
2349.392	0.0117
2349.633	0.0117
2349.874	0.0116
2350.115	0.0116
2350.356	0.0116
2350.597	0.0115
2350.838	0.0114
2351.079	0.0113
2351.32	0.0112
2351.562	0.0111
2351.802	0.0112
2352.043	0.0112
2352.285	0.0111
2352.526	0.0109
2352.767	0.0108
2353.008	0.0109
2353.249	0.011
2353.49	0.011
2353.731	0.011
2353.972	0.0109
2354.213	0.0107
2354.454	0.0106
2354.695	0.0108
2354.936	0.011
2355.177	0.011
2355.418	0.0107
2355.659	0.0105
2355.901	0.0105
2356.142	0.0107
2356.383	0.0108
2356.624	0.0108
2356.865	0.0106
2357.106	0.0104
2357.347	0.0103
2357.588	0.0106
2357.829	0.0108
2358.07	0.0108
2358.311	0.0105
2358.552	0.0103
2358.793	0.0104
2359.034	0.0106
2359.275	0.0106
2359.516	0.0105
2359.758	0.0102
2359.999	0.0101
2360.24	0.0102
2360.481	0.0105
2360.722	0.0106
2360.963	0.0105
2361.204	0.0103
2361.445	0.0101
2361.686	0.0103
2361.927	0.0105
2362.168	0.0105
2362.409	0.0102
2362.65	0.01
2362.891	0.0102
2363.132	0.0104
2363.374	0.0105
2363.615	0.0104
2363.855	0.0102
2364.097	0.0102
2364.338	0.0103
2364.579	0.0106
2364.82	0.0106
2365.061	0.0103
2365.302	0.0101
2365.543	0.0102
2365.784	0.0103
2366.025	0.0104
2366.266	0.0102
2366.507	0.0101
2366.748	0.0103
2366.99	0.0105
2367.23	0.0105
2367.471	0.0103
2367.713	0.0102
2367.954	0.0103
2368.195	0.0104
2368.436	0.0104
2368.677	0.0103
2368.918	0.0102
2369.159	0.0102
2369.4	0.0104
2369.641	0.0105
2369.882	0.0104
2370.123	0.0103
2370.364	0.0103
2370.605	0.0104
2370.846	0.0105
2371.087	0.0104
2371.329	0.0103
2371.57	0.0104
2371.811	0.0105
2372.052	0.0104
2372.293	0.0104
2372.534	0.0104
2372.775	0.0106
2373.016	0.0106
2373.257	0.0105
2373.498	0.0105
2373.739	0.0105
2373.98	0.0106
2374.221	0.0105
2374.462	0.0104
2374.703	0.0104
2374.944	0.0105
2375.186	0.0106
2375.427	0.0106
2375.668	0.0106
2375.909	0.0106
2376.15	0.0105
2376.391	0.0105
2376.632	0.0104
2376.873	0.0104
2377.114	0.0104
2377.355	0.0104
2377.596	0.0105
2377.837	0.0105
2378.078	0.0105
2378.319	0.0104
2378.56	0.0105
2378.802	0.0105
2379.042	0.0105
2379.283	0.0105
2379.525	0.0105
2379.766	0.0106
2380.007	0.0106
2380.248	0.0106
2380.489	0.0106
2380.73	0.0105
2380.971	0.0105
2381.212	0.0104
2381.453	0.0104
2381.694	0.0105
2381.935	0.0105
2382.176	0.0106
2382.417	0.0106
2382.658	0.0106
2382.899	0.0105
2383.141	0.0104
2383.382	0.0104
2383.623	0.0104
2383.864	0.0104
2384.105	0.0104
2384.346	0.0104
2384.587	0.0105
2384.828	0.0105
2385.069	0.0104
2385.31	0.0104
2385.551	0.0105
2385.792	0.0105
2386.033	0.0105
2386.274	0.0104
2386.515	0.0104
2386.757	0.0103
2386.998	0.0103
2387.239	0.0102
2387.48	0.0102
2387.721	0.0102
2387.962	0.0101
2388.203	0.0101
2388.444	0.0103
2388.685	0.0104
2388.926	0.0104
2389.167	0.0103
2389.408	0.0102
2389.649	0.0102
2389.89	0.0102
2390.131	0.0103
2390.372	0.0103
2390.614	0.0103
2390.854	0.0103
2391.096	0.0103
2391.337	0.0104
2391.578	0.0104
2391.819	0.0103
2392.06	0.0102
2392.301	0.0102
2392.542	0.0103
2392.783	0.0103
2393.024	0.0102
2393.265	0.0102
2393.506	0.0103
2393.747	0.0103
2393.988	0.0103
2394.229	0.0103
2394.47	0.0104
2394.711	0.0104
2394.953	0.0104
2395.194	0.0104
2395.435	0.0103
2395.676	0.0103
2395.917	0.0102
2396.158	0.0102
2396.399	0.0102
2396.64	0.0102
2396.881	0.0101
2397.122	0.0101
2397.363	0.0101
2397.604	0.0101
2397.845	0.0101
2398.086	0.0101
2398.327	0.0102
2398.569	0.0102
2398.81	0.0102
2399.051	0.0101
2399.292	0.0101
2399.533	0.0101
2399.774	0.01
2400.015	0.0099
2400.256	0.01
2400.497	0.01
2400.738	0.0101
2400.979	0.0101
2401.22	0.0101
2401.461	0.0101
2401.702	0.01
2401.943	0.01
2402.185	0.01
2402.426	0.0101
2402.667	0.0101
2402.908	0.01
2403.149	0.01
2403.39	0.01
2403.631	0.0101
2403.872	0.0101
2404.113	0.01
2404.354	0.01
2404.595	0.01
2404.836	0.0099
2405.077	0.0099
2405.318	0.01
2405.559	0.0101
2405.8	0.0101
2406.042	0.01
2406.282	0.01
2406.524	0.0099
2406.765	0.0099
2407.006	0.0098
2407.247	0.0098
2407.488	0.0099
2407.729	0.0099
2407.97	0.0099
2408.211	0.0099
2408.452	0.01
2408.693	0.01
2408.934	0.01
2409.175	0.01
2409.416	0.0101
2409.657	0.0101
2409.898	0.0101
2410.139	0.01
2410.381	0.0099
2410.622	0.0098
2410.863	0.0097
2411.104	0.0097
2411.345	0.0098
2411.586	0.0098
2411.827	0.0097
2412.068	0.0097
2412.309	0.0098
2412.55	0.0098
2412.791	0.0097
2413.032	0.0097
2413.273	0.0097
2413.514	0.0097
2413.755	0.0097
2413.997	0.0097
2414.238	0.0097
2414.479	0.0098
2414.72	0.0098
2414.961	0.0098
2415.202	0.0098
2415.443	0.0098
2415.684	0.0097
2415.925	0.0096
2416.166	0.0097
2416.407	0.0097
2416.648	0.0098
2416.889	0.0098
2417.13	0.0098
2417.371	0.0098
2417.613	0.0097
2417.854	0.0097
2418.094	0.0096
2418.336	0.0096
2418.577	0.0096
2418.818	0.0095
2419.059	0.0095
2419.3	0.0096
2419.541	0.0096
2419.782	0.0096
2420.023	0.0097
2420.264	0.0097
2420.505	0.0097
2420.746	0.0096
2420.987	0.0096
2421.228	0.0097
2421.469	0.0097
2421.71	0.0097
2421.952	0.0097
2422.193	0.0097
2422.434	0.0096
2422.675	0.0095
2422.916	0.0094
2423.157	0.0095
2423.398	0.0096
2423.639	0.0096
2423.88	0.0096
2424.121	0.0096
2424.362	0.0096
2424.603	0.0096
2424.844	0.0095
2425.085	0.0095
2425.326	0.0095
2425.567	0.0095
2425.809	0.0094
2426.05	0.0094
2426.291	0.0095
2426.532	0.0095
2426.773	0.0094
2427.014	0.0095
2427.255	0.0095
2427.496	0.0095
2427.737	0.0095
2427.978	0.0095
2428.219	0.0095
2428.46	0.0095
2428.701	0.0095
2428.942	0.0095
2429.183	0.0095
2429.425	0.0095
2429.666	0.0095
2429.906	0.0095
2430.148	0.0095
2430.389	0.0095
2430.63	0.0095
2430.871	0.0095
2431.112	0.0095
2431.353	0.0095
2431.594	0.0094
2431.835	0.0094
2432.076	0.0094
2432.317	0.0094
2432.558	0.0093
2432.799	0.0093
2433.041	0.0093
2433.281	0.0094
2433.522	0.0094
2433.764	0.0094
2434.005	0.0095
2434.246	0.0095
2434.487	0.0095
2434.728	0.0094
2434.969	0.0094
2435.21	0.0094
2435.451	0.0094
2435.692	0.0094
2435.933	0.0094
2436.174	0.0094
2436.415	0.0094
2436.656	0.0093
2436.897	0.0093
2437.138	0.0094
2437.38	0.0094
2437.621	0.0094
2437.862	0.0094
2438.103	0.0094
2438.344	0.0094
2438.585	0.0092
2438.826	0.0092
2439.067	0.0092
2439.308	0.0093
2439.549	0.0092
2439.79	0.0092
2440.031	0.0092
2440.272	0.0093
2440.513	0.0092
2440.754	0.0092
2440.995	0.0092
2441.237	0.0092
2441.478	0.0092
2441.719	0.0092
2441.96	0.0092
2442.201	0.0092
2442.442	0.0092
2442.683	0.0091
2442.924	0.0092
2443.165	0.0093
2443.406	0.0093
2443.647	0.0093
2443.888	0.0093
2444.129	0.0093
2444.37	0.0092
2444.611	0.0091
2444.853	0.0091
2445.094	0.0091
2445.334	0.0091
2445.576	0.0091
2445.817	0.0091
2446.058	0.0092
2446.299	0.0092
2446.54	0.0092
2446.781	0.0092
2447.022	0.0092
2447.263	0.0092
2447.504	0.0092
2447.745	0.0091
2447.986	0.0091
2448.227	0.0091
2448.469	0.0091
2448.709	0.0091
2448.95	0.0091
2449.192	0.0091
2449.433	0.009
2449.674	0.009
2449.915	0.0091
2450.156	0.0091
2450.397	0.0091
2450.638	0.0091
2450.879	0.0091
2451.12	0.0091
2451.361	0.009
2451.602	0.009
2451.843	0.009
2452.084	0.009
2452.325	0.009
2452.566	0.009
2452.808	0.0089
2453.049	0.0089
2453.29	0.0088
2453.531	0.0088
2453.772	0.0088
2454.013	0.0089
2454.254	0.0089
2454.495	0.0088
2454.736	0.0088
2454.977	0.0089
2455.218	0.009
2455.459	0.009
2455.7	0.009
2455.941	0.009
2456.182	0.009
2456.423	0.009
2456.665	0.009
2456.906	0.009
2457.147	0.009
2457.388	0.0089
2457.629	0.0089
2457.87	0.009
2458.111	0.009
2458.352	0.0089
2458.593	0.0088
2458.834	0.0088
2459.075	0.0088
2459.316	0.0088
2459.557	0.0088
2459.798	0.0088
2460.039	0.0088
2460.281	0.0089
2460.521	0.0088
2460.762	0.0088
2461.004	0.0088
2461.245	0.0087
2461.486	0.0087
2461.727	0.0087
2461.968	0.0087
2462.209	0.0087
2462.45	0.0087
2462.691	0.0087
2462.932	0.0088
2463.173	0.0089
2463.414	0.0089
2463.655	0.0089
2463.896	0.0088
2464.137	0.0088
2464.378	0.0087
2464.62	0.0087
2464.861	0.0088
2465.102	0.0087
2465.343	0.0087
2465.584	0.0087
2465.825	0.0087
2466.066	0.0088
2466.307	0.0087
2466.548	0.0086
2466.789	0.0086
2467.03	0.0086
2467.271	0.0087
2467.512	0.0087
2467.753	0.0088
2467.994	0.0088
2468.236	0.0087
2468.477	0.0087
2468.718	0.0087
2468.959	0.0087
2469.2	0.0087
2469.441	0.0087
2469.682	0.0087
2469.923	0.0088
2470.164	0.0088
2470.405	0.0087
2470.646	0.0087
2470.887	0.0087
2471.128	0.0087
2471.369	0.0087
2471.61	0.0087
2471.851	0.0087
2472.093	0.0088
2472.333	0.0087
2472.575	0.0087
2472.816	0.0087
2473.057	0.0087
2473.298	0.0086
2473.539	0.0085
2473.78	0.0085
2474.021	0.0086
2474.262	0.0086
2474.503	0.0086
2474.744	0.0086
2474.985	0.0087
2475.226	0.0087
2475.467	0.0086
2475.708	0.0086
2475.949	0.0086
2476.19	0.0086
2476.432	0.0086
2476.673	0.0086
2476.914	0.0086
2477.155	0.0085
2477.396	0.0085
2477.637	0.0085
2477.878	0.0086
2478.119	0.0086
2478.36	0.0085
2478.601	0.0085
2478.842	0.0086
2479.083	0.0086
2479.324	0.0086
2479.565	0.0086
2479.806	0.0086
2480.048	0.0085
2480.289	0.0084
2480.53	0.0084
2480.771	0.0084
2481.012	0.0084
2481.253	0.0085
2481.494	0.0085
2481.735	0.0086
2481.976	0.0087
2482.217	0.0086
2482.458	0.0085
2482.699	0.0085
2482.94	0.0084
2483.181	0.0084
2483.422	0.0085
2483.664	0.0085
2483.905	0.0085
2484.146	0.0085
2484.387	0.0085
2484.628	0.0085
2484.869	0.0084
2485.11	0.0084
2485.351	0.0084
2485.592	0.0084
2485.833	0.0085
2486.074	0.0085
2486.315	0.0084
2486.556	0.0084
2486.797	0.0085
2487.038	0.0085
2487.279	0.0085
2487.521	0.0085
2487.761	0.0085
2488.003	0.0085
2488.244	0.0084
2488.485	0.0084
2488.726	0.0084
2488.967	0.0084
2489.208	0.0083
2489.449	0.0083
2489.69	0.0083
2489.931	0.0083
2490.172	0.0083
2490.413	0.0083
2490.654	0.0082
2490.895	0.0082
2491.136	0.0082
2491.377	0.0083
2491.618	0.0083
2491.86	0.0084
2492.101	0.0084
2492.342	0.0084
2492.583	0.0084
2492.824	0.0084
2493.065	0.0083
2493.306	0.0082
2493.547	0.0083
2493.788	0.0083
2494.029	0.0084
2494.27	0.0083
2494.511	0.0083
2494.752	0.0083
2494.993	0.0083
2495.234	0.0083
2495.476	0.0083
2495.717	0.0083
2495.958	0.0083
2496.199	0.0083
2496.44	0.0083
2496.681	0.0083
2496.922	0.0083
2497.163	0.0082
2497.404	0.0082
2497.645	0.0082
2497.886	0.0082
2498.127	0.0081
2498.368	0.0082
2498.609	0.0082
2498.85	0.0083
2499.092	0.0083
2499.333	0.0082
2499.573	0.0082
2499.815	0.0082
2500.056	0.0082
2500.297	0.0081
2500.538	0.0081
2500.779	0.0081
2501.02	0.0081
2501.261	0.0082
2501.502	0.0082
2501.743	0.0082
2501.984	0.0082
2502.225	0.0082
2502.466	0.0082
2502.707	0.0082
2502.948	0.0082
2503.189	0.0082
2503.431	0.0082
2503.672	0.0082
2503.913	0.0082
2504.154	0.0081
2504.395	0.0081
2504.636	0.0082
2504.877	0.0082
2505.118	0.0082
2505.359	0.0082
2505.6	0.0082
2505.841	0.0081
2506.082	0.0081
2506.323	0.0081
2506.564	0.0081
2506.805	0.0081
2507.046	0.008
2507.288	0.0081
2507.529	0.0081
2507.77	0.0081
2508.011	0.0081
2508.252	0.0081
2508.493	0.0081
2508.734	0.0081
2508.975	0.008
2509.216	0.0079
2509.457	0.0079
2509.698	0.0079
2509.939	0.008
2510.18	0.0081
2510.421	0.0082
2510.662	0.0082
2510.904	0.0082
2511.145	0.0081
2511.386	0.008
2511.627	0.008
2511.868	0.008
2512.109	0.008
2512.35	0.008
2512.591	0.008
2512.832	0.008
2513.073	0.0079
2513.314	0.0079
2513.555	0.0079
2513.796	0.0079
2514.037	0.0079
2514.278	0.008
2514.52	0.008
2514.76	0.008
2515.001	0.008
2515.243	0.008
2515.484	0.008
2515.725	0.0081
2515.966	0.0081
2516.207	0.0081
2516.448	0.008
2516.689	0.008
2516.93	0.008
2517.171	0.0079
2517.412	0.0079
2517.653	0.0079
2517.894	0.0079
2518.135	0.008
2518.376	0.008
2518.617	0.008
2518.859	0.0079
2519.1	0.0079
2519.341	0.0079
2519.582	0.0079
2519.823	0.0079
2520.064	0.0078
2520.305	0.0078
2520.546	0.0079
2520.787	0.0079
2521.028	0.008
2521.269	0.0081
2521.51	0.0081
2521.751	0.008
2521.992	0.008
2522.233	0.008
2522.474	0.008
2522.716	0.008
2522.957	0.008
2523.198	0.008
2523.439	0.008
2523.68	0.008
2523.921	0.008
2524.162	0.0079
2524.403	0.008
2524.644	0.008
2524.885	0.0079
2525.126	0.0078
2525.367	0.0078
2525.608	0.0078
2525.849	0.0078
2526.09	0.0079
2526.332	0.008
2526.573	0.008
2526.814	0.008
2527.055	0.0079
2527.296	0.0078
2527.537	0.0078
2527.778	0.0077
2528.019	0.0077
2528.26	0.0078
2528.501	0.0079
2528.742	0.0079
2528.983	0.0078
2529.224	0.0078
2529.465	0.0079
2529.706	0.0079
2529.948	0.0079
2530.188	0.0079
2530.429	0.0079
2530.671	0.0078
2530.912	0.0078
2531.153	0.0078
2531.394	0.0078
2531.635	0.0078
2531.876	0.0078
2532.117	0.0077
2532.358	0.0078
2532.599	0.0079
2532.84	0.0079
2533.081	0.0079
2533.322	0.008
2533.563	0.008
2533.804	0.0079
2534.045	0.0079
2534.287	0.008
2534.528	0.008
2534.769	0.0079
2535.01	0.0078
2535.251	0.0079
2535.492	0.0079
2535.733	0.0079
2535.974	0.0079
2536.215	0.0078
2536.456	0.0078
2536.697	0.0078
2536.938	0.0078
2537.179	0.0078
2537.42	0.0078
2537.661	0.0078
2537.902	0.0078
2538.144	0.0078
2538.385	0.0078
2538.626	0.0079
2538.867	0.0079
2539.108	0.0079
2539.349	0.0079
2539.59	0.0079
2539.831	0.0078
2540.072	0.0078
2540.313	0.0079
2540.554	0.0079
2540.795	0.0078
2541.036	0.0078
2541.277	0.0078
2541.518	0.0077
2541.76	0.0077
2542	0.0077
2542.242	0.0077
2542.483	0.0077
2542.724	0.0078
2542.965	0.0078
2543.206	0.0078
2543.447	0.0078
2543.688	0.0078
2543.929	0.0078
2544.17	0.0078
2544.411	0.0079
2544.652	0.0079
2544.893	0.0079
2545.134	0.0078
2545.375	0.0078
2545.616	0.0077
2545.857	0.0077
2546.099	0.0078
2546.34	0.0078
2546.581	0.0079
2546.822	0.0078
2547.063	0.0078
2547.304	0.0077
2547.545	0.0077
2547.786	0.0077
2548.027	0.0077
2548.268	0.0078
2548.509	0.0078
2548.75	0.0078
2548.991	0.0078
2549.232	0.0078
2549.473	0.0078
2549.715	0.0078
2549.956	0.0078
2550.197	0.0078
2550.438	0.0078
2550.679	0.0078
2550.92	0.0077
2551.161	0.0077
2551.402	0.0077
2551.643	0.0077
2551.884	0.0077
2552.125	0.0078
2552.366	0.0079
2552.607	0.0079
2552.848	0.0079
2553.089	0.0079
2553.33	0.0079
2553.572	0.0079
2553.813	0.0078
2554.054	0.0077
2554.295	0.0077
2554.536	0.0077
2554.777	0.0077
2555.018	0.0077
2555.259	0.0078
2555.5	0.0078
2555.741	0.0078
2555.982	0.0078
2556.223	0.0078
2556.464	0.0077
2556.705	0.0077
2556.946	0.0077
2557.188	0.0078
2557.428	0.0079
2557.67	0.0078
2557.911	0.0077
2558.152	0.0077
2558.393	0.0077
2558.634	0.0077
2558.875	0.0077
2559.116	0.0077
2559.357	0.0077
2559.598	0.0076
2559.839	0.0076
2560.08	0.0076
2560.321	0.0077
2560.562	0.0077
2560.803	0.0077
2561.044	0.0077
2561.285	0.0077
2561.527	0.0076
2561.768	0.0076
2562.009	0.0076
2562.25	0.0077
2562.491	0.0078
2562.732	0.0077
2562.973	0.0077
2563.214	0.0077
2563.455	0.0077
2563.696	0.0076
2563.937	0.0076
2564.178	0.0076
2564.419	0.0076
2564.66	0.0076
2564.901	0.0076
2565.143	0.0076
2565.384	0.0076
2565.625	0.0076
2565.866	0.0076
2566.107	0.0076
2566.348	0.0077
2566.589	0.0077
2566.83	0.0077
2567.071	0.0077
2567.312	0.0077
2567.553	0.0076
2567.794	0.0076
2568.035	0.0077
2568.276	0.0077
2568.517	0.0076
2568.758	0.0075
2569	0.0075
2569.24	0.0076
2569.482	0.0076
2569.723	0.0076
2569.964	0.0077
2570.205	0.0077
2570.446	0.0077
2570.687	0.0077
2570.928	0.0077
2571.169	0.0077
2571.41	0.0077
2571.651	0.0077
2571.892	0.0076
2572.133	0.0077
2572.374	0.0077
2572.615	0.0077
2572.856	0.0077
2573.098	0.0077
2573.339	0.0077
2573.58	0.0076
2573.821	0.0076
2574.062	0.0076
2574.303	0.0077
2574.544	0.0077
2574.785	0.0077
2575.026	0.0078
2575.267	0.0077
2575.508	0.0076
2575.749	0.0076
2575.99	0.0076
2576.231	0.0077
2576.472	0.0077
2576.713	0.0077
2576.955	0.0077
2577.196	0.0077
2577.437	0.0077
2577.678	0.0076
2577.919	0.0076
2578.16	0.0076
2578.401	0.0076
2578.642	0.0075
2578.883	0.0075
2579.124	0.0075
2579.365	0.0075
2579.606	0.0074
2579.847	0.0074
2580.088	0.0075
2580.329	0.0076
2580.571	0.0076
2580.812	0.0076
2581.052	0.0077
2581.294	0.0077
2581.535	0.0076
2581.776	0.0076
2582.017	0.0077
2582.258	0.0077
2582.499	0.0076
2582.74	0.0076
2582.981	0.0076
2583.222	0.0077
2583.463	0.0076
2583.704	0.0075
2583.945	0.0075
2584.186	0.0075
2584.427	0.0075
2584.668	0.0075
2584.91	0.0075
2585.151	0.0076
2585.392	0.0075
2585.633	0.0075
2585.874	0.0076
2586.115	0.0075
2586.356	0.0075
2586.597	0.0075
2586.838	0.0075
2587.079	0.0075
2587.32	0.0075
2587.561	0.0075
2587.802	0.0074
2588.043	0.0075
2588.284	0.0075
2588.526	0.0075
2588.767	0.0075
2589.008	0.0075
2589.249	0.0075
2589.49	0.0073
2589.731	0.0073
2589.972	0.0074
2590.213	0.0074
2590.454	0.0074
2590.695	0.0074
2590.936	0.0074
2591.177	0.0074
2591.418	0.0074
2591.659	0.0074
2591.9	0.0075
2592.141	0.0075
2592.383	0.0075
2592.624	0.0075
2592.865	0.0075
2593.106	0.0075
2593.347	0.0075
2593.588	0.0075
2593.829	0.0075
2594.07	0.0076
2594.311	0.0075
2594.552	0.0074
2594.793	0.0074
2595.034	0.0074
2595.275	0.0074
2595.516	0.0074
2595.757	0.0074
2595.999	0.0074
2596.24	0.0074
2596.48	0.0073
2596.722	0.0072
2596.963	0.0072
2597.204	0.0071
2597.445	0.007
2597.686	0.007
2597.927	0.007
2598.168	0.007
2598.409	0.007
2598.65	0.007
2598.891	0.007
2599.132	0.007
2599.373	0.007
2599.614	0.0069
2599.855	0.0069
2600.096	0.0069
2600.338	0.0068
2600.579	0.0068
2600.82	0.0068
2601.061	0.0068
2601.302	0.0067
2601.543	0.0067
2601.784	0.0067
2602.025	0.0067
2602.266	0.0067
2602.507	0.0066
2602.748	0.0066
2602.989	0.0066
2603.23	0.0066
2603.471	0.0065
2603.712	0.0065
2603.954	0.0065
2604.195	0.0065
2604.436	0.0065
2604.677	0.0066
2604.918	0.0067
2605.159	0.0067
2605.4	0.0066
2605.641	0.0065
2605.882	0.0065
2606.123	0.0066
2606.364	0.0066
2606.605	0.0066
2606.846	0.0067
2607.087	0.0067
2607.328	0.0067
2607.569	0.0067
2607.811	0.0066
2608.052	0.0066
2608.293	0.0066
2608.534	0.0066
2608.775	0.0066
2609.016	0.0066
2609.257	0.0066
2609.498	0.0066
2609.739	0.0067
2609.98	0.0068
2610.221	0.0068
2610.462	0.0068
2610.703	0.0068
2610.944	0.0067
2611.185	0.0067
2611.427	0.0066
2611.667	0.0067
2611.908	0.0068
2612.15	0.0068
2612.391	0.0068
2612.632	0.0069
2612.873	0.0069
2613.114	0.0069
2613.355	0.0069
2613.596	0.0069
2613.837	0.007
2614.078	0.007
2614.319	0.0069
2614.56	0.0069
2614.801	0.007
2615.042	0.007
2615.283	0.007
2615.524	0.0071
2615.766	0.0071
2616.007	0.0071
2616.248	0.0071
2616.489	0.0071
2616.73	0.0071
2616.971	0.0071
2617.212	0.0071
2617.453	0.0071
2617.694	0.0071
2617.935	0.0071
2618.176	0.0071
2618.417	0.007
2618.658	0.0071
2618.899	0.0071
2619.14	0.0071
2619.382	0.0072
2619.623	0.0072
2619.864	0.0073
2620.105	0.0073
2620.346	0.0072
2620.587	0.0073
2620.828	0.0073
2621.069	0.0073
2621.31	0.0073
2621.551	0.0073
2621.792	0.0073
2622.033	0.0073
2622.274	0.0072
2622.515	0.0072
2622.756	0.0072
2622.997	0.0072
2623.239	0.0072
2623.479	0.0072
2623.721	0.0073
2623.962	0.0074
2624.203	0.0074
2624.444	0.0074
2624.685	0.0075
2624.926	0.0074
2625.167	0.0074
2625.408	0.0073
2625.649	0.0073
2625.89	0.0073
2626.131	0.0072
2626.372	0.0073
2626.613	0.0073
2626.854	0.0073
2627.095	0.0073
2627.336	0.0072
2627.578	0.0073
2627.819	0.0073
2628.06	0.0072
2628.301	0.0072
2628.542	0.0073
2628.783	0.0074
2629.024	0.0074
2629.265	0.0073
2629.506	0.0074
2629.747	0.0074
2629.988	0.0074
2630.229	0.0074
2630.47	0.0073
2630.711	0.0073
2630.952	0.0073
2631.194	0.0073
2631.435	0.0074
2631.676	0.0075
2631.917	0.0075
2632.158	0.0074
2632.399	0.0073
2632.64	0.0074
2632.881	0.0073
2633.122	0.0073
2633.363	0.0073
2633.604	0.0073
2633.845	0.0073
2634.086	0.0073
2634.327	0.0073
2634.568	0.0074
2634.81	0.0074
2635.051	0.0074
2635.292	0.0074
2635.533	0.0074
2635.774	0.0075
2636.015	0.0075
2636.256	0.0075
2636.497	0.0075
2636.738	0.0075
2636.979	0.0074
2637.22	0.0073
2637.461	0.0074
2637.702	0.0074
2637.943	0.0073
2638.184	0.0073
2638.425	0.0072
2638.667	0.0073
2638.907	0.0073
2639.149	0.0073
2639.39	0.0073
2639.631	0.0074
2639.872	0.0074
2640.113	0.0073
2640.354	0.0073
2640.595	0.0073
2640.836	0.0073
2641.077	0.0073
2641.318	0.0073
2641.559	0.0074
2641.8	0.0074
2642.041	0.0075
2642.282	0.0075
2642.523	0.0075
2642.764	0.0075
2643.006	0.0074
2643.247	0.0073
2643.488	0.0074
2643.729	0.0074
2643.97	0.0074
2644.211	0.0074
2644.452	0.0075
2644.693	0.0076
2644.934	0.0076
2645.175	0.0076
2645.416	0.0076
2645.657	0.0075
2645.898	0.0075
2646.139	0.0074
2646.38	0.0075
2646.622	0.0076
2646.863	0.0076
2647.104	0.0075
2647.345	0.0075
2647.586	0.0075
2647.827	0.0075
2648.068	0.0075
2648.309	0.0075
2648.55	0.0075
2648.791	0.0075
2649.032	0.0075
2649.273	0.0075
2649.514	0.0076
2649.755	0.0077
2649.996	0.0077
2650.238	0.0077
2650.479	0.0078
2650.719	0.0078
2650.961	0.0077
2651.202	0.0077
2651.443	0.0078
2651.684	0.0078
2651.925	0.0077
2652.166	0.0077
2652.407	0.0077
2652.648	0.0077
2652.889	0.0077
2653.13	0.0077
2653.371	0.0078
2653.612	0.0078
2653.853	0.0077
2654.094	0.0076
2654.335	0.0076
2654.577	0.0076
2654.818	0.0077
2655.059	0.0076
2655.3	0.0076
2655.541	0.0076
2655.782	0.0076
2656.023	0.0076
2656.264	0.0077
2656.505	0.0078
2656.746	0.0078
2656.987	0.0077
2657.228	0.0078
2657.469	0.0078
2657.71	0.0078
2657.951	0.0077
2658.192	0.0077
2658.434	0.0077
2658.675	0.0078
2658.916	0.0078
2659.157	0.0077
2659.398	0.0078
2659.639	0.0078
2659.88	0.0078
2660.121	0.0077
2660.362	0.0077
2660.603	0.0078
2660.844	0.0078
2661.085	0.0079
2661.326	0.0079
2661.567	0.0079
2661.808	0.0078
2662.05	0.0077
2662.291	0.0077
2662.531	0.0077
2662.773	0.0078
2663.014	0.0078
2663.255	0.0078
2663.496	0.0078
2663.737	0.0078
2663.978	0.0077
2664.219	0.0077
2664.46	0.0078
2664.701	0.0078
2664.942	0.0078
2665.183	0.0079
2665.424	0.0079
2665.666	0.0079
2665.906	0.0079
2666.147	0.0079
2666.389	0.008
2666.63	0.008
2666.871	0.008
2667.112	0.008
2667.353	0.008
2667.594	0.008
2667.835	0.0079
2668.076	0.0078
2668.317	0.0079
2668.558	0.0079
2668.799	0.0079
2669.04	0.0079
2669.281	0.008
2669.522	0.008
2669.763	0.008
2670.005	0.008
2670.246	0.008
2670.487	0.008
2670.728	0.0079
2670.969	0.0078
2671.21	0.0079
2671.451	0.008
2671.692	0.008
2671.933	0.008
2672.174	0.008
2672.415	0.008
2672.656	0.0079
2672.897	0.0079
2673.138	0.0079
2673.379	0.0079
2673.62	0.0079
2673.862	0.0079
2674.103	0.0079
2674.344	0.0079
2674.585	0.008
2674.826	0.0079
2675.067	0.0079
2675.308	0.0079
2675.549	0.0079
2675.79	0.0079
2676.031	0.008
2676.272	0.0081
2676.513	0.0082
2676.754	0.0081
2676.995	0.0081
2677.236	0.0081
2677.478	0.0081
2677.719	0.008
2677.959	0.008
2678.201	0.008
2678.442	0.0081
2678.683	0.0081
2678.924	0.0081
2679.165	0.0081
2679.406	0.0081
2679.647	0.0081
2679.888	0.008
2680.129	0.008
2680.37	0.0081
2680.611	0.0081
2680.852	0.0082
2681.094	0.0082
2681.334	0.0083
2681.575	0.0082
2681.817	0.0081
2682.058	0.0081
2682.299	0.0082
2682.54	0.0082
2682.781	0.0082
2683.022	0.0082
2683.263	0.0082
2683.504	0.0082
2683.745	0.0082
2683.986	0.0081
2684.227	0.0082
2684.468	0.0082
2684.709	0.0082
2684.95	0.0082
2685.191	0.0082
2685.433	0.0083
2685.674	0.0082
2685.915	0.0082
2686.156	0.0082
2686.397	0.0082
2686.638	0.0082
2686.879	0.0083
2687.12	0.0083
2687.361	0.0083
2687.602	0.0082
2687.843	0.0081
2688.084	0.0081
2688.325	0.0081
2688.566	0.0081
2688.807	0.0081
2689.048	0.0082
2689.29	0.0082
2689.531	0.0082
2689.772	0.0082
2690.013	0.0082
2690.254	0.0083
2690.495	0.0083
2690.736	0.0082
2690.977	0.0082
2691.218	0.0083
2691.459	0.0084
2691.7	0.0084
2691.941	0.0084
2692.182	0.0085
2692.423	0.0084
2692.664	0.0084
2692.906	0.0083
2693.146	0.0084
2693.387	0.0084
2693.629	0.0084
2693.87	0.0084
2694.111	0.0084
2694.352	0.0085
2694.593	0.0084
2694.834	0.0084
2695.075	0.0085
2695.316	0.0086
2695.557	0.0085
2695.798	0.0084
2696.039	0.0084
2696.28	0.0084
2696.521	0.0084
2696.762	0.0084
2697.003	0.0084
2697.245	0.0085
2697.486	0.0085
2697.727	0.0084
2697.968	0.0085
2698.209	0.0085
2698.45	0.0085
2698.691	0.0085
2698.932	0.0085
2699.173	0.0085
2699.414	0.0085
2699.655	0.0085
2699.896	0.0085
2700.137	0.0085
2700.378	0.0086
2700.619	0.0085
2700.861	0.0086
2701.102	0.0086
2701.343	0.0086
2701.584	0.0085
2701.825	0.0085
2702.066	0.0085
2702.307	0.0086
2702.548	0.0086
2702.789	0.0085
2703.03	0.0085
2703.271	0.0084
2703.512	0.0084
2703.753	0.0085
2703.994	0.0086
2704.235	0.0087
2704.476	0.0087
2704.718	0.0087
2704.958	0.0087
2705.2	0.0087
2705.441	0.0086
2705.682	0.0086
2705.923	0.0086
2706.164	0.0087
2706.405	0.0087
2706.646	0.0087
2706.887	0.0087
2707.128	0.0088
2707.369	0.0088
2707.61	0.0087
2707.851	0.0088
2708.092	0.0088
2708.333	0.0088
2708.574	0.0087
2708.815	0.0087
2709.057	0.0088
2709.298	0.0089
2709.539	0.0088
2709.78	0.0087
2710.021	0.0088
2710.262	0.0088
2710.503	0.0088
2710.744	0.0088
2710.985	0.0089
2711.226	0.0089
2711.467	0.0088
2711.708	0.0088
2711.949	0.0089
2712.19	0.0089
2712.431	0.0088
2712.673	0.0087
2712.914	0.0087
2713.155	0.0088
2713.396	0.0087
2713.637	0.0087
2713.878	0.0087
2714.119	0.0088
2714.36	0.0088
2714.601	0.0088
2714.842	0.0088
2715.083	0.0088
2715.324	0.0089
2715.565	0.0088
2715.806	0.0089
2716.047	0.0089
2716.289	0.0089
2716.53	0.0089
2716.771	0.0089
2717.012	0.0089
2717.253	0.0089
2717.494	0.0088
2717.735	0.0087
2717.976	0.0088
2718.217	0.0088
2718.458	0.0089
2718.699	0.0089
2718.94	0.0089
2719.181	0.0089
2719.422	0.0088
2719.663	0.0088
2719.904	0.0089
2720.146	0.0091
2720.386	0.0091
2720.628	0.0091
2720.869	0.0091
2721.11	0.0091
2721.351	0.009
2721.592	0.009
2721.833	0.009
2722.074	0.0091
2722.315	0.009
2722.556	0.009
2722.797	0.009
2723.038	0.0091
2723.279	0.0091
2723.52	0.0091
2723.761	0.0092
2724.002	0.0092
2724.243	0.0091
2724.485	0.009
2724.726	0.009
2724.967	0.0091
2725.208	0.0092
2725.449	0.0091
2725.69	0.0091
2725.931	0.0092
2726.172	0.0092
2726.413	0.0091
2726.654	0.0091
2726.895	0.0091
2727.136	0.0091
2727.377	0.0091
2727.618	0.0091
2727.859	0.0091
2728.101	0.0092
2728.342	0.0091
2728.583	0.009
2728.824	0.0091
2729.065	0.0091
2729.306	0.0091
2729.547	0.0092
2729.788	0.0093
2730.029	0.0094
2730.27	0.0093
2730.511	0.0093
2730.752	0.0092
2730.993	0.0092
2731.234	0.0092
2731.475	0.0091
2731.717	0.0091
2731.958	0.0092
2732.198	0.0093
2732.44	0.0093
2732.681	0.0093
2732.922	0.0094
2733.163	0.0093
2733.404	0.0093
2733.645	0.0093
2733.886	0.0093
2734.127	0.0093
2734.368	0.0093
2734.609	0.0093
2734.85	0.0093
2735.091	0.0093
2735.332	0.0093
2735.573	0.0092
2735.814	0.0093
2736.056	0.0094
2736.297	0.0094
2736.538	0.0094
2736.779	0.0095
2737.02	0.0096
2737.261	0.0095
2737.502	0.0095
2737.743	0.0095
2737.984	0.0095
2738.225	0.0094
2738.466	0.0093
2738.707	0.0094
2738.948	0.0095
2739.189	0.0095
2739.43	0.0095
2739.671	0.0095
2739.913	0.0095
2740.154	0.0095
2740.395	0.0095
2740.636	0.0095
2740.877	0.0095
2741.118	0.0095
2741.359	0.0094
2741.6	0.0095
2741.841	0.0096
2742.082	0.0097
2742.323	0.0097
2742.564	0.0097
2742.805	0.0097
2743.046	0.0096
2743.287	0.0095
2743.529	0.0095
2743.77	0.0095
2744.01	0.0095
2744.252	0.0095
2744.493	0.0095
2744.734	0.0096
2744.975	0.0096
2745.216	0.0096
2745.457	0.0096
2745.698	0.0097
2745.939	0.0097
2746.18	0.0097
2746.421	0.0098
2746.662	0.0098
2746.903	0.0098
2747.145	0.0097
2747.385	0.0097
2747.626	0.0098
2747.868	0.0099
2748.109	0.0099
2748.35	0.0098
2748.591	0.0098
2748.832	0.0098
2749.073	0.0098
2749.314	0.0097
2749.555	0.0097
2749.796	0.0098
2750.037	0.0098
2750.278	0.0099
2750.519	0.0099
2750.76	0.0099
2751.001	0.0099
2751.242	0.0098
2751.484	0.0098
2751.725	0.0099
2751.966	0.0099
2752.207	0.0099
2752.448	0.0098
2752.689	0.0099
2752.93	0.0099
2753.171	0.0099
2753.412	0.0099
2753.653	0.0099
2753.894	0.01
2754.135	0.0099
2754.376	0.0099
2754.617	0.0099
2754.858	0.0099
2755.099	0.0099
2755.341	0.0099
2755.582	0.01
2755.823	0.01
2756.064	0.01
2756.305	0.0099
2756.546	0.0099
2756.787	0.0099
2757.028	0.0099
2757.269	0.0099
2757.51	0.0099
2757.751	0.0099
2757.992	0.0099
2758.233	0.0098
2758.474	0.0099
2758.715	0.01
2758.957	0.0101
2759.198	0.0101
2759.438	0.0101
2759.68	0.0102
2759.921	0.0102
2760.162	0.0102
2760.403	0.0101
2760.644	0.0101
2760.885	0.0101
2761.126	0.01
2761.367	0.01
2761.608	0.01
2761.849	0.0101
2762.09	0.0101
2762.331	0.0101
2762.573	0.0101
2762.813	0.0102
2763.054	0.0102
2763.296	0.0102
2763.537	0.0103
2763.778	0.0104
2764.019	0.0104
2764.26	0.0103
2764.501	0.0103
2764.742	0.0103
2764.983	0.0103
2765.224	0.0102
2765.465	0.0102
2765.706	0.0103
2765.947	0.0103
2766.188	0.0102
2766.429	0.0102
2766.67	0.0103
2766.912	0.0103
2767.153	0.0102
2767.394	0.0103
2767.635	0.0104
2767.876	0.0104
2768.117	0.0104
2768.358	0.0103
2768.599	0.0103
2768.84	0.0103
2769.081	0.0103
2769.322	0.0104
2769.563	0.0104
2769.804	0.0104
2770.045	0.0103
2770.286	0.0103
2770.527	0.0104
2770.769	0.0105
2771.01	0.0104
2771.251	0.0103
2771.492	0.0103
2771.733	0.0104
2771.974	0.0104
2772.215	0.0104
2772.456	0.0105
2772.697	0.0106
2772.938	0.0106
2773.179	0.0106
2773.42	0.0106
2773.661	0.0106
2773.902	0.0106
2774.143	0.0106
2774.385	0.0106
2774.625	0.0106
2774.866	0.0106
2775.108	0.0105
2775.349	0.0106
2775.59	0.0107
2775.831	0.0107
2776.072	0.0107
2776.313	0.0106
2776.554	0.0107
2776.795	0.0107
2777.036	0.0107
2777.277	0.0107
2777.518	0.0108
2777.759	0.0108
2778	0.0107
2778.241	0.0106
2778.482	0.0106
2778.724	0.0106
2778.965	0.0106
2779.206	0.0106
2779.447	0.0108
2779.688	0.0109
2779.929	0.0108
2780.17	0.0108
2780.411	0.0108
2780.652	0.0108
2780.893	0.0107
2781.134	0.0107
2781.375	0.0107
2781.616	0.0108
2781.857	0.0108
2782.098	0.0108
2782.34	0.0109
2782.581	0.011
2782.822	0.011
2783.063	0.0109
2783.304	0.0109
2783.545	0.0109
2783.786	0.0109
2784.027	0.0108
2784.268	0.0109
2784.509	0.011
2784.75	0.0111
2784.991	0.0111
2785.232	0.0111
2785.473	0.0111
2785.714	0.0111
2785.955	0.011
2786.197	0.011
2786.438	0.011
2786.679	0.011
2786.92	0.0111
2787.161	0.0111
2787.402	0.0111
2787.643	0.0111
2787.884	0.011
2788.125	0.0109
2788.366	0.011
2788.607	0.011
2788.848	0.011
2789.089	0.011
2789.33	0.011
2789.571	0.0111
2789.813	0.0111
2790.053	0.0111
2790.294	0.0112
2790.536	0.0112
2790.777	0.0112
2791.018	0.0111
2791.259	0.0112
2791.5	0.0112
2791.741	0.0113
2791.982	0.0113
2792.223	0.0113
2792.464	0.0114
2792.705	0.0114
2792.946	0.0114
2793.187	0.0114
2793.428	0.0115
2793.669	0.0115
2793.91	0.0114
2794.152	0.0114
2794.393	0.0115
2794.634	0.0115
2794.875	0.0115
2795.116	0.0114
2795.357	0.0115
2795.598	0.0115
2795.839	0.0115
2796.08	0.0115
2796.321	0.0115
2796.562	0.0115
2796.803	0.0115
2797.044	0.0114
2797.285	0.0114
2797.526	0.0114
2797.768	0.0115
2798.009	0.0115
2798.25	0.0116
2798.491	0.0117
2798.732	0.0117
2798.973	0.0116
2799.214	0.0116
2799.455	0.0117
2799.696	0.0116
2799.937	0.0116
2800.178	0.0116
2800.419	0.0117
2800.66	0.0117
2800.901	0.0117
2801.142	0.0116
2801.383	0.0117
2801.625	0.0116
2801.865	0.0116
2802.107	0.0116
2802.348	0.0117
2802.589	0.0118
2802.83	0.0119
2803.071	0.0119
2803.312	0.012
2803.553	0.0121
2803.794	0.0121
2804.035	0.012
2804.276	0.012
2804.517	0.012
2804.758	0.012
2804.999	0.012
2805.24	0.012
2805.481	0.0121
2805.722	0.0122
2805.964	0.0121
2806.205	0.0121
2806.446	0.0122
2806.687	0.0122
2806.928	0.0123
2807.169	0.0123
2807.41	0.0124
2807.651	0.0123
2807.892	0.0123
2808.133	0.0124
2808.374	0.0125
2808.615	0.0125
2808.856	0.0126
2809.097	0.0126
2809.338	0.0127
2809.58	0.0127
2809.821	0.0128
2810.062	0.0129
2810.303	0.0131
2810.544	0.0133
2810.785	0.0133
2811.026	0.0132
2811.267	0.0133
2811.508	0.0134
2811.749	0.0135
2811.99	0.0135
2812.231	0.0137
2812.472	0.0138
2812.713	0.0138
2812.954	0.0138
2813.196	0.014
2813.437	0.0141
2813.677	0.0142
2813.919	0.0142
2814.16	0.0143
2814.401	0.0143
2814.642	0.0143
2814.883	0.0142
2815.124	0.0143
2815.365	0.0145
2815.606	0.0145
2815.847	0.0145
2816.088	0.0146
2816.329	0.0147
2816.57	0.0147
2816.811	0.0147
2817.052	0.0147
2817.293	0.0147
2817.535	0.0147
2817.776	0.0146
2818.017	0.0146
2818.258	0.0146
2818.499	0.0147
2818.74	0.0146
2818.981	0.0146
2819.222	0.0147
2819.463	0.0146
2819.704	0.0145
2819.945	0.0144
2820.186	0.0144
2820.427	0.0144
2820.668	0.0143
2820.909	0.0142
2821.15	0.0142
2821.392	0.0142
2821.633	0.0142
2821.874	0.0141
2822.115	0.0141
2822.356	0.0141
2822.597	0.0141
2822.838	0.014
2823.079	0.014
2823.32	0.014
2823.561	0.014
2823.802	0.0139
2824.043	0.0139
2824.284	0.014
2824.525	0.014
2824.766	0.0139
2825.008	0.0139
2825.249	0.0138
2825.49	0.0138
2825.731	0.0137
2825.972	0.0137
2826.213	0.0138
2826.454	0.0138
2826.695	0.0137
2826.936	0.0136
2827.177	0.0136
2827.418	0.0136
2827.659	0.0137
2827.9	0.0137
2828.141	0.0138
2828.382	0.0137
2828.624	0.0136
2828.865	0.0135
2829.105	0.0136
2829.347	0.0137
2829.588	0.0137
2829.829	0.0136
2830.07	0.0136
2830.311	0.0136
2830.552	0.0136
2830.793	0.0136
2831.034	0.0138
2831.275	0.0139
2831.516	0.0139
2831.757	0.0138
2831.998	0.0138
2832.239	0.0138
2832.48	0.0137
2832.721	0.0137
2832.963	0.0137
2833.204	0.0138
2833.445	0.0138
2833.686	0.0137
2833.927	0.0137
2834.168	0.0137
2834.409	0.0137
2834.65	0.0136
2834.891	0.0137
2835.132	0.0138
2835.373	0.0139
2835.614	0.0138
2835.855	0.0138
2836.096	0.0138
2836.337	0.0138
2836.578	0.0138
2836.82	0.0138
2837.061	0.0138
2837.302	0.0138
2837.543	0.0138
2837.784	0.0137
2838.025	0.0137
2838.266	0.0138
2838.507	0.0137
2838.748	0.0137
2838.989	0.0137
2839.23	0.0138
2839.471	0.0137
2839.712	0.0136
2839.953	0.0136
2840.194	0.0137
2840.436	0.0137
2840.677	0.0137
2840.917	0.0138
2841.159	0.0139
2841.4	0.0139
2841.641	0.0138
2841.882	0.0138
2842.123	0.0139
2842.364	0.014
2842.605	0.014
2842.846	0.014
2843.087	0.014
2843.328	0.0139
2843.569	0.0138
2843.81	0.0138
2844.052	0.014
2844.292	0.0141
2844.533	0.014
2844.775	0.0139
2845.016	0.014
2845.257	0.014
2845.498	0.0139
2845.739	0.0138
2845.98	0.0138
2846.221	0.0139
2846.462	0.014
2846.703	0.014
2846.944	0.014
2847.185	0.014
2847.426	0.014
2847.667	0.014
2847.908	0.014
2848.149	0.014
2848.391	0.014
2848.632	0.014
2848.873	0.014
2849.114	0.0141
2849.355	0.0142
2849.596	0.0142
2849.837	0.0142
2850.078	0.0143
2850.319	0.0143
2850.56	0.0142
2850.801	0.0142
2851.042	0.0143
2851.283	0.0143
2851.524	0.0143
2851.765	0.0143
2852.006	0.0144
2852.248	0.0144
2852.489	0.0143
2852.73	0.0142
2852.971	0.0142
2853.212	0.0143
2853.453	0.0143
2853.694	0.0143
2853.935	0.0144
2854.176	0.0144
2854.417	0.0144
2854.658	0.0144
2854.899	0.0145
2855.14	0.0146
2855.381	0.0145
2855.622	0.0145
2855.864	0.0145
2856.104	0.0146
2856.346	0.0146
2856.587	0.0145
2856.828	0.0146
2857.069	0.0147
2857.31	0.0147
2857.551	0.0147
2857.792	0.0146
2858.033	0.0147
2858.274	0.0147
2858.515	0.0147
2858.756	0.0147
2858.997	0.0147
2859.238	0.0146
2859.479	0.0145
2859.72	0.0145
2859.961	0.0146
2860.203	0.0146
2860.444	0.0146
2860.685	0.0146
2860.926	0.0147
2861.167	0.0147
2861.408	0.0147
2861.649	0.0147
2861.89	0.0147
2862.131	0.0146
2862.372	0.0145
2862.613	0.0145
2862.854	0.0146
2863.095	0.0147
2863.336	0.0147
2863.577	0.0147
2863.819	0.0148
2864.06	0.0149
2864.301	0.0149
2864.542	0.0148
2864.783	0.0149
2865.024	0.015
2865.265	0.0151
2865.506	0.015
2865.747	0.0151
2865.988	0.0151
2866.229	0.0152
2866.47	0.0151
2866.711	0.0151
2866.952	0.015
2867.193	0.015
2867.434	0.0149
2867.676	0.0149
2867.917	0.015
2868.158	0.015
2868.399	0.0149
2868.64	0.0149
2868.881	0.015
2869.122	0.0151
2869.363	0.0151
2869.604	0.015
2869.845	0.0151
2870.086	0.0151
2870.327	0.0151
2870.568	0.0152
2870.809	0.0153
2871.05	0.0154
2871.292	0.0153
2871.532	0.0153
2871.773	0.0152
2872.015	0.0153
2872.256	0.0153
2872.497	0.0152
2872.738	0.0153
2872.979	0.0153
2873.22	0.0153
2873.461	0.0152
2873.702	0.0152
2873.943	0.0152
2874.184	0.0153
2874.425	0.0153
2874.666	0.0154
2874.907	0.0154
2875.148	0.0154
2875.389	0.0154
2875.631	0.0154
2875.872	0.0155
2876.113	0.0156
2876.354	0.0155
2876.595	0.0155
2876.836	0.0155
2877.077	0.0156
2877.318	0.0156
2877.559	0.0157
2877.8	0.0158
2878.041	0.0158
2878.282	0.0158
2878.523	0.0157
2878.764	0.0157
2879.005	0.0157
2879.247	0.0157
2879.488	0.0156
2879.729	0.0157
2879.97	0.0157
2880.211	0.0158
2880.452	0.0159
2880.693	0.0159
2880.934	0.016
2881.175	0.016
2881.416	0.0159
2881.657	0.0158
2881.898	0.0158
2882.139	0.0158
2882.38	0.0158
2882.621	0.0159
2882.862	0.016
2883.104	0.016
2883.344	0.016
2883.586	0.016
2883.827	0.0161
2884.068	0.016
2884.309	0.0159
2884.55	0.0159
2884.791	0.016
2885.032	0.0161
2885.273	0.0161
2885.514	0.0161
2885.755	0.0161
2885.996	0.0161
2886.237	0.0161
2886.478	0.0162
2886.719	0.0162
2886.96	0.0163
2887.202	0.0163
2887.443	0.0163
2887.684	0.0163
2887.925	0.0163
2888.166	0.0163
2888.407	0.0163
2888.648	0.0164
2888.889	0.0164
2889.13	0.0165
2889.371	0.0165
2889.612	0.0165
2889.853	0.0166
2890.094	0.0165
2890.335	0.0164
2890.576	0.0163
2890.817	0.0163
2891.059	0.0164
2891.3	0.0164
2891.541	0.0166
2891.782	0.0168
2892.023	0.0168
2892.264	0.0168
2892.505	0.0168
2892.746	0.0169
2892.987	0.017
2893.228	0.017
2893.469	0.017
2893.71	0.0171
2893.951	0.0171
2894.192	0.0171
2894.433	0.0171
2894.675	0.0172
2894.916	0.0173
2895.156	0.0173
2895.398	0.0174
2895.639	0.0175
2895.88	0.0176
2896.121	0.0177
2896.362	0.0178
2896.603	0.0179
2896.844	0.018
2897.085	0.018
2897.326	0.018
2897.567	0.0181
2897.808	0.0183
2898.049	0.0185
2898.29	0.0186
2898.531	0.0187
2898.772	0.0188
2899.014	0.0189
2899.255	0.0188
2899.496	0.0188
2899.737	0.0189
2899.978	0.019
2900.219	0.0191
2900.46	0.0192
2900.701	0.0192
2900.942	0.0193
2901.183	0.0192
2901.424	0.0192
2901.665	0.0193
2901.906	0.0193
2902.147	0.0193
2902.388	0.0194
2902.629	0.0194
2902.871	0.0194
2903.112	0.0193
2903.353	0.0193
2903.594	0.0193
2903.835	0.0194
2904.076	0.0193
2904.317	0.0193
2904.558	0.0193
2904.799	0.0193
2905.04	0.0192
2905.281	0.0191
2905.522	0.0192
2905.763	0.0192
2906.004	0.0192
2906.245	0.0191
2906.487	0.019
2906.728	0.019
2906.969	0.019
2907.21	0.019
2907.451	0.019
2907.692	0.019
2907.933	0.0189
2908.174	0.0188
2908.415	0.0188
2908.656	0.0189
2908.897	0.0188
2909.138	0.0187
2909.379	0.0187
2909.62	0.0187
2909.861	0.0187
2910.103	0.0187
2910.344	0.0187
2910.584	0.0188
2910.826	0.0188
2911.067	0.0187
2911.308	0.0186
2911.549	0.0187
2911.79	0.0187
2912.031	0.0187
2912.272	0.0186
2912.513	0.0186
2912.754	0.0187
2912.995	0.0187
2913.236	0.0187
2913.477	0.0187
2913.718	0.0187
2913.959	0.0187
2914.2	0.0188
2914.442	0.0189
2914.683	0.019
2914.924	0.019
2915.165	0.0189
2915.406	0.019
2915.647	0.019
2915.888	0.019
2916.129	0.0189
2916.37	0.0189
2916.611	0.0189
2916.852	0.0189
2917.093	0.0189
2917.334	0.0189
2917.575	0.0191
2917.816	0.0191
2918.058	0.0191
2918.299	0.0191
2918.54	0.0191
2918.781	0.0191
2919.022	0.0191
2919.263	0.0191
2919.504	0.0192
2919.745	0.0192
2919.986	0.0193
2920.227	0.0193
2920.468	0.0193
2920.709	0.0194
2920.95	0.0193
2921.191	0.0193
2921.432	0.0194
2921.673	0.0194
2921.915	0.0194
2922.156	0.0194
2922.397	0.0194
2922.638	0.0196
2922.879	0.0196
2923.12	0.0195
2923.361	0.0195
2923.602	0.0196
2923.843	0.0196
2924.084	0.0196
2924.325	0.0197
2924.566	0.0198
2924.807	0.0199
2925.048	0.0198
2925.289	0.0198
2925.531	0.0199
2925.771	0.02
2926.012	0.0201
2926.254	0.0201
2926.495	0.0202
2926.736	0.0202
2926.977	0.0202
2927.218	0.0202
2927.459	0.0203
2927.7	0.0203
2927.941	0.0203
2928.182	0.0202
2928.423	0.0203
2928.664	0.0204
2928.905	0.0204
2929.146	0.0204
2929.387	0.0204
2929.628	0.0204
2929.87	0.0204
2930.111	0.0205
2930.352	0.0206
2930.593	0.0206
2930.834	0.0207
2931.075	0.0207
2931.316	0.0208
2931.557	0.021
2931.798	0.0209
2932.039	0.0209
2932.28	0.021
2932.521	0.0211
2932.762	0.0211
2933.003	0.021
2933.244	0.021
2933.485	0.021
2933.727	0.0211
2933.968	0.0211
2934.209	0.0212
2934.45	0.0213
2934.691	0.0214
2934.932	0.0214
2935.173	0.0213
2935.414	0.0213
2935.655	0.0214
2935.896	0.0214
2936.137	0.0215
2936.378	0.0216
2936.619	0.0216
2936.86	0.0215
2937.101	0.0215
2937.343	0.0216
2937.583	0.0217
2937.825	0.0217
2938.066	0.0217
2938.307	0.0217
2938.548	0.0218
2938.789	0.0219
2939.03	0.022
2939.271	0.0221
2939.512	0.0222
2939.753	0.0221
2939.994	0.022
2940.235	0.0221
2940.476	0.0222
2940.717	0.0223
2940.958	0.0223
2941.199	0.0223
2941.44	0.0223
2941.682	0.0223
2941.923	0.0222
2942.164	0.0222
2942.405	0.0223
2942.646	0.0223
2942.887	0.0223
2943.128	0.0224
2943.369	0.0225
2943.61	0.0225
2943.851	0.0225
2944.092	0.0225
2944.333	0.0226
2944.574	0.0227
2944.815	0.0227
2945.056	0.0227
2945.298	0.0229
2945.539	0.023
2945.78	0.023
2946.021	0.0229
2946.262	0.0229
2946.503	0.0228
2946.744	0.0227
2946.985	0.0227
2947.226	0.0229
2947.467	0.023
2947.708	0.0231
2947.949	0.0231
2948.19	0.0232
2948.431	0.0232
2948.672	0.0232
2948.914	0.0231
2949.155	0.0232
2949.396	0.0233
2949.637	0.0235
2949.878	0.0235
2950.119	0.0236
2950.36	0.0237
2950.601	0.0239
2950.842	0.0239
2951.083	0.0239
2951.324	0.0239
2951.565	0.0239
2951.806	0.0238
2952.047	0.0238
2952.288	0.0239
2952.529	0.024
2952.771	0.0241
2953.011	0.0242
2953.253	0.0244
2953.494	0.0245
2953.735	0.0244
2953.976	0.0244
2954.217	0.0244
2954.458	0.0245
2954.699	0.0245
2954.94	0.0246
2955.181	0.0247
2955.422	0.0248
2955.663	0.0247
2955.904	0.0247
2956.145	0.0247
2956.386	0.0248
2956.627	0.0249
2956.868	0.0249
2957.11	0.025
2957.351	0.0251
2957.592	0.0252
2957.833	0.0252
2958.074	0.0252
2958.315	0.0253
2958.556	0.0253
2958.797	0.0253
2959.038	0.0253
2959.279	0.0254
2959.52	0.0256
2959.761	0.0256
2960.002	0.0257
2960.243	0.0257
2960.484	0.0258
2960.726	0.0258
2960.967	0.0259
2961.208	0.026
2961.449	0.0261
2961.69	0.0261
2961.931	0.0261
2962.172	0.0262
2962.413	0.0263
2962.654	0.0263
2962.895	0.0264
2963.136	0.0264
2963.377	0.0265
2963.618	0.0265
2963.859	0.0265
2964.1	0.0267
2964.341	0.0268
2964.583	0.0269
2964.823	0.0269
2965.065	0.0269
2965.306	0.027
2965.547	0.0271
2965.788	0.0271
2966.029	0.0272
2966.27	0.0273
2966.511	0.0273
2966.752	0.0273
2966.993	0.0274
2967.234	0.0275
2967.475	0.0275
2967.716	0.0276
2967.957	0.0277
2968.198	0.0278
2968.439	0.0279
2968.681	0.0279
2968.922	0.0278
2969.163	0.0279
2969.404	0.028
2969.645	0.028
2969.886	0.0281
2970.127	0.0281
2970.368	0.0282
2970.609	0.0283
2970.85	0.0284
2971.091	0.0285
2971.332	0.0286
2971.573	0.0286
2971.814	0.0286
2972.055	0.0288
2972.296	0.0289
2972.538	0.0289
2972.779	0.0289
2973.02	0.029
2973.261	0.0291
2973.502	0.0291
2973.743	0.0291
2973.984	0.0292
2974.225	0.0293
2974.466	0.0293
2974.707	0.0293
2974.948	0.0294
2975.189	0.0295
2975.43	0.0296
2975.671	0.0297
2975.912	0.0298
2976.154	0.0299
2976.395	0.0299
2976.635	0.0299
2976.877	0.03
2977.118	0.0302
2977.359	0.0303
2977.6	0.0302
2977.841	0.0302
2978.082	0.0303
2978.323	0.0305
2978.564	0.0307
2978.805	0.0308
2979.046	0.0309
2979.287	0.031
2979.528	0.031
2979.77	0.031
2980.01	0.0311
2980.251	0.0311
2980.493	0.0311
2980.734	0.0312
2980.975	0.0313
2981.216	0.0315
2981.457	0.0316
2981.698	0.0316
2981.939	0.0317
2982.18	0.0318
2982.421	0.0319
2982.662	0.032
2982.903	0.032
2983.144	0.0322
2983.385	0.0323
2983.626	0.0323
2983.867	0.0324
2984.109	0.0325
2984.35	0.0326
2984.591	0.0326
2984.832	0.0326
2985.073	0.0328
2985.314	0.0329
2985.555	0.033
2985.796	0.0332
2986.037	0.0334
2986.278	0.0335
2986.519	0.0336
2986.76	0.0337
2987.001	0.0338
2987.242	0.034
2987.483	0.0341
2987.724	0.0342
2987.966	0.0344
2988.207	0.0346
2988.448	0.0347
2988.689	0.0349
2988.93	0.0351
2989.171	0.0353
2989.412	0.0355
2989.653	0.0356
2989.894	0.0357
2990.135	0.0359
2990.376	0.036
2990.617	0.0362
2990.858	0.0364
2991.099	0.0367
2991.34	0.0369
2991.582	0.037
2991.823	0.0371
2992.063	0.0373
2992.305	0.0375
2992.546	0.0378
2992.787	0.0382
2993.028	0.0387
2993.269	0.0391
2993.51	0.0394
2993.751	0.0398
2993.992	0.0401
2994.233	0.0405
2994.474	0.0409
2994.715	0.0414
2994.956	0.0419
2995.197	0.0424
2995.438	0.0428
2995.679	0.0433
2995.921	0.0439
2996.162	0.0445
2996.403	0.0451
2996.644	0.0458
2996.885	0.0466
2997.126	0.0474
2997.367	0.0481
2997.608	0.049
2997.849	0.0499
2998.09	0.051
2998.331	0.052
2998.572	0.053
2998.813	0.0541
2999.054	0.0554
2999.295	0.0566
2999.537	0.0579
2999.778	0.0592
3000.019	0.0606
3000.26	0.062
3000.501	0.0633
3000.742	0.0647
3000.983	0.0662
3001.224	0.0677
3001.465	0.0692
3001.706	0.0708
3001.947	0.0724
3002.188	0.0739
3002.429	0.0754
3002.67	0.0769
3002.911	0.0784
3003.152	0.08
3003.394	0.0814
3003.635	0.0827
3003.876	0.084
3004.117	0.0853
3004.358	0.0865
3004.599	0.0876
3004.84	0.0888
3005.081	0.0899
3005.322	0.0909
3005.563	0.0919
3005.804	0.0928
3006.045	0.0937
3006.286	0.0944
3006.527	0.0949
3006.768	0.0955
3007.01	0.096
3007.25	0.0964
3007.491	0.0967
3007.733	0.097
3007.974	0.0973
3008.215	0.0975
3008.456	0.0975
3008.697	0.0975
3008.938	0.0974
3009.179	0.0972
3009.42	0.0968
3009.661	0.0964
3009.902	0.0962
3010.143	0.0958
3010.384	0.0953
3010.625	0.0947
3010.866	0.0941
3011.107	0.0936
3011.349	0.093
3011.59	0.0924
3011.831	0.0918
3012.072	0.0911
3012.313	0.0903
3012.554	0.0896
3012.795	0.0888
3013.036	0.0881
3013.277	0.0872
3013.518	0.0862
3013.759	0.0853
3014	0.0845
3014.241	0.0837
3014.482	0.083
3014.723	0.0822
3014.965	0.0815
3015.206	0.0806
3015.447	0.0798
3015.688	0.0789
3015.929	0.0781
3016.17	0.0773
3016.411	0.0765
3016.652	0.0757
3016.893	0.075
3017.134	0.0743
3017.375	0.0736
3017.616	0.073
3017.857	0.0723
3018.098	0.0717
3018.339	0.071
3018.58	0.0704
3018.822	0.0698
3019.063	0.0693
3019.304	0.0687
3019.545	0.0682
3019.786	0.0678
3020.027	0.0675
3020.268	0.0671
3020.509	0.0667
3020.75	0.0663
3020.991	0.066
3021.232	0.0657
3021.473	0.0654
3021.714	0.0653
3021.955	0.0651
3022.196	0.0648
3022.438	0.0645
3022.678	0.0642
3022.919	0.0641
3023.161	0.0639
3023.402	0.0637
3023.643	0.0636
3023.884	0.0635
3024.125	0.0633
3024.366	0.0632
3024.607	0.0631
3024.848	0.0632
3025.089	0.0631
3025.33	0.063
3025.571	0.063
3025.812	0.063
3026.053	0.063
3026.294	0.0629
3026.535	0.0629
3026.777	0.063
3027.018	0.063
3027.259	0.063
3027.5	0.063
3027.741	0.0631
3027.982	0.0632
3028.223	0.0631
3028.464	0.063
3028.705	0.063
3028.946	0.0631
3029.187	0.0632
3029.428	0.0633
3029.669	0.0634
3029.91	0.0635
3030.151	0.0636
3030.393	0.0637
3030.634	0.0638
3030.875	0.064
3031.116	0.0641
3031.357	0.0642
3031.598	0.0643
3031.839	0.0644
3032.08	0.0646
3032.321	0.0647
3032.562	0.0648
3032.803	0.065
3033.044	0.0652
3033.285	0.0653
3033.526	0.0655
3033.767	0.0657
3034.008	0.0658
3034.25	0.0659
3034.49	0.066
3034.732	0.0662
3034.973	0.0664
3035.214	0.0666
3035.455	0.0669
3035.696	0.0672
3035.937	0.0675
3036.178	0.0677
3036.419	0.0678
3036.66	0.068
3036.901	0.0682
3037.142	0.0684
3037.383	0.0687
3037.624	0.069
3037.865	0.0692
3038.106	0.0693
3038.347	0.0694
3038.589	0.0696
3038.83	0.0699
3039.071	0.0702
3039.312	0.0704
3039.553	0.0706
3039.794	0.0709
3040.035	0.0711
3040.276	0.0713
3040.517	0.0716
3040.758	0.072
3040.999	0.0723
3041.24	0.0726
3041.481	0.0728
3041.722	0.0731
3041.963	0.0733
3042.205	0.0734
3042.446	0.0737
3042.687	0.074
3042.928	0.0743
3043.169	0.0745
3043.41	0.0748
3043.651	0.0751
3043.892	0.0754
3044.133	0.0757
3044.374	0.076
3044.615	0.0764
3044.856	0.0767
3045.097	0.0769
3045.338	0.0771
3045.579	0.0774
3045.821	0.0778
3046.062	0.0781
3046.302	0.0785
3046.544	0.0789
3046.785	0.0793
3047.026	0.0796
3047.267	0.0798
3047.508	0.0801
3047.749	0.0804
3047.99	0.0806
3048.231	0.0809
3048.472	0.0812
3048.713	0.0816
3048.954	0.0819
3049.195	0.0822
3049.436	0.0825
3049.677	0.0828
3049.918	0.0831
3050.16	0.0834
3050.401	0.0838
3050.642	0.0843
3050.883	0.0847
3051.124	0.0851
3051.365	0.0854
3051.606	0.0858
3051.847	0.0863
3052.088	0.0866
3052.329	0.0869
3052.57	0.0873
3052.811	0.0877
3053.052	0.088
3053.293	0.0883
3053.534	0.0887
3053.775	0.089
3054.017	0.0893
3054.258	0.0896
3054.499	0.09
3054.74	0.0904
3054.981	0.0908
3055.222	0.0912
3055.463	0.0916
3055.704	0.092
3055.945	0.0923
3056.186	0.0927
3056.427	0.0931
3056.668	0.0935
3056.909	0.094
3057.15	0.0944
3057.391	0.0948
3057.633	0.0954
3057.874	0.0959
3058.115	0.0963
3058.356	0.0966
3058.597	0.0969
3058.838	0.0972
3059.079	0.0976
3059.32	0.098
3059.561	0.0985
3059.802	0.099
3060.043	0.0994
3060.284	0.0999
3060.525	0.1004
3060.766	0.1009
3061.007	0.1012
3061.249	0.1015
3061.49	0.1019
3061.73	0.1024
3061.972	0.1028
3062.213	0.1031
3062.454	0.1035
3062.695	0.104
3062.936	0.1045
3063.177	0.1049
3063.418	0.1054
3063.659	0.1059
3063.9	0.1063
3064.141	0.1067
3064.382	0.1072
3064.623	0.1077
3064.864	0.1083
3065.105	0.1087
3065.346	0.1091
3065.588	0.1095
3065.829	0.1099
3066.07	0.1103
3066.311	0.1108
3066.552	0.1112
3066.793	0.1117
3067.034	0.1121
3067.275	0.1126
3067.516	0.1132
3067.757	0.1137
3067.998	0.1142
3068.239	0.1148
3068.48	0.1153
3068.721	0.1159
3068.962	0.1164
3069.203	0.1169
3069.445	0.1174
3069.686	0.118
3069.927	0.1185
3070.168	0.119
3070.409	0.1195
3070.65	0.1201
3070.891	0.1206
3071.132	0.121
3071.373	0.1214
3071.614	0.1219
3071.855	0.1224
3072.096	0.1229
3072.337	0.1235
3072.578	0.1241
3072.819	0.1246
3073.061	0.125
3073.302	0.1255
3073.542	0.126
3073.784	0.1266
3074.025	0.1271
3074.266	0.1276
3074.507	0.1282
3074.748	0.1288
3074.989	0.1293
3075.23	0.1298
3075.471	0.1304
3075.712	0.1309
3075.953	0.1314
3076.194	0.1318
3076.435	0.1324
3076.677	0.1329
3076.917	0.1334
3077.158	0.1339
3077.4	0.1343
3077.641	0.1347
3077.882	0.1352
3078.123	0.1359
3078.364	0.1367
3078.605	0.1375
3078.846	0.1381
3079.087	0.1387
3079.328	0.1394
3079.569	0.14
3079.81	0.1405
3080.051	0.1409
3080.292	0.1414
3080.533	0.142
3080.774	0.1426
3081.016	0.1432
3081.257	0.1439
3081.498	0.1446
3081.739	0.1453
3081.98	0.1459
3082.221	0.1465
3082.462	0.1473
3082.703	0.1479
3082.944	0.1484
3083.185	0.1488
3083.426	0.1492
3083.667	0.1497
3083.908	0.1503
3084.149	0.1509
3084.39	0.1518
3084.631	0.1527
3084.873	0.1534
3085.114	0.1539
3085.355	0.1545
3085.596	0.1551
3085.837	0.1556
3086.078	0.1563
3086.319	0.1569
3086.56	0.1576
3086.801	0.1582
3087.042	0.1587
3087.283	0.1594
3087.524	0.1602
3087.765	0.1608
3088.006	0.1614
3088.247	0.1621
3088.489	0.1628
3088.729	0.1634
3088.97	0.164
3089.212	0.1647
3089.453	0.1654
3089.694	0.166
3089.935	0.1664
3090.176	0.167
3090.417	0.1677
3090.658	0.1685
3090.899	0.1692
3091.14	0.1699
3091.381	0.1706
3091.622	0.1712
3091.863	0.1718
3092.104	0.1725
3092.345	0.1733
3092.586	0.174
3092.828	0.1747
3093.069	0.1753
3093.31	0.176
3093.551	0.1767
3093.792	0.1774
3094.033	0.1781
3094.274	0.1788
3094.515	0.1795
3094.756	0.1802
3094.997	0.181
3095.238	0.1817
3095.479	0.1825
3095.72	0.1831
3095.961	0.1837
3096.202	0.1843
3096.444	0.1849
3096.685	0.1856
3096.926	0.1863
3097.167	0.187
3097.408	0.1878
3097.649	0.1884
3097.89	0.1891
3098.131	0.1898
3098.372	0.1906
3098.613	0.1913
3098.854	0.192
3099.095	0.1927
3099.336	0.1935
3099.577	0.1942
3099.818	0.1948
3100.059	0.1955
3100.301	0.1963
3100.542	0.197
3100.783	0.1977
3101.024	0.1985
3101.265	0.1993
3101.506	0.2001
3101.747	0.2009
3101.988	0.2016
3102.229	0.2023
3102.47	0.2031
3102.711	0.2038
3102.952	0.2045
3103.193	0.2052
3103.434	0.206
3103.675	0.2067
3103.917	0.2074
3104.157	0.2081
3104.398	0.2089
3104.64	0.2096
3104.881	0.2103
3105.122	0.2111
3105.363	0.212
3105.604	0.2128
3105.845	0.2135
3106.086	0.2142
3106.327	0.2149
3106.568	0.2156
3106.809	0.2163
3107.05	0.2169
3107.291	0.2177
3107.532	0.2184
3107.773	0.2191
3108.014	0.2198
3108.256	0.2205
3108.497	0.2212
3108.738	0.2221
3108.979	0.2231
3109.22	0.224
3109.461	0.2249
3109.702	0.2255
3109.943	0.2261
3110.184	0.2269
3110.425	0.2277
3110.666	0.2284
3110.907	0.2291
3111.148	0.2298
3111.389	0.2307
3111.63	0.2316
3111.872	0.2324
3112.113	0.2331
3112.354	0.2339
3112.595	0.2347
3112.836	0.2355
3113.077	0.2362
3113.318	0.2371
3113.559	0.2379
3113.8	0.2387
3114.041	0.2394
3114.282	0.2401
3114.523	0.2407
3114.764	0.2413
3115.005	0.2419
3115.246	0.2428
3115.487	0.2437
3115.729	0.2445
3115.969	0.2452
3116.211	0.2458
3116.452	0.2465
3116.693	0.2473
3116.934	0.2482
3117.175	0.2493
3117.416	0.2504
3117.657	0.2513
3117.898	0.252
3118.139	0.2529
3118.38	0.2538
3118.621	0.2546
3118.862	0.2553
3119.103	0.256
3119.344	0.2567
3119.585	0.2573
3119.826	0.2579
3120.068	0.2585
3120.309	0.2594
3120.55	0.2605
3120.791	0.2616
3121.032	0.2626
3121.273	0.2636
3121.514	0.2644
3121.755	0.2652
3121.996	0.2659
3122.237	0.2668
3122.478	0.2677
3122.719	0.2685
3122.96	0.2694
3123.201	0.2702
3123.442	0.271
3123.684	0.2716
3123.925	0.2724
3124.166	0.2733
3124.407	0.2743
3124.648	0.2752
3124.889	0.276
3125.13	0.2769
3125.371	0.2777
3125.612	0.2785
3125.853	0.2792
3126.094	0.28
3126.335	0.281
3126.576	0.2818
3126.817	0.2826
3127.058	0.2834
3127.3	0.2843
3127.541	0.2851
3127.781	0.2858
3128.023	0.2866
3128.264	0.2875
3128.505	0.2884
3128.746	0.2891
3128.987	0.2899
3129.228	0.2906
3129.469	0.2914
3129.71	0.2922
3129.951	0.2932
3130.192	0.2942
3130.433	0.2952
3130.674	0.2959
3130.915	0.2967
3131.156	0.2976
3131.397	0.2984
3131.639	0.2993
3131.88	0.3001
3132.121	0.3011
3132.362	0.3021
3132.603	0.3029
3132.844	0.3038
3133.085	0.3046
3133.326	0.3055
3133.567	0.3063
3133.808	0.307
3134.049	0.3079
3134.29	0.3088
3134.531	0.3096
3134.772	0.3104
3135.013	0.3111
3135.254	0.3119
3135.496	0.3127
3135.737	0.3135
3135.978	0.3145
3136.219	0.3156
3136.46	0.3166
3136.701	0.3175
3136.942	0.3183
3137.183	0.3193
3137.424	0.3201
3137.665	0.3209
3137.906	0.3216
3138.147	0.3225
3138.388	0.3233
3138.629	0.3242
3138.87	0.325
3139.112	0.3258
3139.353	0.3267
3139.594	0.3277
3139.835	0.3287
3140.076	0.3298
3140.317	0.3309
3140.558	0.3317
3140.799	0.3324
3141.04	0.3332
3141.281	0.3341
3141.522	0.335
3141.763	0.3357
3142.004	0.3365
3142.245	0.3374
3142.486	0.3382
3142.728	0.339
3142.969	0.3399
3143.209	0.3409
3143.451	0.3418
3143.692	0.3426
3143.933	0.3434
3144.174	0.3444
3144.415	0.3454
3144.656	0.3463
3144.897	0.3472
3145.138	0.3482
3145.379	0.3491
3145.62	0.3498
3145.861	0.3506
3146.102	0.3515
3146.343	0.3525
3146.584	0.3534
3146.825	0.3543
3147.067	0.3552
3147.308	0.3562
3147.549	0.357
3147.79	0.3577
3148.031	0.3586
3148.272	0.3595
3148.513	0.3604
3148.754	0.3612
3148.995	0.362
3149.236	0.3629
3149.477	0.3637
3149.718	0.3646
3149.959	0.3655
3150.2	0.3665
3150.441	0.3674
3150.682	0.3681
3150.924	0.3688
3151.165	0.3695
3151.406	0.37
3151.647	0.3704
3151.888	0.3709
3152.129	0.3718
3152.37	0.3731
3152.611	0.3745
3152.852	0.376
3153.093	0.3772
3153.334	0.3781
3153.575	0.379
3153.816	0.3799
3154.057	0.3809
3154.298	0.3818
3154.54	0.3825
3154.781	0.3833
3155.021	0.3843
3155.263	0.3852
3155.504	0.3861
3155.745	0.387
3155.986	0.388
3156.227	0.3891
3156.468	0.3901
3156.709	0.391
3156.95	0.3919
3157.191	0.3927
3157.432	0.3934
3157.673	0.394
3157.914	0.3948
3158.156	0.3958
3158.396	0.3967
3158.637	0.3974
3158.879	0.3983
3159.12	0.3992
3159.361	0.4002
3159.602	0.4011
3159.843	0.402
3160.084	0.403
3160.325	0.4039
3160.566	0.4048
3160.807	0.4057
3161.048	0.4067
3161.289	0.4077
3161.53	0.4086
3161.771	0.4094
3162.012	0.4103
3162.253	0.4112
3162.495	0.412
3162.736	0.4129
3162.977	0.4139
3163.218	0.4149
3163.459	0.4157
3163.7	0.4165
3163.941	0.4174
3164.182	0.4183
3164.423	0.4189
3164.664	0.4196
3164.905	0.4206
3165.146	0.4216
3165.387	0.4227
3165.628	0.4236
3165.869	0.4246
3166.11	0.4255
3166.352	0.4262
3166.593	0.4269
3166.834	0.4277
3167.075	0.4287
3167.316	0.4295
3167.557	0.4303
3167.798	0.4312
3168.039	0.4322
3168.28	0.4333
3168.521	0.4342
3168.762	0.4352
3169.003	0.4363
3169.244	0.4371
3169.485	0.4378
3169.726	0.4385
3169.968	0.4394
3170.208	0.4403
3170.449	0.441
3170.691	0.4418
3170.932	0.4428
3171.173	0.444
3171.414	0.4451
3171.655	0.4461
3171.896	0.447
3172.137	0.4478
3172.378	0.4484
3172.619	0.4489
3172.86	0.4497
3173.101	0.4507
3173.342	0.4517
3173.583	0.4526
3173.824	0.4534
3174.065	0.4544
3174.307	0.4553
3174.548	0.4563
3174.789	0.4573
3175.03	0.4584
3175.271	0.4593
3175.512	0.4602
3175.753	0.4611
3175.994	0.4622
3176.235	0.4631
3176.476	0.4637
3176.717	0.4643
3176.958	0.465
3177.199	0.4658
3177.44	0.4667
3177.681	0.4675
3177.923	0.4685
3178.164	0.4694
3178.405	0.4702
3178.646	0.4711
3178.887	0.4721
3179.128	0.4731
3179.369	0.474
3179.61	0.4749
3179.851	0.4757
3180.092	0.4765
3180.333	0.4772
3180.574	0.4779
3180.815	0.4788
3181.056	0.4797
3181.297	0.4806
3181.538	0.4816
3181.78	0.4828
3182.021	0.4839
3182.262	0.4847
3182.503	0.4853
3182.744	0.486
3182.985	0.487
3183.226	0.4878
3183.467	0.4887
3183.708	0.4896
3183.949	0.4907
3184.19	0.4916
3184.431	0.4923
3184.672	0.4931
3184.913	0.494
3185.154	0.4949
3185.396	0.4957
3185.636	0.4965
3185.877	0.4974
3186.119	0.4982
3186.36	0.4988
3186.601	0.4996
3186.842	0.5006
3187.083	0.5017
3187.324	0.5026
3187.565	0.5033
3187.806	0.5041
3188.047	0.5049
3188.288	0.5055
3188.529	0.5062
3188.77	0.5072
3189.011	0.5083
3189.252	0.5093
3189.493	0.5101
3189.735	0.511
3189.976	0.5119
3190.217	0.5126
3190.458	0.5133
3190.699	0.5141
3190.94	0.5151
3191.181	0.5162
3191.422	0.5171
3191.663	0.518
3191.904	0.5188
3192.145	0.5195
3192.386	0.5201
3192.627	0.5209
3192.868	0.5219
3193.109	0.5228
3193.351	0.5236
3193.592	0.5245
3193.833	0.5255
3194.074	0.5263
3194.315	0.5268
3194.556	0.5274
3194.797	0.5284
3195.038	0.5295
3195.279	0.5305
3195.52	0.5314
3195.761	0.5324
3196.002	0.5334
3196.243	0.534
3196.484	0.5345
3196.725	0.5353
3196.966	0.5363
3197.208	0.5371
3197.448	0.538
3197.69	0.5389
3197.931	0.5397
3198.172	0.5404
3198.413	0.541
3198.654	0.5418
3198.895	0.5429
3199.136	0.5439
3199.377	0.5446
3199.618	0.5452
3199.859	0.546
3200.1	0.5467
3200.341	0.5474
3200.582	0.5483
3200.823	0.5493
3201.064	0.5501
3201.305	0.5507
3201.547	0.5514
3201.788	0.5525
3202.029	0.5536
3202.27	0.5544
3202.511	0.555
3202.752	0.5558
3202.993	0.5566
3203.234	0.5573
3203.475	0.558
3203.716	0.559
3203.957	0.56
3204.198	0.5607
3204.439	0.5613
3204.68	0.562
3204.921	0.5628
3205.163	0.5634
3205.404	0.564
3205.645	0.5649
3205.886	0.566
3206.127	0.5668
3206.368	0.5675
3206.609	0.5683
3206.85	0.5691
3207.091	0.5697
3207.332	0.5703
3207.573	0.571
3207.814	0.572
3208.055	0.573
3208.296	0.5736
3208.537	0.5743
3208.779	0.5751
3209.02	0.5759
3209.26	0.5766
3209.502	0.5772
3209.743	0.578
3209.984	0.5789
3210.225	0.5797
3210.466	0.5805
3210.707	0.5814
3210.948	0.5822
3211.189	0.5828
3211.43	0.5834
3211.671	0.5842
3211.912	0.585
3212.153	0.5857
3212.394	0.5864
3212.635	0.5872
3212.876	0.5881
3213.118	0.5887
3213.359	0.5891
3213.6	0.5898
3213.841	0.5907
3214.082	0.5915
3214.323	0.5922
3214.564	0.5932
3214.805	0.5941
3215.046	0.5948
3215.287	0.5952
3215.528	0.5957
3215.769	0.5964
3216.01	0.5971
3216.251	0.5978
3216.492	0.5986
3216.733	0.5996
3216.975	0.6005
3217.216	0.601
3217.457	0.6014
3217.698	0.602
3217.939	0.6027
3218.18	0.6033
3218.421	0.604
3218.662	0.605
3218.903	0.6059
3219.144	0.6066
3219.385	0.6072
3219.626	0.608
3219.867	0.6088
3220.108	0.6093
3220.349	0.6097
3220.591	0.6104
3220.832	0.6111
3221.073	0.6118
3221.314	0.6125
3221.555	0.6133
3221.796	0.6142
3222.037	0.6148
3222.278	0.6152
3222.519	0.6158
3222.76	0.6166
3223.001	0.6174
3223.242	0.618
3223.483	0.6187
3223.724	0.6194
3223.965	0.62
3224.207	0.6205
3224.448	0.6212
3224.688	0.622
3224.93	0.6225
3225.171	0.6229
3225.412	0.6234
3225.653	0.6244
3225.894	0.6252
3226.135	0.6257
3226.376	0.6262
3226.617	0.6268
3226.858	0.6275
3227.099	0.6281
3227.34	0.6287
3227.581	0.6297
3227.822	0.6307
3228.063	0.6314
3228.304	0.6319
3228.546	0.6325
3228.787	0.6331
3229.028	0.6335
3229.269	0.6339
3229.51	0.6345
3229.751	0.6351
3229.992	0.6355
3230.233	0.6357
3230.474	0.6361
3230.715	0.6368
3230.956	0.6374
3231.197	0.6379
3231.438	0.6386
3231.679	0.6395
3231.92	0.64
3232.161	0.6402
3232.403	0.64
3232.644	0.6398
3232.885	0.6395
3233.126	0.6397
3233.367	0.641
3233.608	0.6432
3233.849	0.6454
3234.09	0.6466
3234.331	0.6474
3234.572	0.648
3234.813	0.6486
3235.054	0.649
3235.295	0.6493
3235.536	0.6499
3235.777	0.6506
3236.019	0.6511
3236.26	0.6513
3236.501	0.6518
3236.742	0.6524
3236.983	0.6529
3237.224	0.6533
3237.465	0.6539
3237.706	0.6546
3237.947	0.655
3238.188	0.6552
3238.429	0.6558
3238.67	0.6568
3238.911	0.6576
3239.152	0.6581
3239.393	0.6586
3239.635	0.6591
3239.875	0.6594
3240.116	0.6596
3240.358	0.6601
3240.599	0.6609
3240.84	0.6617
3241.081	0.6623
3241.322	0.6628
3241.563	0.6634
3241.804	0.6638
3242.045	0.664
3242.286	0.6643
3242.527	0.665
3242.768	0.6656
3243.009	0.666
3243.25	0.6663
3243.491	0.667
3243.732	0.6678
3243.974	0.6681
3244.215	0.6685
3244.456	0.6691
3244.697	0.6698
3244.938	0.6701
3245.179	0.6702
3245.42	0.6705
3245.661	0.6711
3245.902	0.6715
3246.143	0.6716
3246.384	0.6719
3246.625	0.6726
3246.866	0.6733
3247.107	0.6741
3247.348	0.6751
3247.589	0.676
3247.831	0.6765
3248.072	0.6767
3248.313	0.6772
3248.554	0.678
3248.795	0.6787
3249.036	0.6789
3249.277	0.6792
3249.518	0.6798
3249.759	0.6804
3250	0.6806
3250.241	0.6809
3250.482	0.6816
3250.723	0.6824
3250.964	0.6828
3251.205	0.6829
3251.447	0.6831
3251.688	0.6834
3251.929	0.6835
3252.17	0.6837
3252.411	0.6844
3252.652	0.6851
3252.893	0.6854
3253.134	0.6855
3253.375	0.6859
3253.616	0.6867
3253.857	0.6874
3254.098	0.6878
3254.339	0.6881
3254.58	0.6884
3254.821	0.6885
3255.063	0.6886
3255.303	0.689
3255.544	0.6899
3255.786	0.6906
3256.027	0.6909
3256.268	0.6914
3256.509	0.6921
3256.75	0.6928
3256.991	0.693
3257.232	0.6931
3257.473	0.6936
3257.714	0.6941
3257.955	0.6944
3258.196	0.6948
3258.437	0.6952
3258.678	0.6955
3258.919	0.6955
3259.16	0.6954
3259.402	0.6959
3259.643	0.6968
3259.884	0.6974
3260.125	0.6979
3260.366	0.6984
3260.607	0.699
3260.848	0.6993
3261.089	0.6995
3261.33	0.7
3261.571	0.7007
3261.812	0.7011
3262.053	0.7011
3262.294	0.7011
3262.535	0.7015
3262.776	0.7018
3263.017	0.7019
3263.259	0.7022
3263.5	0.7026
3263.741	0.7028
3263.982	0.7028
3264.223	0.703
3264.464	0.7035
3264.705	0.704
3264.946	0.7044
3265.187	0.705
3265.428	0.7059
3265.669	0.7065
3265.91	0.7065
3266.151	0.7063
3266.392	0.7065
3266.633	0.7067
3266.875	0.7068
3267.115	0.7069
3267.357	0.7074
3267.598	0.708
3267.839	0.7084
3268.08	0.7085
3268.321	0.7087
3268.562	0.7089
3268.803	0.7088
3269.044	0.7086
3269.285	0.7088
3269.526	0.7092
3269.767	0.7092
3270.008	0.709
3270.249	0.7088
3270.49	0.7086
3270.731	0.7082
3270.972	0.708
3271.214	0.7087
3271.455	0.7105
3271.696	0.7121
3271.937	0.7129
3272.178	0.7132
3272.419	0.7136
3272.66	0.714
3272.901	0.7142
3273.142	0.7143
3273.383	0.7148
3273.624	0.715
3273.865	0.7148
3274.106	0.7145
3274.347	0.7146
3274.588	0.7148
3274.83	0.715
3275.071	0.7153
3275.312	0.7159
3275.553	0.7164
3275.794	0.7163
3276.035	0.7162
3276.276	0.7166
3276.517	0.7171
3276.758	0.717
3276.999	0.7166
3277.24	0.7166
3277.481	0.7171
3277.722	0.7177
3277.963	0.7178
3278.204	0.718
3278.445	0.7183
3278.687	0.7186
3278.927	0.7185
3279.169	0.7185
3279.41	0.7185
3279.651	0.7183
3279.892	0.7182
3280.133	0.7185
3280.374	0.719
3280.615	0.7194
3280.856	0.7193
3281.097	0.7193
3281.338	0.7196
3281.579	0.72
3281.82	0.7202
3282.061	0.7205
3282.302	0.7208
3282.543	0.7209
3282.785	0.7205
3283.026	0.7202
3283.267	0.7203
3283.508	0.7206
3283.749	0.7206
3283.99	0.7205
3284.231	0.7206
3284.472	0.7209
3284.713	0.7211
3284.954	0.7212
3285.195	0.7216
3285.436	0.7219
3285.677	0.7219
3285.918	0.7217
3286.159	0.7218
3286.4	0.722
3286.642	0.7219
3286.883	0.7216
3287.124	0.7215
3287.365	0.7218
3287.606	0.722
3287.847	0.722
3288.088	0.7222
3288.329	0.7226
3288.57	0.7228
3288.811	0.7227
3289.052	0.7226
3289.293	0.7227
3289.534	0.7224
3289.775	0.7218
3290.016	0.7213
3290.258	0.7213
3290.499	0.7215
3290.74	0.7212
3290.981	0.7206
3291.222	0.7199
3291.463	0.7193
3291.704	0.7191
3291.945	0.7195
3292.186	0.7207
3292.427	0.7219
3292.668	0.7223
3292.909	0.7222
3293.15	0.7222
3293.391	0.7223
3293.632	0.722
3293.873	0.7216
3294.115	0.7213
3294.355	0.7213
3294.597	0.7213
3294.838	0.7211
3295.079	0.7212
3295.32	0.7215
3295.561	0.7215
3295.802	0.7213
3296.043	0.7212
3296.284	0.7214
3296.525	0.7217
3296.766	0.7218
3297.007	0.7219
3297.248	0.7222
3297.489	0.7222
3297.73	0.7219
3297.971	0.7214
3298.213	0.7211
3298.454	0.7208
3298.695	0.7204
3298.936	0.7201
3299.177	0.7203
3299.418	0.7208
3299.659	0.7209
3299.9	0.7207
3300.141	0.7205
3300.382	0.7203
3300.623	0.7198
3300.864	0.7192
3301.105	0.7191
3301.346	0.7194
3301.587	0.7196
3301.828	0.7193
3302.07	0.719
3302.311	0.7189
3302.552	0.7187
3302.793	0.7184
3303.034	0.7181
3303.275	0.718
3303.516	0.7173
3303.757	0.7159
3303.998	0.7143
3304.239	0.7132
3304.48	0.7127
3304.721	0.7131
3304.962	0.714
3305.203	0.7151
3305.444	0.7154
3305.686	0.7145
3305.927	0.7132
3306.167	0.7126
3306.409	0.7131
3306.65	0.7142
3306.891	0.7156
3307.132	0.7168
3307.373	0.7172
3307.614	0.7167
3307.855	0.7159
3308.096	0.7153
3308.337	0.7149
3308.578	0.7142
3308.819	0.7136
3309.06	0.7136
3309.301	0.714
3309.542	0.7141
3309.783	0.714
3310.025	0.714
3310.266	0.7142
3310.507	0.7142
3310.748	0.7139
3310.989	0.7139
3311.23	0.7142
3311.471	0.714
3311.712	0.7133
3311.953	0.7126
3312.194	0.7124
3312.435	0.7122
3312.676	0.7119
3312.917	0.7116
3313.158	0.7117
3313.399	0.7117
3313.641	0.7113
3313.882	0.7109
3314.123	0.7109
3314.364	0.711
3314.605	0.7107
3314.846	0.7102
3315.087	0.71
3315.328	0.7099
3315.569	0.7094
3315.81	0.7087
3316.051	0.7085
3316.292	0.7085
3316.533	0.7085
3316.774	0.7082
3317.015	0.708
3317.256	0.7079
3317.498	0.7075
3317.739	0.7068
3317.98	0.7064
3318.221	0.7064
3318.462	0.7061
3318.703	0.7055
3318.944	0.7052
3319.185	0.7054
3319.426	0.7055
3319.667	0.7052
3319.908	0.7048
3320.149	0.7046
3320.39	0.7043
3320.631	0.7038
3320.872	0.7033
3321.114	0.7031
3321.354	0.703
3321.595	0.7028
3321.837	0.7027
3322.078	0.7029
3322.319	0.7029
3322.56	0.7023
3322.801	0.7016
3323.042	0.7011
3323.283	0.7009
3323.524	0.7006
3323.765	0.7001
3324.006	0.7
3324.247	0.7
3324.488	0.6994
3324.729	0.6983
3324.97	0.6972
3325.211	0.6966
3325.453	0.6962
3325.694	0.6962
3325.935	0.6967
3326.176	0.6973
3326.417	0.6976
3326.658	0.6974
3326.899	0.6971
3327.14	0.6969
3327.381	0.6964
3327.622	0.6955
3327.863	0.6949
3328.104	0.695
3328.345	0.6951
3328.586	0.6947
3328.827	0.6941
3329.069	0.6937
3329.31	0.6935
3329.551	0.6931
3329.792	0.6928
3330.033	0.6927
3330.274	0.6927
3330.515	0.6923
3330.756	0.6918
3330.997	0.6916
3331.238	0.6916
3331.479	0.6912
3331.72	0.6907
3331.961	0.6904
3332.202	0.6902
3332.443	0.6898
3332.684	0.6892
3332.926	0.6889
3333.167	0.6887
3333.408	0.6884
3333.649	0.6878
3333.89	0.6874
3334.131	0.6872
3334.372	0.6866
3334.613	0.6859
3334.854	0.6857
3335.095	0.6861
3335.336	0.6863
3335.577	0.6858
3335.818	0.685
3336.059	0.6843
3336.3	0.6838
3336.542	0.6832
3336.782	0.6828
3337.023	0.6828
3337.265	0.6826
3337.506	0.682
3337.747	0.6812
3337.988	0.6806
3338.229	0.6801
3338.47	0.6795
3338.711	0.6792
3338.952	0.6798
3339.193	0.6805
3339.434	0.6806
3339.675	0.6802
3339.916	0.6799
3340.157	0.6797
3340.398	0.6793
3340.639	0.6787
3340.881	0.6784
3341.122	0.6783
3341.363	0.6778
3341.604	0.677
3341.845	0.6763
3342.086	0.6759
3342.327	0.6753
3342.568	0.6747
3342.809	0.6747
3343.05	0.6752
3343.291	0.6754
3343.532	0.6749
3343.773	0.6743
3344.014	0.674
3344.255	0.6737
3344.497	0.673
3344.738	0.6725
3344.979	0.6726
3345.22	0.6728
3345.461	0.6725
3345.702	0.6718
3345.943	0.6711
3346.184	0.6704
3346.425	0.6698
3346.666	0.6693
3346.907	0.6694
3347.148	0.6694
3347.389	0.6688
3347.63	0.668
3347.871	0.6674
3348.112	0.6672
3348.354	0.6669
3348.594	0.6664
3348.836	0.666
3349.077	0.6658
3349.318	0.665
3349.559	0.6638
3349.8	0.6628
3350.041	0.6623
3350.282	0.6621
3350.523	0.6622
3350.764	0.6625
3351.005	0.663
3351.246	0.6632
3351.487	0.6629
3351.728	0.6626
3351.969	0.6626
3352.21	0.6624
3352.451	0.6618
3352.693	0.6613
3352.934	0.661
3353.175	0.6607
3353.416	0.6602
3353.657	0.6598
3353.898	0.6598
3354.139	0.6597
3354.38	0.6591
3354.621	0.6583
3354.862	0.6578
3355.103	0.6577
3355.344	0.6575
3355.585	0.6571
3355.826	0.6567
3356.067	0.6564
3356.309	0.6557
3356.55	0.655
3356.791	0.6548
3357.032	0.6547
3357.273	0.6542
3357.514	0.6534
3357.755	0.6528
3357.996	0.6526
3358.237	0.6526
3358.478	0.6523
3358.719	0.652
3358.96	0.6517
3359.201	0.6511
3359.442	0.6503
3359.683	0.6498
3359.925	0.6496
3360.166	0.6492
3360.406	0.6487
3360.648	0.6483
3360.889	0.6483
3361.13	0.6482
3361.371	0.6475
3361.612	0.6469
3361.853	0.6467
3362.094	0.6467
3362.335	0.6463
3362.576	0.6456
3362.817	0.6451
3363.058	0.6447
3363.299	0.6442
3363.54	0.6437
3363.781	0.6435
3364.022	0.6435
3364.264	0.6431
3364.505	0.6425
3364.746	0.6421
3364.987	0.6418
3365.228	0.6411
3365.469	0.64
3365.71	0.6393
3365.951	0.639
3366.192	0.6388
3366.433	0.6386
3366.674	0.6384
3366.915	0.6381
3367.156	0.6375
3367.397	0.6366
3367.638	0.6359
3367.879	0.6357
3368.121	0.6354
3368.362	0.6347
3368.603	0.6336
3368.844	0.6323
3369.085	0.6309
3369.326	0.6298
3369.567	0.63
3369.808	0.6317
3370.049	0.6334
3370.29	0.634
3370.531	0.6337
3370.772	0.6333
3371.013	0.633
3371.254	0.6324
3371.495	0.6316
3371.737	0.6312
3371.978	0.6309
3372.219	0.6303
3372.46	0.6295
3372.701	0.6291
3372.942	0.6291
3373.183	0.6289
3373.424	0.6283
3373.665	0.6279
3373.906	0.6276
3374.147	0.6271
3374.388	0.6262
3374.629	0.6256
3374.87	0.6252
3375.111	0.6247
3375.353	0.6239
3375.594	0.6233
3375.834	0.623
3376.076	0.6226
3376.317	0.622
3376.558	0.6217
3376.799	0.6218
3377.04	0.622
3377.281	0.6217
3377.522	0.6212
3377.763	0.6209
3378.004	0.6206
3378.245	0.6199
3378.486	0.619
3378.727	0.6185
3378.968	0.6181
3379.209	0.6173
3379.45	0.6165
3379.692	0.6162
3379.933	0.616
3380.174	0.6155
3380.415	0.6147
3380.656	0.6142
3380.897	0.6141
3381.138	0.6139
3381.379	0.6134
3381.62	0.613
3381.861	0.6127
3382.102	0.6121
3382.343	0.6112
3382.584	0.6108
3382.825	0.6109
3383.066	0.6107
3383.307	0.6101
3383.549	0.6094
3383.79	0.6091
3384.031	0.6086
3384.272	0.6078
3384.513	0.6071
3384.754	0.6069
3384.995	0.6067
3385.236	0.6059
3385.477	0.6051
3385.718	0.6046
3385.959	0.6042
3386.2	0.6036
3386.441	0.6029
3386.682	0.6026
3386.923	0.6025
3387.165	0.6021
3387.406	0.6014
3387.646	0.6009
3387.888	0.6004
3388.129	0.5997
3388.37	0.5988
3388.611	0.5982
3388.852	0.5979
3389.093	0.5973
3389.334	0.5964
3389.575	0.5957
3389.816	0.5952
3390.057	0.5945
3390.298	0.5934
3390.539	0.5923
3390.781	0.5913
3391.021	0.5902
3391.262	0.5889
3391.504	0.5881
3391.745	0.5886
3391.986	0.5897
3392.227	0.5905
3392.468	0.5908
3392.709	0.5907
3392.95	0.5903
3393.191	0.5895
3393.432	0.5886
3393.673	0.5881
3393.914	0.5878
3394.155	0.5872
3394.396	0.5865
3394.637	0.5859
3394.878	0.5856
3395.12	0.5852
3395.361	0.5845
3395.602	0.5838
3395.843	0.583
3396.084	0.5818
3396.325	0.5806
3396.566	0.58
3396.807	0.58
3397.048	0.5798
3397.289	0.5791
3397.53	0.5783
3397.771	0.5777
3398.012	0.577
3398.253	0.576
3398.494	0.5749
3398.735	0.574
3398.977	0.5729
3399.218	0.5715
3399.459	0.5706
3399.7	0.5705
3399.941	0.5708
3400.182	0.5707
3400.423	0.5701
3400.664	0.5694
3400.905	0.5688
3401.146	0.5683
3401.387	0.5682
3401.628	0.5684
3401.869	0.5687
3402.11	0.5685
3402.351	0.5679
3402.593	0.5674
3402.833	0.5669
3403.074	0.5661
3403.316	0.5651
3403.557	0.5642
3403.798	0.5636
3404.039	0.563
3404.28	0.5622
3404.521	0.5616
3404.762	0.5612
3405.003	0.5605
3405.244	0.5597
3405.485	0.5592
3405.726	0.5589
3405.967	0.5585
3406.208	0.5576
3406.449	0.5567
3406.69	0.556
3406.932	0.5553
3407.173	0.5544
3407.414	0.5536
3407.655	0.5531
3407.896	0.5527
3408.137	0.5517
3408.378	0.5506
3408.619	0.5499
3408.86	0.5495
3409.101	0.5491
3409.342	0.5488
3409.583	0.5486
3409.824	0.5481
3410.065	0.5471
3410.306	0.5459
3410.548	0.5451
3410.789	0.5445
3411.03	0.5437
3411.271	0.5428
3411.512	0.5421
3411.753	0.5416
3411.994	0.5408
3412.235	0.5397
3412.476	0.539
3412.717	0.5387
3412.958	0.5383
3413.199	0.5377
3413.44	0.5372
3413.681	0.5368
3413.922	0.5363
3414.163	0.5354
3414.405	0.5346
3414.646	0.534
3414.887	0.5332
3415.128	0.5321
3415.369	0.5312
3415.61	0.5306
3415.851	0.53
3416.092	0.5291
3416.333	0.5283
3416.574	0.5278
3416.815	0.5274
3417.056	0.5267
3417.297	0.526
3417.538	0.5254
3417.779	0.5248
3418.021	0.5241
3418.261	0.5233
3418.502	0.5227
3418.744	0.522
3418.985	0.5211
3419.226	0.5201
3419.467	0.5194
3419.708	0.5188
3419.949	0.5181
3420.19	0.5172
3420.431	0.5164
3420.672	0.5158
3420.913	0.515
3421.154	0.514
3421.395	0.5132
3421.636	0.5127
3421.877	0.5122
3422.118	0.5115
3422.36	0.5108
3422.601	0.5101
3422.842	0.5092
3423.083	0.5081
3423.324	0.5072
3423.565	0.5066
3423.806	0.5059
3424.047	0.505
3424.288	0.504
3424.529	0.5034
3424.77	0.5026
3425.011	0.5017
3425.252	0.5009
3425.493	0.5004
3425.734	0.4999
3425.976	0.4992
3426.217	0.4983
3426.458	0.4976
3426.699	0.4969
3426.94	0.4958
3427.181	0.4945
3427.422	0.4935
3427.663	0.4927
3427.904	0.4918
3428.145	0.4909
3428.386	0.4904
3428.627	0.49
3428.868	0.4894
3429.109	0.4884
3429.35	0.4873
3429.591	0.4862
3429.833	0.4852
3430.073	0.4843
3430.315	0.4837
3430.556	0.4835
3430.797	0.483
3431.038	0.4821
3431.279	0.4813
3431.52	0.4806
3431.761	0.4799
3432.002	0.4788
3432.243	0.4779
3432.484	0.4773
3432.725	0.4766
3432.966	0.4755
3433.207	0.4742
3433.448	0.4731
3433.689	0.472
3433.93	0.4704
3434.172	0.4688
3434.413	0.4676
3434.654	0.4672
3434.895	0.4673
3435.136	0.4675
3435.377	0.4675
3435.618	0.467
3435.859	0.4659
3436.1	0.4646
3436.341	0.4634
3436.582	0.4624
3436.823	0.4614
3437.064	0.4604
3437.305	0.4597
3437.546	0.4593
3437.788	0.4587
3438.029	0.458
3438.27	0.4575
3438.511	0.4572
3438.752	0.4566
3438.993	0.4555
3439.234	0.4544
3439.475	0.4534
3439.716	0.4524
3439.957	0.4513
3440.198	0.4503
3440.439	0.4497
3440.68	0.4492
3440.921	0.4485
3441.162	0.4476
3441.404	0.4469
3441.645	0.446
3441.885	0.4448
3442.127	0.4436
3442.368	0.4426
3442.609	0.4416
3442.85	0.4405
3443.091	0.4395
3443.332	0.4389
3443.573	0.4383
3443.814	0.4374
3444.055	0.4363
3444.296	0.4356
3444.537	0.435
3444.778	0.4342
3445.019	0.4331
3445.26	0.4323
3445.501	0.4315
3445.743	0.4307
3445.984	0.4296
3446.225	0.4288
3446.466	0.4281
3446.707	0.4272
3446.948	0.4261
3447.189	0.4249
3447.43	0.424
3447.671	0.4232
3447.912	0.4223
3448.153	0.4214
3448.394	0.4206
3448.635	0.4197
3448.876	0.4187
3449.117	0.4176
3449.358	0.4168
3449.6	0.4161
3449.841	0.4152
3450.082	0.4142
3450.323	0.4135
3450.564	0.4129
3450.805	0.412
3451.046	0.411
3451.287	0.41
3451.528	0.4092
3451.769	0.4082
3452.01	0.4072
3452.251	0.4062
3452.492	0.4053
3452.733	0.4042
3452.974	0.4031
3453.216	0.4022
3453.457	0.4015
3453.698	0.4005
3453.939	0.3994
3454.18	0.3985
3454.421	0.3979
3454.662	0.3971
3454.903	0.3961
3455.144	0.3951
3455.385	0.3942
3455.626	0.3933
3455.867	0.3924
3456.108	0.3914
3456.349	0.3905
3456.59	0.3896
3456.832	0.3886
3457.073	0.3878
3457.313	0.3872
3457.555	0.3865
3457.796	0.3854
3458.037	0.3843
3458.278	0.3834
3458.519	0.3826
3458.76	0.3816
3459.001	0.3804
3459.242	0.3794
3459.483	0.3785
3459.724	0.3776
3459.965	0.3767
3460.206	0.3759
3460.447	0.3751
3460.688	0.3741
3460.929	0.373
3461.171	0.3721
3461.412	0.3714
3461.653	0.3706
3461.894	0.3696
3462.135	0.3686
3462.376	0.3678
3462.617	0.3669
3462.858	0.366
3463.099	0.3651
3463.34	0.3643
3463.581	0.3634
3463.822	0.3622
3464.063	0.3609
3464.304	0.3598
3464.545	0.3588
3464.786	0.3577
3465.028	0.3566
3465.269	0.3558
3465.51	0.3549
3465.751	0.3539
3465.992	0.3526
3466.233	0.3514
3466.474	0.3505
3466.715	0.3497
3466.956	0.3492
3467.197	0.3487
3467.438	0.3481
3467.679	0.347
3467.92	0.3456
3468.161	0.3444
3468.402	0.3433
3468.644	0.3422
3468.885	0.3412
3469.125	0.3406
3469.367	0.3402
3469.608	0.3397
3469.849	0.339
3470.09	0.3381
3470.331	0.3373
3470.572	0.3364
3470.813	0.3355
3471.054	0.3346
3471.295	0.3338
3471.536	0.3328
3471.777	0.3318
3472.018	0.3308
3472.26	0.33
3472.5	0.329
3472.741	0.3279
3472.983	0.3268
3473.224	0.326
3473.465	0.3252
3473.706	0.3244
3473.947	0.3234
3474.188	0.3226
3474.429	0.3219
3474.67	0.3209
3474.911	0.3198
3475.152	0.3188
3475.393	0.3178
3475.634	0.3167
3475.875	0.3155
3476.116	0.3146
3476.357	0.3139
3476.599	0.3131
3476.84	0.312
3477.081	0.311
3477.322	0.3102
3477.563	0.3095
3477.804	0.3087
3478.045	0.3079
3478.286	0.3071
3478.527	0.306
3478.768	0.3047
3479.009	0.3035
3479.25	0.3026
3479.491	0.3018
3479.732	0.3011
3479.973	0.3004
3480.214	0.2997
3480.456	0.2989
3480.697	0.2979
3480.938	0.2969
3481.179	0.296
3481.42	0.2953
3481.661	0.2943
3481.902	0.2933
3482.143	0.2923
3482.384	0.2915
3482.625	0.2906
3482.866	0.2898
3483.107	0.289
3483.348	0.2883
3483.589	0.2873
3483.83	0.2862
3484.072	0.2853
3484.313	0.2845
3484.553	0.2837
3484.795	0.2827
3485.036	0.2816
3485.277	0.2808
3485.518	0.2799
3485.759	0.279
3486	0.2782
3486.241	0.2775
3486.482	0.2765
3486.723	0.2754
3486.964	0.2744
3487.205	0.2736
3487.446	0.2729
3487.688	0.2721
3487.928	0.2712
3488.169	0.2703
3488.411	0.2694
3488.652	0.2684
3488.893	0.2675
3489.134	0.2667
3489.375	0.2659
3489.616	0.265
3489.857	0.2642
3490.098	0.2635
3490.339	0.2629
3490.58	0.262
3490.821	0.261
3491.062	0.2601
3491.303	0.2594
3491.544	0.2586
3491.785	0.2578
3492.027	0.257
3492.268	0.2563
3492.509	0.2553
3492.75	0.2542
3492.991	0.2533
3493.232	0.2526
3493.473	0.2518
3493.714	0.2507
3493.955	0.2497
3494.196	0.2489
3494.437	0.2482
3494.678	0.2475
3494.919	0.2467
3495.16	0.246
3495.401	0.2451
3495.642	0.2442
3495.884	0.2433
3496.125	0.2426
3496.366	0.2418
3496.607	0.2409
3496.848	0.2399
3497.089	0.239
3497.33	0.2383
3497.571	0.2376
3497.812	0.2368
3498.053	0.2361
3498.294	0.2354
3498.535	0.2345
3498.776	0.2336
3499.017	0.2329
3499.258	0.2322
3499.5	0.2313
3499.74	0.2305
3499.981	0.2299
3500.223	0.2293
3500.464	0.2285
3500.705	0.2276
3500.946	0.2266
3501.187	0.2258
3501.428	0.2248
3501.669	0.2239
3501.91	0.2231
3502.151	0.2223
3502.392	0.2215
3502.633	0.2208
3502.874	0.2203
3503.115	0.22
3503.356	0.2195
3503.597	0.2187
3503.839	0.2178
3504.08	0.2171
3504.321	0.2165
3504.562	0.2156
3504.803	0.2147
3505.044	0.2138
3505.285	0.213
3505.526	0.2121
3505.767	0.2114
3506.008	0.2108
3506.249	0.2102
3506.49	0.2095
3506.731	0.2087
3506.972	0.208
3507.213	0.2073
3507.455	0.2064
3507.696	0.2055
3507.937	0.2047
3508.178	0.204
3508.419	0.2034
3508.66	0.2026
3508.901	0.2021
3509.142	0.2016
3509.383	0.2009
3509.624	0.2
3509.865	0.1992
3510.106	0.1986
3510.347	0.1979
3510.588	0.1972
3510.829	0.1964
3511.07	0.1958
3511.312	0.195
3511.552	0.1942
3511.794	0.1935
3512.035	0.1929
3512.276	0.1923
3512.517	0.1915
3512.758	0.1907
3512.999	0.19
3513.24	0.1894
3513.481	0.1887
3513.722	0.188
3513.963	0.1874
3514.204	0.1868
3514.445	0.1861
3514.686	0.1855
3514.927	0.1849
3515.168	0.1843
3515.409	0.1835
3515.651	0.1828
3515.892	0.1822
3516.133	0.1816
3516.374	0.1808
3516.615	0.18
3516.856	0.1792
3517.097	0.1786
3517.338	0.1779
3517.579	0.1772
3517.82	0.1765
3518.061	0.176
3518.302	0.1754
3518.543	0.1748
3518.784	0.1741
3519.025	0.1736
3519.267	0.1731
3519.508	0.1724
3519.749	0.1716
3519.99	0.1709
3520.231	0.1703
3520.472	0.1697
3520.713	0.1691
3520.954	0.1687
3521.195	0.1682
3521.436	0.1676
3521.677	0.1668
3521.918	0.166
3522.159	0.1654
3522.4	0.1648
3522.641	0.1641
3522.883	0.1634
3523.124	0.1627
3523.365	0.162
3523.606	0.1614
3523.847	0.161
3524.088	0.1607
3524.329	0.1602
3524.57	0.1596
3524.811	0.159
3525.052	0.1586
3525.293	0.158
3525.534	0.1572
3525.775	0.1564
3526.016	0.1558
3526.257	0.1552
3526.498	0.1545
3526.74	0.1538
3526.98	0.1531
3527.222	0.1526
3527.463	0.152
3527.704	0.1515
3527.945	0.151
3528.186	0.1505
3528.427	0.1499
3528.668	0.1492
3528.909	0.1487
3529.15	0.1482
3529.391	0.1477
3529.632	0.1471
3529.873	0.1466
3530.114	0.1461
3530.355	0.1455
3530.596	0.1449
3530.837	0.1444
3531.079	0.144
3531.32	0.1435
3531.561	0.1428
3531.802	0.1422
3532.043	0.1416
3532.284	0.141
3532.525	0.1403
3532.766	0.1397
3533.007	0.1393
3533.248	0.1387
3533.489	0.1382
3533.73	0.1376
3533.971	0.1372
3534.212	0.1366
3534.453	0.136
3534.695	0.1354
3534.936	0.135
3535.177	0.1345
3535.418	0.1339
3535.659	0.1332
3535.9	0.1327
3536.141	0.1323
3536.382	0.1318
3536.623	0.1313
3536.864	0.1308
3537.105	0.1305
3537.346	0.13
3537.587	0.1295
3537.828	0.129
3538.069	0.1286
3538.311	0.128
3538.552	0.1274
3538.792	0.1269
3539.034	0.1265
3539.275	0.1259
3539.516	0.1253
3539.757	0.1248
3539.998	0.1243
3540.239	0.1238
3540.48	0.1234
3540.721	0.123
3540.962	0.1226
3541.203	0.1221
3541.444	0.1216
3541.685	0.121
3541.926	0.1205
3542.167	0.1199
3542.408	0.1193
3542.65	0.1189
3542.891	0.1186
3543.132	0.1182
3543.373	0.1178
3543.614	0.1172
3543.855	0.1167
3544.096	0.1162
3544.337	0.1156
3544.578	0.1149
3544.819	0.1143
3545.06	0.1139
3545.301	0.1136
3545.542	0.1134
3545.783	0.1132
3546.024	0.1128
3546.265	0.1123
3546.507	0.1117
3546.748	0.1112
3546.989	0.1108
3547.23	0.1104
3547.471	0.11
3547.712	0.1096
3547.953	0.1092
3548.194	0.1087
3548.435	0.1082
3548.676	0.1077
3548.917	0.1074
3549.158	0.1069
3549.399	0.1064
3549.64	0.1059
3549.881	0.1056
3550.123	0.1052
3550.364	0.1047
3550.604	0.1042
3550.846	0.1038
3551.087	0.1034
3551.328	0.103
3551.569	0.1026
3551.81	0.1023
3552.051	0.102
3552.292	0.1016
3552.533	0.1011
3552.774	0.1007
3553.015	0.1004
3553.256	0.0999
3553.497	0.0994
3553.739	0.0989
3553.979	0.0985
3554.22	0.0981
3554.462	0.0978
3554.703	0.0974
3554.944	0.0972
3555.185	0.0968
3555.426	0.0964
3555.667	0.0959
3555.908	0.0954
3556.149	0.0949
3556.39	0.0944
3556.631	0.094
3556.872	0.0937
3557.113	0.0934
3557.354	0.0929
3557.595	0.0925
3557.836	0.0921
3558.078	0.0918
3558.319	0.0913
3558.56	0.0909
3558.801	0.0905
3559.042	0.0902
3559.283	0.0898
3559.524	0.0895
3559.765	0.0892
3560.006	0.0889
3560.247	0.0885
3560.488	0.0881
3560.729	0.0878
3560.97	0.0874
3561.211	0.087
3561.452	0.0866
3561.693	0.0862
3561.935	0.0859
3562.176	0.0854
3562.417	0.0849
3562.658	0.0846
3562.899	0.0843
3563.14	0.0839
3563.381	0.0834
3563.622	0.0829
3563.863	0.0826
3564.104	0.0823
3564.345	0.082
3564.586	0.0816
3564.827	0.0814
3565.068	0.0811
3565.309	0.0808
3565.551	0.0805
3565.792	0.0802
3566.033	0.0798
3566.274	0.0793
3566.515	0.0789
3566.756	0.0786
3566.997	0.0784
3567.238	0.0782
3567.479	0.0778
3567.72	0.0775
3567.961	0.0772
3568.202	0.0768
3568.443	0.0765
3568.684	0.0761
3568.925	0.0758
3569.167	0.0754
3569.407	0.075
3569.648	0.0748
3569.89	0.0746
3570.131	0.0743
3570.372	0.074
3570.613	0.0737
3570.854	0.0734
3571.095	0.073
3571.336	0.0725
3571.577	0.0721
3571.818	0.0718
3572.059	0.0715
3572.3	0.071
3572.541	0.0707
3572.782	0.0703
3573.023	0.07
3573.264	0.0696
3573.506	0.0693
3573.747	0.0691
3573.988	0.0689
3574.229	0.0685
3574.47	0.0682
3574.711	0.068
3574.952	0.0677
3575.193	0.0673
3575.434	0.0669
3575.675	0.0665
3575.916	0.0661
3576.157	0.0657
3576.398	0.0654
3576.639	0.0652
3576.88	0.065
3577.121	0.0648
3577.363	0.0645
3577.604	0.0642
3577.845	0.0639
3578.086	0.0636
3578.327	0.0633
3578.568	0.063
3578.809	0.0628
3579.05	0.0624
3579.291	0.062
3579.532	0.0616
3579.773	0.0613
3580.014	0.061
3580.255	0.0607
3580.496	0.0604
3580.737	0.0602
3580.979	0.0598
3581.219	0.0595
3581.46	0.0593
3581.702	0.0591
3581.943	0.059
3582.184	0.0587
3582.425	0.0584
3582.666	0.0581
3582.907	0.0578
3583.148	0.0575
3583.389	0.0573
3583.63	0.0571
3583.871	0.0568
3584.112	0.0564
3584.353	0.056
3584.594	0.0557
3584.835	0.0554
3585.076	0.0551
3585.318	0.0548
3585.559	0.0547
3585.8	0.0546
3586.041	0.0544
3586.282	0.0542
3586.523	0.054
3586.764	0.0537
3587.005	0.0534
3587.246	0.0531
3587.487	0.0528
3587.728	0.0525
3587.969	0.0523
3588.21	0.052
3588.451	0.0517
3588.692	0.0513
3588.934	0.0509
3589.175	0.0506
3589.416	0.0503
3589.657	0.0501
3589.898	0.0499
3590.139	0.0497
3590.38	0.0494
3590.621	0.0492
3590.862	0.0491
3591.103	0.0489
3591.344	0.0485
3591.585	0.0482
3591.826	0.0478
3592.067	0.0475
3592.308	0.0473
3592.549	0.0472
3592.791	0.047
3593.031	0.0469
3593.273	0.0467
3593.514	0.0465
3593.755	0.0463
3593.996	0.046
3594.237	0.0456
3594.478	0.0453
3594.719	0.0451
3594.96	0.0448
3595.201	0.0445
3595.442	0.0443
3595.683	0.0442
3595.924	0.044
3596.165	0.0438
3596.406	0.0436
3596.647	0.0433
3596.889	0.0429
3597.13	0.0426
3597.371	0.0424
3597.612	0.0423
3597.853	0.0422
3598.094	0.0421
3598.335	0.0419
3598.576	0.0417
3598.817	0.0414
3599.058	0.0411
3599.299	0.0407
3599.54	0.0405
3599.781	0.0404
3600.022	0.0402
3600.263	0.0401
3600.504	0.0399
3600.746	0.0398
3600.987	0.0396
3601.228	0.0393
3601.469	0.039
3601.71	0.0388
3601.951	0.0386
3602.192	0.0383
3602.433	0.0381
3602.674	0.038
3602.915	0.0378
3603.156	0.0376
3603.397	0.0374
3603.638	0.0373
3603.879	0.0371
3604.12	0.037
3604.362	0.0368
3604.603	0.0366
3604.844	0.0364
3605.085	0.0361
3605.326	0.0358
3605.567	0.0355
3605.808	0.0353
3606.049	0.0352
3606.29	0.035
3606.531	0.0348
3606.772	0.0346
3607.013	0.0344
3607.254	0.0342
3607.495	0.034
3607.736	0.0338
3607.977	0.0335
3608.219	0.0332
3608.459	0.0331
3608.701	0.0331
3608.942	0.033
3609.183	0.0328
3609.424	0.0327
3609.665	0.0326
3609.906	0.0324
3610.147	0.0322
3610.388	0.032
3610.629	0.0318
3610.87	0.0316
3611.111	0.0313
3611.352	0.031
3611.593	0.0309
3611.834	0.0308
3612.075	0.0306
3612.316	0.0305
3612.558	0.0304
3612.799	0.0302
3613.04	0.03
3613.281	0.0298
3613.522	0.0298
3613.763	0.0297
3614.004	0.0294
3614.245	0.0291
3614.486	0.0289
3614.727	0.0287
3614.968	0.0286
3615.209	0.0284
3615.45	0.0283
3615.691	0.0283
3615.932	0.0282
3616.174	0.028
3616.415	0.0278
3616.656	0.0276
3616.897	0.0274
3617.138	0.0272
3617.379	0.0272
3617.62	0.0271
3617.861	0.027
3618.102	0.0268
3618.343	0.0267
3618.584	0.0266
3618.825	0.0264
3619.066	0.0261
3619.307	0.0259
3619.548	0.0257
3619.79	0.0256
3620.031	0.0255
3620.271	0.0254
3620.513	0.0253
3620.754	0.0252
3620.995	0.025
3621.236	0.0248
3621.477	0.0248
3621.718	0.0247
3621.959	0.0246
3622.2	0.0243
3622.441	0.0241
3622.682	0.024
3622.923	0.0239
3623.164	0.0238
3623.405	0.0237
3623.646	0.0236
3623.887	0.0234
3624.129	0.0231
3624.37	0.023
3624.611	0.0229
3624.852	0.0228
3625.093	0.0227
3625.334	0.0226
3625.575	0.0225
3625.816	0.0223
3626.057	0.0221
3626.298	0.022
3626.539	0.0219
3626.78	0.0218
3627.021	0.0216
3627.262	0.0214
3627.503	0.0214
3627.745	0.0214
3627.986	0.0214
3628.227	0.0213
3628.468	0.0211
3628.709	0.021
3628.95	0.0209
3629.191	0.0209
3629.432	0.0208
3629.673	0.0207
3629.914	0.0204
3630.155	0.0201
3630.396	0.02
3630.637	0.0199
3630.878	0.0198
3631.119	0.0197
3631.36	0.0198
3631.602	0.0198
3631.843	0.0197
3632.084	0.0196
3632.325	0.0195
3632.566	0.0194
3632.807	0.0191
3633.048	0.0189
3633.289	0.0188
3633.53	0.0188
3633.771	0.0187
3634.012	0.0186
3634.253	0.0185
3634.494	0.0185
3634.735	0.0185
3634.976	0.0184
3635.218	0.0182
3635.458	0.0181
3635.699	0.018
3635.941	0.0179
3636.182	0.0178
3636.423	0.0179
3636.664	0.0179
3636.905	0.0179
3637.146	0.0179
3637.387	0.0178
3637.628	0.0176
3637.869	0.0173
3638.11	0.0172
3638.351	0.0172
3638.592	0.0172
3638.833	0.0171
3639.074	0.017
3639.315	0.017
3639.557	0.0169
3639.798	0.0169
3640.039	0.0169
3640.28	0.0168
3640.521	0.0167
3640.762	0.0166
3641.003	0.0165
3641.244	0.0165
3641.485	0.0166
3641.726	0.0166
3641.967	0.0165
3642.208	0.0165
3642.449	0.0164
3642.69	0.0164
3642.931	0.0163
3643.172	0.0163
3643.414	0.0162
3643.655	0.0161
3643.896	0.0161
3644.137	0.0162
3644.378	0.0163
3644.619	0.0163
3644.86	0.0162
3645.101	0.0161
3645.342	0.0161
3645.583	0.0161
3645.824	0.0161
3646.065	0.016
3646.306	0.016
3646.547	0.0159
3646.788	0.0159
3647.03	0.0159
3647.271	0.0159
3647.512	0.0159
3647.753	0.0159
3647.994	0.0159
3648.235	0.0159
3648.476	0.0159
3648.717	0.0159
3648.958	0.0159
3649.199	0.0159
3649.44	0.0159
3649.681	0.0159
3649.922	0.0158
3650.163	0.0158
3650.404	0.0159
3650.646	0.0159
3650.886	0.0159
3651.127	0.0158
3651.369	0.0158
3651.61	0.0158
3651.851	0.0158
3652.092	0.0158
3652.333	0.0159
3652.574	0.0159
3652.815	0.0159
3653.056	0.0159
3653.297	0.0159
3653.538	0.016
3653.779	0.016
3654.02	0.016
3654.261	0.016
3654.502	0.016
3654.743	0.016
3654.985	0.0159
3655.226	0.0159
3655.467	0.016
3655.708	0.0161
3655.949	0.0161
3656.19	0.0162
3656.431	0.0162
3656.672	0.0162
3656.913	0.0161
3657.154	0.0161
3657.395	0.0161
3657.636	0.0161
3657.877	0.016
3658.118	0.016
3658.359	0.016
3658.601	0.0159
3658.842	0.0159
3659.083	0.0158
3659.324	0.0157
3659.565	0.0156
3659.806	0.0155
3660.047	0.0154
3660.288	0.0155
3660.529	0.0155
3660.77	0.0156
3661.011	0.0156
3661.252	0.0156
3661.493	0.0155
3661.734	0.0153
3661.975	0.0151
3662.216	0.0151
3662.458	0.0151
3662.698	0.015
3662.94	0.0149
3663.181	0.015
3663.422	0.015
3663.663	0.015
3663.904	0.0149
3664.145	0.0149
3664.386	0.0149
3664.627	0.0148
3664.868	0.0148
3665.109	0.0149
3665.35	0.0149
3665.591	0.0147
3665.832	0.0145
3666.073	0.0143
3666.314	0.0142
3666.555	0.014
3666.797	0.0139
3667.038	0.0138
3667.279	0.0138
3667.52	0.0138
3667.761	0.0137
3668.002	0.0136
3668.243	0.0136
3668.484	0.0135
3668.725	0.0133
3668.966	0.0132
3669.207	0.0131
3669.448	0.0131
3669.689	0.013
3669.93	0.013
3670.171	0.0129
3670.413	0.0128
3670.654	0.0127
3670.895	0.0126
3671.136	0.0125
3671.377	0.0124
3671.618	0.0121
3671.859	0.012
3672.1	0.012
3672.341	0.012
3672.582	0.012
3672.823	0.0118
3673.064	0.0116
3673.305	0.0115
3673.546	0.0115
3673.787	0.0114
3674.028	0.0113
3674.27	0.0112
3674.51	0.0111
3674.752	0.0109
3674.993	0.0108
3675.234	0.0108
3675.475	0.0107
3675.716	0.0105
3675.957	0.0105
3676.198	0.0106
3676.439	0.0105
3676.68	0.0104
3676.921	0.0103
3677.162	0.0103
3677.403	0.0103
3677.644	0.0103
3677.885	0.0102
3678.126	0.0102
3678.368	0.0101
3678.609	0.01
3678.85	0.0099
3679.091	0.0099
3679.332	0.0099
3679.573	0.0098
3679.814	0.0098
3680.055	0.0098
3680.296	0.0098
3680.537	0.0097
3680.778	0.0097
3681.019	0.0096
3681.26	0.0095
3681.501	0.0094
3681.742	0.0093
3681.983	0.0093
3682.225	0.0094
3682.466	0.0094
3682.707	0.0093
3682.948	0.0092
3683.189	0.0093
3683.43	0.0094
3683.671	0.0095
3683.912	0.0096
3684.153	0.0096
3684.394	0.0095
3684.635	0.0094
3684.876	0.0094
3685.117	0.0093
3685.358	0.0093
3685.599	0.0093
3685.841	0.0093
3686.082	0.0093
3686.323	0.0092
3686.564	0.009
3686.805	0.0089
3687.046	0.009
3687.287	0.009
3687.528	0.009
3687.769	0.009
3688.01	0.0091
3688.251	0.0092
3688.492	0.0093
3688.733	0.0094
3688.974	0.0095
3689.215	0.0095
3689.457	0.0094
3689.698	0.0094
3689.938	0.0094
3690.18	0.0094
3690.421	0.0094
3690.662	0.0092
3690.903	0.0091
3691.144	0.0091
3691.385	0.009
3691.626	0.0089
3691.867	0.0089
3692.108	0.009
3692.349	0.009
3692.59	0.009
3692.831	0.0089
3693.072	0.0089
3693.313	0.0088
3693.554	0.0088
3693.796	0.0088
3694.037	0.0088
3694.278	0.0088
3694.519	0.0087
3694.76	0.0086
3695.001	0.0085
3695.242	0.0084
3695.483	0.0084
3695.724	0.0083
3695.965	0.0084
3696.206	0.0083
3696.447	0.0082
3696.688	0.0081
3696.929	0.008
3697.17	0.008
3697.411	0.0079
3697.653	0.0079
3697.894	0.008
3698.135	0.0079
3698.376	0.0078
3698.617	0.0076
3698.858	0.0075
3699.099	0.0074
3699.34	0.0072
3699.581	0.0071
3699.822	0.007
3700.063	0.007
3700.304	0.007
3700.545	0.0068
3700.786	0.0068
3701.027	0.0068
3701.269	0.0068
3701.51	0.0066
3701.75	0.0064
3701.992	0.0062
3702.233	0.0061
3702.474	0.0059
3702.715	0.0057
3702.956	0.0057
3703.197	0.0058
3703.438	0.0059
3703.679	0.0058
3703.92	0.0057
3704.161	0.0055
3704.402	0.0053
3704.643	0.0052
3704.884	0.0051
3705.125	0.0052
3705.366	0.0051
3705.608	0.0051
3705.849	0.005
3706.09	0.005
3706.331	0.0049
3706.572	0.0047
3706.813	0.0046
3707.054	0.0046
3707.295	0.0046
3707.536	0.0046
3707.777	0.0045
3708.018	0.0045
3708.259	0.0043
3708.5	0.0042
3708.741	0.0041
3708.982	0.0041
3709.224	0.0041
3709.465	0.0041
3709.706	0.004
3709.947	0.004
3710.188	0.0041
3710.429	0.0042
3710.67	0.0042
3710.911	0.0042
3711.152	0.0042
3711.393	0.0042
3711.634	0.0041
3711.875	0.0041
3712.116	0.004
3712.357	0.0039
3712.598	0.0038
3712.839	0.0038
3713.081	0.0039
3713.322	0.0039
3713.563	0.0039
3713.804	0.0038
3714.045	0.0037
3714.286	0.0037
3714.527	0.0037
3714.768	0.0037
3715.009	0.0037
3715.25	0.0037
3715.491	0.0036
3715.732	0.0035
3715.973	0.0035
3716.214	0.0035
3716.455	0.0036
3716.697	0.0037
3716.938	0.0038
3717.178	0.0039
3717.42	0.0037
3717.661	0.0036
3717.902	0.0034
3718.143	0.0033
3718.384	0.0032
3718.625	0.0032
3718.866	0.0032
3719.107	0.0032
3719.348	0.0033
3719.589	0.0033
3719.83	0.0033
3720.071	0.0033
3720.313	0.0032
3720.553	0.0031
3720.794	0.003
3721.036	0.003
3721.277	0.0029
3721.518	0.0029
3721.759	0.0029
3722	0.0029
3722.241	0.0028
3722.482	0.0026
3722.723	0.0024
3722.964	0.0024
3723.205	0.0024
3723.446	0.0022
3723.687	0.0021
3723.928	0.0021
3724.169	0.0021
3724.41	0.002
3724.652	0.0018
3724.893	0.0017
3725.134	0.0016
3725.375	0.0016
3725.616	0.0016
3725.857	0.0016
3726.098	0.0015
3726.339	0.0015
3726.58	0.0015
3726.821	0.0015
3727.062	0.0016
3727.303	0.0016
3727.544	0.0016
3727.785	0.0015
3728.026	0.0014
3728.267	0.0012
3728.509	1E-3
3728.75	1E-3
3728.991	0.0011
3729.232	1E-3
3729.473	9E-4
3729.714	8E-4
3729.955	8E-4
3730.196	8E-4
3730.437	9E-4
3730.678	1E-3
3730.919	0.0012
3731.16	0.0012
3731.401	0.0012
3731.642	0.0011
3731.883	0.0011
3732.125	0.0011
3732.365	0.0011
3732.606	0.0012
3732.848	0.0012
3733.089	0.0011
3733.33	1E-3
3733.571	1E-3
3733.812	0.0011
3734.053	0.0012
3734.294	0.0012
3734.535	1E-3
3734.776	9E-4
3735.017	8E-4
3735.258	8E-4
3735.499	9E-4
3735.74	1E-3
3735.981	1E-3
3736.222	9E-4
3736.464	9E-4
3736.705	9E-4
3736.946	9E-4
3737.187	8E-4
3737.428	8E-4
3737.669	8E-4
3737.91	9E-4
3738.151	9E-4
3738.392	8E-4
3738.633	8E-4
3738.874	8E-4
3739.115	9E-4
3739.356	8E-4
3739.597	7E-4
3739.838	6E-4
3740.08	5E-4
3740.321	5E-4
3740.562	5E-4
3740.803	5E-4
3741.044	6E-4
3741.285	5E-4
3741.526	5E-4
3741.767	5E-4
3742.008	5E-4
3742.249	4E-4
3742.49	4E-4
3742.731	5E-4
3742.972	5E-4
3743.213	5E-4
3743.454	4E-4
3743.695	4E-4
3743.937	6E-4
3744.177	7E-4
3744.419	8E-4
3744.66	8E-4
3744.901	8E-4
3745.142	7E-4
3745.383	5E-4
3745.624	4E-4
3745.865	4E-4
3746.106	5E-4
3746.347	5E-4
3746.588	5E-4
3746.829	4E-4
3747.07	4E-4
3747.311	4E-4
3747.552	3E-4
3747.793	3E-4
3748.034	3E-4
3748.276	3E-4
3748.517	4E-4
3748.758	5E-4
3748.999	5E-4
3749.24	5E-4
3749.481	4E-4
3749.722	4E-4
3749.963	3E-4
3750.204	2E-4
3750.445	0
3750.686	-1E-4
3750.927	0
3751.168	0
3751.409	1E-4
3751.65	2E-4
3751.892	3E-4
3752.133	4E-4
3752.374	5E-4
3752.615	5E-4
3752.856	6E-4
3753.097	6E-4
3753.338	4E-4
3753.579	2E-4
3753.82	1E-4
3754.061	1E-4
3754.302	1E-4
3754.543	2E-4
3754.784	3E-4
3755.025	3E-4
3755.266	2E-4
3755.508	1E-4
3755.749	1E-4
3755.99	1E-4
3756.231	1E-4
3756.472	2E-4
3756.713	2E-4
3756.954	2E-4
3757.195	1E-4
3757.436	0
3757.677	-1E-4
3757.918	-1E-4
3758.159	-1E-4
3758.4	-1E-4
3758.641	-1E-4
3758.882	-1E-4
3759.123	-1E-4
3759.365	-1E-4
3759.605	1E-4
3759.847	3E-4
3760.088	3E-4
3760.329	3E-4
3760.57	3E-4
3760.811	2E-4
3761.052	1E-4
3761.293	1E-4
3761.534	1E-4
3761.775	2E-4
3762.016	1E-4
3762.257	-1E-4
3762.498	-3E-4
3762.739	-4E-4
3762.98	-4E-4
3763.221	-3E-4
3763.462	-2E-4
3763.704	0
3763.945	0
3764.186	0
3764.427	0
3764.668	-1E-4
3764.909	-1E-4
3765.15	-2E-4
3765.391	-2E-4
3765.632	-2E-4
3765.873	-2E-4
3766.114	-3E-4
3766.355	-4E-4
3766.596	-4E-4
3766.837	-4E-4
3767.078	-4E-4
3767.32	-3E-4
3767.561	-2E-4
3767.802	-1E-4
3768.043	-1E-4
3768.284	-2E-4
3768.525	-2E-4
3768.766	-2E-4
3769.007	-2E-4
3769.248	-1E-4
3769.489	-1E-4
3769.73	0
3769.971	0
3770.212	0
3770.453	0
3770.694	0
3770.936	0
3771.177	-1E-4
3771.417	-2E-4
3771.659	-2E-4
3771.9	-1E-4
3772.141	-1E-4
3772.382	-2E-4
3772.623	-2E-4
3772.864	-2E-4
3773.105	-3E-4
3773.346	-4E-4
3773.587	-4E-4
3773.828	-3E-4
3774.069	-2E-4
3774.31	-1E-4
3774.551	-1E-4
3774.792	-1E-4
3775.033	-1E-4
3775.275	-1E-4
3775.516	-1E-4
3775.757	-1E-4
3775.998	-2E-4
3776.239	-3E-4
3776.48	-4E-4
3776.721	-4E-4
3776.962	-3E-4
3777.203	-3E-4
3777.444	-2E-4
3777.685	-2E-4
3777.926	-2E-4
3778.167	-3E-4
3778.408	-3E-4
3778.649	-3E-4
3778.89	-2E-4
3779.132	-2E-4
3779.373	-2E-4
3779.614	-1E-4
3779.855	-1E-4
3780.096	-2E-4
3780.337	-2E-4
3780.578	-1E-4
3780.819	0
3781.06	0
3781.301	-2E-4
3781.542	-3E-4
3781.783	-4E-4
3782.024	-4E-4
3782.265	-4E-4
3782.506	-4E-4
3782.748	-4E-4
3782.989	-4E-4
3783.229	-5E-4
3783.471	-4E-4
3783.712	-3E-4
3783.953	-1E-4
3784.194	-1E-4
3784.435	-1E-4
3784.676	-1E-4
3784.917	-2E-4
3785.158	-2E-4
3785.399	-2E-4
3785.64	-2E-4
3785.881	-2E-4
3786.122	-3E-4
3786.364	-3E-4
3786.604	-3E-4
3786.845	-3E-4
3787.087	-4E-4
3787.328	-5E-4
3787.569	-5E-4
3787.81	-5E-4
3788.051	-4E-4
3788.292	-3E-4
3788.533	-2E-4
3788.774	-2E-4
3789.015	-2E-4
3789.256	-2E-4
3789.497	-1E-4
3789.738	-1E-4
3789.979	-1E-4
3790.22	-2E-4
3790.461	-3E-4
3790.703	-2E-4
3790.944	-2E-4
3791.185	-2E-4
3791.426	-2E-4
3791.667	-2E-4
3791.908	-2E-4
3792.149	-2E-4
3792.39	-1E-4
3792.631	-1E-4
3792.872	-1E-4
3793.113	-2E-4
3793.354	-2E-4
3793.595	-2E-4
3793.836	-1E-4
3794.077	0
3794.318	-1E-4
3794.56	0
3794.801	0
3795.042	0
3795.283	-2E-4
3795.524	-3E-4
3795.765	-5E-4
3796.006	-5E-4
3796.247	-4E-4
3796.488	-4E-4
3796.729	-4E-4
3796.97	-3E-4
3797.211	-3E-4
3797.452	-2E-4
3797.693	-2E-4
3797.934	-2E-4
3798.176	-3E-4
3798.417	-3E-4
3798.657	-3E-4
3798.899	-3E-4
3799.14	-3E-4
3799.381	-2E-4
3799.622	-2E-4
3799.863	-2E-4
3800.104	-3E-4
3800.345	-3E-4
3800.586	-3E-4
3800.827	-3E-4
3801.068	-2E-4
3801.309	-1E-4
3801.55	0
3801.792	0
3802.032	-1E-4
3802.273	-2E-4
3802.515	-2E-4
3802.756	-2E-4
3802.997	-3E-4
3803.238	-3E-4
3803.479	-3E-4
3803.72	-3E-4
3803.961	-2E-4
3804.202	-2E-4
3804.443	-2E-4
3804.684	-2E-4
3804.925	-3E-4
3805.166	-4E-4
3805.407	-5E-4
3805.648	-5E-4
3805.889	-5E-4
3806.131	-5E-4
3806.372	-4E-4
3806.613	-4E-4
3806.854	-4E-4
3807.095	-4E-4
3807.336	-3E-4
3807.577	-2E-4
3807.818	-2E-4
3808.059	-2E-4
3808.3	-2E-4
3808.541	-2E-4
3808.782	-2E-4
3809.023	-1E-4
3809.264	-1E-4
3809.505	-2E-4
3809.746	-2E-4
3809.988	-3E-4
3810.229	-3E-4
3810.47	-4E-4
3810.711	-4E-4
3810.952	-4E-4
3811.193	-3E-4
3811.434	-3E-4
3811.675	-2E-4
3811.916	-1E-4
3812.157	0
3812.398	0
3812.639	-1E-4
3812.88	-2E-4
3813.121	-3E-4
3813.362	-3E-4
3813.604	-3E-4
3813.844	-3E-4
3814.085	-3E-4
3814.327	-2E-4
3814.568	-2E-4
3814.809	-3E-4
3815.05	-5E-4
3815.291	-6E-4
3815.532	-6E-4
3815.773	-5E-4
3816.014	-4E-4
3816.255	-3E-4
3816.496	-3E-4
3816.737	-3E-4
3816.978	-2E-4
3817.219	-2E-4
3817.46	-1E-4
3817.701	-2E-4
3817.943	-2E-4
3818.184	-3E-4
3818.425	-4E-4
3818.666	-3E-4
3818.907	-2E-4
3819.148	-2E-4
3819.389	-2E-4
3819.63	-2E-4
3819.871	-3E-4
3820.112	-3E-4
3820.353	-3E-4
3820.594	-3E-4
3820.835	-3E-4
3821.076	-3E-4
3821.317	-3E-4
3821.559	-3E-4
3821.8	-4E-4
3822.041	-4E-4
3822.282	-3E-4
3822.523	-1E-4
3822.764	-1E-4
3823.005	-2E-4
3823.246	-3E-4
3823.487	-3E-4
3823.728	-2E-4
3823.969	-1E-4
3824.21	0
3824.451	0
3824.692	0
3824.933	-1E-4
3825.174	-2E-4
3825.416	-3E-4
3825.656	-3E-4
3825.898	-3E-4
3826.139	-2E-4
3826.38	-2E-4
3826.621	-2E-4
3826.862	-2E-4
3827.103	-2E-4
3827.344	-2E-4
3827.585	-1E-4
3827.826	-1E-4
3828.067	-2E-4
3828.308	-3E-4
3828.549	-3E-4
3828.79	-3E-4
3829.031	-3E-4
3829.272	-2E-4
3829.513	-2E-4
3829.755	-3E-4
3829.996	-4E-4
3830.237	-5E-4
3830.478	-5E-4
3830.719	-6E-4
3830.96	-5E-4
3831.201	-4E-4
3831.442	-2E-4
3831.683	-1E-4
3831.924	0
3832.165	-1E-4
3832.406	-1E-4
3832.647	0
3832.888	0
3833.129	-1E-4
3833.371	-2E-4
3833.612	-3E-4
3833.853	-3E-4
3834.094	-4E-4
3834.335	-3E-4
3834.576	-3E-4
3834.817	-3E-4
3835.058	-3E-4
3835.299	-3E-4
3835.54	-4E-4
3835.781	-5E-4
3836.022	-6E-4
3836.263	-5E-4
3836.504	-3E-4
3836.745	-1E-4
3836.987	0
3837.228	0
3837.469	-1E-4
3837.71	0
3837.951	1E-4
3838.192	2E-4
3838.433	2E-4
3838.674	1E-4
3838.915	-2E-4
3839.156	-3E-4
3839.397	-3E-4
3839.638	-2E-4
3839.879	-2E-4
3840.12	-2E-4
3840.361	-2E-4
3840.602	-2E-4
3840.844	-3E-4
3841.084	-4E-4
3841.326	-4E-4
3841.567	-3E-4
3841.808	-2E-4
3842.049	-2E-4
3842.29	-1E-4
3842.531	-1E-4
3842.772	-1E-4
3843.013	-2E-4
3843.254	-2E-4
3843.495	-1E-4
3843.736	0
3843.977	0
3844.218	0
3844.459	0
3844.7	0
3844.941	-1E-4
3845.183	-1E-4
3845.424	-1E-4
3845.665	0
3845.906	0
3846.147	0
3846.388	0
3846.629	-1E-4
3846.87	-2E-4
3847.111	-2E-4
3847.352	-1E-4
3847.593	1E-4
3847.834	1E-4
3848.075	1E-4
3848.316	1E-4
3848.557	1E-4
3848.799	1E-4
3849.04	0
3849.281	0
3849.522	0
3849.763	0
3850.004	0
3850.245	-1E-4
3850.486	-1E-4
3850.727	-1E-4
3850.968	-1E-4
3851.209	0
3851.45	0
3851.691	0
3851.932	0
3852.173	1E-4
3852.415	2E-4
3852.656	2E-4
3852.896	1E-4
3853.138	0
3853.379	0
3853.62	0
3853.861	-1E-4
3854.102	0
3854.343	0
3854.584	1E-4
3854.825	1E-4
3855.066	1E-4
3855.307	0
3855.548	0
3855.789	-1E-4
3856.03	-2E-4
3856.271	-2E-4
3856.512	-3E-4
3856.754	-3E-4
3856.995	-4E-4
3857.236	-4E-4
3857.477	-3E-4
3857.718	-3E-4
3857.959	-2E-4
3858.2	-2E-4
3858.441	-2E-4
3858.682	-3E-4
3858.923	-2E-4
3859.164	-2E-4
3859.405	-1E-4
3859.646	-1E-4
3859.887	-2E-4
3860.128	-3E-4
3860.369	-3E-4
3860.611	-3E-4
3860.852	-2E-4
3861.093	-2E-4
3861.334	-2E-4
3861.575	-2E-4
3861.816	-3E-4
3862.057	-3E-4
3862.298	-3E-4
3862.539	-2E-4
3862.78	-1E-4
3863.021	1E-4
3863.262	2E-4
3863.503	2E-4
3863.744	1E-4
3863.985	1E-4
3864.227	1E-4
3864.468	1E-4
3864.708	0
3864.95	-1E-4
3865.191	-2E-4
3865.432	-1E-4
3865.673	0
3865.914	1E-4
3866.155	1E-4
3866.396	1E-4
3866.637	1E-4
3866.878	0
3867.119	0
3867.36	0
3867.601	0
3867.843	0
3868.083	-1E-4
3868.324	-2E-4
3868.566	-3E-4
3868.807	-3E-4
3869.048	-3E-4
3869.289	-2E-4
3869.53	-2E-4
3869.771	-1E-4
3870.012	-1E-4
3870.253	-1E-4
3870.494	-1E-4
3870.735	-1E-4
3870.976	-1E-4
3871.217	0
3871.458	1E-4
3871.699	1E-4
3871.94	0
3872.182	-1E-4
3872.423	-1E-4
3872.664	-1E-4
3872.905	-1E-4
3873.146	-1E-4
3873.387	0
3873.628	0
3873.869	-1E-4
3874.11	-1E-4
3874.351	-2E-4
3874.592	-3E-4
3874.833	-3E-4
3875.074	-3E-4
3875.315	-2E-4
3875.556	-2E-4
3875.797	-3E-4
3876.039	-3E-4
3876.28	-3E-4
3876.521	-2E-4
3876.762	-2E-4
3877.003	-3E-4
3877.244	-3E-4
3877.485	-2E-4
3877.726	-2E-4
3877.967	-1E-4
3878.208	0
3878.449	1E-4
3878.69	1E-4
3878.931	0
3879.172	0
3879.413	0
3879.655	0
3879.896	0
3880.136	0
3880.378	-1E-4
3880.619	-2E-4
3880.86	-2E-4
3881.101	-2E-4
3881.342	0
3881.583	1E-4
3881.824	1E-4
3882.065	2E-4
3882.306	2E-4
3882.547	2E-4
3882.788	0
3883.029	-2E-4
3883.271	-3E-4
3883.511	-3E-4
3883.752	-2E-4
3883.994	-2E-4
3884.235	-2E-4
3884.476	-1E-4
3884.717	-2E-4
3884.958	-2E-4
3885.199	-2E-4
3885.44	-2E-4
3885.681	-1E-4
3885.922	0
3886.163	1E-4
3886.404	1E-4
3886.645	1E-4
3886.886	0
3887.127	0
3887.368	-1E-4
3887.61	-1E-4
3887.851	-1E-4
3888.092	-1E-4
3888.333	-1E-4
3888.574	0
3888.815	0
3889.056	0
3889.297	0
3889.538	-1E-4
3889.779	-1E-4
3890.02	1E-4
3890.261	2E-4
3890.502	2E-4
3890.743	2E-4
3890.984	1E-4
3891.225	1E-4
3891.467	1E-4
3891.708	0
3891.949	1E-4
3892.19	2E-4
3892.431	2E-4
3892.672	2E-4
3892.913	1E-4
3893.154	0
3893.395	-1E-4
3893.636	-1E-4
3893.877	0
3894.118	1E-4
3894.359	2E-4
3894.6	2E-4
3894.841	1E-4
3895.083	1E-4
3895.323	1E-4
3895.564	1E-4
3895.806	1E-4
3896.047	1E-4
3896.288	1E-4
3896.529	0
3896.77	-1E-4
3897.011	-1E-4
3897.252	-1E-4
3897.493	-1E-4
3897.734	-2E-4
3897.975	-2E-4
3898.216	-1E-4
3898.457	0
3898.698	0
3898.939	1E-4
3899.18	1E-4
3899.422	1E-4
3899.663	1E-4
3899.904	2E-4
3900.145	2E-4
3900.386	1E-4
3900.627	1E-4
3900.868	0
3901.109	-1E-4
3901.35	-1E-4
3901.591	-1E-4
3901.832	-1E-4
3902.073	0
3902.314	1E-4
3902.555	1E-4
3902.796	1E-4
3903.038	1E-4
3903.279	1E-4
3903.52	2E-4
3903.761	2E-4
3904.002	2E-4
3904.243	3E-4
3904.484	3E-4
3904.725	2E-4
3904.966	1E-4
3905.207	0
3905.448	-1E-4
3905.689	-2E-4
3905.93	-3E-4
3906.171	-3E-4
3906.412	-2E-4
3906.653	-1E-4
3906.895	0
3907.135	0
3907.377	0
3907.618	0
3907.859	0
3908.1	1E-4
3908.341	1E-4
3908.582	0
3908.823	0
3909.064	0
3909.305	0
3909.546	0
3909.787	1E-4
3910.028	1E-4
3910.269	2E-4
3910.51	3E-4
3910.751	3E-4
3910.992	3E-4
3911.234	3E-4
3911.475	2E-4
3911.716	1E-4
3911.957	0
3912.198	0
3912.439	1E-4
3912.68	1E-4
3912.921	1E-4
3913.162	1E-4
3913.403	1E-4
3913.644	0
3913.885	0
3914.126	-1E-4
3914.367	-1E-4
3914.608	-2E-4
3914.85	-1E-4
3915.091	0
3915.332	1E-4
3915.573	1E-4
3915.814	0
3916.055	0
3916.296	0
3916.537	0
3916.778	1E-4
3917.019	1E-4
3917.26	2E-4
3917.501	3E-4
3917.742	2E-4
3917.983	2E-4
3918.224	1E-4
3918.466	1E-4
3918.707	1E-4
3918.948	2E-4
3919.189	2E-4
3919.43	2E-4
3919.671	2E-4
3919.912	2E-4
3920.153	2E-4
3920.394	2E-4
3920.635	3E-4
3920.876	3E-4
3921.117	3E-4
3921.358	3E-4
3921.599	2E-4
3921.84	2E-4
3922.081	1E-4
3922.323	0
3922.563	0
3922.805	0
3923.046	1E-4
3923.287	1E-4
3923.528	1E-4
3923.769	1E-4
3924.01	1E-4
3924.251	1E-4
3924.492	1E-4
3924.733	0
3924.974	0
3925.215	1E-4
3925.456	1E-4
3925.697	2E-4
3925.938	3E-4
3926.179	3E-4
3926.42	3E-4
3926.662	3E-4
3926.903	3E-4
3927.144	3E-4
3927.385	2E-4
3927.626	0
3927.867	0
3928.108	2E-4
3928.349	3E-4
3928.59	3E-4
3928.831	2E-4
3929.072	1E-4
3929.313	1E-4
3929.554	2E-4
3929.795	2E-4
3930.036	2E-4
3930.278	2E-4
3930.519	2E-4
3930.76	2E-4
3931.001	3E-4
3931.242	3E-4
3931.483	3E-4
3931.724	2E-4
3931.965	3E-4
3932.206	2E-4
3932.447	2E-4
3932.688	3E-4
3932.929	3E-4
3933.17	3E-4
3933.411	2E-4
3933.652	1E-4
3933.894	0
3934.135	0
3934.375	1E-4
3934.617	1E-4
3934.858	2E-4
3935.099	2E-4
3935.34	2E-4
3935.581	3E-4
3935.822	3E-4
3936.063	3E-4
3936.304	2E-4
3936.545	2E-4
3936.786	2E-4
3937.027	3E-4
3937.268	3E-4
3937.509	2E-4
3937.75	1E-4
3937.991	0
3938.233	1E-4
3938.474	1E-4
3938.715	2E-4
3938.956	3E-4
3939.197	3E-4
3939.438	3E-4
3939.679	4E-4
3939.92	5E-4
3940.161	5E-4
3940.402	4E-4
3940.643	3E-4
3940.884	3E-4
3941.125	3E-4
3941.366	3E-4
3941.607	3E-4
3941.848	3E-4
3942.09	3E-4
3942.331	3E-4
3942.572	3E-4
3942.813	3E-4
3943.054	3E-4
3943.295	3E-4
3943.536	2E-4
3943.777	2E-4
3944.018	1E-4
3944.259	1E-4
3944.5	0
3944.741	0
3944.982	0
3945.223	1E-4
3945.464	1E-4
3945.706	1E-4
3945.947	1E-4
3946.188	1E-4
3946.429	1E-4
3946.67	1E-4
3946.911	2E-4
3947.152	2E-4
3947.393	2E-4
3947.634	2E-4
3947.875	3E-4
3948.116	4E-4
3948.357	3E-4
3948.598	2E-4
3948.839	2E-4
3949.08	3E-4
3949.322	5E-4
3949.563	6E-4
3949.803	5E-4
3950.045	4E-4
3950.286	2E-4
3950.527	1E-4
3950.768	1E-4
3951.009	2E-4
3951.25	3E-4
3951.491	3E-4
3951.732	4E-4
3951.973	5E-4
3952.214	6E-4
3952.455	5E-4
3952.696	5E-4
3952.937	5E-4
3953.178	5E-4
3953.419	4E-4
3953.661	3E-4
3953.902	3E-4
3954.143	4E-4
3954.384	4E-4
3954.625	4E-4
3954.866	3E-4
3955.107	2E-4
3955.348	1E-4
3955.589	1E-4
3955.83	2E-4
3956.071	4E-4
3956.312	5E-4
3956.553	6E-4
3956.794	6E-4
3957.035	5E-4
3957.276	4E-4
3957.518	3E-4
3957.759	2E-4
3958	2E-4
3958.241	2E-4
3958.482	2E-4
3958.723	3E-4
3958.964	4E-4
3959.205	3E-4
3959.446	2E-4
3959.687	1E-4
3959.928	0
3960.169	0
3960.41	0
3960.651	1E-4
3960.892	2E-4
3961.134	2E-4
3961.375	3E-4
3961.616	4E-4
3961.857	4E-4
3962.098	3E-4
3962.339	2E-4
3962.58	2E-4
3962.821	3E-4
3963.062	4E-4
3963.303	5E-4
3963.544	5E-4
3963.785	5E-4
3964.026	5E-4
3964.267	5E-4
3964.508	6E-4
3964.75	6E-4
3964.99	6E-4
3965.231	5E-4
3965.473	5E-4
3965.714	5E-4
3965.955	6E-4
3966.196	6E-4
3966.437	5E-4
3966.678	5E-4
3966.919	5E-4
3967.16	6E-4
3967.401	6E-4
3967.642	7E-4
3967.883	7E-4
3968.124	6E-4
3968.365	4E-4
3968.606	3E-4
3968.847	2E-4
3969.089	2E-4
3969.33	3E-4
3969.571	3E-4
3969.812	4E-4
3970.053	4E-4
3970.294	4E-4
3970.535	5E-4
3970.776	6E-4
3971.017	6E-4
3971.258	6E-4
3971.499	6E-4
3971.74	5E-4
3971.981	4E-4
3972.222	4E-4
3972.463	3E-4
3972.704	4E-4
3972.946	4E-4
3973.187	6E-4
3973.428	6E-4
3973.669	6E-4
3973.91	5E-4
3974.151	3E-4
3974.392	2E-4
3974.633	2E-4
3974.874	2E-4
3975.115	2E-4
3975.356	2E-4
3975.597	2E-4
3975.838	3E-4
3976.079	3E-4
3976.32	4E-4
3976.562	5E-4
3976.802	6E-4
3977.044	5E-4
3977.285	4E-4
3977.526	2E-4
3977.767	1E-4
3978.008	1E-4
3978.249	2E-4
3978.49	3E-4
3978.731	3E-4
3978.972	4E-4
3979.213	4E-4
3979.454	3E-4
3979.695	3E-4
3979.936	3E-4
3980.177	3E-4
3980.418	4E-4
3980.659	4E-4
3980.901	5E-4
3981.142	5E-4
3981.383	6E-4
3981.624	7E-4
3981.865	7E-4
3982.106	6E-4
3982.347	5E-4
3982.588	4E-4
3982.829	5E-4
3983.07	5E-4
3983.311	5E-4
3983.552	4E-4
3983.793	3E-4
3984.034	2E-4
3984.275	3E-4
3984.517	4E-4
3984.758	6E-4
3984.999	6E-4
3985.24	5E-4
3985.481	4E-4
3985.722	5E-4
3985.963	5E-4
3986.204	5E-4
3986.445	6E-4
3986.686	7E-4
3986.927	7E-4
3987.168	6E-4
3987.409	5E-4
3987.65	5E-4
3987.891	5E-4
3988.132	5E-4
3988.374	6E-4
3988.615	7E-4
3988.856	7E-4
3989.097	5E-4
3989.338	3E-4
3989.579	3E-4
3989.82	4E-4
3990.061	4E-4
3990.302	4E-4
3990.543	4E-4
3990.784	5E-4
3991.025	5E-4
3991.266	5E-4
3991.507	5E-4
3991.748	4E-4
3991.99	4E-4
3992.23	4E-4
3992.472	6E-4
3992.713	7E-4
3992.954	8E-4
3993.195	8E-4
3993.436	7E-4
3993.677	7E-4
3993.918	6E-4
3994.159	4E-4
3994.4	2E-4
3994.641	2E-4
3994.882	2E-4
3995.123	3E-4
3995.364	4E-4
3995.605	6E-4
3995.846	7E-4
3996.087	6E-4
3996.329	5E-4
3996.57	3E-4
3996.811	2E-4
3997.052	1E-4
3997.293	1E-4
3997.534	2E-4
3997.775	3E-4
3998.016	3E-4
3998.257	3E-4
3998.498	3E-4
3998.739	3E-4
3998.98	4E-4
3999.221	3E-4
3999.462	4E-4
3999.703	4E-4
3999.945	4E-4
4000.186	3E-4
4000.427	3E-4
4000.668	4E-4
4000.909	5E-4
4001.15	5E-4
4001.391	4E-4
4001.632	4E-4
4001.873	5E-4
4002.114	6E-4
4002.355	7E-4
4002.596	7E-4
4002.837	6E-4
4003.078	4E-4
4003.319	3E-4
4003.56	3E-4
4003.802	4E-4
4004.042	5E-4
4004.284	6E-4
4004.525	6E-4
4004.766	6E-4
4005.007	5E-4
4005.248	4E-4
4005.489	4E-4
4005.73	4E-4
4005.971	5E-4
4006.212	5E-4
4006.453	5E-4
4006.694	5E-4
4006.935	4E-4
4007.176	3E-4
4007.417	2E-4
4007.658	2E-4
4007.9	1E-4
4008.141	2E-4
4008.382	2E-4
4008.623	3E-4
4008.864	4E-4
4009.105	4E-4
4009.346	4E-4
4009.587	4E-4
4009.828	4E-4
4010.069	4E-4
4010.31	5E-4
4010.551	5E-4
4010.792	6E-4
4011.033	6E-4
4011.274	5E-4
4011.515	4E-4
4011.757	3E-4
4011.998	3E-4
4012.239	2E-4
4012.48	3E-4
4012.721	3E-4
4012.962	2E-4
4013.203	3E-4
4013.444	3E-4
4013.685	4E-4
4013.926	4E-4
4014.167	3E-4
4014.408	4E-4
4014.649	4E-4
4014.89	4E-4
4015.131	3E-4
4015.373	3E-4
4015.614	3E-4
4015.854	3E-4
4016.096	4E-4
4016.337	5E-4
4016.578	6E-4
4016.819	7E-4
4017.06	7E-4
4017.301	6E-4
4017.542	6E-4
4017.783	6E-4
4018.024	5E-4
4018.265	4E-4
4018.506	4E-4
4018.747	4E-4
4018.988	5E-4
4019.229	5E-4
4019.47	6E-4
4019.712	6E-4
4019.953	6E-4
4020.194	5E-4
4020.435	5E-4
4020.676	5E-4
4020.917	5E-4
4021.158	4E-4
4021.399	4E-4
4021.64	4E-4
4021.881	2E-4
4022.122	1E-4
4022.363	0
4022.604	0
4022.845	0
4023.086	0
4023.328	1E-4
4023.569	2E-4
4023.81	3E-4
4024.051	3E-4
4024.292	2E-4
4024.533	2E-4
4024.774	2E-4
4025.015	2E-4
4025.256	3E-4
4025.497	4E-4
4025.738	4E-4
4025.979	3E-4
4026.22	4E-4
4026.461	5E-4
4026.702	5E-4
4026.943	4E-4
4027.185	3E-4
4027.426	2E-4
4027.667	2E-4
4027.908	2E-4
4028.149	1E-4
4028.39	2E-4
4028.631	2E-4
4028.872	2E-4
4029.113	3E-4
4029.354	3E-4
4029.595	4E-4
4029.836	4E-4
4030.077	4E-4
4030.318	3E-4
4030.559	2E-4
4030.801	2E-4
4031.042	2E-4
4031.282	2E-4
4031.524	2E-4
4031.765	1E-4
4032.006	1E-4
4032.247	1E-4
4032.488	1E-4
4032.729	2E-4
4032.97	2E-4
4033.211	2E-4
4033.452	2E-4
4033.693	2E-4
4033.934	1E-4
4034.175	1E-4
4034.416	2E-4
4034.657	2E-4
4034.898	2E-4
4035.14	2E-4
4035.381	3E-4
4035.622	3E-4
4035.863	2E-4
4036.104	1E-4
4036.345	0
4036.586	1E-4
4036.827	1E-4
4037.068	2E-4
4037.309	3E-4
4037.55	3E-4
4037.791	3E-4
4038.032	3E-4
4038.273	3E-4
4038.514	2E-4
4038.756	1E-4
4038.997	0
4039.238	-1E-4
4039.479	0
4039.72	0
4039.961	0
4040.202	0
4040.443	1E-4
4040.684	1E-4
4040.925	2E-4
4041.166	3E-4
4041.407	2E-4
4041.648	1E-4
4041.889	1E-4
4042.13	1E-4
4042.371	2E-4
4042.613	2E-4
4042.854	2E-4
4043.095	2E-4
4043.336	3E-4
4043.577	4E-4
4043.818	3E-4
4044.059	1E-4
4044.3	-1E-4
4044.541	-1E-4
4044.782	0
4045.023	2E-4
4045.264	3E-4
4045.505	3E-4
4045.746	3E-4
4045.987	3E-4
4046.229	3E-4
4046.469	3E-4
4046.71	3E-4
4046.952	3E-4
4047.193	2E-4
4047.434	2E-4
4047.675	2E-4
4047.916	2E-4
4048.157	2E-4
4048.398	2E-4
4048.639	2E-4
4048.88	1E-4
4049.121	1E-4
4049.362	2E-4
4049.603	2E-4
4049.844	3E-4
4050.085	4E-4
4050.326	4E-4
4050.568	4E-4
4050.809	3E-4
4051.05	3E-4
4051.291	2E-4
4051.532	2E-4
4051.773	1E-4
4052.014	0
4052.255	0
4052.496	1E-4
4052.737	0
4052.978	-1E-4
4053.219	-1E-4
4053.46	0
4053.701	1E-4
4053.942	2E-4
4054.184	3E-4
4054.425	4E-4
4054.666	4E-4
4054.907	4E-4
4055.148	4E-4
4055.389	4E-4
4055.63	3E-4
4055.871	3E-4
4056.112	2E-4
4056.353	1E-4
4056.594	1E-4
4056.835	1E-4
4057.076	1E-4
4057.317	2E-4
4057.558	2E-4
4057.799	1E-4
4058.041	1E-4
4058.281	1E-4
4058.523	2E-4
4058.764	2E-4
4059.005	3E-4
4059.246	3E-4
4059.487	3E-4
4059.728	4E-4
4059.969	4E-4
4060.21	4E-4
4060.451	3E-4
4060.692	3E-4
4060.933	2E-4
4061.174	1E-4
4061.415	1E-4
4061.656	1E-4
4061.897	2E-4
4062.138	3E-4
4062.38	4E-4
4062.621	5E-4
4062.862	4E-4
4063.103	4E-4
4063.344	3E-4
4063.585	2E-4
4063.826	2E-4
4064.067	2E-4
4064.308	3E-4
4064.549	3E-4
4064.79	1E-4
4065.031	1E-4
4065.272	1E-4
4065.513	3E-4
4065.754	3E-4
4065.996	4E-4
4066.237	4E-4
4066.478	4E-4
4066.719	3E-4
4066.96	3E-4
4067.201	2E-4
4067.442	2E-4
4067.683	1E-4
4067.924	0
4068.165	0
4068.406	0
4068.647	0
4068.888	0
4069.129	1E-4
4069.37	2E-4
4069.612	3E-4
4069.853	3E-4
4070.094	3E-4
4070.335	3E-4
4070.576	3E-4
4070.817	2E-4
4071.058	3E-4
4071.299	4E-4
4071.54	5E-4
4071.781	4E-4
4072.022	3E-4
4072.263	2E-4
4072.504	1E-4
4072.745	2E-4
4072.986	2E-4
4073.227	3E-4
4073.469	2E-4
4073.709	2E-4
4073.951	1E-4
4074.192	1E-4
4074.433	2E-4
4074.674	1E-4
4074.915	1E-4
4075.156	2E-4
4075.397	2E-4
4075.638	2E-4
4075.879	1E-4
4076.12	2E-4
4076.361	3E-4
4076.602	3E-4
4076.843	1E-4
4077.084	0
4077.325	0
4077.566	0
4077.808	0
4078.049	1E-4
4078.29	1E-4
4078.531	2E-4
4078.772	2E-4
4079.013	3E-4
4079.254	3E-4
4079.495	3E-4
4079.736	4E-4
4079.977	3E-4
4080.218	3E-4
4080.459	3E-4
4080.7	3E-4
4080.941	4E-4
4081.182	5E-4
4081.424	5E-4
4081.665	4E-4
4081.906	2E-4
4082.147	2E-4
4082.388	2E-4
4082.629	3E-4
4082.87	3E-4
4083.111	3E-4
4083.352	2E-4
4083.593	1E-4
4083.834	0
4084.075	-1E-4
4084.316	-2E-4
4084.557	-4E-4
4084.798	-4E-4
4085.04	-3E-4
4085.281	-1E-4
4085.521	0
4085.763	1E-4
4086.004	2E-4
4086.245	3E-4
4086.486	4E-4
4086.727	3E-4
4086.968	2E-4
4087.209	1E-4
4087.45	0
4087.691	0
4087.932	0
4088.173	0
4088.414	0
4088.655	0
4088.896	1E-4
4089.137	2E-4
4089.379	2E-4
4089.62	1E-4
4089.861	1E-4
4090.102	3E-4
4090.343	3E-4
4090.584	3E-4
4090.825	2E-4
4091.066	2E-4
4091.307	2E-4
4091.548	2E-4
4091.789	2E-4
4092.03	2E-4
4092.271	2E-4
4092.512	2E-4
4092.753	2E-4
4092.994	2E-4
4093.236	3E-4
4093.477	2E-4
4093.718	1E-4
4093.959	2E-4
4094.2	3E-4
4094.441	4E-4
4094.682	4E-4
4094.923	3E-4
4095.164	2E-4
4095.405	1E-4
4095.646	1E-4
4095.887	1E-4
4096.128	0
4096.369	-1E-4
4096.61	-1E-4
4096.852	0
4097.093	2E-4
4097.333	2E-4
4097.575	1E-4
4097.816	1E-4
4098.057	1E-4
4098.298	1E-4
4098.539	2E-4
4098.78	3E-4
4099.021	4E-4
4099.262	4E-4
4099.503	2E-4
4099.744	1E-4
4099.985	1E-4
4100.227	1E-4
4100.467	0
4100.708	-1E-4
4100.95	-2E-4
4101.19	-3E-4
4101.432	-2E-4
4101.673	-1E-4
4101.914	1E-4
4102.155	2E-4
4102.396	1E-4
4102.637	0
4102.878	0
4103.119	1E-4
4103.36	1E-4
4103.601	2E-4
4103.842	3E-4
4104.083	4E-4
4104.324	3E-4
4104.565	2E-4
4104.807	1E-4
4105.047	0
4105.289	-1E-4
4105.53	-1E-4
4105.771	0
4106.012	1E-4
4106.253	2E-4
4106.494	2E-4
4106.735	1E-4
4106.976	-1E-4
4107.217	-1E-4
4107.458	-1E-4
4107.699	0
4107.94	1E-4
4108.182	3E-4
4108.422	3E-4
4108.664	3E-4
4108.905	3E-4
4109.146	3E-4
4109.387	3E-4
4109.628	3E-4
4109.869	3E-4
4110.11	2E-4
4110.351	1E-4
4110.592	-1E-4
4110.833	-1E-4
4111.074	0
4111.315	1E-4
4111.556	1E-4
4111.797	1E-4
4112.039	1E-4
4112.279	0
4112.521	0
4112.762	0
4113.002	1E-4
4113.244	1E-4
4113.485	1E-4
4113.726	1E-4
4113.967	1E-4
4114.208	2E-4
4114.449	2E-4
4114.69	2E-4
4114.931	1E-4
4115.172	1E-4
4115.413	1E-4
4115.654	2E-4
4115.896	3E-4
4116.136	3E-4
4116.377	4E-4
4116.619	4E-4
4116.86	4E-4
4117.101	3E-4
4117.342	2E-4
4117.583	0
4117.824	0
4118.065	0
4118.306	1E-4
4118.547	1E-4
4118.788	0
4119.029	0
4119.27	0
4119.511	0
4119.752	1E-4
4119.994	1E-4
4120.234	2E-4
4120.476	2E-4
4120.717	3E-4
4120.958	3E-4
4121.199	3E-4
4121.44	3E-4
4121.681	3E-4
4121.922	3E-4
4122.163	3E-4
4122.404	3E-4
4122.645	3E-4
4122.886	3E-4
4123.127	2E-4
4123.368	1E-4
4123.609	1E-4
4123.851	1E-4
4124.091	1E-4
4124.333	1E-4
4124.574	0
4124.814	0
4125.056	0
4125.297	0
4125.538	0
4125.779	1E-4
4126.02	2E-4
4126.261	2E-4
4126.502	2E-4
4126.743	2E-4
4126.984	2E-4
4127.225	2E-4
4127.466	2E-4
4127.708	1E-4
4127.949	1E-4
4128.189	0
4128.431	-1E-4
4128.672	-1E-4
4128.913	0
4129.154	1E-4
4129.395	1E-4
4129.636	1E-4
4129.877	2E-4
4130.118	3E-4
4130.359	3E-4
4130.6	3E-4
4130.841	3E-4
4131.083	2E-4
4131.323	1E-4
4131.564	1E-4
4131.806	1E-4
4132.046	2E-4
4132.288	1E-4
4132.529	0
4132.77	-1E-4
4133.011	0
4133.252	2E-4
4133.493	2E-4
4133.734	1E-4
4133.975	-1E-4
4134.216	-2E-4
4134.457	-2E-4
4134.698	-1E-4
4134.939	0
4135.18	0
4135.421	0
4135.663	-1E-4
4135.903	-1E-4
4136.145	-1E-4
4136.386	0
4136.627	2E-4
4136.868	3E-4
4137.109	3E-4
4137.35	2E-4
4137.591	2E-4
4137.832	2E-4
4138.073	2E-4
4138.314	1E-4
4138.555	2E-4
4138.796	2E-4
4139.038	2E-4
4139.278	2E-4
4139.52	2E-4
4139.761	2E-4
4140.001	1E-4
4140.243	0
4140.484	0
4140.725	0
4140.966	0
4141.207	1E-4
4141.448	0
4141.689	0
4141.93	1E-4
4142.171	1E-4
4142.412	2E-4
4142.653	3E-4
4142.895	4E-4
4143.135	4E-4
4143.376	3E-4
4143.618	3E-4
4143.858	3E-4
4144.1	3E-4
4144.341	2E-4
4144.582	1E-4
4144.823	1E-4
4145.064	1E-4
4145.305	0
4145.546	0
4145.787	1E-4
4146.028	2E-4
4146.269	3E-4
4146.51	4E-4
4146.751	4E-4
4146.992	3E-4
4147.233	2E-4
4147.475	0
4147.716	0
4147.957	0
4148.198	0
4148.439	0
4148.68	0
4148.921	1E-4
4149.162	0
4149.403	-1E-4
4149.644	-2E-4
4149.885	-1E-4
4150.126	-1E-4
4150.367	0
4150.608	-1E-4
4150.85	-1E-4
4151.09	-2E-4
4151.332	-2E-4
4151.573	-2E-4
4151.813	-2E-4
4152.055	-3E-4
4152.296	-3E-4
4152.537	-2E-4
4152.778	-2E-4
4153.019	-1E-4
4153.26	-1E-4
4153.501	1E-4
4153.742	2E-4
4153.983	2E-4
4154.224	1E-4
4154.465	0
4154.707	0
4154.947	1E-4
4155.188	1E-4
4155.43	0
4155.67	1E-4
4155.912	1E-4
4156.153	2E-4
4156.394	2E-4
4156.635	3E-4
4156.876	4E-4
4157.117	3E-4
4157.358	2E-4
4157.599	1E-4
4157.84	1E-4
4158.081	1E-4
4158.322	0
4158.563	-1E-4
4158.805	-1E-4
4159.045	-1E-4
4159.287	-2E-4
4159.528	-2E-4
4159.769	-2E-4
4160.01	-2E-4
4160.251	-1E-4
4160.492	0
4160.733	1E-4
4160.974	1E-4
4161.215	1E-4
4161.456	1E-4
4161.697	0
4161.938	0
4162.179	-1E-4
4162.42	-1E-4
4162.662	-1E-4
4162.902	-1E-4
4163.144	-1E-4
4163.385	0
4163.625	0
4163.867	1E-4
4164.108	0
4164.349	0
4164.59	0
4164.831	0
4165.072	0
4165.313	0
4165.554	-1E-4
4165.795	-2E-4
4166.036	-4E-4
4166.277	-4E-4
4166.519	-4E-4
4166.759	-3E-4
4167	-2E-4
4167.242	-1E-4
4167.483	-1E-4
4167.724	0
4167.965	0
4168.206	0
4168.447	0
4168.688	0
4168.929	0
4169.17	0
4169.411	-1E-4
4169.652	-3E-4
4169.894	-4E-4
4170.134	-5E-4
4170.375	-3E-4
4170.617	-1E-4
4170.857	0
4171.099	0
4171.34	1E-4
4171.581	1E-4
4171.822	1E-4
4172.063	0
4172.304	0
4172.545	-1E-4
4172.786	-2E-4
4173.027	-3E-4
4173.268	-2E-4
4173.509	-1E-4
4173.75	0
4173.991	0
4174.232	1E-4
4174.474	2E-4
4174.714	3E-4
4174.956	4E-4
4175.197	4E-4
4175.438	3E-4
4175.679	3E-4
4175.92	2E-4
4176.161	1E-4
4176.402	-1E-4
4176.643	-2E-4
4176.884	-3E-4
4177.125	-3E-4
4177.366	-2E-4
4177.607	-1E-4
4177.848	-1E-4
4178.089	-3E-4
4178.331	-3E-4
4178.572	-3E-4
4178.813	-1E-4
4179.054	0
4179.295	0
4179.536	1E-4
4179.777	2E-4
4180.018	1E-4
4180.259	1E-4
4180.5	0
4180.741	-1E-4
4180.982	-2E-4
4181.223	-2E-4
4181.464	-2E-4
4181.706	0
4181.946	0
4182.188	-1E-4
4182.429	-3E-4
4182.669	-3E-4
4182.911	-2E-4
4183.152	-1E-4
4183.393	-1E-4
4183.634	0
4183.875	0
4184.116	0
4184.357	0
4184.598	-1E-4
4184.839	-2E-4
4185.08	-2E-4
4185.321	-2E-4
4185.563	-2E-4
4185.803	-1E-4
4186.044	-2E-4
4186.286	-2E-4
4186.526	-2E-4
4186.768	-1E-4
4187.009	0
4187.25	1E-4
4187.491	2E-4
4187.732	1E-4
4187.973	0
4188.214	-1E-4
4188.455	0
4188.696	2E-4
4188.937	3E-4
4189.178	4E-4
4189.419	5E-4
4189.661	5E-4
4189.901	4E-4
4190.143	1E-4
4190.384	-1E-4
4190.625	-1E-4
4190.866	-1E-4
4191.107	-1E-4
4191.348	0
4191.589	1E-4
4191.83	1E-4
4192.071	1E-4
4192.312	1E-4
4192.553	2E-4
4192.794	3E-4
4193.035	3E-4
4193.276	2E-4
4193.518	1E-4
4193.758	1E-4
4194	2E-4
4194.241	2E-4
4194.481	2E-4
4194.723	2E-4
4194.964	2E-4
4195.205	2E-4
4195.446	2E-4
4195.687	2E-4
4195.928	4E-4
4196.169	5E-4
4196.41	7E-4
4196.651	7E-4
4196.892	7E-4
4197.133	6E-4
4197.375	8E-4
4197.615	1E-3
4197.856	0.0012
4198.098	0.0012
4198.339	0.0012
4198.58	0.0012
4198.821	0.0014
4199.062	0.0015
4199.303	0.0015
4199.544	0.0015
4199.785	0.0016
4200.026	0.0017
4200.267	0.0017
4200.508	0.0016
4200.75	0.0016
4200.99	0.0017
4201.231	0.0017
4201.473	0.0017
4201.713	0.0017
4201.955	0.0017
4202.196	0.0017
4202.437	0.0018
4202.678	0.0019
4202.919	0.002
4203.16	0.002
4203.401	0.002
4203.642	0.002
4203.883	0.0018
4204.124	0.0017
4204.365	0.0017
4204.606	0.0018
4204.847	0.0017
4205.088	0.0017
4205.33	0.0016
4205.57	0.0015
4205.812	0.0014
4206.053	0.0014
4206.294	0.0015
4206.535	0.0017
4206.776	0.0018
4207.017	0.0017
4207.258	0.0016
4207.499	0.0014
4207.74	0.0012
4207.981	0.0011
4208.222	0.0011
4208.463	0.0011
4208.704	0.0012
4208.945	0.0011
4209.187	0.0011
4209.428	0.0012
4209.668	0.0012
4209.91	0.0011
4210.151	1E-3
4210.392	1E-3
4210.633	1E-3
4210.874	1E-3
4211.115	1E-3
4211.356	1E-3
4211.597	1E-3
4211.838	9E-4
4212.079	8E-4
4212.32	7E-4
4212.562	6E-4
4212.802	5E-4
4213.043	5E-4
4213.285	5E-4
4213.525	6E-4
4213.767	6E-4
4214.008	6E-4
4214.249	5E-4
4214.49	3E-4
4214.731	2E-4
4214.972	1E-4
4215.213	2E-4
4215.454	3E-4
4215.695	3E-4
4215.936	4E-4
4216.177	4E-4
4216.418	4E-4
4216.659	3E-4
4216.9	2E-4
4217.142	1E-4
4217.382	0
4217.624	-2E-4
4217.865	-3E-4
4218.106	-3E-4
4218.347	-2E-4
4218.588	-2E-4
4218.829	-2E-4
4219.07	-3E-4
4219.311	-3E-4
4219.552	-2E-4
4219.793	0
4220.034	1E-4
4220.275	0
4220.517	-1E-4
4220.757	-2E-4
4220.999	-2E-4
4221.24	-1E-4
4221.48	-1E-4
4221.722	-1E-4
4221.963	-1E-4
4222.204	0
4222.445	0
4222.686	1E-4
4222.927	1E-4
4223.168	1E-4
4223.409	1E-4
4223.65	1E-4
4223.891	1E-4
4224.132	0
4224.374	-1E-4
4224.614	-2E-4
4224.855	-1E-4
4225.097	1E-4
4225.337	0
4225.579	-1E-4
4225.82	-3E-4
4226.061	-4E-4
4226.302	-4E-4
4226.543	-3E-4
4226.784	-3E-4
4227.025	-3E-4
4227.266	-2E-4
4227.507	-1E-4
4227.748	-1E-4
4227.989	-2E-4
4228.23	-1E-4
4228.471	0
4228.712	0
4228.954	0
4229.195	0
4229.436	-1E-4
4229.677	-2E-4
4229.918	-2E-4
4230.159	-3E-4
4230.4	-3E-4
4230.641	-4E-4
4230.882	-5E-4
4231.123	-5E-4
4231.364	-3E-4
4231.605	-1E-4
4231.846	0
4232.087	2E-4
4232.329	3E-4
4232.569	3E-4
4232.811	2E-4
4233.052	0
4233.292	-3E-4
4233.534	-3E-4
4233.775	-4E-4
4234.016	-4E-4
4234.257	-4E-4
4234.498	-5E-4
4234.739	-6E-4
4234.98	-6E-4
4235.221	-5E-4
4235.462	-4E-4
4235.703	-3E-4
4235.944	-3E-4
4236.186	-2E-4
4236.426	-1E-4
4236.667	-1E-4
4236.909	-2E-4
4237.149	-2E-4
4237.391	-2E-4
4237.632	-1E-4
4237.873	-3E-4
4238.114	-4E-4
4238.355	-4E-4
4238.596	-3E-4
4238.837	-2E-4
4239.078	-2E-4
4239.319	-3E-4
4239.56	-3E-4
4239.801	-4E-4
4240.042	-4E-4
4240.284	-4E-4
4240.524	-3E-4
4240.766	-2E-4
4241.007	-1E-4
4241.248	0
4241.489	0
4241.73	-1E-4
4241.971	-1E-4
4242.212	-1E-4
4242.453	-2E-4
4242.694	-2E-4
4242.935	-3E-4
4243.176	-3E-4
4243.417	-3E-4
4243.658	-2E-4
4243.899	-2E-4
4244.141	-2E-4
4244.381	-3E-4
4244.623	-4E-4
4244.864	-5E-4
4245.104	-6E-4
4245.346	-5E-4
4245.587	-3E-4
4245.828	-2E-4
4246.069	-2E-4
4246.31	-2E-4
4246.551	-3E-4
4246.792	-5E-4
4247.033	-6E-4
4247.274	-5E-4
4247.515	-4E-4
4247.756	-4E-4
4247.998	-3E-4
4248.238	-3E-4
4248.479	-2E-4
4248.721	-1E-4
4248.962	0
4249.203	-1E-4
4249.444	-2E-4
4249.685	-3E-4
4249.926	-4E-4
4250.167	-3E-4
4250.408	-3E-4
4250.649	-2E-4
4250.89	-2E-4
4251.131	-3E-4
4251.373	-3E-4
4251.613	-3E-4
4251.854	-3E-4
4252.096	-3E-4
4252.336	-4E-4
4252.578	-6E-4
4252.819	-7E-4
4253.06	-8E-4
4253.301	-7E-4
4253.542	-5E-4
4253.783	-4E-4
4254.024	-3E-4
4254.265	-4E-4
4254.506	-4E-4
4254.747	-4E-4
4254.988	-4E-4
4255.229	-2E-4
4255.47	-2E-4
4255.711	-2E-4
4255.953	-3E-4
4256.193	-5E-4
4256.435	-5E-4
4256.676	-6E-4
4256.917	-5E-4
4257.158	-4E-4
4257.399	-4E-4
4257.64	-4E-4
4257.881	-5E-4
4258.122	-4E-4
4258.363	-3E-4
4258.604	-2E-4
4258.845	-2E-4
4259.086	-3E-4
4259.327	-4E-4
4259.568	-4E-4
4259.81	-4E-4
4260.051	-4E-4
4260.292	-3E-4
4260.533	-3E-4
4260.774	-2E-4
4261.015	-2E-4
4261.256	-1E-4
4261.497	0
4261.738	-1E-4
4261.979	-3E-4
4262.22	-4E-4
4262.461	-5E-4
4262.702	-4E-4
4262.943	-4E-4
4263.185	-3E-4
4263.425	-3E-4
4263.667	-3E-4
4263.908	-3E-4
4264.148	-3E-4
4264.39	-3E-4
4264.631	-3E-4
4264.872	-2E-4
4265.113	-3E-4
4265.354	-3E-4
4265.595	-4E-4
4265.836	-4E-4
4266.077	-4E-4
4266.318	-3E-4
4266.559	-3E-4
4266.8	-3E-4
4267.042	-3E-4
4267.282	-5E-4
4267.523	-7E-4
4267.765	-7E-4
4268.006	-7E-4
4268.247	-6E-4
4268.488	-6E-4
4268.729	-5E-4
4268.97	-5E-4
4269.211	-5E-4
4269.452	-6E-4
4269.693	-8E-4
4269.934	-7E-4
4270.175	-5E-4
4270.416	-4E-4
4270.657	-3E-4
4270.898	-2E-4
4271.14	0
4271.38	0
4271.622	-1E-4
4271.863	-3E-4
4272.104	-4E-4
4272.345	-5E-4
4272.586	-5E-4
4272.827	-4E-4
4273.068	-4E-4
4273.309	-4E-4
4273.55	-5E-4
4273.791	-5E-4
4274.032	-4E-4
4274.273	-2E-4
4274.514	-1E-4
4274.755	-2E-4
4274.997	-2E-4
4275.237	-2E-4
4275.479	-2E-4
4275.72	-2E-4
4275.96	-3E-4
4276.202	-4E-4
4276.443	-7E-4
4276.684	-9E-4
4276.925	-9E-4
4277.166	-7E-4
4277.407	-5E-4
4277.648	-3E-4
4277.889	-2E-4
4278.13	-1E-4
4278.371	-1E-4
4278.612	-2E-4
4278.854	-4E-4
4279.094	-5E-4
4279.335	-6E-4
4279.577	-7E-4
4279.818	-6E-4
4280.059	-5E-4
4280.3	-2E-4
4280.541	-1E-4
4280.782	-1E-4
4281.023	-2E-4
4281.264	-3E-4
4281.505	-3E-4
4281.746	-2E-4
4281.987	-1E-4
4282.229	-1E-4
4282.469	-2E-4
4282.71	-2E-4
4282.952	-3E-4
4283.192	-3E-4
4283.434	-3E-4
4283.675	-3E-4
4283.916	-2E-4
4284.157	-1E-4
4284.398	-1E-4
4284.639	-2E-4
4284.88	-1E-4
4285.121	0
4285.362	0
4285.603	0
4285.844	1E-4
4286.085	1E-4
4286.326	0
4286.567	-1E-4
4286.809	-2E-4
4287.049	-2E-4
4287.291	-2E-4
4287.532	-1E-4
4287.773	-1E-4
4288.014	-1E-4
4288.255	0
4288.496	1E-4
4288.737	2E-4
4288.978	2E-4
4289.219	2E-4
4289.46	2E-4
4289.701	3E-4
4289.942	4E-4
4290.183	4E-4
4290.424	4E-4
4290.666	4E-4
4290.907	4E-4
4291.147	4E-4
4291.389	5E-4
4291.63	6E-4
4291.871	7E-4
4292.112	8E-4
4292.353	9E-4
4292.594	1E-3
4292.835	1E-3
4293.076	0.0011
4293.317	0.0012
4293.558	0.0012
4293.799	0.0012
4294.041	0.0012
4294.281	0.0012
4294.522	0.0013
4294.764	0.0015
4295.004	0.0017
4295.246	0.0018
4295.487	0.0019
4295.728	0.0019
4295.969	0.0019
4296.21	0.0019
4296.451	0.0018
4296.692	0.0018
4296.933	0.002
4297.174	0.0021
4297.415	0.0023
4297.656	0.0022
4297.897	0.0022
4298.138	0.0022
4298.379	0.0022
4298.621	0.0023
4298.861	0.0025
4299.103	0.0026
4299.344	0.0028
4299.585	0.0028
4299.826	0.0027
4300.067	0.0027
4300.308	0.0027
4300.549	0.0027
4300.79	0.0028
4301.031	0.0029
4301.272	0.003
4301.513	0.0031
4301.754	0.003
4301.996	0.0029
4302.236	0.0028
4302.478	0.0027
4302.719	0.0026
4302.959	0.0026
4303.201	0.0026
4303.442	0.0025
4303.683	0.0024
4303.924	0.0022
4304.165	0.0021
4304.406	0.002
4304.647	0.0021
4304.888	0.0023
4305.129	0.0024
4305.37	0.0024
4305.611	0.0024
4305.853	0.0023
4306.093	0.0021
4306.334	0.0019
4306.576	0.0017
4306.816	0.0017
4307.058	0.0017
4307.299	0.0017
4307.54	0.0018
4307.781	0.0017
4308.022	0.0017
4308.263	0.0016
4308.504	0.0016
4308.745	0.0016
4308.986	0.0016
4309.227	0.0015
4309.468	0.0014
4309.709	0.0013
4309.95	0.0014
4310.191	0.0015
4310.433	0.0015
4310.674	0.0015
4310.915	0.0014
4311.156	0.0012
4311.397	1E-3
4311.638	9E-4
4311.879	1E-3
4312.12	0.0011
4312.361	0.0012
4312.602	0.0011
4312.843	0.0011
4313.084	1E-3
4313.325	9E-4
4313.566	8E-4
4313.808	6E-4
4314.048	5E-4
4314.29	5E-4
4314.531	5E-4
4314.771	6E-4
4315.013	6E-4
4315.254	6E-4
4315.495	6E-4
4315.736	6E-4
4315.977	6E-4
4316.218	7E-4
4316.459	7E-4
4316.7	6E-4
4316.941	6E-4
4317.182	6E-4
4317.423	6E-4
4317.665	5E-4
4317.905	4E-4
4318.146	3E-4
4318.388	3E-4
4318.629	3E-4
4318.87	4E-4
4319.111	4E-4
4319.352	4E-4
4319.593	4E-4
4319.834	4E-4
4320.075	4E-4
4320.316	6E-4
4320.557	7E-4
4320.798	8E-4
4321.039	7E-4
4321.28	5E-4
4321.521	3E-4
4321.763	3E-4
4322.003	3E-4
4322.245	4E-4
4322.486	3E-4
4322.727	2E-4
4322.968	1E-4
4323.209	-1E-4
4323.45	-1E-4
4323.691	1E-4
4323.932	3E-4
4324.173	5E-4
4324.414	6E-4
4324.655	5E-4
4324.896	4E-4
4325.137	3E-4
4325.378	3E-4
4325.62	3E-4
4325.86	3E-4
4326.102	3E-4
4326.343	3E-4
4326.583	2E-4
4326.825	2E-4
4327.066	2E-4
4327.307	2E-4
4327.548	3E-4
4327.789	3E-4
4328.03	2E-4
4328.271	1E-4
4328.512	1E-4
4328.753	0
4328.994	0
4329.235	-1E-4
4329.477	-1E-4
4329.718	0
4329.958	1E-4
4330.2	2E-4
4330.441	2E-4
4330.682	1E-4
4330.923	0
4331.164	-1E-4
4331.405	-1E-4
4331.646	0
4331.887	1E-4
4332.128	2E-4
4332.369	1E-4
4332.61	-1E-4
4332.852	-2E-4
4333.092	-2E-4
4333.333	-1E-4
4333.575	0
4333.815	1E-4
4334.057	1E-4
4334.298	1E-4
4334.539	1E-4
4334.78	1E-4
4335.021	0
4335.262	-1E-4
4335.503	-2E-4
4335.744	-2E-4
4335.985	-1E-4
4336.226	0
4336.467	1E-4
4336.708	2E-4
4336.949	2E-4
4337.19	1E-4
4337.432	1E-4
4337.672	1E-4
4337.914	1E-4
4338.155	1E-4
4338.396	2E-4
4338.637	3E-4
4338.878	4E-4
4339.119	4E-4
4339.36	4E-4
4339.601	3E-4
4339.842	2E-4
4340.083	2E-4
4340.324	1E-4
4340.565	-1E-4
4340.806	-3E-4
4341.047	-3E-4
4341.289	-2E-4
4341.53	0
4341.771	2E-4
4342.012	3E-4
4342.253	3E-4
4342.494	2E-4
4342.735	3E-4
4342.976	3E-4
4343.217	3E-4
4343.458	3E-4
4343.699	1E-4
4343.94	0
4344.181	-2E-4
4344.422	-3E-4
4344.664	-3E-4
4344.904	-3E-4
4345.146	-3E-4
4345.387	-4E-4
4345.627	-4E-4
4345.869	-3E-4
4346.11	-1E-4
4346.351	0
4346.592	1E-4
4346.833	1E-4
4347.074	0
4347.315	-1E-4
4347.556	-2E-4
4347.797	-3E-4
4348.038	-3E-4
4348.279	-3E-4
4348.521	-3E-4
4348.761	-3E-4
4349.002	-2E-4
4349.244	-2E-4
4349.485	-2E-4
4349.726	-3E-4
4349.967	-4E-4
4350.208	-5E-4
4350.449	-4E-4
4350.69	-2E-4
4350.931	0
4351.172	1E-4
4351.413	2E-4
4351.654	2E-4
4351.895	2E-4
4352.136	1E-4
4352.377	0
4352.619	0
4352.859	1E-4
4353.101	1E-4
4353.342	0
4353.583	0
4353.824	-1E-4
4354.065	-2E-4
4354.306	-2E-4
4354.547	-1E-4
4354.788	-1E-4
4355.029	0
4355.27	1E-4
4355.511	1E-4
4355.752	1E-4
4355.993	0
4356.234	-1E-4
4356.476	-1E-4
4356.716	-1E-4
4356.958	-1E-4
4357.199	0
4357.439	0
4357.681	0
4357.922	0
4358.163	-1E-4
4358.404	-1E-4
4358.645	0
4358.886	0
4359.127	0
4359.368	0
4359.609	0
4359.85	0
4360.091	-2E-4
4360.333	-3E-4
4360.573	-3E-4
4360.814	-3E-4
4361.056	-2E-4
4361.297	-1E-4
4361.538	-1E-4
4361.779	-1E-4
4362.02	-1E-4
4362.261	-1E-4
4362.502	-1E-4
4362.743	0
4362.984	0
4363.225	1E-4
4363.466	1E-4
4363.708	1E-4
4363.948	0
4364.189	-1E-4
4364.431	-2E-4
4364.671	-2E-4
4364.913	-2E-4
4365.154	-2E-4
4365.395	-1E-4
4365.636	-1E-4
4365.877	0
4366.118	1E-4
4366.359	1E-4
4366.6	1E-4
4366.841	0
4367.082	-2E-4
4367.323	-4E-4
4367.564	-5E-4
4367.805	-5E-4
4368.046	-4E-4
4368.288	-2E-4
4368.528	0
4368.77	1E-4
4369.011	2E-4
4369.252	1E-4
4369.493	1E-4
4369.734	0
4369.975	0
4370.216	-1E-4
4370.457	-1E-4
4370.698	-2E-4
4370.939	-2E-4
4371.18	-2E-4
4371.421	-2E-4
4371.662	-1E-4
4371.903	0
4372.145	0
4372.386	-1E-4
4372.626	-2E-4
4372.868	-3E-4
4373.109	-4E-4
4373.35	-3E-4
4373.591	-2E-4
4373.832	0
4374.073	1E-4
4374.314	1E-4
4374.555	0
4374.796	-3E-4
4375.037	-4E-4
4375.278	-4E-4
4375.52	-3E-4
4375.76	-2E-4
4376.001	-2E-4
4376.243	-2E-4
4376.483	-3E-4
4376.725	-3E-4
4376.966	-3E-4
4377.207	-2E-4
4377.448	0
4377.689	2E-4
4377.93	2E-4
4378.171	2E-4
4378.412	1E-4
4378.653	0
4378.894	-1E-4
4379.135	-2E-4
4379.376	-1E-4
4379.617	0
4379.858	0
4380.1	0
4380.341	0
4380.582	-1E-4
4380.823	-2E-4
4381.064	-4E-4
4381.305	-5E-4
4381.546	-6E-4
4381.787	-5E-4
4382.028	-4E-4
4382.269	-2E-4
4382.51	-1E-4
4382.751	-1E-4
4382.992	-2E-4
4383.233	-3E-4
4383.475	-4E-4
4383.715	-5E-4
4383.957	-5E-4
4384.198	-5E-4
4384.438	-3E-4
4384.68	-2E-4
4384.921	-2E-4
4385.162	-2E-4
4385.403	-3E-4
4385.644	-3E-4
4385.885	-3E-4
4386.126	-2E-4
4386.367	-2E-4
4386.608	-1E-4
4386.849	0
4387.09	0
4387.332	0
4387.572	-1E-4
4387.813	-2E-4
4388.055	-2E-4
4388.295	-2E-4
4388.537	-2E-4
4388.778	-3E-4
4389.019	-3E-4
4389.26	-3E-4
4389.501	-2E-4
4389.742	-1E-4
4389.983	-1E-4
4390.224	0
4390.465	-1E-4
4390.706	-3E-4
4390.947	-4E-4
4391.188	-3E-4
4391.43	-2E-4
4391.67	-1E-4
4391.912	-1E-4
4392.153	-2E-4
4392.394	-3E-4
4392.635	-4E-4
4392.876	-5E-4
4393.117	-5E-4
4393.358	-5E-4
4393.599	-4E-4
4393.84	-2E-4
4394.081	-1E-4
4394.322	0
4394.563	0
4394.804	-1E-4
4395.045	-2E-4
4395.287	-1E-4
4395.527	0
4395.769	2E-4
4396.01	3E-4
4396.25	3E-4
4396.492	2E-4
4396.733	0
4396.974	-1E-4
4397.215	-1E-4
4397.456	-1E-4
4397.697	-1E-4
4397.938	-1E-4
4398.179	-1E-4
4398.42	1E-4
4398.661	1E-4
4398.902	1E-4
4399.144	0
4399.384	-1E-4
4399.625	-1E-4
4399.867	-2E-4
4400.108	-3E-4
4400.349	-5E-4
4400.59	-6E-4
4400.831	-7E-4
4401.072	-6E-4
4401.313	-5E-4
4401.554	-3E-4
4401.795	-2E-4
4402.036	-3E-4
4402.277	-3E-4
4402.518	-4E-4
4402.759	-5E-4
4403	-4E-4
4403.242	-2E-4
4403.482	0
4403.724	1E-4
4403.965	0
4404.206	-1E-4
4404.447	-2E-4
4404.688	-1E-4
4404.929	-1E-4
4405.17	-2E-4
4405.411	-3E-4
4405.652	-5E-4
4405.893	-6E-4
4406.134	-6E-4
4406.375	-4E-4
4406.616	-3E-4
4406.857	-1E-4
4407.099	1E-4
4407.339	2E-4
4407.581	1E-4
4407.822	-1E-4
4408.063	-3E-4
4408.304	-5E-4
4408.545	-6E-4
4408.786	-6E-4
4409.027	-7E-4
4409.268	-5E-4
4409.509	-4E-4
4409.75	-3E-4
4409.991	-2E-4
4410.232	-1E-4
4410.473	1E-4
4410.714	1E-4
4410.956	0
4411.197	-1E-4
4411.438	-2E-4
4411.679	-2E-4
4411.92	-3E-4
4412.161	-4E-4
4412.402	-4E-4
4412.643	-3E-4
4412.884	-2E-4
4413.125	-1E-4
4413.366	-1E-4
4413.607	-1E-4
4413.848	-1E-4
4414.089	-1E-4
4414.331	-1E-4
4414.571	-1E-4
4414.813	-1E-4
4415.054	-2E-4
4415.294	-3E-4
4415.536	-5E-4
4415.777	-5E-4
4416.018	-5E-4
4416.259	-5E-4
4416.5	-5E-4
4416.741	-5E-4
4416.982	-5E-4
4417.223	-5E-4
4417.464	-4E-4
4417.705	-4E-4
4417.946	-4E-4
4418.188	-4E-4
4418.428	-5E-4
4418.669	-5E-4
4418.911	-5E-4
4419.151	-4E-4
4419.393	-5E-4
4419.634	-4E-4
4419.875	-3E-4
4420.116	-1E-4
4420.357	0
4420.598	0
4420.839	0
4421.08	0
4421.321	-1E-4
4421.562	-2E-4
4421.803	-4E-4
4422.044	-4E-4
4422.285	-3E-4
4422.526	-2E-4
4422.768	0
4423.009	1E-4
4423.25	2E-4
4423.491	2E-4
4423.732	1E-4
4423.973	0
4424.214	-1E-4
4424.455	-2E-4
4424.696	-3E-4
4424.937	-3E-4
4425.178	-3E-4
4425.419	-3E-4
4425.66	-3E-4
4425.901	-2E-4
4426.143	-1E-4
4426.383	0
4426.625	1E-4
4426.866	0
4427.106	0
4427.348	-1E-4
4427.589	-2E-4
4427.83	-2E-4
4428.071	-2E-4
4428.312	-3E-4
4428.553	-3E-4
4428.794	-3E-4
4429.035	-3E-4
4429.276	-3E-4
4429.517	-3E-4
4429.758	-3E-4
4430	-3E-4
4430.24	-2E-4
4430.481	-2E-4
4430.723	-1E-4
4430.964	-2E-4
4431.205	-4E-4
4431.446	-5E-4
4431.687	-5E-4
4431.928	-4E-4
4432.169	-4E-4
4432.41	-4E-4
4432.651	-5E-4
4432.892	-5E-4
4433.133	-5E-4
4433.374	-4E-4
4433.615	-3E-4
4433.856	-3E-4
4434.098	-5E-4
4434.338	-6E-4
4434.58	-5E-4
4434.821	-5E-4
4435.062	-4E-4
4435.303	-5E-4
4435.544	-7E-4
4435.785	-8E-4
4436.026	-8E-4
4436.267	-6E-4
4436.508	-4E-4
4436.749	-2E-4
4436.99	-1E-4
4437.231	-2E-4
4437.472	-2E-4
4437.713	-3E-4
4437.955	-4E-4
4438.195	-5E-4
4438.437	-5E-4
4438.678	-4E-4
4438.918	-2E-4
4439.16	-1E-4
4439.401	-1E-4
4439.642	-2E-4
4439.883	-2E-4
4440.124	-2E-4
4440.365	-1E-4
4440.606	1E-4
4440.847	1E-4
4441.088	1E-4
4441.329	0
4441.57	-2E-4
4441.812	-4E-4
4442.053	-5E-4
4442.293	-4E-4
4442.535	-4E-4
4442.776	-4E-4
4443.017	-4E-4
4443.258	-5E-4
4443.499	-6E-4
4443.74	-7E-4
4443.981	-6E-4
4444.222	-4E-4
4444.463	-3E-4
4444.704	-3E-4
4444.945	-3E-4
4445.187	-3E-4
4445.427	-4E-4
4445.668	-5E-4
4445.91	-6E-4
4446.15	-7E-4
4446.392	-7E-4
4446.633	-6E-4
4446.874	-4E-4
4447.115	-4E-4
4447.356	-3E-4
4447.597	-3E-4
4447.838	-2E-4
4448.079	0
4448.32	0
4448.561	-1E-4
4448.802	-3E-4
4449.043	-4E-4
4449.284	-4E-4
4449.525	-4E-4
4449.767	-3E-4
4450.007	-3E-4
4450.249	-4E-4
4450.49	-5E-4
4450.731	-5E-4
4450.972	-5E-4
4451.213	-4E-4
4451.454	-4E-4
4451.695	-3E-4
4451.936	-2E-4
4452.177	-2E-4
4452.418	-2E-4
4452.659	-3E-4
4452.9	-3E-4
4453.142	-3E-4
4453.382	-3E-4
4453.624	-5E-4
4453.865	-5E-4
4454.105	-4E-4
4454.347	-3E-4
4454.588	-2E-4
4454.829	-1E-4
4455.07	0
4455.311	-1E-4
4455.552	-3E-4
4455.793	-4E-4
4456.034	-4E-4
4456.275	-2E-4
4456.516	-1E-4
4456.757	-1E-4
4456.999	-1E-4
4457.239	-1E-4
4457.48	-1E-4
4457.722	-1E-4
4457.962	-1E-4
4458.204	-2E-4
4458.445	-3E-4
4458.686	-5E-4
4458.927	-5E-4
4459.168	-5E-4
4459.409	-3E-4
4459.65	-1E-4
4459.891	0
4460.132	-2E-4
4460.373	-4E-4
4460.614	-6E-4
4460.855	-6E-4
4461.096	-5E-4
4461.337	-4E-4
4461.579	-2E-4
4461.82	-1E-4
4462.061	0
4462.302	-2E-4
4462.543	-3E-4
4462.784	-3E-4
4463.025	-2E-4
4463.266	-1E-4
4463.507	-2E-4
4463.748	-3E-4
4463.989	-4E-4
4464.23	-4E-4
4464.471	-4E-4
4464.712	-5E-4
4464.954	-5E-4
4465.194	-6E-4
4465.436	-7E-4
4465.677	-7E-4
4465.917	-7E-4
4466.159	-7E-4
4466.4	-7E-4
4466.641	-6E-4
4466.882	-5E-4
4467.123	-2E-4
4467.364	-1E-4
4467.605	0
4467.846	-1E-4
4468.087	-2E-4
4468.328	-3E-4
4468.569	-2E-4
4468.811	-1E-4
4469.051	-1E-4
4469.292	-1E-4
4469.534	-2E-4
4469.774	-2E-4
4470.016	-2E-4
4470.257	0
4470.498	0
4470.739	-1E-4
4470.98	-2E-4
4471.221	-3E-4
4471.462	-4E-4
4471.703	-5E-4
4471.944	-4E-4
4472.185	-3E-4
4472.426	-2E-4
4472.667	-1E-4
4472.909	-2E-4
4473.149	-3E-4
4473.391	-3E-4
4473.632	-3E-4
4473.873	-4E-4
4474.114	-4E-4
4474.355	-4E-4
4474.596	-4E-4
4474.837	-3E-4
4475.078	-2E-4
4475.319	-2E-4
4475.56	-2E-4
4475.801	-2E-4
4476.042	-1E-4
4476.283	-1E-4
4476.524	-1E-4
4476.766	-2E-4
4477.006	-2E-4
4477.248	-2E-4
4477.489	-2E-4
4477.729	-2E-4
4477.971	-2E-4
4478.212	-1E-4
4478.453	-1E-4
4478.694	-2E-4
4478.935	-4E-4
4479.176	-7E-4
4479.417	-9E-4
4479.658	-9E-4
4479.899	-7E-4
4480.14	-4E-4
4480.381	-2E-4
4480.623	-2E-4
4480.863	-3E-4
4481.104	-3E-4
4481.346	-2E-4
4481.587	-2E-4
4481.828	-1E-4
4482.069	-1E-4
4482.31	0
4482.551	0
4482.792	-1E-4
4483.033	-2E-4
4483.274	-3E-4
4483.515	-4E-4
4483.756	-3E-4
4483.997	-3E-4
4484.238	-3E-4
4484.479	-3E-4
4484.721	-3E-4
4484.961	-3E-4
4485.203	-2E-4
4485.444	-1E-4
4485.685	0
4485.926	0
4486.167	0
4486.408	-2E-4
4486.649	-4E-4
4486.89	-5E-4
4487.131	-4E-4
4487.372	-4E-4
4487.613	-5E-4
4487.854	-6E-4
4488.095	-6E-4
4488.336	-5E-4
4488.578	-5E-4
4488.818	-5E-4
4489.06	-5E-4
4489.301	-6E-4
4489.542	-5E-4
4489.783	-5E-4
4490.024	-4E-4
4490.265	-4E-4
4490.506	-4E-4
4490.747	-5E-4
4490.988	-6E-4
4491.229	-5E-4
4491.47	-4E-4
4491.711	-2E-4
4491.952	-1E-4
4492.193	-1E-4
4492.435	-1E-4
4492.676	-1E-4
4492.917	-2E-4
4493.158	-3E-4
4493.399	-4E-4
4493.64	-4E-4
4493.881	-4E-4
4494.122	-3E-4
4494.363	-3E-4
4494.604	-3E-4
4494.845	-2E-4
4495.086	-1E-4
4495.327	-2E-4
4495.568	-4E-4
4495.81	-5E-4
4496.05	-5E-4
4496.292	-4E-4
4496.533	-2E-4
4496.773	-1E-4
4497.015	-2E-4
4497.256	-4E-4
4497.497	-5E-4
4497.738	-5E-4
4497.979	-4E-4
4498.22	-3E-4
4498.461	-2E-4
4498.702	-2E-4
4498.943	-3E-4
4499.184	-5E-4
4499.425	-7E-4
4499.667	-7E-4
4499.907	-5E-4
4500.148	-2E-4
4500.39	0
4500.63	1E-4
4500.872	1E-4
4501.113	0
4501.354	-2E-4
4501.595	-4E-4
4501.836	-4E-4
4502.077	-4E-4
4502.318	-4E-4
4502.559	-3E-4
4502.8	-2E-4
4503.041	-3E-4
4503.282	-4E-4
4503.523	-4E-4
4503.765	-3E-4
4504.005	-1E-4
4504.247	-1E-4
4504.488	-2E-4
4504.729	-3E-4
4504.97	-3E-4
4505.211	-1E-4
4505.452	0
4505.693	0
4505.934	0
4506.175	-2E-4
4506.416	-3E-4
4506.657	-4E-4
4506.898	-4E-4
4507.139	-4E-4
4507.38	-3E-4
4507.622	-1E-4
4507.862	1E-4
4508.104	2E-4
4508.345	2E-4
4508.585	1E-4
4508.827	1E-4
4509.068	0
4509.309	0
4509.55	-1E-4
4509.791	-1E-4
4510.032	-1E-4
4510.273	-2E-4
4510.514	-1E-4
4510.755	-1E-4
4510.996	-1E-4
4511.237	-2E-4
4511.479	-4E-4
4511.719	-5E-4
4511.96	-6E-4
4512.202	-6E-4
4512.443	-6E-4
4512.684	-5E-4
4512.925	-3E-4
4513.166	-1E-4
4513.407	0
4513.648	0
4513.889	-1E-4
4514.13	-2E-4
4514.371	-3E-4
4514.612	-3E-4
4514.854	-2E-4
4515.094	-2E-4
4515.335	-1E-4
4515.577	-1E-4
4515.817	-1E-4
4516.059	-1E-4
4516.3	0
4516.541	0
4516.782	0
4517.023	-1E-4
4517.264	-2E-4
4517.505	-2E-4
4517.746	-1E-4
4517.987	-1E-4
4518.228	-1E-4
4518.469	-3E-4
4518.71	-3E-4
4518.951	-3E-4
4519.192	-3E-4
4519.434	-3E-4
4519.674	-2E-4
4519.916	-1E-4
4520.157	-1E-4
4520.397	0
4520.639	0
4520.88	1E-4
4521.121	1E-4
4521.362	1E-4
4521.603	2E-4
4521.844	2E-4
4522.085	1E-4
4522.326	-1E-4
4522.567	-2E-4
4522.808	-1E-4
4523.049	0
4523.291	2E-4
4523.532	3E-4
4523.772	3E-4
4524.014	2E-4
4524.255	0
4524.496	-1E-4
4524.737	0
4524.978	1E-4
4525.219	2E-4
4525.46	2E-4
4525.701	1E-4
4525.942	1E-4
4526.183	0
4526.424	0
4526.666	1E-4
4526.906	2E-4
4527.147	3E-4
4527.389	4E-4
4527.629	4E-4
4527.871	4E-4
4528.112	2E-4
4528.353	0
4528.594	-2E-4
4528.835	-2E-4
4529.076	-1E-4
4529.317	-1E-4
4529.558	0
4529.799	0
4530.04	-1E-4
4530.281	-1E-4
4530.522	0
4530.763	1E-4
4531.004	2E-4
4531.246	2E-4
4531.486	1E-4
4531.728	0
4531.969	0
4532.21	0
4532.451	-1E-4
4532.692	-1E-4
4532.933	-1E-4
4533.174	0
4533.415	1E-4
4533.656	2E-4
4533.897	2E-4
4534.138	3E-4
4534.379	2E-4
4534.621	1E-4
4534.861	0
4535.103	-1E-4
4535.344	-2E-4
4535.584	-3E-4
4535.826	-3E-4
4536.067	-2E-4
4536.308	-2E-4
4536.549	-2E-4
4536.79	-2E-4
4537.031	-2E-4
4537.272	-1E-4
4537.513	-1E-4
4537.754	-1E-4
4537.995	0
4538.236	0
4538.478	1E-4
4538.718	2E-4
4538.959	2E-4
4539.201	2E-4
4539.441	1E-4
4539.683	1E-4
4539.924	0
4540.165	0
4540.406	0
4540.647	1E-4
4540.888	2E-4
4541.129	2E-4
4541.37	2E-4
4541.611	1E-4
4541.852	1E-4
4542.093	1E-4
4542.334	1E-4
4542.575	1E-4
4542.816	-1E-4
4543.058	-2E-4
4543.299	-3E-4
4543.54	-4E-4
4543.781	-4E-4
4544.022	-2E-4
4544.263	1E-4
4544.504	3E-4
4544.745	3E-4
4544.986	2E-4
4545.227	1E-4
4545.468	0
4545.709	0
4545.95	-1E-4
4546.191	-1E-4
4546.433	-2E-4
4546.673	-3E-4
4546.915	-3E-4
4547.156	-3E-4
4547.396	-1E-4
4547.638	1E-4
4547.879	1E-4
4548.12	0
4548.361	-1E-4
4548.602	-3E-4
4548.843	-5E-4
4549.084	-6E-4
4549.325	-6E-4
4549.566	-5E-4
4549.807	-4E-4
4550.048	-3E-4
4550.29	-2E-4
4550.53	-2E-4
4550.771	-3E-4
4551.013	-4E-4
4551.253	-4E-4
4551.495	-3E-4
4551.736	-2E-4
4551.977	-2E-4
4552.218	-3E-4
4552.459	-3E-4
4552.7	-4E-4
4552.941	-4E-4
4553.182	-3E-4
4553.423	-3E-4
4553.664	-2E-4
4553.905	-2E-4
4554.146	-2E-4
4554.388	-2E-4
4554.628	-1E-4
4554.87	-1E-4
4555.111	0
4555.352	0
4555.593	-1E-4
4555.834	-2E-4
4556.075	-3E-4
4556.316	-3E-4
4556.557	-2E-4
4556.798	-1E-4
4557.039	-1E-4
4557.28	-1E-4
4557.521	-1E-4
4557.762	-2E-4
4558.003	-3E-4
4558.245	-3E-4
4558.485	-3E-4
4558.727	-1E-4
4558.968	0
4559.208	1E-4
4559.45	-1E-4
4559.691	-2E-4
4559.932	-4E-4
4560.173	-4E-4
4560.414	-5E-4
4560.655	-6E-4
4560.896	-6E-4
4561.137	-6E-4
4561.378	-5E-4
4561.619	-4E-4
4561.86	-3E-4
4562.102	-3E-4
4562.342	-3E-4
4562.583	-3E-4
4562.825	-2E-4
4563.066	-2E-4
4563.307	-2E-4
4563.548	-2E-4
4563.789	-3E-4
4564.03	-4E-4
4564.271	-5E-4
4564.512	-6E-4
4564.753	-5E-4
4564.994	-3E-4
4565.235	-1E-4
4565.477	0
4565.717	-1E-4
4565.958	-2E-4
4566.2	-2E-4
4566.44	-2E-4
4566.682	0
4566.923	0
4567.164	-1E-4
4567.405	-3E-4
4567.646	-4E-4
4567.887	-3E-4
4568.128	-1E-4
4568.369	2E-4
4568.61	4E-4
4568.851	4E-4
4569.092	2E-4
4569.333	-2E-4
4569.574	-4E-4
4569.815	-5E-4
4570.057	-6E-4
4570.297	-6E-4
4570.539	-5E-4
4570.78	-3E-4
4571.021	-3E-4
4571.262	-4E-4
4571.503	-4E-4
4571.744	-4E-4
4571.985	-3E-4
4572.226	-4E-4
4572.467	-4E-4
4572.708	-3E-4
4572.949	-3E-4
4573.19	-2E-4
4573.431	-2E-4
4573.672	-2E-4
4573.914	-2E-4
4574.155	-2E-4
4574.396	-2E-4
4574.637	-3E-4
4574.878	-5E-4
4575.119	-6E-4
4575.36	-6E-4
4575.601	-4E-4
4575.842	-2E-4
4576.083	-1E-4
4576.324	0
4576.565	-1E-4
4576.806	-2E-4
4577.047	-3E-4
4577.289	-4E-4
4577.529	-5E-4
4577.771	-6E-4
4578.012	-6E-4
4578.252	-5E-4
4578.494	-2E-4
4578.735	0
4578.976	0
4579.217	0
4579.458	1E-4
4579.699	3E-4
4579.94	3E-4
4580.181	1E-4
4580.422	-2E-4
4580.663	-3E-4
4580.904	-4E-4
4581.146	-4E-4
4581.386	-3E-4
4581.627	-2E-4
4581.869	-1E-4
4582.109	-1E-4
4582.351	-1E-4
4582.592	-2E-4
4582.833	-3E-4
4583.074	-4E-4
4583.315	-4E-4
4583.556	-3E-4
4583.797	-2E-4
4584.038	-2E-4
4584.279	-2E-4
4584.52	-2E-4
4584.761	-4E-4
4585.002	-5E-4
4585.244	-4E-4
4585.484	-3E-4
4585.726	-2E-4
4585.967	-2E-4
4586.208	-2E-4
4586.449	-1E-4
4586.69	1E-4
4586.931	1E-4
4587.172	1E-4
4587.413	0
4587.654	0
4587.895	0
4588.136	-1E-4
4588.377	-1E-4
4588.618	-2E-4
4588.859	-4E-4
4589.101	-5E-4
4589.341	-6E-4
4589.583	-6E-4
4589.824	-5E-4
4590.064	-5E-4
4590.306	-4E-4
4590.547	-3E-4
4590.788	-3E-4
4591.029	-3E-4
4591.27	-5E-4
4591.511	-6E-4
4591.752	-5E-4
4591.993	-4E-4
4592.234	-4E-4
4592.475	-5E-4
4592.716	-5E-4
4592.958	-5E-4
4593.198	-3E-4
4593.439	-2E-4
4593.681	-1E-4
4593.922	-1E-4
4594.163	-1E-4
4594.404	-1E-4
4594.645	-1E-4
4594.886	-1E-4
4595.127	-1E-4
4595.368	-1E-4
4595.609	-2E-4
4595.85	-2E-4
4596.091	-1E-4
4596.333	-1E-4
4596.573	-1E-4
4596.814	-1E-4
4597.056	-2E-4
4597.296	-2E-4
4597.538	-2E-4
4597.779	-2E-4
4598.02	-2E-4
4598.261	-3E-4
4598.502	-3E-4
4598.743	-3E-4
4598.984	-1E-4
4599.225	2E-4
4599.466	2E-4
4599.707	1E-4
4599.948	-1E-4
4600.189	-1E-4
4600.43	-1E-4
4600.671	0
4600.913	-1E-4
4601.153	-2E-4
4601.395	-3E-4
4601.636	-5E-4
4601.877	-7E-4
4602.118	-8E-4
4602.359	-9E-4
4602.6	-8E-4
4602.841	-6E-4
4603.082	-4E-4
4603.323	-3E-4
4603.564	-3E-4
4603.805	-3E-4
4604.046	-3E-4
4604.287	-1E-4
4604.528	0
4604.77	0
4605.011	-1E-4
4605.251	-1E-4
4605.493	0
4605.734	0
4605.975	0
4606.216	0
4606.457	1E-4
4606.698	2E-4
4606.939	1E-4
4607.18	0
4607.421	-1E-4
4607.662	-2E-4
4607.903	-3E-4
4608.145	-4E-4
4608.385	-4E-4
4608.626	-4E-4
4608.868	-3E-4
4609.108	-3E-4
4609.35	-2E-4
4609.591	-1E-4
4609.832	1E-4
4610.073	1E-4
4610.314	0
4610.555	-1E-4
4610.796	-3E-4
4611.037	-2E-4
4611.278	-1E-4
4611.519	-1E-4
4611.76	-2E-4
4612.001	-2E-4
4612.242	-2E-4
4612.483	-1E-4
4612.725	-2E-4
4612.965	-3E-4
4613.207	-5E-4
4613.448	-6E-4
4613.689	-6E-4
4613.93	-5E-4
4614.171	-4E-4
4614.412	-2E-4
4614.653	-1E-4
4614.894	-1E-4
4615.135	-1E-4
4615.376	0
4615.617	-1E-4
4615.858	-2E-4
4616.1	-3E-4
4616.34	-3E-4
4616.582	-2E-4
4616.823	-2E-4
4617.063	-4E-4
4617.305	-4E-4
4617.546	-3E-4
4617.787	-2E-4
4618.028	-1E-4
4618.269	-1E-4
4618.51	-1E-4
4618.751	0
4618.992	-1E-4
4619.233	-1E-4
4619.474	-2E-4
4619.715	-2E-4
4619.957	-2E-4
4620.197	-1E-4
4620.438	0
4620.68	1E-4
4620.92	0
4621.162	-2E-4
4621.403	-3E-4
4621.644	-2E-4
4621.885	0
4622.126	2E-4
4622.367	3E-4
4622.608	2E-4
4622.849	0
4623.09	-2E-4
4623.331	-4E-4
4623.572	-4E-4
4623.813	-4E-4
4624.054	-3E-4
4624.295	-2E-4
4624.537	0
4624.778	1E-4
4625.019	1E-4
4625.26	0
4625.501	-1E-4
4625.742	-1E-4
4625.983	-2E-4
4626.224	-2E-4
4626.465	-1E-4
4626.706	-1E-4
4626.947	-2E-4
4627.188	-3E-4
4627.429	-3E-4
4627.67	-3E-4
4627.912	-2E-4
4628.152	-2E-4
4628.394	-2E-4
4628.635	-2E-4
4628.875	-2E-4
4629.117	-2E-4
4629.358	-2E-4
4629.599	0
4629.84	1E-4
4630.081	2E-4
4630.322	1E-4
4630.563	0
4630.804	-2E-4
4631.045	-3E-4
4631.286	-3E-4
4631.527	-2E-4
4631.769	-1E-4
4632.009	0
4632.25	0
4632.492	0
4632.733	0
4632.974	0
4633.215	-1E-4
4633.456	-3E-4
4633.697	-5E-4
4633.938	-5E-4
4634.179	-3E-4
4634.42	-1E-4
4634.661	1E-4
4634.902	2E-4
4635.143	2E-4
4635.384	1E-4
4635.625	-1E-4
4635.867	-1E-4
4636.107	0
4636.349	1E-4
4636.59	0
4636.831	0
4637.072	0
4637.313	0
4637.554	0
4637.795	-1E-4
4638.036	-1E-4
4638.277	-1E-4
4638.518	-1E-4
4638.759	-2E-4
4639	-4E-4
4639.241	-5E-4
4639.482	-4E-4
4639.724	-2E-4
4639.964	0
4640.206	1E-4
4640.447	0
4640.688	-1E-4
4640.929	-1E-4
4641.17	-1E-4
4641.411	0
4641.652	0
4641.893	-1E-4
4642.134	-1E-4
4642.375	-1E-4
4642.616	0
4642.857	1E-4
4643.098	1E-4
4643.339	1E-4
4643.581	0
4643.821	0
4644.063	-1E-4
4644.304	-3E-4
4644.545	-3E-4
4644.786	-3E-4
4645.027	-1E-4
4645.268	-1E-4
4645.509	-2E-4
4645.75	-3E-4
4645.991	-3E-4
4646.232	-2E-4
4646.473	0
4646.714	1E-4
4646.956	2E-4
4647.196	2E-4
4647.438	2E-4
4647.679	1E-4
4647.919	-1E-4
4648.161	-2E-4
4648.402	-3E-4
4648.643	-2E-4
4648.884	-2E-4
4649.125	-2E-4
4649.366	-2E-4
4649.607	-2E-4
4649.848	-1E-4
4650.089	0
4650.33	1E-4
4650.571	1E-4
4650.813	0
4651.053	-1E-4
4651.294	-3E-4
4651.536	-4E-4
4651.776	-4E-4
4652.018	-2E-4
4652.259	0
4652.5	1E-4
4652.741	-1E-4
4652.982	-4E-4
4653.223	-5E-4
4653.464	-4E-4
4653.705	-1E-4
4653.946	1E-4
4654.187	2E-4
4654.428	2E-4
4654.669	1E-4
4654.91	0
4655.151	-1E-4
4655.393	-2E-4
4655.634	-3E-4
4655.875	-2E-4
4656.116	0
4656.357	1E-4
4656.598	2E-4
4656.839	2E-4
4657.08	2E-4
4657.321	2E-4
4657.562	2E-4
4657.803	1E-4
4658.044	0
4658.285	-1E-4
4658.526	-1E-4
4658.768	0
4659.008	1E-4
4659.25	1E-4
4659.491	0
4659.731	-1E-4
4659.973	-3E-4
4660.214	-4E-4
4660.455	-4E-4
4660.696	-4E-4
4660.937	-3E-4
4661.178	-1E-4
4661.419	0
4661.66	-1E-4
4661.901	-2E-4
4662.142	-3E-4
4662.383	-2E-4
4662.625	1E-4
4662.865	3E-4
4663.106	3E-4
4663.348	1E-4
4663.589	-1E-4
4663.83	-2E-4
4664.071	-2E-4
4664.312	0
4664.553	2E-4
4664.794	3E-4
4665.035	2E-4
4665.276	1E-4
4665.517	-1E-4
4665.758	-2E-4
4665.999	-3E-4
4666.24	-3E-4
4666.481	-3E-4
4666.723	-2E-4
4666.963	-2E-4
4667.205	-2E-4
4667.446	-2E-4
4667.687	-2E-4
4667.928	-1E-4
4668.169	1E-4
4668.41	2E-4
4668.651	1E-4
4668.892	-2E-4
4669.133	-4E-4
4669.374	-6E-4
4669.615	-5E-4
4669.856	-4E-4
4670.097	-2E-4
4670.338	-2E-4
4670.58	-1E-4
4670.82	0
4671.062	1E-4
4671.303	1E-4
4671.543	2E-4
4671.785	3E-4
4672.026	5E-4
4672.267	6E-4
4672.508	4E-4
4672.749	1E-4
4672.99	-2E-4
4673.231	-4E-4
4673.472	-4E-4
4673.713	-3E-4
4673.954	-2E-4
4674.195	-2E-4
4674.437	-2E-4
4674.677	-2E-4
4674.918	-2E-4
4675.16	-1E-4
4675.401	-2E-4
4675.642	-2E-4
4675.883	-1E-4
4676.124	0
4676.365	1E-4
4676.606	0
4676.847	-1E-4
4677.088	-3E-4
4677.329	-4E-4
4677.57	-4E-4
4677.812	-2E-4
4678.052	0
4678.293	1E-4
4678.535	2E-4
4678.775	1E-4
4679.017	0
4679.258	-2E-4
4679.499	-2E-4
4679.74	-2E-4
4679.981	-1E-4
4680.222	1E-4
4680.463	3E-4
4680.704	3E-4
4680.945	2E-4
4681.186	-1E-4
4681.427	-4E-4
4681.668	-5E-4
4681.909	-4E-4
4682.15	-2E-4
4682.392	1E-4
4682.632	3E-4
4682.874	3E-4
4683.115	2E-4
4683.356	0
4683.597	-2E-4
4683.838	-3E-4
4684.079	-4E-4
4684.32	-4E-4
4684.561	-3E-4
4684.802	-1E-4
4685.043	2E-4
4685.284	4E-4
4685.525	4E-4
4685.766	2E-4
4686.007	1E-4
4686.249	-1E-4
4686.49	-2E-4
4686.73	-2E-4
4686.972	-3E-4
4687.213	-3E-4
4687.454	-4E-4
4687.695	-4E-4
4687.936	-2E-4
4688.177	0
4688.418	2E-4
4688.659	2E-4
4688.9	1E-4
4689.141	-1E-4
4689.382	-2E-4
4689.624	0
4689.864	2E-4
4690.105	4E-4
4690.347	5E-4
4690.587	5E-4
4690.829	4E-4
4691.07	2E-4
4691.311	0
4691.552	0
4691.793	0
4692.034	0
4692.275	-1E-4
4692.516	-3E-4
4692.757	-5E-4
4692.998	-5E-4
4693.239	-4E-4
4693.48	-4E-4
4693.721	-4E-4
4693.962	-3E-4
4694.204	-3E-4
4694.445	-2E-4
4694.686	-1E-4
4694.927	0
4695.168	-2E-4
4695.409	-3E-4
4695.65	-4E-4
4695.891	-3E-4
4696.132	-1E-4
4696.373	0
4696.614	-1E-4
4696.855	-1E-4
4697.096	-2E-4
4697.337	-1E-4
4697.579	-1E-4
4697.819	-1E-4
4698.061	-1E-4
4698.302	-1E-4
4698.542	-1E-4
4698.784	0
4699.025	2E-4
4699.266	2E-4
4699.507	1E-4
4699.748	0
4699.989	-1E-4
4700.23	0
4700.471	0
4700.712	0
4700.953	0
4701.194	2E-4
4701.436	4E-4
4701.676	4E-4
4701.917	3E-4
4702.159	1E-4
4702.399	0
4702.641	-1E-4
4702.882	-2E-4
4703.123	-2E-4
4703.364	-1E-4
4703.605	0
4703.846	2E-4
4704.087	2E-4
4704.328	2E-4
4704.569	1E-4
4704.81	0
4705.051	-1E-4
4705.292	-2E-4
4705.533	-3E-4
4705.774	-3E-4
4706.016	-2E-4
4706.257	-1E-4
4706.498	0
4706.739	1E-4
4706.98	0
4707.221	-2E-4
4707.462	-3E-4
4707.703	-4E-4
4707.944	-5E-4
4708.185	-5E-4
4708.426	-3E-4
4708.667	0
4708.908	0
4709.149	-1E-4
4709.391	-1E-4
4709.631	0
4709.873	2E-4
4710.114	3E-4
4710.354	2E-4
4710.596	0
4710.837	0
4711.078	1E-4
4711.319	1E-4
4711.56	2E-4
4711.801	2E-4
4712.042	2E-4
4712.283	1E-4
4712.524	0
4712.765	0
4713.006	-1E-4
4713.248	-2E-4
4713.488	-3E-4
4713.729	-4E-4
4713.971	-3E-4
4714.212	-2E-4
4714.453	-1E-4
4714.694	1E-4
4714.935	2E-4
4715.176	3E-4
4715.417	2E-4
4715.658	2E-4
4715.899	2E-4
4716.14	2E-4
4716.381	1E-4
4716.622	-1E-4
4716.863	-2E-4
4717.104	-3E-4
4717.346	-3E-4
4717.586	-1E-4
4717.828	1E-4
4718.069	2E-4
4718.31	1E-4
4718.551	0
4718.792	-1E-4
4719.033	-2E-4
4719.274	-3E-4
4719.515	-2E-4
4719.756	-1E-4
4719.997	1E-4
4720.238	3E-4
4720.479	3E-4
4720.72	3E-4
4720.961	2E-4
4721.203	2E-4
4721.443	2E-4
4721.685	3E-4
4721.926	4E-4
4722.167	3E-4
4722.408	2E-4
4722.649	2E-4
4722.89	2E-4
4723.131	2E-4
4723.372	1E-4
4723.613	0
4723.854	0
4724.095	1E-4
4724.336	2E-4
4724.577	2E-4
4724.818	2E-4
4725.06	1E-4
4725.301	1E-4
4725.542	0
4725.783	0
4726.024	0
4726.265	0
4726.506	1E-4
4726.747	1E-4
4726.988	0
4727.229	0
4727.47	0
4727.711	1E-4
4727.952	1E-4
4728.193	0
4728.435	0
4728.675	0
4728.917	1E-4
4729.158	2E-4
4729.398	2E-4
4729.64	1E-4
4729.881	0
4730.122	-1E-4
4730.363	-1E-4
4730.604	-1E-4
4730.845	0
4731.086	1E-4
4731.327	3E-4
4731.568	4E-4
4731.809	4E-4
4732.05	1E-4
4732.292	-2E-4
4732.532	-3E-4
4732.773	-2E-4
4733.015	0
4733.255	1E-4
4733.497	3E-4
4733.738	4E-4
4733.979	5E-4
4734.22	6E-4
4734.461	6E-4
4734.702	5E-4
4734.943	3E-4
4735.184	2E-4
4735.425	2E-4
4735.666	3E-4
4735.907	3E-4
4736.148	3E-4
4736.389	3E-4
4736.63	2E-4
4736.872	1E-4
4737.113	0
4737.354	-2E-4
4737.595	-4E-4
4737.836	-3E-4
4738.077	0
4738.318	2E-4
4738.559	2E-4
4738.8	0
4739.041	-1E-4
4739.282	1E-4
4739.523	3E-4
4739.764	4E-4
4740.005	3E-4
4740.247	3E-4
4740.487	2E-4
4740.729	1E-4
4740.97	-1E-4
4741.21	-2E-4
4741.452	-3E-4
4741.693	-2E-4
4741.934	-1E-4
4742.175	-1E-4
4742.416	-2E-4
4742.657	-3E-4
4742.898	-2E-4
4743.139	0
4743.38	4E-4
4743.621	5E-4
4743.862	5E-4
4744.104	2E-4
4744.344	0
4744.585	-2E-4
4744.827	-2E-4
4745.068	0
4745.309	2E-4
4745.55	3E-4
4745.791	3E-4
4746.032	0
4746.273	-3E-4
4746.514	-6E-4
4746.755	-6E-4
4746.996	-4E-4
4747.237	-1E-4
4747.478	2E-4
4747.719	5E-4
4747.96	6E-4
4748.202	6E-4
4748.442	5E-4
4748.684	5E-4
4748.925	5E-4
4749.166	5E-4
4749.407	3E-4
4749.648	1E-4
4749.889	-1E-4
4750.13	-1E-4
4750.371	-1E-4
4750.612	-1E-4
4750.853	-1E-4
4751.094	-1E-4
4751.335	-1E-4
4751.576	-1E-4
4751.817	-1E-4
4752.059	-1E-4
4752.299	-1E-4
4752.541	-1E-4
4752.782	1E-4
4753.022	3E-4
4753.264	4E-4
4753.505	3E-4
4753.746	1E-4
4753.987	0
4754.228	-1E-4
4754.469	-1E-4
4754.71	0
4754.951	0
4755.192	0
4755.433	0
4755.674	0
4755.916	1E-4
4756.157	1E-4
4756.397	1E-4
4756.639	1E-4
4756.88	0
4757.121	-1E-4
4757.362	-1E-4
4757.603	0
4757.844	1E-4
4758.085	2E-4
4758.326	2E-4
4758.567	0
4758.808	-1E-4
4759.049	-2E-4
4759.291	-1E-4
4759.531	2E-4
4759.772	5E-4
4760.014	6E-4
4760.254	4E-4
4760.496	1E-4
4760.737	-1E-4
4760.978	0
4761.219	1E-4
4761.46	2E-4
4761.701	2E-4
4761.942	1E-4
4762.183	0
4762.424	-1E-4
4762.665	-1E-4
4762.906	-1E-4
4763.147	1E-4
4763.388	2E-4
4763.629	3E-4
4763.871	2E-4
4764.111	2E-4
4764.353	1E-4
4764.594	0
4764.835	-1E-4
4765.076	0
4765.317	2E-4
4765.558	5E-4
4765.799	6E-4
4766.04	7E-4
4766.281	6E-4
4766.522	5E-4
4766.763	2E-4
4767.004	0
4767.245	-3E-4
4767.486	-6E-4
4767.728	-7E-4
4767.969	-6E-4
4768.209	-2E-4
4768.451	2E-4
4768.692	2E-4
4768.933	2E-4
4769.174	1E-4
4769.415	2E-4
4769.656	2E-4
4769.897	1E-4
4770.138	1E-4
4770.379	2E-4
4770.62	2E-4
4770.861	2E-4
4771.103	0
4771.343	-2E-4
4771.584	-3E-4
4771.826	-4E-4
4772.066	-4E-4
4772.308	-2E-4
4772.549	1E-4
4772.79	3E-4
4773.031	3E-4
4773.272	3E-4
4773.513	1E-4
4773.754	-1E-4
4773.995	-2E-4
4774.236	-1E-4
4774.477	1E-4
4774.718	3E-4
4774.959	4E-4
4775.2	3E-4
4775.441	0
4775.683	-2E-4
4775.924	-4E-4
4776.165	-4E-4
4776.406	-1E-4
4776.647	3E-4
4776.888	5E-4
4777.129	6E-4
4777.37	6E-4
4777.611	5E-4
4777.852	4E-4
4778.093	2E-4
4778.334	2E-4
4778.575	3E-4
4778.816	2E-4
4779.058	1E-4
4779.298	-1E-4
4779.54	0
4779.781	1E-4
4780.021	1E-4
4780.263	0
4780.504	-1E-4
4780.745	0
4780.986	1E-4
4781.227	3E-4
4781.468	5E-4
4781.709	6E-4
4781.95	7E-4
4782.191	6E-4
4782.432	5E-4
4782.673	4E-4
4782.915	3E-4
4783.155	2E-4
4783.396	1E-4
4783.638	2E-4
4783.878	3E-4
4784.12	3E-4
4784.361	3E-4
4784.602	4E-4
4784.843	5E-4
4785.084	5E-4
4785.325	4E-4
4785.566	3E-4
4785.807	4E-4
4786.048	5E-4
4786.289	5E-4
4786.53	4E-4
4786.771	2E-4
4787.013	-1E-4
4787.253	-2E-4
4787.495	-2E-4
4787.736	0
4787.977	3E-4
4788.218	5E-4
4788.459	5E-4
4788.7	5E-4
4788.941	5E-4
4789.182	6E-4
4789.423	8E-4
4789.664	8E-4
4789.905	7E-4
4790.146	6E-4
4790.387	4E-4
4790.628	2E-4
4790.87	1E-4
4791.11	0
4791.352	-1E-4
4791.593	-2E-4
4791.833	-2E-4
4792.075	-1E-4
4792.316	0
4792.557	0
4792.798	0
4793.039	1E-4
4793.28	1E-4
4793.521	1E-4
4793.762	0
4794.003	1E-4
4794.244	2E-4
4794.485	3E-4
4794.727	4E-4
4794.967	4E-4
4795.208	4E-4
4795.45	3E-4
4795.691	3E-4
4795.932	3E-4
4796.173	4E-4
4796.414	5E-4
4796.655	5E-4
4796.896	4E-4
4797.137	2E-4
4797.378	1E-4
4797.619	-1E-4
4797.86	0
4798.101	1E-4
4798.342	2E-4
4798.583	2E-4
4798.825	2E-4
4799.065	2E-4
4799.307	2E-4
4799.548	2E-4
4799.789	1E-4
4800.03	0
4800.271	-1E-4
4800.512	0
4800.753	1E-4
4800.994	2E-4
4801.235	2E-4
4801.476	2E-4
4801.717	1E-4
4801.958	1E-4
4802.199	1E-4
4802.44	0
4802.682	-1E-4
4802.922	-4E-4
4803.164	-5E-4
4803.405	-6E-4
4803.646	-4E-4
4803.887	-1E-4
4804.128	2E-4
4804.369	4E-4
4804.61	5E-4
4804.851	6E-4
4805.092	6E-4
4805.333	5E-4
4805.574	4E-4
4805.815	2E-4
4806.056	1E-4
4806.297	0
4806.539	0
4806.78	-1E-4
4807.021	-1E-4
4807.262	0
4807.503	1E-4
4807.744	2E-4
4807.985	4E-4
4808.226	5E-4
4808.467	7E-4
4808.708	8E-4
4808.949	6E-4
4809.19	4E-4
4809.431	2E-4
4809.672	2E-4
4809.914	2E-4
4810.154	3E-4
4810.396	2E-4
4810.637	-1E-4
4810.877	-3E-4
4811.119	-3E-4
4811.36	-1E-4
4811.601	1E-4
4811.842	2E-4
4812.083	3E-4
4812.324	5E-4
4812.565	6E-4
4812.806	6E-4
4813.047	5E-4
4813.288	2E-4
4813.529	2E-4
4813.771	2E-4
4814.011	3E-4
4814.252	3E-4
4814.494	2E-4
4814.734	0
4814.976	-2E-4
4815.217	-3E-4
4815.458	-3E-4
4815.699	-3E-4
4815.94	-1E-4
4816.181	0
4816.422	2E-4
4816.663	3E-4
4816.904	3E-4
4817.145	2E-4
4817.386	1E-4
4817.627	-1E-4
4817.869	-2E-4
4818.109	-3E-4
4818.351	-2E-4
4818.592	-2E-4
4818.833	-1E-4
4819.074	-1E-4
4819.315	-1E-4
4819.556	-1E-4
4819.797	1E-4
4820.038	3E-4
4820.279	4E-4
4820.52	5E-4
4820.761	5E-4
4821.002	4E-4
4821.243	3E-4
4821.484	2E-4
4821.726	1E-4
4821.966	0
4822.208	-1E-4
4822.449	-2E-4
4822.689	-3E-4
4822.931	-2E-4
4823.172	-2E-4
4823.413	-3E-4
4823.654	-4E-4
4823.895	-3E-4
4824.136	-1E-4
4824.377	0
4824.618	0
4824.859	1E-4
4825.1	2E-4
4825.341	3E-4
4825.583	3E-4
4825.823	2E-4
4826.064	0
4826.306	-1E-4
4826.547	-2E-4
4826.788	-3E-4
4827.029	-2E-4
4827.27	-1E-4
4827.511	0
4827.752	2E-4
4827.993	3E-4
4828.234	3E-4
4828.475	1E-4
4828.716	-1E-4
4828.957	-1E-4
4829.198	2E-4
4829.439	4E-4
4829.681	5E-4
4829.921	4E-4
4830.163	2E-4
4830.404	-1E-4
4830.645	-2E-4
4830.886	-2E-4
4831.127	0
4831.368	1E-4
4831.609	2E-4
4831.85	0
4832.091	-1E-4
4832.332	-2E-4
4832.573	-2E-4
4832.814	-2E-4
4833.055	-2E-4
4833.296	-2E-4
4833.538	-1E-4
4833.778	0
4834.02	-1E-4
4834.261	-3E-4
4834.501	-5E-4
4834.743	-5E-4
4834.984	-3E-4
4835.225	-2E-4
4835.466	-2E-4
4835.707	-2E-4
4835.948	-2E-4
4836.189	-1E-4
4836.43	1E-4
4836.671	3E-4
4836.912	4E-4
4837.153	3E-4
4837.395	1E-4
4837.636	-2E-4
4837.876	-3E-4
4838.118	-3E-4
4838.359	-2E-4
4838.6	1E-4
4838.841	4E-4
4839.082	3E-4
4839.323	1E-4
4839.564	-2E-4
4839.805	-3E-4
4840.046	-2E-4
4840.287	-2E-4
4840.528	-2E-4
4840.77	-2E-4
4841.01	-2E-4
4841.251	-2E-4
4841.493	-1E-4
4841.733	0
4841.975	1E-4
4842.216	2E-4
4842.457	1E-4
4842.698	-1E-4
4842.939	-1E-4
4843.18	1E-4
4843.421	3E-4
4843.662	4E-4
4843.903	5E-4
4844.144	4E-4
4844.385	3E-4
4844.626	2E-4
4844.867	1E-4
4845.108	0
4845.35	0
4845.59	0
4845.832	1E-4
4846.073	0
4846.314	-1E-4
4846.555	-2E-4
4846.796	-1E-4
4847.037	1E-4
4847.278	2E-4
4847.519	1E-4
4847.76	-1E-4
4848.001	-2E-4
4848.242	-2E-4
4848.483	-2E-4
4848.725	-1E-4
4848.965	0
4849.207	1E-4
4849.448	2E-4
4849.688	3E-4
4849.93	3E-4
4850.171	3E-4
4850.412	2E-4
4850.653	0
4850.894	-1E-4
4851.135	0
4851.376	1E-4
4851.617	3E-4
4851.858	4E-4
4852.099	3E-4
4852.34	1E-4
4852.582	-2E-4
4852.822	-5E-4
4853.063	-5E-4
4853.305	-5E-4
4853.545	-4E-4
4853.787	-4E-4
4854.028	-4E-4
4854.269	-4E-4
4854.51	-4E-4
4854.751	-4E-4
4854.992	-2E-4
4855.233	1E-4
4855.474	3E-4
4855.715	4E-4
4855.956	3E-4
4856.197	2E-4
4856.438	1E-4
4856.679	1E-4
4856.92	2E-4
4857.162	1E-4
4857.403	0
4857.644	0
4857.885	0
4858.126	0
4858.367	0
4858.608	0
4858.849	0
4859.09	-1E-4
4859.331	-2E-4
4859.572	-2E-4
4859.813	0
4860.054	2E-4
4860.295	3E-4
4860.537	3E-4
4860.777	3E-4
4861.019	2E-4
4861.26	1E-4
4861.5	0
4861.742	0
4861.983	1E-4
4862.224	3E-4
4862.465	4E-4
4862.706	3E-4
4862.947	1E-4
4863.188	-3E-4
4863.429	-5E-4
4863.67	-5E-4
4863.911	-5E-4
4864.152	-3E-4
4864.394	-1E-4
4864.634	0
4864.875	1E-4
4865.117	0
4865.357	0
4865.599	1E-4
4865.84	1E-4
4866.081	1E-4
4866.322	1E-4
4866.563	2E-4
4866.804	3E-4
4867.045	5E-4
4867.286	7E-4
4867.527	8E-4
4867.768	8E-4
4868.009	6E-4
4868.25	3E-4
4868.492	1E-4
4868.732	0
4868.974	0
4869.215	0
4869.456	2E-4
4869.697	3E-4
4869.938	3E-4
4870.179	1E-4
4870.42	0
4870.661	2E-4
4870.902	6E-4
4871.143	7E-4
4871.384	6E-4
4871.625	3E-4
4871.866	0
4872.107	-2E-4
4872.349	-3E-4
4872.589	-3E-4
4872.831	-1E-4
4873.072	-1E-4
4873.313	-1E-4
4873.554	-1E-4
4873.795	-1E-4
4874.036	1E-4
4874.277	3E-4
4874.518	5E-4
4874.759	5E-4
4875	4E-4
4875.241	2E-4
4875.482	-1E-4
4875.723	-3E-4
4875.964	-4E-4
4876.206	-4E-4
4876.446	-3E-4
4876.688	-3E-4
4876.929	-2E-4
4877.17	-2E-4
4877.411	-1E-4
4877.652	0
4877.893	0
4878.134	0
4878.375	0
4878.616	1E-4
4878.857	2E-4
4879.098	3E-4
4879.339	3E-4
4879.581	2E-4
4879.821	1E-4
4880.063	0
4880.304	0
4880.544	0
4880.786	1E-4
4881.027	1E-4
4881.268	1E-4
4881.509	1E-4
4881.75	0
4881.991	-3E-4
4882.232	-5E-4
4882.473	-6E-4
4882.714	-4E-4
4882.955	-2E-4
4883.196	-1E-4
4883.438	-1E-4
4883.678	-2E-4
4883.919	-2E-4
4884.161	-2E-4
4884.401	-2E-4
4884.643	-2E-4
4884.884	-2E-4
4885.125	-3E-4
4885.366	-3E-4
4885.607	-2E-4
4885.848	-1E-4
4886.089	-1E-4
4886.33	-1E-4
4886.571	-2E-4
4886.812	-3E-4
4887.053	-4E-4
4887.294	-4E-4
4887.535	-3E-4
4887.776	-2E-4
4888.018	-2E-4
4888.259	-3E-4
4888.5	-3E-4
4888.741	0
4888.982	2E-4
4889.223	4E-4
4889.464	3E-4
4889.705	2E-4
4889.946	0
4890.187	-2E-4
4890.428	-3E-4
4890.669	-4E-4
4890.91	-3E-4
4891.151	-2E-4
4891.393	1E-4
4891.633	2E-4
4891.875	1E-4
4892.116	0
4892.356	-1E-4
4892.598	-1E-4
4892.839	0
4893.08	2E-4
4893.321	4E-4
4893.562	5E-4
4893.803	4E-4
4894.044	1E-4
4894.285	-2E-4
4894.526	-3E-4
4894.767	-3E-4
4895.008	-2E-4
4895.25	-3E-4
4895.49	-5E-4
4895.731	-6E-4
4895.973	-5E-4
4896.213	-2E-4
4896.455	-1E-4
4896.696	-1E-4
4896.937	-3E-4
4897.178	-4E-4
4897.419	-2E-4
4897.66	-1E-4
4897.901	0
4898.142	-1E-4
4898.383	0
4898.624	2E-4
4898.865	4E-4
4899.106	3E-4
4899.348	1E-4
4899.588	0
4899.83	1E-4
4900.071	2E-4
4900.312	3E-4
4900.553	4E-4
4900.794	4E-4
4901.035	2E-4
4901.276	0
4901.517	-1E-4
4901.758	-1E-4
4901.999	0
4902.24	1E-4
4902.481	1E-4
4902.722	0
4902.963	-3E-4
4903.205	-4E-4
4903.445	-5E-4
4903.687	-4E-4
4903.928	-3E-4
4904.168	-2E-4
4904.41	0
4904.651	2E-4
4904.892	2E-4
4905.133	1E-4
4905.374	0
4905.615	0
4905.856	1E-4
4906.097	2E-4
4906.338	3E-4
4906.579	4E-4
4906.82	3E-4
4907.062	2E-4
4907.302	1E-4
4907.543	2E-4
4907.785	3E-4
4908.026	3E-4
4908.267	3E-4
4908.508	2E-4
4908.749	0
4908.99	-2E-4
4909.231	-4E-4
4909.472	-4E-4
4909.713	-3E-4
4909.954	-2E-4
4910.195	0
4910.437	2E-4
4910.677	4E-4
4910.918	6E-4
4911.16	6E-4
4911.4	3E-4
4911.642	1E-4
4911.883	-1E-4
4912.124	-1E-4
4912.365	0
4912.606	2E-4
4912.847	3E-4
4913.088	3E-4
4913.329	3E-4
4913.57	2E-4
4913.811	2E-4
4914.052	2E-4
4914.293	2E-4
4914.534	2E-4
4914.775	1E-4
4915.017	2E-4
4915.257	3E-4
4915.499	4E-4
4915.74	3E-4
4915.98	1E-4
4916.222	-1E-4
4916.463	-1E-4
4916.704	-2E-4
4916.945	-3E-4
4917.186	-4E-4
4917.427	-3E-4
4917.668	-2E-4
4917.909	-1E-4
4918.15	1E-4
4918.391	2E-4
4918.632	5E-4
4918.874	6E-4
4919.115	5E-4
4919.355	3E-4
4919.597	0
4919.838	-2E-4
4920.079	-3E-4
4920.32	-2E-4
4920.561	1E-4
4920.802	3E-4
4921.043	5E-4
4921.284	5E-4
4921.525	4E-4
4921.766	3E-4
4922.007	1E-4
4922.249	1E-4
4922.489	1E-4
4922.73	1E-4
4922.972	1E-4
4923.212	2E-4
4923.454	3E-4
4923.695	4E-4
4923.936	5E-4
4924.177	4E-4
4924.418	3E-4
4924.659	2E-4
4924.9	2E-4
4925.141	3E-4
4925.382	3E-4
4925.623	1E-4
4925.864	-1E-4
4926.105	-2E-4
4926.346	-1E-4
4926.587	2E-4
4926.829	4E-4
4927.069	4E-4
4927.311	4E-4
4927.552	3E-4
4927.793	3E-4
4928.034	3E-4
4928.275	4E-4
4928.516	4E-4
4928.757	3E-4
4928.998	0
4929.239	-4E-4
4929.48	-6E-4
4929.721	-5E-4
4929.962	-3E-4
4930.204	-1E-4
4930.444	-1E-4
4930.686	-3E-4
4930.927	-6E-4
4931.167	-6E-4
4931.409	-5E-4
4931.65	-2E-4
4931.891	1E-4
4932.132	2E-4
4932.373	2E-4
4932.614	2E-4
4932.855	2E-4
4933.096	3E-4
4933.337	4E-4
4933.578	4E-4
4933.819	4E-4
4934.061	4E-4
4934.301	2E-4
4934.542	0
4934.784	-2E-4
4935.024	-3E-4
4935.266	-3E-4
4935.507	-2E-4
4935.748	-2E-4
4935.989	-2E-4
4936.23	-2E-4
4936.471	-1E-4
4936.712	-1E-4
4936.953	-1E-4
4937.194	-2E-4
4937.435	-2E-4
4937.676	-3E-4
4937.917	-2E-4
4938.158	1E-4
4938.399	3E-4
4938.641	3E-4
4938.882	1E-4
4939.123	0
4939.364	0
4939.605	1E-4
4939.846	2E-4
4940.087	3E-4
4940.328	3E-4
4940.569	4E-4
4940.81	4E-4
4941.051	4E-4
4941.292	2E-4
4941.533	0
4941.774	-1E-4
4942.016	-1E-4
4942.256	0
4942.498	1E-4
4942.739	2E-4
4942.979	3E-4
4943.221	4E-4
4943.462	4E-4
4943.703	3E-4
4943.944	2E-4
4944.185	2E-4
4944.426	3E-4
4944.667	4E-4
4944.908	5E-4
4945.149	3E-4
4945.39	1E-4
4945.631	-1E-4
4945.873	0
4946.113	2E-4
4946.354	3E-4
4946.596	3E-4
4946.837	2E-4
4947.078	0
4947.319	0
4947.56	-1E-4
4947.801	0
4948.042	1E-4
4948.283	3E-4
4948.524	4E-4
4948.765	4E-4
4949.006	4E-4
4949.247	3E-4
4949.488	2E-4
4949.729	1E-4
4949.971	1E-4
4950.211	1E-4
4950.453	1E-4
4950.694	0
4950.935	1E-4
4951.176	3E-4
4951.417	4E-4
4951.658	3E-4
4951.899	1E-4
4952.14	-1E-4
4952.381	-2E-4
4952.622	-3E-4
4952.863	-3E-4
4953.104	-2E-4
4953.345	-1E-4
4953.586	0
4953.828	0
4954.068	2E-4
4954.31	5E-4
4954.551	9E-4
4954.792	0.0011
4955.033	1E-3
4955.274	8E-4
4955.515	5E-4
4955.756	2E-4
4955.997	0
4956.238	0
4956.479	-1E-4
4956.72	-1E-4
4956.961	-1E-4
4957.202	-2E-4
4957.443	-2E-4
4957.685	-3E-4
4957.925	-4E-4
4958.167	-3E-4
4958.408	-1E-4
4958.649	0
4958.89	0
4959.131	1E-4
4959.372	1E-4
4959.613	1E-4
4959.854	1E-4
4960.095	2E-4
4960.336	2E-4
4960.577	2E-4
4960.818	1E-4
4961.06	2E-4
4961.3	4E-4
4961.542	5E-4
4961.783	6E-4
4962.023	5E-4
4962.265	4E-4
4962.506	3E-4
4962.747	3E-4
4962.988	5E-4
4963.229	6E-4
4963.47	4E-4
4963.711	2E-4
4963.952	-1E-4
4964.193	-3E-4
4964.434	-2E-4
4964.675	-1E-4
4964.917	1E-4
4965.157	4E-4
4965.398	5E-4
4965.64	5E-4
4965.88	5E-4
4966.122	6E-4
4966.363	7E-4
4966.604	6E-4
4966.845	6E-4
4967.086	6E-4
4967.327	5E-4
4967.568	4E-4
4967.809	4E-4
4968.05	3E-4
4968.291	4E-4
4968.532	4E-4
4968.773	3E-4
4969.014	3E-4
4969.255	2E-4
4969.497	0
4969.738	-3E-4
4969.979	-6E-4
4970.22	-8E-4
4970.461	-8E-4
4970.702	-6E-4
4970.943	-3E-4
4971.184	1E-4
4971.425	5E-4
4971.666	6E-4
4971.907	6E-4
4972.148	5E-4
4972.389	3E-4
4972.63	2E-4
4972.872	2E-4
4973.112	2E-4
4973.354	2E-4
4973.595	1E-4
4973.835	1E-4
4974.077	2E-4
4974.318	5E-4
4974.559	8E-4
4974.8	9E-4
4975.041	8E-4
4975.282	7E-4
4975.523	7E-4
4975.764	7E-4
4976.005	7E-4
4976.246	7E-4
4976.487	6E-4
4976.729	5E-4
4976.969	3E-4
4977.21	3E-4
4977.452	3E-4
4977.692	5E-4
4977.934	4E-4
4978.175	2E-4
4978.416	0
4978.657	-1E-4
4978.898	1E-4
4979.139	3E-4
4979.38	5E-4
4979.621	4E-4
4979.862	2E-4
4980.103	0
4980.344	0
4980.585	1E-4
4980.827	3E-4
4981.067	3E-4
4981.309	1E-4
4981.55	-1E-4
4981.791	-1E-4
4982.032	0
4982.273	1E-4
4982.514	1E-4
4982.755	0
4982.996	-1E-4
4983.237	-1E-4
4983.478	0
4983.719	0
4983.96	2E-4
4984.201	4E-4
4984.442	6E-4
4984.684	7E-4
4984.924	5E-4
4985.166	2E-4
4985.407	1E-4
4985.647	2E-4
4985.889	4E-4
4986.13	5E-4
4986.371	6E-4
4986.612	5E-4
4986.853	4E-4
4987.094	3E-4
4987.335	2E-4
4987.576	0
4987.817	0
4988.058	0
4988.299	1E-4
4988.541	2E-4
4988.781	1E-4
4989.022	1E-4
4989.264	1E-4
4989.505	1E-4
4989.746	2E-4
4989.987	4E-4
4990.228	5E-4
4990.469	5E-4
4990.71	4E-4
4990.951	2E-4
4991.192	3E-4
4991.433	4E-4
4991.674	5E-4
4991.916	6E-4
4992.156	4E-4
4992.397	1E-4
4992.639	-2E-4
4992.879	-3E-4
4993.121	-3E-4
4993.362	-1E-4
4993.603	2E-4
4993.844	3E-4
4994.085	3E-4
4994.326	2E-4
4994.567	2E-4
4994.808	2E-4
4995.049	3E-4
4995.29	2E-4
4995.531	1E-4
4995.772	0
4996.013	2E-4
4996.254	4E-4
4996.496	5E-4
4996.736	5E-4
4996.978	6E-4
4997.219	6E-4
4997.46	5E-4
4997.701	3E-4
4997.942	2E-4
4998.183	1E-4
4998.424	1E-4
4998.665	3E-4
4998.906	5E-4
4999.147	6E-4
4999.388	5E-4
4999.629	2E-4
4999.87	-1E-4
5000.111	-1E-4
