Description: CO2 (13K)
      freq [cm-1]    absorbance      imag pt (k)       real pt (n)
---------------------------------------------------------------------         
       399.92210       0.0000000  -4.0000000e-06       1.2536020
       400.16320       0.0000000  -1.3000000e-05       1.2536280
       400.40420       0.0000000  -1.0000000e-05       1.2536440
       400.64530       0.0000000  -9.0000000e-06       1.2536650
       400.88640       0.0000000  -6.0000000e-06       1.2536760
       401.12740       0.0000000  -6.0000000e-06       1.2536950
       401.36850       0.0000000  -3.0000000e-06       1.2537070
       401.60960       0.0000000  -2.0000000e-06       1.2537180
       401.85060       0.0000000  -1.3000000e-05       1.2537310
       402.09170       0.0000000  -1.0000000e-05       1.2537590
       402.33270       0.0000000  -8.0000000e-06       1.2537690
       402.57380       0.0000000  -5.0000000e-06       1.2537900
       402.81490       0.0000000  -4.0000000e-06       1.2537990
       403.05590       0.0000000  -2.0000000e-06       1.2538190
       403.29700       0.0000000  -2.0000000e-06       1.2538290
       403.53810       0.0000000   2.0000000e-06       1.2538440
       403.77910       0.0000000  -8.0000000e-06       1.2538510
       404.02020       0.0000000  -7.0000000e-06       1.2538800
       404.26120       0.0000000  -5.0000000e-06       1.2538900
       404.50230       0.0000000  -2.0000000e-06       1.2539110
       404.74330       0.0000000  -1.0000000e-06       1.2539190
       404.98440       0.0000000   1.0000000e-06       1.2539340
       405.22550       0.0000000  -1.1000000e-05       1.2539440
       405.46660       0.0000000  -7.0000000e-06       1.2539740
       405.70760       0.0000000  -6.0000000e-06       1.2539810
       405.94870       0.0000000  -3.0000000e-06       1.2540050
       406.18970       0.0000000  -3.0000000e-06       1.2540120
       406.43080       0.0000000      -0.0000000       1.2540320
       406.67190       0.0000000  -9.0000000e-06       1.2540380
       406.91290       0.0000000  -7.0000000e-06       1.2540730
       407.15400       0.0000000   4.0000000e-06       1.2540750
       407.39510       0.0000000  -4.0000000e-06       1.2540910
       407.63610       0.0000000  -5.0000000e-06       1.2541080
       407.87720       0.0000000       0.0000000       1.2541240
       408.11820       0.0000000  -1.0000000e-05       1.2541370
       408.35930       0.0000000   3.0000000e-06       1.2541630
       408.60030       0.0000000  -6.0000000e-06       1.2541610
       408.84140       0.0000000  -5.0000000e-06       1.2541940
       409.08250       0.0000000  -4.0000000e-06       1.2541980
       409.32350       0.0000000  -2.0000000e-06       1.2542230
       409.56460       0.0000000  -1.0000000e-05       1.2542250
       409.80570       0.0000000  -1.0000000e-05       1.2542670
       410.04670       0.0000000   5.0000000e-06       1.2542660
       410.28780       0.0000000  -5.0000000e-06       1.2542860
       410.52890       0.0000000  -3.0000000e-06       1.2542980
       410.76990       0.0000000  -2.0000000e-06       1.2543220
       411.01100       0.0000000      -0.0000000       1.2543250
       411.25200       0.0000000  -8.0000000e-06       1.2543530
       411.49310       0.0000000   3.0000000e-06       1.2543630
       411.73420       0.0000000  -5.0000000e-06       1.2543780
       411.97520       0.0000000  -4.0000000e-06       1.2543960
       412.21630       0.0000000  -1.0000000e-06       1.2544110
       412.45730       0.0000000  -1.2000000e-05       1.2544230
       412.69840       0.0000000  -8.0000000e-06       1.2544580
       412.93950       0.0000000   3.0000000e-06       1.2544610
       413.18050       0.0000000  -5.0000000e-06       1.2544780
       413.42160       0.0000000  -4.0000000e-06       1.2544950
       413.66270       0.0000000  -1.0000000e-06       1.2545090
       413.90370       0.0000000  -1.3000000e-05       1.2545220
       414.14480       0.0000000  -8.0000000e-06       1.2545530
       414.38590       0.0000000  -7.0000000e-06       1.2545610
       414.62690       0.0000000  -6.0000000e-06       1.2545870
       414.86800       0.0000000  -4.0000000e-06       1.2545960
       415.10900       0.0000000  -1.0000000e-06       1.2546190
       415.35010       0.0000000  -2.0000000e-06       1.2546230
       415.59120       0.0000000  -8.0000000e-06       1.2546490
       415.83220       0.0000000  -6.0000000e-06       1.2546620
       416.07330       0.0000000  -5.0000000e-06       1.2546850
       416.31430       0.0000000  -4.0000000e-06       1.2546970
       416.55540       0.0000000  -1.0000000e-06       1.2547160
       416.79650       0.0000000  -1.1000000e-05       1.2547250
       417.03750       0.0000000  -8.0000000e-06       1.2547610
       417.27860       0.0000000   3.0000000e-06       1.2547650
       417.51970       0.0000000  -5.0000000e-06       1.2547830
       417.76070       0.0000000  -4.0000000e-06       1.2548000
       418.00180       0.0000000      -0.0000000       1.2548180
       418.24290       0.0000000  -1.1000000e-05       1.2548270
       418.48390       0.0000000  -9.0000000e-06       1.2548650
       418.72500       0.0000000   4.0000000e-06       1.2548700
       418.96600       0.0000000  -4.0000000e-06       1.2548870
       419.20710       0.0000000  -3.0000000e-06       1.2549050
       419.44820       0.0000000       0.0000000       1.2549250
       419.68920       0.0000000       0.0000000       1.2549370
       419.93030       0.0000000   2.0000000e-06       1.2549540
       420.17130       0.0000000  -8.0000000e-06       1.2549660
       420.41240       0.0000000  -5.0000000e-06       1.2549960
       420.65350       0.0000000  -2.0000000e-06       1.2550070
       420.89450       0.0000000  -1.0000000e-06       1.2550250
       421.13560       0.0000000  -9.0000000e-06       1.2550420
       421.37660       0.0000000   3.0000000e-06       1.2550670
       421.61770       0.0000000  -6.0000000e-06       1.2550710
       421.85880       0.0000000  -3.0000000e-06       1.2551050
       422.09990       0.0000000  -1.0000000e-06       1.2551100
       422.34090       0.0000000   1.0000000e-06       1.2551380
       422.58200       0.0000000   1.0000000e-06       1.2551400
       422.82300       0.0000000  -7.0000000e-06       1.2551680
       423.06410       0.0000000  -5.0000000e-06       1.2551830
       423.30510       0.0000000  -3.0000000e-06       1.2552080
       423.54620       0.0000000  -3.0000000e-06       1.2552190
       423.78730       0.0000000   2.0000000e-06       1.2552450
       424.02830       0.0000000   3.0000000e-06       1.2552470
       424.26940       0.0000000  -6.0000000e-06       1.2552710
       424.51050       0.0000000  -5.0000000e-06       1.2552900
       424.75150       0.0000000  -3.0000000e-06       1.2553080
       424.99260       0.0000000  -1.2000000e-05       1.2553270
       425.23360       0.0000000   2.0000000e-06       1.2553530
       425.47470       0.0000000  -8.0000000e-06       1.2553550
       425.71580       0.0000000  -5.0000000e-06       1.2553910
       425.95680       0.0000000  -5.0000000e-06       1.2553920
       426.19790       0.0000000  -1.2000000e-05       1.2554280
       426.43900       0.0000000       0.0000000       1.2554380
       426.68000       0.0000000  -7.0000000e-06       1.2554570
       426.92110       0.0000000  -6.0000000e-06       1.2554760
       427.16210       0.0000000  -3.0000000e-06       1.2554940
       427.40320       0.0000000  -1.3000000e-05       1.2555110
       427.64430       0.0000000      -0.0000000       1.2555390
       427.88530       0.0000000  -9.0000000e-06       1.2555410
       428.12640       0.0000000  -7.0000000e-06       1.2555780
       428.36750       0.0000000  -5.0000000e-06       1.2555790
       428.60850       0.0000000  -1.4000000e-05       1.2556090
       428.84960       0.0000000  -1.3000000e-05       1.2556260
       429.09060       0.0000000  -1.0000000e-05       1.2556560
       429.33170       0.0000000  -8.0000000e-06       1.2556670
       429.57280       0.0000000  -5.0000000e-06       1.2556940
       429.81380       0.0000000  -5.0000000e-06       1.2557050
       430.05490       0.0000000      -0.0000000       1.2557320
       430.29600       0.0000000  -1.0000000e-06       1.2557400
       430.53700       0.0000000   3.0000000e-06       1.2557640
       430.77810       0.0000000  -8.0000000e-06       1.2557700
       431.01910       0.0000000  -3.0000000e-06       1.2558100
       431.26020       0.0000000  -2.0000000e-06       1.2558070
       431.50130       0.0000000  -1.1000000e-05       1.2558480
       431.74230       0.0000000   2.0000000e-06       1.2558550
       431.98340       0.0000000  -6.0000000e-06       1.2558840
       432.22450       0.0000000   5.0000000e-06       1.2558960
       432.46550       0.0000000  -1.0000000e-06       1.2559150
       432.70660       0.0000000   1.0000000e-06       1.2559320
       432.94760       0.0000000   2.0000000e-06       1.2559510
       433.18870       0.0000000  -7.0000000e-06       1.2559650
       433.42970       0.0000000  -4.0000000e-06       1.2559990
       433.67080       0.0000000  -3.0000000e-06       1.2560090
       433.91190       0.0000000  -1.0000000e-06       1.2560390
       434.15300       0.0000000   1.0000000e-06       1.2560480
       434.39400       0.0000000   4.0000000e-06       1.2560760
       434.63510       0.0000000   5.0000000e-06       1.2560780
       434.87610       0.0000000  -4.0000000e-06       1.2561080
       435.11720       0.0000000  -1.0000000e-06       1.2561190
       435.35820       0.0000000  -9.0000000e-06       1.2561460
       435.59930       0.0000000  -8.0000000e-06       1.2561650
       435.84040       0.0000000  -4.0000000e-06       1.2561930
       436.08150       0.0000000  -3.0000000e-06       1.2562000
       436.32250       0.0000000  -1.2000000e-05       1.2562290
       436.56360       0.0000000  -1.0000000e-05       1.2562490
       436.80460       0.0000000  -7.0000000e-06       1.2562760
       437.04570       0.0000000  -6.0000000e-06       1.2562890
       437.28670       0.0000000  -4.0000000e-06       1.2563180
       437.52780       0.0000000  -1.0000000e-06       1.2563260
       437.76890       0.0000000  -9.0000000e-06       1.2563520
       438.00990       0.0000000  -7.0000000e-06       1.2563760
       438.25100       0.0000000   6.0000000e-06       1.2563970
       438.49210       0.0000000  -4.0000000e-06       1.2563990
       438.73310       0.0000000  -1.1000000e-05       1.2564340
       438.97420       0.0000000  -1.0000000e-05       1.2564510
       439.21520       0.0000000  -7.0000000e-06       1.2564820
       439.45630       0.0000000  -6.0000000e-06       1.2564940
       439.69740       0.0000000  -3.0000000e-06       1.2565250
       439.93840       0.0000000  -1.0000000e-06       1.2565310
       440.17950       0.0000000  -8.0000000e-06       1.2565600
       440.42060       0.0000000  -7.0000000e-06       1.2565780
       440.66160       0.0000000  -4.0000000e-06       1.2566070
       440.90270       0.0000000  -3.0000000e-06       1.2566190
       441.14370       0.0000000  -1.0000000e-06       1.2566470
       441.38480       0.0000000       0.0000000       1.2566560
       441.62590       0.0000000  -6.0000000e-06       1.2566830
       441.86690       0.0000000  -6.0000000e-06       1.2567020
       442.10800       0.0000000  -1.0000000e-06       1.2567250
       442.34910       0.0000000  -1.2000000e-05       1.2567380
       442.59010       0.0000000  -8.0000000e-06       1.2567760
       442.83120       0.0000000  -6.0000000e-06       1.2567870
       443.07220       0.0000000  -4.0000000e-06       1.2568150
       443.31330       0.0000000  -1.2000000e-05       1.2568250
       443.55440       0.0000000  -9.0000000e-06       1.2568700
       443.79540       0.0000000   4.0000000e-06       1.2568730
       444.03650       0.0000000  -5.0000000e-06       1.2568990
       444.27760       0.0000000  -4.0000000e-06       1.2569130
       444.51860       0.0000000  -1.1000000e-05       1.2569420
       444.75970       0.0000000  -9.0000000e-06       1.2569640
       445.00070       0.0000000  -6.0000000e-06       1.2569920
       445.24180       0.0000000  -5.0000000e-06       1.2570080
       445.48290       0.0000000  -1.0000000e-06       1.2570360
       445.72390       0.0000000  -1.0000000e-06       1.2570490
       445.96500       0.0000000   3.0000000e-06       1.2570740
       446.20610       0.0000000  -8.0000000e-06       1.2570850
       446.44710       0.0000000  -3.0000000e-06       1.2571250
       446.68820       0.0000000  -2.0000000e-06       1.2571280
       446.92920       0.0000000  -9.0000000e-06       1.2571680
       447.17030       0.0000000   2.0000000e-06       1.2571800
       447.41140       0.0000000  -3.0000000e-06       1.2572060
       447.65240       0.0000000  -4.0000000e-06       1.2572190
       447.89350       0.0000000  -1.0000000e-05       1.2572550
       448.13460       0.0000000   2.0000000e-06       1.2572710
       448.37560       0.0000000  -5.0000000e-06       1.2572920
       448.61670       0.0000000  -4.0000000e-06       1.2573150
       448.85770       0.0000000  -2.0000000e-06       1.2573370
       449.09880       0.0000000  -1.0000000e-05       1.2573560
       449.33990       0.0000000  -7.0000000e-06       1.2573880
       449.58090       0.0000000  -7.0000000e-06       1.2574060
       449.82200       0.0000000  -2.0000000e-06       1.2574310
       450.06300       0.0000000  -1.2000000e-05       1.2574460
       450.30410       0.0000000  -8.0000000e-06       1.2574840
       450.54520       0.0000000  -7.0000000e-06       1.2574980
       450.78620       0.0000000  -4.0000000e-06       1.2575300
       451.02730       0.0000000  -3.0000000e-06       1.2575440
       451.26840       0.0000000       0.0000000       1.2575710
       451.50940       0.0000000  -8.0000000e-06       1.2575850
       451.75050       0.0000000  -4.0000000e-06       1.2576230
       451.99150       0.0000000  -3.0000000e-06       1.2576350
       452.23260       0.0000000   1.0000000e-06       1.2576640
       452.47370       0.0000000  -8.0000000e-06       1.2576760
       452.71470       0.0000000  -4.0000000e-06       1.2577160
       452.95580       0.0000000  -4.0000000e-06       1.2577250
       453.19690       0.0000000  -3.0000000e-06       1.2577630
       453.43790       0.0000000       0.0000000       1.2577700
       453.67900       0.0000000  -6.0000000e-06       1.2578050
       453.92000       0.0000000  -5.0000000e-06       1.2578210
       454.16110       0.0000000  -1.0000000e-06       1.2578560
       454.40220       0.0000000       0.0000000       1.2578620
       454.64320       0.0000000  -8.0000000e-06       1.2578980
       454.88430       0.0000000  -5.0000000e-06       1.2579120
       455.12540       0.0000000  -1.2000000e-05       1.2579460
       455.36640       0.0000000  -1.0000000e-05       1.2579680
       455.60750       0.0000000  -7.0000000e-06       1.2580000
       455.84850       0.0000000  -7.0000000e-06       1.2580170
       456.08960       0.0000000  -2.0000000e-06       1.2580510
       456.33070       0.0000000  -1.0000000e-06       1.2580590
       456.57170       0.0000000  -9.0000000e-06       1.2580940
       456.81280       0.0000000  -6.0000000e-06       1.2581150
       457.05390       0.0000000  -3.0000000e-06       1.2581470
       457.29490       0.0000000  -1.0000000e-06       1.2581630
       457.53600       0.0000000   2.0000000e-06       1.2581940
       457.77700       0.0000000   3.0000000e-06       1.2582060
       458.01810       0.0000000  -3.0000000e-06       1.2582320
       458.25920       0.0000000  -1.2000000e-05       1.2582590
       458.50020       0.0000000   1.0000000e-06       1.2582940
       458.74130       0.0000000  -7.0000000e-06       1.2583040
       458.98240       0.0000000  -3.0000000e-06       1.2583460
       459.22340       0.0000000  -2.0000000e-06       1.2583570
       459.46450       0.0000000   2.0000000e-06       1.2583950
       459.70550       0.0000000   3.0000000e-06       1.2584000
       459.94660       0.0000000  -4.0000000e-06       1.2584370
       460.18770       0.0000000  -2.0000000e-06       1.2584550
       460.42870       0.0000000   1.0000000e-06       1.2584860
       460.66980       0.0000000  -8.0000000e-06       1.2585000
       460.91090       0.0000000  -4.0000000e-06       1.2585440
       461.15190       0.0000000  -2.0000000e-06       1.2585500
       461.39300       0.0000000  -9.0000000e-06       1.2585890
       461.63400       0.0000000  -9.0000000e-06       1.2586070
       461.87510       0.0000000  -5.0000000e-06       1.2586480
       462.11610       0.0000000  -4.0000000e-06       1.2586560
       462.35720       0.0000000  -9.0000000e-06       1.2587010
       462.59830       0.0000000   2.0000000e-06       1.2587120
       462.83940       0.0000000  -4.0000000e-06       1.2587450
       463.08040       0.0000000  -3.0000000e-06       1.2587590
       463.32150       0.0000000  -1.0000000e-05       1.2588010
       463.56250       0.0000000   3.0000000e-06       1.2588190
       463.80360       0.0000000  -3.0000000e-06       1.2588460
       464.04460       0.0000000  -2.0000000e-06       1.2588650
       464.28570       0.0000000  -9.0000000e-06       1.2588970
       464.52680       0.0000000  -8.0000000e-06       1.2589240
       464.76790       0.0000000  -4.0000000e-06       1.2589570
       465.00890       0.0000000  -3.0000000e-06       1.2589780
       465.25000       0.0000000   3.0000000e-06       1.2590060
       465.49100       0.0000000  -7.0000000e-06       1.2590220
       465.73210       0.0000000  -3.0000000e-06       1.2590640
       465.97310       0.0000000  -2.0000000e-06       1.2590780
       466.21420       0.0000000   1.0000000e-06       1.2591130
       466.45530       0.0000000  -7.0000000e-06       1.2591230
       466.69640       0.0000000  -1.3000000e-05       1.2591720
       466.93740       0.0000000  -2.0000000e-06       1.2591940
       467.17850       0.0000000   2.0000000e-06       1.2592220
       467.41950       0.0000000  -6.0000000e-06       1.2592380
       467.66060       0.0000000  -2.0000000e-06       1.2592820
       467.90160       0.0000000  -2.0000000e-06       1.2592950
       468.14270       0.0000000   3.0000000e-06       1.2593370
       468.38380       0.0000000   4.0000000e-06       1.2593420
       468.62480       0.0000000  -2.0000000e-06       1.2593840
       468.86590       0.0000000      -0.0000000       1.2593960
       469.10700       0.0000000  -6.0000000e-06       1.2594370
       469.34800       0.0000000  -5.0000000e-06       1.2594520
       469.58910       0.0000000  -1.2000000e-05       1.2594950
       469.83010       0.0000000  -1.0000000e-05       1.2595170
       470.07120       0.0000000  -5.0000000e-06       1.2595630
       470.31230       0.0000000   6.0000000e-06       1.2595720
       470.55330       0.0000000      -0.0000000       1.2596080
       470.79440       0.0000000   3.0000000e-06       1.2596210
       471.03550       0.0000000  -5.0000000e-06       1.2596600
       471.27650       0.0000000  -2.0000000e-06       1.2596780
       471.51760       0.0000000  -9.0000000e-06       1.2597210
       471.75860       0.0000000   2.0000000e-06       1.2597420
       471.99970       0.0000000  -3.0000000e-06       1.2597720
       472.24080       0.0000000  -2.0000000e-06       1.2597970
       472.48180       0.0000000   1.0000000e-06       1.2598290
       472.72290       0.0000000  -7.0000000e-06       1.2598480
       472.96400       0.0000000  -2.0000000e-06       1.2598940
       473.20500       0.0000000  -1.0000000e-06       1.2599020
       473.44610       0.0000000  -8.0000000e-06       1.2599500
       473.68710       0.0000000   4.0000000e-06       1.2599620
       473.92820       0.0000000  -1.3000000e-05       1.2599970
       474.16930       0.0000000  -1.0000000e-05       1.2600290
       474.41030       0.0000000  -6.0000000e-06       1.2600680
       474.65140       0.0000000  -4.0000000e-06       1.2600830
       474.89250       0.0000000  -1.0000000e-05       1.2601270
       475.13350       0.0000000   1.0000000e-06       1.2601490
       475.37460       0.0000000  -4.0000000e-06       1.2601810
       475.61560       0.0000000  -3.0000000e-06       1.2602070
       475.85670       0.0000000   1.0000000e-06       1.2602450
       476.09780       0.0000000   3.0000000e-06       1.2602600
       476.33880       0.0000000  -3.0000000e-06       1.2602980
       476.57990       0.0000000  -1.0000000e-06       1.2603220
       476.82100       0.0000000   2.0000000e-06       1.2603610
       477.06200       0.0000000   4.0000000e-06       1.2603760
       477.30310       0.0000000  -3.0000000e-06       1.2604150
       477.54410       0.0000000      -0.0000000       1.2604360
       477.78520       0.0000000  -6.0000000e-06       1.2604750
       478.02620       0.0000000  -4.0000000e-06       1.2605020
       478.26730       0.0000000  -1.0000000e-06       1.2605420
       478.50840       0.0000000   2.0000000e-06       1.2605580
       478.74950       0.0000000  -4.0000000e-06       1.2605970
       478.99050       0.0000000  -3.0000000e-06       1.2606190
       479.23160       0.0000000  -8.0000000e-06       1.2606640
       479.47260       0.0000000   4.0000000e-06       1.2606860
       479.71370       0.0000000  -2.0000000e-06       1.2607190
       479.95480       0.0000000  -1.0000000e-06       1.2607430
       480.19580       0.0000000  -6.0000000e-06       1.2607840
       480.43690       0.0000000   5.0000000e-06       1.2608100
       480.67790       0.0000000  -1.0000000e-06       1.2608350
       480.91900       0.0000000  -8.0000000e-06       1.2608680
       481.16010       0.0000000  -4.0000000e-06       1.2609080
       481.40110       0.0000000  -3.0000000e-06       1.2609340
       481.64220       0.0000000   2.0000000e-06       1.2609680
       481.88320       0.0000000  -7.0000000e-06       1.2609900
       482.12430       0.0000000  -3.0000000e-06       1.2610370
       482.36540       0.0000000      -0.0000000       1.2610530
       482.60640       0.0000000  -6.0000000e-06       1.2610930
       482.84750       0.0000000  -5.0000000e-06       1.2611180
       483.08860       0.0000000  -1.0000000e-05       1.2611570
       483.32960       0.0000000  -8.0000000e-06       1.2611890
       483.57070       0.0000000  -4.0000000e-06       1.2612230
       483.81180       0.0000000  -1.2000000e-05       1.2612500
       484.05280       0.0000000  -7.0000000e-06       1.2612950
       484.29390       0.0000000  -6.0000000e-06       1.2613180
       484.53490       0.0000000  -2.0000000e-06       1.2613570
       484.77600       0.0000000  -9.0000000e-06       1.2613790
       485.01710       0.0000000  -5.0000000e-06       1.2614270
       485.25810       0.0000000  -4.0000000e-06       1.2614440
       485.49920       0.0000000  -8.0000000e-06       1.2614890
       485.74020       0.0000000  -7.0000000e-06       1.2615150
       485.98130       0.0000000  -3.0000000e-06       1.2615590
       486.22240       0.0000000  -1.0000000e-06       1.2615780
       486.46340       0.0000000  -7.0000000e-06       1.2616200
       486.70450       0.0000000  -4.0000000e-06       1.2616500
       486.94560       0.0000000       0.0000000       1.2616860
       487.18660       0.0000000  -8.0000000e-06       1.2617110
       487.42770       0.0000000  -4.0000000e-06       1.2617600
       487.66880       0.0000000  -1.0000000e-06       1.2617830
       487.90980       0.0000000   3.0000000e-06       1.2618220
       488.15090       0.0000000  -5.0000000e-06       1.2618430
       488.39190       0.0000000  -1.0000000e-06       1.2618940
       488.63300       0.0000000   1.0000000e-06       1.2619100
       488.87410       0.0000000  -5.0000000e-06       1.2619560
       489.11510       0.0000000  -2.0000000e-06       1.2619810
       489.35620       0.0000000  -7.0000000e-06       1.2620220
       489.59720       0.0000000  -7.0000000e-06       1.2620550
       489.83830       0.0000000  -2.0000000e-06       1.2620940
       490.07940       0.0000000  -8.0000000e-06       1.2621240
       490.32040       0.0000000   5.0000000e-06       1.2621640
       490.56150       0.0000000  -1.2000000e-05       1.2621810
       490.80260       0.0000000  -8.0000000e-06       1.2622430
       491.04360       0.0000000  -4.0000000e-06       1.2622610
       491.28470       0.0000000  -1.0000000e-06       1.2623120
       491.52580       0.0000000   1.0000000e-06       1.2623260
       491.76680       0.0000000  -5.0000000e-06       1.2623760
       492.00790       0.0000000  -2.0000000e-06       1.2623980
       492.24890       0.0000000  -8.0000000e-06       1.2624450
       492.49000       0.0000000  -6.0000000e-06       1.2624760
       492.73100       0.0000000  -1.0000000e-06       1.2625180
       492.97210       0.0000000  -8.0000000e-06       1.2625420
       493.21320       0.0000000  -4.0000000e-06       1.2625960
       493.45420       0.0000000  -1.0000000e-06       1.2626130
       493.69530       0.0000000  -8.0000000e-06       1.2626630
       493.93640       0.0000000  -4.0000000e-06       1.2626930
       494.17740       0.0000000      -0.0000000       1.2627380
       494.41850       0.0000000   1.0000000e-06       1.2627590
       494.65950       0.0000000  -3.0000000e-06       1.2628020
       494.90060       0.0000000  -1.0000000e-05       1.2628320
       495.14170       0.0000000  -7.0000000e-06       1.2628850
       495.38280       0.0000000  -4.0000000e-06       1.2629120
       495.62380       0.0000000      -0.0000000       1.2629560
       495.86490       0.0000000  -7.0000000e-06       1.2629810
       496.10590       0.0000000  -2.0000000e-06       1.2630350
       496.34700       0.0000000       0.0000000       1.2630570
       496.58800       0.0000000   4.0000000e-06       1.2631040
       496.82910       0.0000000  -4.0000000e-06       1.2631200
       497.07020       0.0000000  -8.0000000e-06       1.2631790
       497.31120       0.0000000  -5.0000000e-06       1.2632020
       497.55230       0.0000000  -1.0000000e-05       1.2632550
       497.79340       0.0000000  -9.0000000e-06       1.2632840
       498.03440       0.0000000  -4.0000000e-06       1.2633380
       498.27550       0.0000000  -2.0000000e-06       1.2633560
       498.51650       0.0000000  -6.0000000e-06       1.2634100
       498.75760       0.0000000  -4.0000000e-06       1.2634320
       498.99870       0.0000000  -8.0000000e-06       1.2634860
       499.23970       0.0000000  -7.0000000e-06       1.2635100
       499.48080       0.0000000  -1.1000000e-05       1.2635700
       499.72190       0.0000000   1.0000000e-06       1.2635940
       499.96290       0.0000000  -4.0000000e-06       1.2636420
       500.20400       0.0000000  -2.0000000e-06       1.2636670
       500.44500       0.0000000  -7.0000000e-06       1.2637200
       500.68610       0.0000000  -4.0000000e-06       1.2637460
       500.92720       0.0000000  -1.0000000e-05       1.2638030
       501.16820       0.0000000   3.0000000e-06       1.2638280
       501.40930       0.0000000  -1.1000000e-05       1.2638760
       501.65040       0.0000000      -0.0000000       1.2639140
       501.89140       0.0000000  -4.0000000e-06       1.2639550
       502.13250       0.0000000  -2.0000000e-06       1.2639930
       502.37350       0.0000000   2.0000000e-06       1.2640350
       502.61460       0.0000000  -4.0000000e-06       1.2640670
       502.85570       0.0000000      -0.0000000       1.2641160
       503.09670       0.0000000  -6.0000000e-06       1.2641460
       503.33780       0.0000000  -2.0000000e-06       1.2642020
       503.57890       0.0000000      -0.0000000       1.2642260
       503.81990       0.0000000  -5.0000000e-06       1.2642790
       504.06100       0.0000000  -2.0000000e-06       1.2643090
       504.30200       0.0000000  -6.0000000e-06       1.2643600
       504.54310       0.0000000  -4.0000000e-06       1.2643930
       504.78410       0.0000000  -8.0000000e-06       1.2644430
       505.02520       0.0000000  -6.0000000e-06       1.2644820
       505.26630       0.0000000  -1.0000000e-06       1.2645270
       505.50740       0.0000000  -8.0000000e-06       1.2645600
       505.74840       0.0000000  -4.0000000e-06       1.2646130
       505.98950       0.0000000  -9.0000000e-06       1.2646460
       506.23050       0.0000000  -4.0000000e-06       1.2647030
       506.47160       0.0000000  -3.0000000e-06       1.2647340
       506.71260       0.0000000   3.0000000e-06       1.2647850
       506.95370       0.0000000  -4.0000000e-06       1.2648120
       507.19480       0.0000000   1.0000000e-06       1.2648730
       507.43590       0.0000000   4.0000000e-06       1.2648960
       507.67690       0.0000000  -1.0000000e-06       1.2649480
       507.91800       0.0000000  -7.0000000e-06       1.2649810
       508.15900       0.0000000  -3.0000000e-06       1.2650430
       508.40010       0.0000000  -1.0000000e-06       1.2650680
       508.64110       0.0000000  -5.0000000e-06       1.2651260
       508.88220       0.0000000  -2.0000000e-06       1.2651560
       509.12330       0.0000000  -6.0000000e-06       1.2652130
       509.36430       0.0000000  -3.0000000e-06       1.2652450
       509.60540       0.0000000  -8.0000000e-06       1.2653000
       509.84650       0.0000000  -5.0000000e-06       1.2653400
       510.08750       0.0000000       0.0000000       1.2653890
       510.32860       0.0000000  -7.0000000e-06       1.2654240
       510.56960       0.0000000  -1.0000000e-06       1.2654830
       510.81070       0.0000000       0.0000000       1.2655120
       511.05180       0.0000000  -4.0000000e-06       1.2655640
       511.29280       0.0000000  -1.0000000e-05       1.2656070
       511.53390       0.0000000   5.0000000e-06       1.2656650
       511.77500       0.0000000  -2.0000000e-06       1.2656860
       512.01610       0.0000000  -5.0000000e-06       1.2657510
       512.25710       0.0000000  -3.0000000e-06       1.2657810
       512.49820       0.0000000  -7.0000000e-06       1.2658410
       512.73920       0.0000000  -5.0000000e-06       1.2658800
       512.98030       0.0000000       0.0000000       1.2659340
       513.22130       0.0000000  -6.0000000e-06       1.2659670
       513.46240       0.0000000  -1.0000000e-06       1.2660270
       513.70350       0.0000000  -7.0000000e-06       1.2660590
       513.94450       0.0000000  -2.0000000e-06       1.2661220
       514.18560       0.0000000  -9.0000000e-06       1.2661510
       514.42660       0.0000000  -4.0000000e-06       1.2662220
       514.66770       0.0000000  -1.0000000e-06       1.2662470
       514.90880       0.0000000  -5.0000000e-06       1.2663120
       515.14980       0.0000000  -1.0000000e-06       1.2663430
       515.39090       0.0000000  -5.0000000e-06       1.2664050
       515.63200       0.0000000  -3.0000000e-06       1.2664420
       515.87300       0.0000000   2.0000000e-06       1.2665010
       516.11410       0.0000000  -3.0000000e-06       1.2665270
       516.35520       0.0000000  -9.0000000e-06       1.2665970
       516.59620       0.0000000  -4.0000000e-06       1.2666320
       516.83730       0.0000000  -8.0000000e-06       1.2666980
       517.07830       0.0000000   3.0000000e-06       1.2667350
       517.31940       0.0000000      -0.0000000       1.2667860
       517.56040       0.0000000  -5.0000000e-06       1.2668270
       517.80150       0.0000000  -1.0000000e-06       1.2668870
       518.04260       0.0000000  -7.0000000e-06       1.2669250
       518.28360       0.0000000  -2.0000000e-06       1.2669890
       518.52470       0.0000000  -8.0000000e-06       1.2670230
       518.76570       0.0000000  -3.0000000e-06       1.2670940
       519.00680       0.0000000      -0.0000000       1.2671240
       519.24790       0.0000000  -3.0000000e-06       1.2671860
       519.48900       0.0000000  -9.0000000e-06       1.2672240
       519.73000       0.0000000  -4.0000000e-06       1.2672970
       519.97110       0.0000000      -0.0000000       1.2673260
       520.21220       0.0000000  -5.0000000e-06       1.2673930
       520.45320       0.0000000  -2.0000000e-06       1.2674300
       520.69430       0.0000000  -4.0000000e-06       1.2674950
       520.93530       0.0000000  -2.0000000e-06       1.2675330
       521.17640       0.0000000  -5.0000000e-06       1.2675980
       521.41750       0.0000000  -2.0000000e-06       1.2676410
       521.65850       0.0000000   3.0000000e-06       1.2677010
       521.89960       0.0000000  -3.0000000e-06       1.2677360
       522.14060       0.0000000  -6.0000000e-06       1.2678060
       522.38170       0.0000000  -3.0000000e-06       1.2678500
       522.62270       0.0000000   2.0000000e-06       1.2679110
       522.86380       0.0000000  -3.0000000e-06       1.2679510
       523.10490       0.0000000   3.0000000e-06       1.2680170
       523.34590       0.0000000  -3.0000000e-06       1.2680540
       523.58700       0.0000000   3.0000000e-06       1.2681230
       523.82810       0.0000000  -4.0000000e-06       1.2681550
       524.06920       0.0000000  -7.0000000e-06       1.2682310
       524.31020       0.0000000  -4.0000000e-06       1.2682740
       524.55130       0.0000000   2.0000000e-06       1.2683400
       524.79230       0.0000000  -4.0000000e-06       1.2683780
       525.03340       0.0000000   2.0000000e-06       1.2684490
       525.27440       0.0000000  -4.0000000e-06       1.2684820
       525.51550       0.0000000  -7.0000000e-06       1.2685600
       525.75660       0.0000000  -3.0000000e-06       1.2686020
       525.99760       0.0000000   2.0000000e-06       1.2686690
       526.23870       0.0000000  -4.0000000e-06       1.2687080
       526.47970       0.0000000   2.0000000e-06       1.2687810
       526.72080       0.0000000  -4.0000000e-06       1.2688140
       526.96190       0.0000000  -6.0000000e-06       1.2688940
       527.20290       0.0000000  -3.0000000e-06       1.2689350
       527.44400       0.0000000   3.0000000e-06       1.2690070
       527.68510       0.0000000  -3.0000000e-06       1.2690390
       527.92610       0.0000000  -5.0000000e-06       1.2691200
       528.16720       0.0000000  -3.0000000e-06       1.2691570
       528.40830       0.0000000  -5.0000000e-06       1.2692350
       528.64930       0.0000000  -2.0000000e-06       1.2692740
       528.89040       0.0000000  -5.0000000e-06       1.2693500
       529.13150       0.0000000  -1.0000000e-06       1.2693900
       529.37250       0.0000000  -5.0000000e-06       1.2694610
       529.61360       0.0000000  -1.0000000e-05       1.2695080
       529.85460       0.0000000  -4.0000000e-06       1.2695890
       530.09570       0.0000000       0.0000000       1.2696260
       530.33670       0.0000000  -2.0000000e-06       1.2696970
       530.57780       0.0000000  -9.0000000e-06       1.2697400
       530.81880       0.0000000  -1.1000000e-05       1.2698220
       531.05990       0.0000000  -8.0000000e-06       1.2698700
       531.30100       0.0000000  -2.0000000e-06       1.2699440
       531.54210       0.0000000  -7.0000000e-06       1.2699870
       531.78310       0.0000000      -0.0000000       1.2700660
       532.02420       0.0000000  -7.0000000e-06       1.2701060
       532.26530       0.0000000       0.0000000       1.2701930
       532.50630       0.0000000   3.0000000e-06       1.2702270
       532.74740       0.0000000   2.0000000e-06       1.2703060
       532.98840       0.0000000  -4.0000000e-06       1.2703430
       533.22950       0.0000000  -7.0000000e-06       1.2704330
       533.47060       0.0000000  -2.0000000e-06       1.2704730
       533.71160       0.0000000  -6.0000000e-06       1.2705570
       533.95270       0.0000000  -2.0000000e-06       1.2706010
       534.19370       0.0000000  -4.0000000e-06       1.2706830
       534.43480       0.0000000  -1.0000000e-06       1.2707270
       534.67580       0.0000000  -3.0000000e-06       1.2708090
       534.91690       0.0000000       0.0000000       1.2708540
       535.15800       0.0000000  -2.0000000e-06       1.2709360
       535.39900       0.0000000   2.0000000e-06       1.2709810
       535.64010       0.0000000  -1.0000000e-06       1.2710620
       535.88120       0.0000000   3.0000000e-06       1.2711100
       536.12230       0.0000000   1.0000000e-06       1.2711850
       536.36330       0.0000000  -5.0000000e-06       1.2712380
       536.60440       0.0000000   2.0000000e-06       1.2713210
       536.84550       0.0000000  -3.0000000e-06       1.2713630
       537.08650       0.0000000  -5.0000000e-06       1.2714520
       537.32760       0.0000000  -1.0000000e-06       1.2715010
       537.56860       0.0000000  -3.0000000e-06       1.2715800
       537.80970       0.0000000  -8.0000000e-06       1.2716350
       538.05070       0.0000000  -1.0000000e-06       1.2717190
       538.29180       0.0000000  -7.0000000e-06       1.2717680
       538.53280       0.0000000   1.0000000e-06       1.2718570
       538.77390       0.0000000  -3.0000000e-06       1.2719020
       539.01500       0.0000000   3.0000000e-06       1.2719910
       539.25600       0.0000000  -3.0000000e-06       1.2720310
       539.49710       0.0000000  -4.0000000e-06       1.2721280
       539.73820       0.0000000      -0.0000000       1.2721730
       539.97920       0.0000000  -2.0000000e-06       1.2722600
       540.22030       0.0000000  -7.0000000e-06       1.2723110
       540.46140       0.0000000  -1.0000000e-06       1.2724040
       540.70240       0.0000000  -5.0000000e-06       1.2724470
       540.94350       0.0000000  -6.0000000e-06       1.2725450
       541.18460       0.0000000  -3.0000000e-06       1.2725920
       541.42560       0.0000000  -5.0000000e-06       1.2726830
       541.66670       0.0000000  -9.0000000e-06       1.2727350
       541.90770       0.0000000  -2.0000000e-06       1.2728350
       542.14880       0.0000000   2.0000000e-06       1.2728730
       542.38980       0.0000000  -8.0000000e-06       1.2729680
       542.63090       0.0000000  -5.0000000e-06       1.2730230
       542.87200       0.0000000  -6.0000000e-06       1.2731170
       543.11300       0.0000000  -2.0000000e-06       1.2731700
       543.35410       0.0000000  -3.0000000e-06       1.2732600
       543.59520       0.0000000  -7.0000000e-06       1.2733160
       543.83620       0.0000000  -1.0000000e-06       1.2734110
       544.07730       0.0000000  -6.0000000e-06       1.2734630
       544.31840       0.0000000   2.0000000e-06       1.2735620
       544.55940       0.0000000  -2.0000000e-06       1.2736060
       544.80050       0.0000000  -4.0000000e-06       1.2737110
       545.04160       0.0000000      -0.0000000       1.2737610
       545.28260       0.0000000  -1.0000000e-06       1.2738570
       545.52370       0.0000000  -6.0000000e-06       1.2739110
       545.76470       0.0000000   2.0000000e-06       1.2740150
       546.00580       0.0000000  -3.0000000e-06       1.2740570
       546.24680       0.0000000  -4.0000000e-06       1.2741700
       546.48790       0.0000000   1.0000000e-06       1.2742120
       546.72900       0.0000000  -1.0000000e-05       1.2743230
       546.97000       0.0000000   4.0000000e-06       1.2743750
       547.21110       0.0000000  -6.0000000e-06       1.2744730
       547.45210       0.0000000  -2.0000000e-06       1.2745320
       547.69320       0.0000000  -3.0000000e-06       1.2746360
       547.93430       0.0000000   2.0000000e-06       1.2746870
       548.17540       0.0000000  -7.0000000e-06       1.2747930
       548.41640       0.0000000   5.0000000e-06       1.2748500
       548.65750       0.0000000  -4.0000000e-06       1.2749470
       548.89860       0.0000000      -0.0000000       1.2750120
       549.13960       0.0000000      -0.0000000       1.2751080
       549.38070       0.0000000  -5.0000000e-06       1.2751680
       549.62170       0.0000000  -5.0000000e-06       1.2752760
       549.86280       0.0000000  -1.0000000e-06       1.2753330
       550.10380       0.0000000  -1.0000000e-05       1.2754370
       550.34490       0.0000000  -6.0000000e-06       1.2755080
       550.58600       0.0000000   2.0000000e-06       1.2756080
       550.82700       0.0000000  -2.0000000e-06       1.2756650
       551.06810       0.0000000  -2.0000000e-06       1.2757720
       551.30910       0.0000000  -7.0000000e-06       1.2758310
       551.55020       0.0000000  -7.0000000e-06       1.2759470
       551.79130       0.0000000  -3.0000000e-06       1.2760030
       552.03230       0.0000000  -1.1000000e-05       1.2761150
       552.27340       0.0000000  -6.0000000e-06       1.2761820
       552.51450       0.0000000  -7.0000000e-06       1.2762910
       552.75560       0.0000000  -3.0000000e-06       1.2763570
       552.99660       0.0000000  -2.0000000e-06       1.2764660
       553.23770       0.0000000   2.0000000e-06       1.2765300
       553.47870       0.0000000   2.0000000e-06       1.2766350
       553.71980       0.0000000  -2.0000000e-06       1.2767000
       553.96080       0.0000000  -2.0000000e-06       1.2768110
       554.20190       0.0000000  -6.0000000e-06       1.2768810
       554.44300       0.0000000   2.0000000e-06       1.2769950
       554.68400       0.0000000  -1.0000000e-06       1.2770550
       554.92510       0.0000000  -1.0000000e-06       1.2771710
       555.16610       0.0000000  -5.0000000e-06       1.2772350
       555.40720       0.0000000  -5.0000000e-06       1.2773540
       555.64830       0.0000000  -8.0000000e-06       1.2774200
       555.88930       0.0000000  -8.0000000e-06       1.2775440
       556.13040       0.0000000  -3.0000000e-06       1.2776110
       556.37150       0.0000000  -3.0000000e-06       1.2777260
       556.61250       0.0000000  -7.0000000e-06       1.2777970
       556.85360       0.0000000   2.0000000e-06       1.2779200
       557.09470       0.0000000  -1.0000000e-06       1.2779790
       557.33570       0.0000000  -1.0000000e-06       1.2781070
       557.57680       0.0000000   4.0000000e-06       1.2781690
       557.81780       0.0000000  -4.0000000e-06       1.2782880
       558.05890       0.0000000  -7.0000000e-06       1.2783650
       558.30000       0.0000000   2.0000000e-06       1.2784890
       558.54100       0.0000000  -2.0000000e-06       1.2785490
       558.78210       0.0000000  -1.0000000e-05       1.2786810
       559.02310       0.0000000  -5.0000000e-06       1.2787560
       559.26420       0.0000000  -4.0000000e-06       1.2788790
       559.50520       0.0000000  -7.0000000e-06       1.2789540
       559.74630       0.0000000   1.0000000e-06       1.2790830
       559.98740       0.0000000  -1.0000000e-06       1.2791480
       560.22850       0.0000000  -1.0000000e-06       1.2792790
       560.46950       0.0000000  -4.0000000e-06       1.2793480
       560.71060       0.0000000  -3.0000000e-06       1.2794810
       560.95170       0.0000000  -7.0000000e-06       1.2795520
       561.19270       0.0000000  -5.0000000e-06       1.2796890
       561.43380       0.0000000  -8.0000000e-06       1.2797580
       561.67480       0.0000000  -8.0000000e-06       1.2799010
       561.91590       0.0000000  -2.0000000e-06       1.2799690
       562.15700       0.0000000  -9.0000000e-06       1.2801070
       562.39800       0.0000000  -3.0000000e-06       1.2801850
       562.63910       0.0000000  -2.0000000e-06       1.2803210
       562.88010       0.0000000   3.0000000e-06       1.2803930
       563.12120       0.0000000  -4.0000000e-06       1.2805260
       563.36220       0.0000000  -7.0000000e-06       1.2806080
       563.60330       0.0000000  -6.0000000e-06       1.2807500
       563.84440       0.0000000      -0.0000000       1.2808300
       564.08540       0.0000000   2.0000000e-06       1.2809640
       564.32650       0.0000000  -2.0000000e-06       1.2810430
       564.56760       0.0000000   1.0000000e-06       1.2811850
       564.80870       0.0000000  -2.0000000e-06       1.2812630
       565.04970       0.0000000  -1.0000000e-06       1.2814070
       565.29080       0.0000000  -4.0000000e-06       1.2814870
       565.53180       0.0000000  -1.0000000e-06       1.2816330
       565.77290       0.0000000  -4.0000000e-06       1.2817120
       566.01400       0.0000000  -2.0000000e-06       1.2818610
       566.25500       0.0000000  -5.0000000e-06       1.2819410
       566.49610       0.0000000  -3.0000000e-06       1.2820930
       566.73710       0.0000000  -5.0000000e-06       1.2821730
       566.97820       0.0000000  -3.0000000e-06       1.2823260
       567.21920       0.0000000  -6.0000000e-06       1.2824080
       567.46030       0.0000000  -4.0000000e-06       1.2825660
       567.70140       0.0000000   2.0000000e-06       1.2826490
       567.94240       0.0000000   4.0000000e-06       1.2827950
       568.18350       0.0000000  -6.0000000e-06       1.2828820
       568.42460       0.0000000   4.0000000e-06       1.2830400
       568.66560       0.0000000  -7.0000000e-06       1.2831170
       568.90670       0.0000000  -4.0000000e-06       1.2832860
       569.14780       0.0000000  -6.0000000e-06       1.2833660
       569.38880       0.0000000  -4.0000000e-06       1.2835340
       569.62990       0.0000000  -6.0000000e-06       1.2836150
       569.87100       0.0000000  -3.0000000e-06       1.2837880
       570.11200       0.0000000   3.0000000e-06       1.2838650
       570.35310       0.0000000  -2.0000000e-06       1.2840310
       570.59410       0.0000000  -4.0000000e-06       1.2841150
       570.83520       0.0000000  -1.0000000e-05       1.2842890
       571.07620       0.0000000  -4.0000000e-06       1.2843820
       571.31730       0.0000000       0.0000000       1.2845490
       571.55830       0.0000000  -3.0000000e-06       1.2846360
       571.79940       0.0000000   1.0000000e-06       1.2848120
       572.04050       0.0000000  -1.0000000e-06       1.2848930
       572.28160       0.0000000  -6.0000000e-06       1.2850750
       572.52260       0.0000000       0.0000000       1.2851640
       572.76370       0.0000000  -4.0000000e-06       1.2853420
       573.00480       0.0000000   2.0000000e-06       1.2854340
       573.24580       0.0000000  -2.0000000e-06       1.2856080
       573.48690       0.0000000  -4.0000000e-06       1.2857060
       573.72800       0.0000000  -1.0000000e-06       1.2858870
       573.96900       0.0000000  -3.0000000e-06       1.2859780
       574.21010       0.0000000  -7.0000000e-06       1.2861660
       574.45110       0.0000000  -1.0000000e-06       1.2862670
       574.69220       0.0000000   4.0000000e-06       1.2864430
       574.93320       0.0000000  -6.0000000e-06       1.2865400
       575.17430       0.0000000  -1.0000000e-06       1.2867330
       575.41540       0.0000000  -4.0000000e-06       1.2868280
       575.65640       0.0000000   1.0000000e-06       1.2870190
       575.89750       0.0000000  -9.0000000e-06       1.2871140
       576.13850       0.0000000  -4.0000000e-06       1.2873180
       576.37960       0.0000000  -6.0000000e-06       1.2874120
       576.62070       0.0000000  -1.0000000e-06       1.2876170
       576.86180       0.0000000  -3.0000000e-06       1.2877060
       577.10280       0.0000000  -6.0000000e-06       1.2879170
       577.34390       0.0000000   1.0000000e-06       1.2880130
       577.58500       0.0000000  -2.0000000e-06       1.2882160
       577.82600       0.0000000  -4.0000000e-06       1.2883150
       578.06710       0.0000000  -6.0000000e-06       1.2885290
       578.30810       0.0000000       0.0000000       1.2886300
       578.54920       0.0000000  -2.0000000e-06       1.2888380
       578.79020       0.0000000  -5.0000000e-06       1.2889410
       579.03130       0.0000000  -6.0000000e-06       1.2891580
       579.27230       0.0000000  -8.0000000e-06       1.2892640
       579.51340       0.0000000  -1.0000000e-06       1.2894860
       579.75450       0.0000000  -3.0000000e-06       1.2895830
       579.99550       0.0000000  -5.0000000e-06       1.2898140
       580.23660       0.0000000   2.0000000e-06       1.2899130
       580.47770       0.0000000  -8.0000000e-06       1.2901400
       580.71880       0.0000000  -1.0000000e-06       1.2902520
       580.95980       0.0000000  -3.0000000e-06       1.2904760
       581.20090       0.0000000  -4.0000000e-06       1.2905900
       581.44200       0.0000000   3.0000000e-06       1.2908220
       581.68300       0.0000000   1.0000000e-06       1.2909230
       581.92410       0.0000000  -7.0000000e-06       1.2911620
       582.16510       0.0000000  -9.0000000e-06       1.2912800
       582.40620       0.0000000  -1.0000000e-06       1.2915240
       582.64720       0.0000000  -2.0000000e-06       1.2916300
       582.88830       0.0000000  -3.0000000e-06       1.2918790
       583.12940       0.0000000  -4.0000000e-06       1.2919900
       583.37040       0.0000000  -4.0000000e-06       1.2922430
       583.61150       0.0000000  -5.0000000e-06       1.2923560
       583.85250       0.0000000  -5.0000000e-06       1.2926140
       584.09360       0.0000000  -6.0000000e-06       1.2927280
       584.33470       0.0000000  -6.0000000e-06       1.2929930
       584.57570       0.0000000  -7.0000000e-06       1.2931110
       584.81680       0.0000000   2.0000000e-06       1.2933810
       585.05790       0.0000000   2.0000000e-06       1.2934860
       585.29900       0.0000000  -6.0000000e-06       1.2937620
       585.54000       0.0000000  -6.0000000e-06       1.2938810
       585.78110       0.0000000  -6.0000000e-06       1.2941630
       586.02210       0.0000000  -6.0000000e-06       1.2942810
       586.26320       0.0000000  -5.0000000e-06       1.2945680
       586.50420       0.0000000  -6.0000000e-06       1.2946880
       586.74530       0.0000000  -3.0000000e-06       1.2949820
       586.98630       0.0000000  -4.0000000e-06       1.2951000
       587.22740       0.0000000  -2.0000000e-06       1.2953990
       587.46850       0.0000000  -1.0000000e-05       1.2955190
       587.70950       0.0000000  -7.0000000e-06       1.2958370
       587.95060       0.0000000  -1.0000000e-06       1.2959560
       588.19170       0.0000000   2.0000000e-06       1.2962680
       588.43270       0.0000000  -6.0000000e-06       1.2963870
       588.67380       0.0000000  -3.0000000e-06       1.2967190
       588.91490       0.0000000  -3.0000000e-06       1.2968380
       589.15590       0.0000000   1.0000000e-06       1.2971760
       589.39700       0.0000000       0.0000000       1.2972910
       589.63810       0.0000000  -4.0000000e-06       1.2976390
       589.87910       0.0000000  -4.0000000e-06       1.2977640
       590.12020       0.0000000   2.0000000e-06       1.2981180
       590.36120       0.0000000  -7.0000000e-06       1.2982380
       590.60230       0.0000000  -1.0000000e-06       1.2986150
       590.84340       0.0000000  -2.0000000e-06       1.2987310
       591.08440       0.0000000   4.0000000e-06       1.2991160
       591.32550       0.0000000  -4.0000000e-06       1.2992270
       591.56650       0.0000000  -4.0000000e-06       1.2996370
       591.80760       0.0000000   2.0000000e-06       1.2997500
       592.04860       0.0000000   2.0000000e-06       1.3001660
       592.28970       0.0000000   2.0000000e-06       1.3002750
       592.53080       0.0000000  -5.0000000e-06       1.3007130
       592.77190       0.0000000   2.0000000e-06       1.3008270
       593.01290       0.0000000  -5.0000000e-06       1.3012760
       593.25400       0.0000000  -6.0000000e-06       1.3013910
       593.49510       0.0000000  -1.0000000e-05       1.3018700
       593.73610       0.0000000  -3.0000000e-06       1.3019840
       593.97720       0.0000000  -6.0000000e-06       1.3024800
       594.21820       0.0000000  -8.0000000e-06       1.3025900
       594.45930       0.0000000  -1.0000000e-05       1.3031280
       594.70030       0.0000000   5.0000000e-06       1.3032300
       594.94140       0.0000000  -3.0000000e-06       1.3037850
       595.18250       0.0000000   2.0000000e-06       1.3038890
       595.42350       0.0000000  -4.0000000e-06       1.3044850
       595.66460       0.0000000  -6.0000000e-06       1.3045870
       595.90560       0.0000000  -1.0000000e-06       1.3052400
       596.14670       0.0000000   3.0000000e-06       1.3053200
       596.38780       0.0000000  -4.0000000e-06       1.3060300
       596.62880       0.0000000  -8.0000000e-06       1.3061100
       596.86990       0.0000000  -3.0000000e-06       1.3069100
       597.11100       0.0000000      -0.0000000       1.3069630
       597.35210       0.0000000   2.0000000e-06       1.3078650
       597.59310       0.0000000  -5.0000000e-06       1.3078930
       597.83420       0.0000000  -2.0000000e-06       1.3089630
       598.07520       0.0000000  -3.0000000e-06       1.3089500
       598.31630       0.0000000  -3.0000000e-06       1.3102650
       598.55740       0.0000000  -6.0000000e-06       1.3101930
       598.79840       0.0000000   1.0000000e-06       1.3119550
       599.03950       0.0000000  -2.0000000e-06       1.3117590
       599.28050       0.0000000   3.0000000e-06       1.3145630
       599.52160       0.0000000  -6.0000000e-06       1.3140830
       599.76260       0.0000000  -1.0000000e-06       1.3221590
       600.00370    0.0037000000     0.012473000       1.3202100
       600.24480    0.0026400000    0.0088870000       1.3122840
       600.48580    0.0026000000    0.0087580000       1.3153350
       600.72690    0.0030300000     0.010195000       1.3126140
       600.96800    0.0029200000    0.0098140000       1.3112610
       601.20900    0.0020800000    0.0069870000       1.3092910
       601.45010    0.0013800000    0.0046340000       1.3124560
       601.69120    0.0017300000    0.0058070000       1.3153170
       601.93220    0.0029600000    0.0099400000       1.3166550
       602.17330    0.0038500000     0.012922000       1.3124670
       602.41430    0.0032700000     0.010964000       1.3079050
       602.65540    0.0014300000    0.0047920000       1.3064200
       602.89650       0.0000000  -1.0000000e-06       1.3119520
       603.13750   0.00040103900    0.0013440000       1.3187780
       603.37860    0.0022400000    0.0075070000       1.3223900
       603.61960    0.0038700000     0.012965000       1.3196950
       603.86070    0.0041500000     0.013894000       1.3157490
       604.10170    0.0035500000     0.011878000       1.3138940
       604.34280    0.0033300000     0.011141000       1.3155400
       604.58390    0.0039700000     0.013275000       1.3162050
       604.82500    0.0047500000     0.015887000       1.3143080
       605.06600    0.0046800000     0.015635000       1.3099710
       605.30710    0.0035700000     0.011918000       1.3077080
       605.54820    0.0023100000    0.0077050000       1.3090710
       605.78920    0.0020400000    0.0068080000       1.3133870
       606.03030    0.0029100000    0.0097010000       1.3156600
       606.27140    0.0038500000     0.012834000       1.3142250
       606.51240    0.0036900000     0.012293000       1.3104690
       606.75350    0.0025400000    0.0084530000       1.3098220
       606.99450    0.0018000000    0.0059900000       1.3130000
       607.23560    0.0023900000    0.0079540000       1.3168420
       607.47660    0.0036200000     0.012052000       1.3163920
       607.71770    0.0040400000     0.013440000       1.3125700
       607.95870    0.0031000000     0.010304000       1.3091910
       608.19980    0.0017200000    0.0057120000       1.3103320
       608.44090    0.0011700000    0.0038820000       1.3143150
       608.68190    0.0017100000    0.0056760000       1.3178330
       608.92300    0.0025600000    0.0084940000       1.3180830
       609.16410    0.0028400000    0.0094230000       1.3165710
       609.40520    0.0024000000    0.0079630000       1.3156270
       609.64620    0.0019200000    0.0063620000       1.3174350
       609.88730    0.0021700000    0.0071940000       1.3202030
       610.12830    0.0031300000     0.010369000       1.3213690
       610.36940    0.0039300000     0.013024000       1.3190780
       610.61050    0.0037100000     0.012289000       1.3158530
       610.85150    0.0027000000    0.0089300000       1.3150320
       611.09260    0.0020500000    0.0067810000       1.3179360
       611.33360    0.0025200000    0.0083310000       1.3210370
       611.57470    0.0035600000     0.011779000       1.3211350
       611.81570    0.0039800000     0.013155000       1.3180100
       612.05680    0.0033300000     0.011002000       1.3156030
       612.29790    0.0023900000    0.0078890000       1.3163170
       612.53890    0.0022100000    0.0072960000       1.3191560
       612.78000    0.0027800000    0.0091730000       1.3202760
       613.02110    0.0031700000     0.010460000       1.3187480
       613.26210    0.0026400000    0.0086960000       1.3165520
       613.50320    0.0015500000    0.0051040000       1.3173060
       613.74430   0.00095999800    0.0031580000       1.3210230
       613.98540    0.0015100000    0.0049720000       1.3250330
       614.22640    0.0026400000    0.0086930000       1.3255620
       614.46750    0.0031700000     0.010435000       1.3231090
       614.70850    0.0025800000    0.0084840000       1.3207820
       614.94960    0.0015800000    0.0051930000       1.3222280
       615.19060    0.0014600000    0.0047980000       1.3262580
       615.43170    0.0024800000    0.0081540000       1.3289180
       615.67270    0.0036000000     0.011828000       1.3273530
       615.91380    0.0036700000     0.012050000       1.3237830
       616.15490    0.0026900000    0.0088300000       1.3221050
       616.39590    0.0018000000    0.0059020000       1.3244270
       616.63700    0.0019600000    0.0064310000       1.3279040
       616.87810    0.0028800000    0.0094460000       1.3290910
       617.11910    0.0035000000     0.011476000       1.3268880
       617.36020    0.0030800000     0.010090000       1.3241670
       617.60130    0.0019900000    0.0065110000       1.3241250
       617.84230    0.0013600000    0.0044470000       1.3274660
       618.08340    0.0018400000    0.0060250000       1.3307530
       618.32450    0.0028100000    0.0091920000       1.3307940
       618.56550    0.0030000000    0.0098080000       1.3277330
       618.80660    0.0019300000    0.0063110000       1.3259680
       619.04760   0.00062746000    0.0020460000       1.3286730
       619.28870   0.00052328900    0.0017040000       1.3343560
       619.52970    0.0017300000    0.0056520000       1.3377940
       619.77080    0.0029800000    0.0097250000       1.3368920
       620.01190    0.0031700000     0.010350000       1.3339090
       620.25290    0.0024500000    0.0079970000       1.3329800
       620.49400    0.0019000000    0.0061920000       1.3351740
       620.73500    0.0022500000    0.0073380000       1.3381330
       620.97610    0.0031600000     0.010299000       1.3387280
       621.21720    0.0037300000     0.012152000       1.3366680
       621.45830    0.0033500000     0.010909000       1.3340510
       621.69930    0.0023400000    0.0076180000       1.3341110
       621.94040    0.0017500000    0.0056960000       1.3372240
       622.18150    0.0022200000    0.0072200000       1.3405960
       622.42250    0.0032000000     0.010408000       1.3408210
       622.66360    0.0035200000     0.011442000       1.3382380
       622.90460    0.0027000000    0.0087720000       1.3364470
       623.14570    0.0016700000    0.0054220000       1.3386290
       623.38670    0.0016600000    0.0053940000       1.3430550
       623.62780    0.0027800000    0.0090260000       1.3455110
       623.86890    0.0038400000     0.012466000       1.3436760
       624.10990    0.0037500000     0.012166000       1.3399830
       624.35100    0.0025400000    0.0082360000       1.3385240
       624.59200    0.0014200000    0.0045950000       1.3413570
       624.83310    0.0013900000    0.0045030000       1.3457690
       625.07420    0.0022600000    0.0073190000       1.3481180
       625.31520    0.0029200000    0.0094530000       1.3470650
       625.55630    0.0026000000    0.0084100000       1.3455760
       625.79740    0.0017900000    0.0057910000       1.3468480
       626.03850    0.0016900000    0.0054620000       1.3508420
       626.27950    0.0027100000    0.0087650000       1.3535120
       626.52060    0.0038700000     0.012518000       1.3521100
       626.76160    0.0038800000     0.012543000       1.3481430
       627.00270    0.0026000000    0.0083950000       1.3464070
       627.24370    0.0012500000    0.0040310000       1.3494280
       627.48480    0.0011800000    0.0038040000       1.3550740
       627.72590    0.0023800000    0.0076800000       1.3583330
       627.96690    0.0035700000     0.011518000       1.3570810
       628.20800    0.0035200000     0.011353000       1.3537370
       628.44900    0.0023800000    0.0076670000       1.3531150
       628.69010    0.0015200000    0.0048960000       1.3567480
       628.93120    0.0020200000    0.0065060000       1.3613430
       629.17220    0.0033200000     0.010690000       1.3621530
       629.41330    0.0039000000     0.012557000       1.3590520
       629.65440    0.0029900000    0.0096210000       1.3562400
       629.89540    0.0015200000    0.0048830000       1.3581030
       630.13650    0.0010800000    0.0034660000       1.3635090
       630.37760    0.0020600000    0.0066180000       1.3676570
       630.61860    0.0033000000     0.010603000       1.3671820
       630.85970    0.0034100000     0.010961000       1.3639940
       631.10070    0.0022100000    0.0070940000       1.3626790
       631.34180   0.00092687000    0.0029690000       1.3661690
       631.58290   0.00090092700    0.0028860000       1.3720570
       631.82390    0.0021200000    0.0068050000       1.3756230
       632.06500    0.0032500000     0.010421000       1.3746020
       632.30600    0.0030800000    0.0098780000       1.3719370
       632.54710    0.0018700000    0.0059920000       1.3723560
       632.78810    0.0011500000    0.0036860000       1.3772420
       633.02920    0.0018900000    0.0060570000       1.3824460
       633.27030    0.0033700000     0.010791000       1.3836750
       633.51140    0.0040500000     0.012969000       1.3809540
       633.75240    0.0033100000     0.010591000       1.3788100
       633.99350    0.0020800000    0.0066540000       1.3808060
       634.23460    0.0017700000    0.0056600000       1.3859940
       634.47560    0.0026800000    0.0085710000       1.3898680
       634.71670    0.0037500000     0.011988000       1.3898230
       634.95770    0.0037300000     0.011915000       1.3875020
       635.19880    0.0025300000    0.0080800000       1.3874940
       635.43990    0.0013900000    0.0044330000       1.3921020
       635.68090    0.0016000000    0.0051040000       1.3988490
       635.92200    0.0029600000    0.0094460000       1.4027710
       636.16300    0.0040400000     0.012891000       1.4024640
       636.40410    0.0037600000     0.011990000       1.4013740
       636.64510    0.0027200000    0.0086730000       1.4044360
       636.88620    0.0026000000    0.0082890000       1.4117910
       637.12730    0.0042200000     0.013445000       1.4188700
       637.36830    0.0067000000     0.021341000       1.4211730
       637.60940    0.0085300000     0.027164000       1.4191530
       637.85050    0.0091300000     0.029063000       1.4167360
       638.09160    0.0093900000     0.029875000       1.4171960
       638.33260     0.010530000     0.033496000       1.4187390
       638.57370     0.012500000     0.039739000       1.4169810
       638.81470     0.013780000     0.043793000       1.4096890
       639.05580     0.012870000     0.040890000       1.4007220
       639.29690     0.010020000     0.031816000       1.3966580
       639.53790    0.0073100000     0.023202000       1.4004150
       639.77900    0.0064900000     0.020596000       1.4075440
       640.02000    0.0072000000     0.022835000       1.4116610
       640.26110    0.0076400000     0.024226000       1.4109400
       640.50210    0.0066000000     0.020917000       1.4095280
       640.74320    0.0047500000     0.015046000       1.4124700
       640.98430    0.0038300000     0.012132000       1.4198880
       641.22530    0.0045800000     0.014501000       1.4267240
       641.46640    0.0059400000     0.018798000       1.4288010
       641.70750    0.0061900000     0.019587000       1.4270500
       641.94850    0.0048500000     0.015336000       1.4269920
       642.18960    0.0033000000     0.010424000       1.4324300
       642.43070    0.0032700000     0.010337000       1.4409360
       642.67170    0.0047500000     0.015011000       1.4463550
       642.91280    0.0060100000     0.018981000       1.4462080
       643.15390    0.0055000000     0.017359000       1.4442620
       643.39490    0.0036800000     0.011615000       1.4467810
       643.63600    0.0025200000    0.0079500000       1.4550600
       643.87700    0.0032700000     0.010308000       1.4641380
       644.11810    0.0050300000     0.015854000       1.4683420
       644.35910    0.0058900000     0.018554000       1.4676760
       644.60020    0.0048800000     0.015368000       1.4673620
       644.84130    0.0031100000    0.0097920000       1.4727960
       645.08230    0.0026000000    0.0081840000       1.4829770
       645.32340    0.0040100000     0.012610000       1.4919270
       645.56450    0.0058600000     0.018410000       1.4947970
       645.80550    0.0060600000     0.019037000       1.4938580
       646.04660    0.0043000000     0.013505000       1.4961530
       646.28770    0.0025700000    0.0080650000       1.5059440
       646.52870    0.0029600000    0.0092840000       1.5190380
       646.76980    0.0051500000     0.016141000       1.5279230
       647.01090    0.0068200000     0.021357000       1.5301710
       647.25190    0.0062700000     0.019626000       1.5314860
       647.49300    0.0044200000     0.013826000       1.5391630
       647.73400    0.0038200000     0.011942000       1.5538110
       647.97510    0.0057600000     0.017982000       1.5683520
       648.21610    0.0087800000     0.027368000       1.5760510
       648.45720     0.010210000     0.031808000       1.5778490
       648.69820    0.0090400000     0.028150000       1.5818890
       648.93930    0.0072100000     0.022430000       1.5949330
       649.18040    0.0075700000     0.023511000       1.6145180
       649.42140     0.010580000     0.032786000       1.6315440
       649.66250     0.013810000     0.042710000       1.6413160
       649.90360     0.014790000     0.045678000       1.6487880
       650.14470     0.014040000     0.043302000       1.6635680
       650.38570     0.014770000     0.045427000       1.6882010
       650.62680     0.019230000     0.058882000       1.7148400
       650.86790     0.026020000     0.079292000       1.7337780
       651.10890     0.031630000     0.096048000       1.7447900
       651.35000     0.034310000      0.10388700       1.7579320
       651.59100     0.036390000      0.10972100       1.7833590
       651.83210     0.042410000      0.12692400       1.8202450
       652.07310     0.054480000      0.16141300       1.8563950
       652.31420     0.070530000      0.20678700       1.8818640
       652.55530     0.087060000      0.25292800       1.8972270
       652.79630      0.10325000      0.29737900       1.9105040
       653.03740      0.12206000      0.34809200       1.9266250
       653.27840      0.14635000      0.41278800       1.9375190
       653.51950      0.17505000      0.48870400       1.9328230
       653.76060      0.20445000      0.56636400       1.9082710
       654.00160      0.23215000      0.63985400       1.8660900
       654.24270      0.25773000      0.70849700       1.8075420
       654.48380      0.27865000      0.76702000       1.7263980
       654.72490      0.28824000      0.79989100       1.6232200
       654.96590      0.28115000      0.79299700       1.5127080
       655.20700      0.25970000      0.74772700       1.4199760
       655.44800      0.23217000      0.68119400       1.3587340
       655.68910      0.20625000      0.61325800       1.3301550
       655.93010      0.18506000      0.55490200       1.3218690
       656.17120      0.16778000      0.50573400       1.3252650
       656.41220      0.15268000      0.46178700       1.3368280
       656.65330      0.13957000      0.42273600       1.3603510
       656.89440      0.13037000      0.39440300       1.3971610
       657.13540      0.12750000      0.38416200       1.4414410
       657.37650      0.13116000      0.39273200       1.4834290
       657.61760      0.13871000      0.41252400       1.5157570
       657.85860      0.14724000      0.43507200       1.5406930
       658.09970      0.15697000      0.46050000       1.5666640
       658.34080      0.17130000      0.49786600       1.5950100
       658.58180      0.19276000      0.55410900       1.6146650
       658.82290      0.21888000      0.62298300       1.6123870
       659.06400      0.24325000      0.68828200       1.5837970
       659.30500      0.26095000      0.73745100       1.5377920
       659.54610      0.27221000      0.77046600       1.4889590
       659.78710      0.28030000      0.79557200       1.4402000
       660.02820      0.28635000      0.81598200       1.3879860
       660.26930      0.28785000      0.82565500       1.3292500
       660.51030      0.28266000      0.81821900       1.2702450
       660.75140      0.27291000      0.79723600       1.2243610
       660.99240      0.26363000      0.77550500       1.1930580
       661.23350      0.25792000      0.76218800       1.1693520
       661.47450      0.25395000      0.75381000       1.1400090
       661.71560      0.24771000      0.73934000       1.1058860
       661.95670      0.23794000      0.71429400       1.0757560
       662.19780      0.22758000      0.68610500       1.0583970
       662.43880      0.22037000      0.66592500       1.0495680
       662.67990      0.21656000      0.65537900       1.0390420
       662.92100      0.21277000      0.64517500       1.0201620
       663.16200      0.20607000      0.62641400      0.99815000
       663.40310      0.19725000      0.60076300      0.98456300
       663.64410      0.18972000      0.57834700      0.98063400
       663.88520      0.18553000      0.56569100      0.97968600
       664.12620      0.18313000      0.55847500      0.97124700
       664.36730      0.17924000      0.54680600      0.95651900
       664.60840      0.17268000      0.52687900      0.94374400
       664.84940      0.16548000      0.50478500      0.93934100
       665.09050      0.16048000      0.48933600      0.94189300
       665.33150      0.15813000      0.48196600      0.94117900
       665.57260      0.15601000      0.47522300      0.93329800
       665.81370      0.15172000      0.46170900      0.92233000
       666.05470      0.14562000      0.44257400      0.91642000
       666.29580      0.14029000      0.42592900      0.91871600
       666.53690      0.13757000      0.41742500      0.92230900
       666.77800      0.13637000      0.41346900      0.91936200
       667.01900      0.13383000      0.40514700      0.90937200
       667.26010      0.12862000      0.38849700      0.90115400
       667.50110      0.12241000      0.36894400      0.90119800
       667.74220      0.11815000      0.35578400      0.90863900
       667.98330      0.11679000      0.35160400      0.91395700
       668.22430      0.11613000      0.34929000      0.91078400
       668.46540      0.11360000      0.34097600      0.90361000
       668.70640      0.10913000      0.32671700      0.89963200
       668.94750      0.10486000      0.31339800      0.90278900
       669.18850      0.10260000      0.30643700      0.90750600
       669.42960      0.10181000      0.30386500      0.90768500
       669.67070      0.10023000      0.29857100      0.90190800
       669.91170     0.096570000      0.28677500      0.89608600
       670.15280     0.091940000      0.27227000      0.89640300
       670.39390     0.088470000      0.26165400      0.90188300
       670.63490     0.086980000      0.25713900      0.90606500
       670.87600     0.086060000      0.25412900      0.90491400
       671.11710     0.083770000      0.24672600      0.90039700
       671.35810     0.079910000      0.23461200      0.89853500
       671.59920     0.076170000      0.22319200      0.90244900
       671.84020     0.074110000      0.21704300      0.90797500
       672.08130     0.073400000      0.21486400      0.90980600
       672.32240     0.072170000      0.21084800      0.90646900
       672.56340     0.069170000      0.20138900      0.90250600
       672.80450     0.065210000      0.18927300      0.90344500
       673.04550     0.062090000      0.17995900      0.90849000
       673.28660     0.060600000      0.17559300      0.91324300
       673.52760     0.059650000      0.17264200      0.91324700
       673.76870     0.057580000      0.16619300      0.91048700
       674.00980     0.054080000      0.15554100      0.90964000
       674.25090     0.050460000      0.14479700      0.91357400
       674.49190     0.048130000      0.13802800      0.91959700
       674.73300     0.047050000      0.13491200      0.92342600
       674.97410     0.045810000      0.13114800      0.92313900
       675.21510     0.043290000      0.12356500      0.92187700
       675.45620     0.039920000      0.11361700      0.92364600
       675.69730     0.036990000      0.10513400      0.92880700
       675.93830     0.035230000      0.10009400      0.93396700
       676.17940     0.033930000     0.096321000      0.93633700
       676.42040     0.031840000     0.090177000      0.93639500
       676.66150     0.028640000     0.080882000      0.93800100
       676.90250     0.025260000     0.071196000      0.94305900
       677.14360     0.022770000     0.064163000      0.95043400
       677.38460     0.021230000     0.059841000      0.95669500
       677.62570     0.019690000     0.055474000      0.96083000
       677.86680     0.017400000     0.048960000      0.96471900
       678.10780     0.014710000     0.041363000      0.97118300
       678.34890     0.012700000     0.035732000      0.98042400
       678.59000     0.011940000     0.033664000      0.98989800
       678.83110     0.011970000     0.033812000      0.99692300
       679.07210     0.011800000     0.033364000       1.0014760
       679.31320     0.011030000     0.031201000       1.0057700
       679.55420     0.010130000     0.028672000       1.0115390
       679.79530    0.0098100000     0.027807000       1.0182030
       680.03640     0.010150000     0.028809000       1.0237900
       680.27740     0.010580000     0.030056000       1.0270940
       680.51850     0.010440000     0.029668000       1.0291710
       680.75950    0.0097600000     0.027733000       1.0319900
       681.00060    0.0091400000     0.025980000       1.0364080
       681.24160    0.0090600000     0.025777000       1.0412590
       681.48270    0.0094300000     0.026856000       1.0449520
       681.72380    0.0096700000     0.027550000       1.0468990
       681.96480    0.0093700000     0.026690000       1.0483960
       682.20590    0.0087300000     0.024863000       1.0509920
       682.44700    0.0083000000     0.023651000       1.0549110
       682.68800    0.0084000000     0.023952000       1.0587850
       682.92910    0.0087600000     0.024985000       1.0613400
       683.17020    0.0088400000     0.025219000       1.0626290
       683.41130    0.0084600000     0.024129000       1.0640840
       683.65230    0.0079400000     0.022647000       1.0666740
       683.89340    0.0077500000     0.022109000       1.0701620
       684.13440    0.0079800000     0.022778000       1.0731010
       684.37550    0.0082700000     0.023608000       1.0748480
       684.61650    0.0082400000     0.023531000       1.0758150
       684.85760    0.0078800000     0.022488000       1.0772960
       685.09860    0.0075500000     0.021549000       1.0796900
       685.33970    0.0075200000     0.021474000       1.0823720
       685.58080    0.0077100000     0.022018000       1.0843910
       685.82180    0.0078100000     0.022305000       1.0855620
       686.06290    0.0076300000     0.021784000       1.0865740
       686.30400    0.0072800000     0.020778000       1.0881900
       686.54500    0.0070300000     0.020063000       1.0904760
       686.78610    0.0070500000     0.020129000       1.0928620
       687.02720    0.0072200000     0.020611000       1.0946260
       687.26820    0.0073000000     0.020848000       1.0957780
       687.50930    0.0071800000     0.020495000       1.0968770
       687.75040    0.0069900000     0.019954000       1.0984780
       687.99140    0.0069400000     0.019810000       1.1003380
       688.23250    0.0070500000     0.020130000       1.1019600
       688.47350    0.0071400000     0.020383000       1.1029760
       688.71460    0.0070600000     0.020152000       1.1038510
       688.95560    0.0068500000     0.019549000       1.1049780
       689.19670    0.0066700000     0.019030000       1.1066210
       689.43780    0.0066600000     0.019002000       1.1083920
       689.67880    0.0067800000     0.019344000       1.1097920
       689.91990    0.0068500000     0.019544000       1.1107360
       690.16090    0.0067900000     0.019368000       1.1115930
       690.40200    0.0066500000     0.018965000       1.1126940
       690.64310    0.0065600000     0.018712000       1.1141270
       690.88420    0.0066100000     0.018849000       1.1155190
       691.12520    0.0067200000     0.019157000       1.1165360
       691.36630    0.0067500000     0.019243000       1.1172060
       691.60740    0.0066500000     0.018954000       1.1178900
       691.84840    0.0064900000     0.018489000       1.1188150
       692.08950    0.0063800000     0.018172000       1.1200120
       692.33050    0.0063400000     0.018061000       1.1211270
       692.57160    0.0063100000     0.017973000       1.1221020
       692.81260    0.0062100000     0.017682000       1.1229850
       693.05370    0.0060700000     0.017277000       1.1241530
       693.29480    0.0060000000     0.017080000       1.1255660
       693.53580    0.0060800000     0.017303000       1.1269940
       693.77690    0.0062700000     0.017851000       1.1280140
       694.01790    0.0064000000     0.018213000       1.1285110
       694.25900    0.0063600000     0.018093000       1.1289180
       694.50010    0.0062300000     0.017718000       1.1296300
       694.74110    0.0061300000     0.017429000       1.1306140
       694.98220    0.0061300000     0.017431000       1.1316910
       695.22330    0.0061900000     0.017595000       1.1325350
       695.46440    0.0062200000     0.017681000       1.1331870
       695.70540    0.0061900000     0.017587000       1.1337720
       695.94650    0.0061300000     0.017417000       1.1344580
       696.18750    0.0060500000     0.017184000       1.1352030
       696.42860    0.0060100000     0.017067000       1.1361010
       696.66960    0.0060000000     0.017039000       1.1368670
       696.91070    0.0059800000     0.016971000       1.1376270
       697.15180    0.0059500000     0.016882000       1.1383880
       697.39280    0.0059300000     0.016827000       1.1392030
       697.63390    0.0059500000     0.016877000       1.1400110
       697.87490    0.0059900000     0.016987000       1.1406850
       698.11600    0.0059900000     0.016982000       1.1412840
       698.35710    0.0059900000     0.016980000       1.1419880
       698.59810    0.0060200000     0.017069000       1.1426210
       698.83920    0.0060800000     0.017226000       1.1431630
       699.08030    0.0060900000     0.017251000       1.1434680
       699.32140    0.0060200000     0.017043000       1.1438760
       699.56240    0.0059500000     0.016850000       1.1443680
       699.80350    0.0058900000     0.016674000       1.1448810
       700.04450    0.0058000000     0.016412000       1.1453140
       700.28560    0.0056500000     0.015985000       1.1458910
       700.52660    0.0055000000     0.015551000       1.1467010
       700.76770    0.0054300000     0.015353000       1.1477330
       701.00880    0.0054600000     0.015434000       1.1486940
       701.24980    0.0055400000     0.015664000       1.1494580
       701.49090    0.0056100000     0.015852000       1.1500120
       701.73190    0.0056300000     0.015909000       1.1504990
       701.97300    0.0056200000     0.015872000       1.1510550
       702.21410    0.0056500000     0.015960000       1.1517340
       702.45510    0.0057400000     0.016208000       1.1521930
       702.69620    0.0057900000     0.016337000       1.1524400
       702.93730    0.0057300000     0.016166000       1.1525970
       703.17830    0.0055800000     0.015737000       1.1530300
       703.41940    0.0054800000     0.015457000       1.1538170
       703.66050    0.0055100000     0.015541000       1.1546360
       703.90150    0.0055900000     0.015759000       1.1551390
       704.14260    0.0056200000     0.015832000       1.1555130
       704.38360    0.0056000000     0.015775000       1.1558710
       704.62470    0.0055700000     0.015687000       1.1563440
       704.86580    0.0055600000     0.015656000       1.1568400
       705.10680    0.0055800000     0.015705000       1.1572770
       705.34790    0.0055700000     0.015677000       1.1575590
       705.58890    0.0054900000     0.015443000       1.1578800
       705.83000    0.0053700000     0.015097000       1.1583880
       706.07100    0.0052800000     0.014847000       1.1592250
       706.31210    0.0053500000     0.015041000       1.1601250
       706.55320    0.0055200000     0.015517000       1.1606970
       706.79430    0.0056600000     0.015901000       1.1607940
       707.03530    0.0056200000     0.015787000       1.1607600
       707.27640    0.0054900000     0.015413000       1.1610960
       707.51750    0.0054200000     0.015214000       1.1617850
       707.75850    0.0054900000     0.015409000       1.1624530
       707.99960    0.0056200000     0.015773000       1.1627730
       708.24060    0.0056600000     0.015882000       1.1627450
       708.48170    0.0055600000     0.015585000       1.1628080
       708.72280    0.0054100000     0.015165000       1.1632320
       708.96380    0.0053400000     0.014967000       1.1639180
       709.20490    0.0053900000     0.015106000       1.1645940
       709.44590    0.0055000000     0.015408000       1.1649390
       709.68700    0.0055300000     0.015484000       1.1650140
       709.92800    0.0054400000     0.015228000       1.1651630
       710.16910    0.0053300000     0.014914000       1.1656710
       710.41020    0.0053400000     0.014937000       1.1663530
       710.65120    0.0054400000     0.015213000       1.1667630
       710.89230    0.0055000000     0.015383000       1.1668630
       711.13340    0.0054300000     0.015180000       1.1669010
       711.37450    0.0052900000     0.014781000       1.1672840
       711.61550    0.0052200000     0.014584000       1.1679820
       711.85660    0.0053000000     0.014808000       1.1686810
       712.09760    0.0054400000     0.015192000       1.1689970
       712.33870    0.0055200000     0.015415000       1.1690210
       712.57980    0.0054700000     0.015260000       1.1689980
       712.82080    0.0053600000     0.014952000       1.1692880
       713.06190    0.0053200000     0.014835000       1.1698030
       713.30290    0.0053800000     0.015002000       1.1702230
       713.54400    0.0054400000     0.015163000       1.1703130
       713.78500    0.0053800000     0.014988000       1.1702690
       714.02610    0.0052000000     0.014487000       1.1704970
       714.26720    0.0050700000     0.014116000       1.1712240
       714.50820    0.0051200000     0.014261000       1.1720100
       714.74930    0.0052900000     0.014725000       1.1724160
       714.99040    0.0053800000     0.014973000       1.1723320
       715.23140    0.0052900000     0.014716000       1.1722370
       715.47250    0.0051100000     0.014205000       1.1725630
       715.71360    0.0050200000     0.013951000       1.1733680
       715.95460    0.0051300000     0.014263000       1.1741280
       716.19570    0.0053300000     0.014816000       1.1744040
       716.43680    0.0054200000     0.015057000       1.1742540
       716.67780    0.0053500000     0.014861000       1.1741570
       716.91890    0.0052200000     0.014486000       1.1744240
       717.15990    0.0051800000     0.014376000       1.1750210
       717.40100    0.0052900000     0.014677000       1.1754640
       717.64200    0.0054000000     0.014979000       1.1754700
       717.88310    0.0053700000     0.014892000       1.1752810
       718.12410    0.0052100000     0.014437000       1.1753410
       718.36520    0.0050600000     0.014025000       1.1758410
       718.60630    0.0050600000     0.014013000       1.1765230
       718.84740    0.0051700000     0.014320000       1.1769160
       719.08840    0.0052400000     0.014508000       1.1769180
       719.32950    0.0051600000     0.014282000       1.1768790
       719.57060    0.0050100000     0.013863000       1.1772380
       719.81160    0.0049600000     0.013717000       1.1779040
       720.05270    0.0050600000     0.013994000       1.1785190
       720.29380    0.0052100000     0.014409000       1.1787040
       720.53480    0.0052500000     0.014515000       1.1786010
       720.77590    0.0051600000     0.014262000       1.1786520
       721.01690    0.0050700000     0.014000000       1.1790910
       721.25800    0.0051200000     0.014144000       1.1797060
       721.49900    0.0053000000     0.014637000       1.1799710
       721.74010    0.0054300000     0.014982000       1.1797360
       721.98120    0.0053600000     0.014785000       1.1793410
       722.22220    0.0051100000     0.014093000       1.1793520
       722.46330    0.0049300000     0.013592000       1.1800670
       722.70430    0.0049900000     0.013757000       1.1808610
       722.94540    0.0051900000     0.014299000       1.1811640
       723.18650    0.0052800000     0.014546000       1.1808940
       723.42760    0.0051400000     0.014158000       1.1806770
       723.66860    0.0049200000     0.013544000       1.1810490
       723.90970    0.0048700000     0.013403000       1.1818920
       724.15080    0.0050300000     0.013837000       1.1825070
       724.39180    0.0052200000     0.014360000       1.1825310
       724.63290    0.0052300000     0.014383000       1.1822260
       724.87390    0.0050700000     0.013936000       1.1822310
       725.11500    0.0049300000     0.013548000       1.1827700
       725.35600    0.0049800000     0.013677000       1.1835210
       725.59710    0.0051900000     0.014256000       1.1838830
       725.83810    0.0053500000     0.014692000       1.1836590
       726.07920    0.0053000000     0.014547000       1.1832800
       726.32030    0.0051000000     0.013996000       1.1833620
       726.56130    0.0049800000     0.013661000       1.1839860
       726.80240    0.0050900000     0.013962000       1.1847110
       727.04350    0.0053400000     0.014639000       1.1848380
       727.28450    0.0054500000     0.014937000       1.1843570
       727.52560    0.0053100000     0.014552000       1.1839220
       727.76670    0.0050600000     0.013859000       1.1840720
       728.00780    0.0049400000     0.013525000       1.1847600
       728.24880    0.0050400000     0.013798000       1.1853160
       728.48990    0.0051700000     0.014144000       1.1853400
       728.73090    0.0051400000     0.014058000       1.1850810
       728.97200    0.0049300000     0.013484000       1.1851540
       729.21300    0.0047800000     0.013071000       1.1858630
       729.45410    0.0048700000     0.013314000       1.1866970
       729.69520    0.0051300000     0.014017000       1.1870350
       729.93620    0.0053100000     0.014506000       1.1866610
       730.17730    0.0052300000     0.014282000       1.1861570
       730.41830    0.0049700000     0.013570000       1.1861800
       730.65940    0.0048100000     0.013128000       1.1868910
       730.90050    0.0048900000     0.013340000       1.1876670
       731.14150    0.0051100000     0.013941000       1.1879220
       731.38260    0.0052100000     0.014212000       1.1876130
       731.62370    0.0050900000     0.013878000       1.1874190
       731.86470    0.0049200000     0.013402000       1.1877940
       732.10580    0.0049400000     0.013461000       1.1885740
       732.34690    0.0051800000     0.014109000       1.1889950
       732.58790    0.0054200000     0.014762000       1.1886940
       732.82900    0.0054100000     0.014724000       1.1879970
       733.07000    0.0051500000     0.014014000       1.1877320
       733.31110    0.0049000000     0.013326000       1.1882290
       733.55210    0.0049000000     0.013321000       1.1891000
       733.79320    0.0051300000     0.013948000       1.1894890
       734.03430    0.0053000000     0.014403000       1.1891620
       734.27530    0.0052100000     0.014156000       1.1886250
       734.51640    0.0049400000     0.013414000       1.1886590
       734.75740    0.0047600000     0.012924000       1.1893380
       734.99850    0.0048300000     0.013107000       1.1901460
       735.23960    0.0050500000     0.013705000       1.1904220
       735.48070    0.0051700000     0.014027000       1.1901040
       735.72170    0.0050400000     0.013669000       1.1897970
       735.96280    0.0048400000     0.013119000       1.1901480
       736.20390    0.0048200000     0.013059000       1.1909320
       736.44490    0.0050500000     0.013681000       1.1914460
       736.68600    0.0052900000     0.014327000       1.1911810
       736.92700    0.0052800000     0.014300000       1.1905380
       737.16810    0.0050200000     0.013588000       1.1903120
       737.40920    0.0048000000     0.012983000       1.1909220
       737.65020    0.0048500000     0.013117000       1.1917210
       737.89130    0.0050900000     0.013770000       1.1920410
       738.13230    0.0052500000     0.014197000       1.1916050
       738.37340    0.0051300000     0.013868000       1.1911210
       738.61440    0.0048700000     0.013152000       1.1912200
       738.85550    0.0047400000     0.012799000       1.1919690
       739.09660    0.0048700000     0.013145000       1.1926510
       739.33760    0.0051000000     0.013764000       1.1927180
       739.57870    0.0051700000     0.013948000       1.1922460
       739.81980    0.0049900000     0.013462000       1.1919640
       740.06090    0.0047600000     0.012830000       1.1923530
       740.30190    0.0047500000     0.012800000       1.1932210
       740.54300    0.0050000000     0.013477000       1.1936770
       740.78400    0.0052200000     0.014070000       1.1933510
       741.02510    0.0051800000     0.013950000       1.1927110
       741.26610    0.0049000000     0.013191000       1.1925890
       741.50720    0.0046900000     0.012624000       1.1932540
       741.74830    0.0047700000     0.012835000       1.1941600
       741.98930    0.0050700000     0.013645000       1.1943960
       742.23040    0.0052400000     0.014091000       1.1938650
       742.47140    0.0051100000     0.013737000       1.1932520
       742.71250    0.0048000000     0.012897000       1.1933230
       742.95360    0.0046400000     0.012465000       1.1941520
       743.19460    0.0047900000     0.012860000       1.1949020
       743.43570    0.0050300000     0.013507000       1.1949480
       743.67680    0.0050900000     0.013665000       1.1945010
       743.91780    0.0049100000     0.013175000       1.1942830
       744.15890    0.0047300000     0.012688000       1.1947730
       744.40000    0.0047800000     0.012816000       1.1955240
       744.64100    0.0050300000     0.013483000       1.1958450
       744.88210    0.0052300000     0.014015000       1.1954690
       745.12320    0.0051800000     0.013880000       1.1948890
       745.36420    0.0049400000     0.013229000       1.1947560
       745.60530    0.0047700000     0.012772000       1.1953070
       745.84630    0.0048300000     0.012923000       1.1959250
       746.08740    0.0050200000     0.013436000       1.1961250
       746.32840    0.0051200000     0.013695000       1.1957300
       746.56950    0.0049700000     0.013291000       1.1954080
       746.81050    0.0047400000     0.012669000       1.1956880
       747.05160    0.0046900000     0.012531000       1.1965090
       747.29270    0.0049100000     0.013123000       1.1970740
       747.53380    0.0051700000     0.013812000       1.1969000
       747.77480    0.0052100000     0.013912000       1.1962410
       748.01590    0.0049800000     0.013290000       1.1959080
       748.25700    0.0047300000     0.012624000       1.1963490
       748.49800    0.0047300000     0.012614000       1.1971820
       748.73910    0.0049700000     0.013257000       1.1976130
       748.98010    0.0051800000     0.013807000       1.1972970
       749.22120    0.0051400000     0.013704000       1.1967530
       749.46230    0.0049200000     0.013108000       1.1966650
       749.70330    0.0047700000     0.012707000       1.1971910
       749.94440    0.0048600000     0.012945000       1.1978080
       750.18540    0.0050700000     0.013499000       1.1978580
       750.42650    0.0051400000     0.013679000       1.1974120
       750.66750    0.0049700000     0.013220000       1.1970910
       750.90860    0.0047500000     0.012635000       1.1974230
       751.14970    0.0047200000     0.012548000       1.1981640
       751.39070    0.0049300000     0.013106000       1.1986360
       751.63180    0.0051500000     0.013682000       1.1983860
       751.87290    0.0051300000     0.013625000       1.1978320
       752.11400    0.0049000000     0.013010000       1.1976960
       752.35500    0.0047300000     0.012557000       1.1982640
       752.59610    0.0048300000     0.012823000       1.1989580
       752.83720    0.0050900000     0.013505000       1.1990710
       753.07820    0.0052200000     0.013850000       1.1984940
       753.31930    0.0050500000     0.013394000       1.1979320
       753.56030    0.0047400000     0.012557000       1.1981010
       753.80140    0.0046200000     0.012243000       1.1989740
       754.04240    0.0048100000     0.012739000       1.1996640
       754.28350    0.0050900000     0.013478000       1.1996320
       754.52450    0.0051700000     0.013689000       1.1990030
       754.76560    0.0049700000     0.013149000       1.1986230
       755.00670    0.0047300000     0.012513000       1.1989960
       755.24770    0.0047300000     0.012510000       1.1997710
       755.48880    0.0049800000     0.013169000       1.2001470
       755.72990    0.0051900000     0.013726000       1.1997200
       755.97090    0.0051100000     0.013498000       1.1990360
       756.21200    0.0048100000     0.012709000       1.1989350
       756.45310    0.0045900000     0.012119000       1.1996120
       756.69410    0.0046800000     0.012354000       1.2004760
       756.93520    0.0049600000     0.013093000       1.2006950
       757.17630    0.0051200000     0.013513000       1.2002270
       757.41730    0.0050000000     0.013185000       1.1996950
       757.65840    0.0047400000     0.012494000       1.1998360
       757.89940    0.0046400000     0.012226000       1.2005650
       758.14050    0.0048200000     0.012705000       1.2011950
       758.38150    0.0050800000     0.013382000       1.2010750
       758.62260    0.0051300000     0.013515000       1.2004820
       758.86370    0.0049100000     0.012925000       1.2001360
       759.10470    0.0046600000     0.012259000       1.2006110
       759.34580    0.0046900000     0.012338000       1.2015060
       759.58690    0.0049900000     0.013127000       1.2019220
       759.82790    0.0052500000     0.013812000       1.2014600
       760.06900    0.0052100000     0.013696000       1.2007110
       760.31010    0.0049300000     0.012954000       1.2005150
       760.55110    0.0047300000     0.012428000       1.2010910
       760.79220    0.0048200000     0.012659000       1.2018330
       761.03330    0.0051000000     0.013390000       1.2019570
       761.27430    0.0052300000     0.013730000       1.2013480
       761.51540    0.0050700000     0.013301000       1.2007890
       761.75640    0.0047500000     0.012460000       1.2008910
       761.99750    0.0046100000     0.012088000       1.2017840
       762.23850    0.0048100000     0.012611000       1.2025440
       762.47960    0.0051400000     0.013473000       1.2025440
       762.72070    0.0052800000     0.013837000       1.2018190
       762.96170    0.0050900000     0.013328000       1.2012220
       763.20280    0.0048000000     0.012569000       1.2014300
       763.44380    0.0047400000     0.012407000       1.2021940
       763.68490    0.0049600000     0.012984000       1.2026100
       763.92600    0.0051600000     0.013498000       1.2022570
       764.16710    0.0050900000     0.013306000       1.2016270
       764.40810    0.0047900000     0.012522000       1.2015330
       764.64920    0.0045900000     0.011992000       1.2022490
       764.89030    0.0047100000     0.012306000       1.2030820
       765.13130    0.0050000000     0.013062000       1.2032140
       765.37240    0.0051500000     0.013453000       1.2027190
       765.61340    0.0050300000     0.013132000       1.2022050
       765.85450    0.0048000000     0.012522000       1.2023650
       766.09550    0.0047500000     0.012396000       1.2029890
       766.33660    0.0049400000     0.012886000       1.2033990
       766.57770    0.0051600000     0.013453000       1.2031200
       766.81870    0.0051400000     0.013394000       1.2024370
       767.05980    0.0048600000     0.012660000       1.2021600
       767.30080    0.0045900000     0.011951000       1.2027020
       767.54190    0.0046200000     0.012031000       1.2036310
       767.78300    0.0049200000     0.012809000       1.2040200
       768.02400    0.0051600000     0.013428000       1.2035450
       768.26510    0.0050900000     0.013244000       1.2028190
       768.50620    0.0047800000     0.012426000       1.2026800
       768.74730    0.0045700000     0.011878000       1.2033970
       768.98830    0.0046900000     0.012188000       1.2042190
       769.22940    0.0050000000     0.012991000       1.2043820
       769.47040    0.0051700000     0.013430000       1.2037920
       769.71150    0.0050400000     0.013089000       1.2032130
       769.95250    0.0047800000     0.012405000       1.2032790
       770.19360    0.0046900000     0.012168000       1.2039200
       770.43470    0.0048500000     0.012580000       1.2043840
       770.67570    0.0050600000     0.013124000       1.2041750
       770.91680    0.0050300000     0.013041000       1.2035550
       771.15780    0.0047500000     0.012309000       1.2033990
       771.39890    0.0045300000     0.011734000       1.2040340
       771.64000    0.0046100000     0.011944000       1.2049300
       771.88100    0.0049300000     0.012769000       1.2052020
       772.12210    0.0051500000     0.013331000       1.2046810
       772.36320    0.0050500000     0.013069000       1.2040010
       772.60420    0.0047500000     0.012290000       1.2040120
       772.84530    0.0046200000     0.011946000       1.2047800
       773.08640    0.0048100000     0.012437000       1.2055060
       773.32740    0.0051500000     0.013315000       1.2054540
       773.56850    0.0052900000     0.013673000       1.2047100
       773.80950    0.0051200000     0.013226000       1.2040930
       774.05060    0.0048500000     0.012525000       1.2041750
       774.29170    0.0047600000     0.012289000       1.2048050
       774.53270    0.0049300000     0.012727000       1.2051930
       774.77380    0.0051100000     0.013185000       1.2049380
       775.01480    0.0050700000     0.013080000       1.2043620
       775.25590    0.0048100000     0.012402000       1.2042180
       775.49690    0.0046200000     0.011908000       1.2047830
       775.73800    0.0047100000     0.012138000       1.2055090
       775.97910    0.0049900000     0.012859000       1.2056330
       776.22020    0.0051400000     0.013238000       1.2050480
       776.46120    0.0049900000     0.012847000       1.2044080
       776.70230    0.0046700000     0.012015000       1.2044720
       776.94340    0.0045300000     0.011656000       1.2052170
       777.18440    0.0046700000     0.012010000       1.2058490
       777.42550    0.0049300000     0.012678000       1.2058610
       777.66650    0.0050000000     0.012852000       1.2052620
       777.90760    0.0048000000     0.012335000       1.2049220
       778.14870    0.0045600000     0.011711000       1.2052670
       778.38970    0.0045600000     0.011712000       1.2060420
       778.63080    0.0048100000     0.012355000       1.2064020
       778.87180    0.0050400000     0.012934000       1.2060240
       779.11290    0.0049900000     0.012803000       1.2053150
       779.35390    0.0046900000     0.012028000       1.2051340
       779.59500    0.0044600000     0.011438000       1.2057620
       779.83610    0.0045500000     0.011659000       1.2066330
       780.07710    0.0048600000     0.012454000       1.2068520
       780.31820    0.0050600000     0.012962000       1.2063340
       780.55930    0.0049500000     0.012678000       1.2056980
       780.80040    0.0046800000     0.011984000       1.2057750
       781.04140    0.0046000000     0.011773000       1.2064290
       781.28250    0.0048000000     0.012286000       1.2069360
       781.52350    0.0050700000     0.012973000       1.2066340
       781.76460    0.0050700000     0.012964000       1.2058600
       782.00570    0.0047800000     0.012216000       1.2054800
       782.24670    0.0044800000     0.011446000       1.2059450
       782.48780    0.0044700000     0.011423000       1.2068490
       782.72880    0.0047400000     0.012113000       1.2073130
       782.96990    0.0050100000     0.012795000       1.2069660
       783.21090    0.0049900000     0.012739000       1.2062230
       783.45200    0.0047100000     0.012020000       1.2059930
       783.69310    0.0045000000     0.011482000       1.2065460
       783.93410    0.0045800000     0.011681000       1.2072630
       784.17520    0.0048600000     0.012391000       1.2074280
       784.41630    0.0050200000     0.012799000       1.2068450
       784.65730    0.0048600000     0.012388000       1.2062260
       784.89840    0.0045500000     0.011591000       1.2063460
       785.13950    0.0044400000     0.011305000       1.2071500
       785.38050    0.0046500000     0.011843000       1.2077490
       785.62160    0.0049300000     0.012551000       1.2075760
       785.86270    0.0049800000     0.012670000       1.2069170
       786.10370    0.0047600000     0.012108000       1.2065450
       786.34480    0.0045300000     0.011517000       1.2069400
       786.58580    0.0045800000     0.011643000       1.2076500
       786.82690    0.0048600000     0.012352000       1.2078230
       787.06790    0.0050500000     0.012831000       1.2071910
       787.30900    0.0048900000     0.012418000       1.2063810
       787.55000    0.0044900000     0.011401000       1.2063240
       787.79110    0.0042400000     0.010762000       1.2071770
       788.03220    0.0043800000     0.011114000       1.2081660
       788.27330    0.0047500000     0.012053000       1.2083260
       788.51430    0.0049400000     0.012532000       1.2076100
       788.75540    0.0047500000     0.012042000       1.2069220
       788.99650    0.0044200000     0.011195000       1.2071330
       789.23750    0.0043400000     0.010999000       1.2079510
       789.47860    0.0045700000     0.011575000       1.2085040
       789.71970    0.0048500000     0.012278000       1.2082540
       789.96070    0.0048600000     0.012300000       1.2075220
       790.20180    0.0045900000     0.011616000       1.2072220
       790.44280    0.0043500000     0.011003000       1.2077150
       790.68390    0.0044100000     0.011147000       1.2085330
       790.92490    0.0047300000     0.011958000       1.2087740
       791.16600    0.0049600000     0.012537000       1.2081190
       791.40710    0.0048200000     0.012176000       1.2072560
       791.64810    0.0044200000     0.011166000       1.2071310
       791.88920    0.0041700000     0.010528000       1.2079490
       792.13020    0.0043000000     0.010855000       1.2088530
       792.37130    0.0046400000     0.011712000       1.2089710
       792.61240    0.0047800000     0.012060000       1.2082820
       792.85350    0.0045700000     0.011524000       1.2077510
       793.09450    0.0042700000     0.010764000       1.2080320
       793.33560    0.0042300000     0.010662000       1.2088740
       793.57670    0.0044900000     0.011312000       1.2093300
       793.81770    0.0047400000     0.011946000       1.2089590
       794.05880    0.0047000000     0.011834000       1.2082330
       794.29980    0.0043900000     0.011046000       1.2080100
       794.54090    0.0041300000     0.010393000       1.2086550
       794.78190    0.0042100000     0.010593000       1.2096000
       795.02300    0.0045700000     0.011491000       1.2099280
       795.26400    0.0048400000     0.012172000       1.2093200
       795.50510    0.0047400000     0.011919000       1.2084790
       795.74620    0.0044000000     0.011060000       1.2083680
       795.98720    0.0042100000     0.010577000       1.2090650
       796.22830    0.0043700000     0.010976000       1.2097820
       796.46940    0.0046700000     0.011728000       1.2097040
       796.71040    0.0047500000     0.011922000       1.2089800
       796.95150    0.0045000000     0.011290000       1.2084860
       797.19260    0.0041900000     0.010507000       1.2088320
       797.43370    0.0041400000     0.010378000       1.2096750
       797.67470    0.0043800000     0.010985000       1.2101590
       797.91580    0.0046100000     0.011555000       1.2098530
       798.15680    0.0045600000     0.011427000       1.2092790
       798.39790    0.0043000000     0.010767000       1.2092240
       798.63890    0.0041400000     0.010371000       1.2099010
       798.88000    0.0043100000     0.010792000       1.2106540
       799.12110    0.0046700000     0.011693000       1.2106870
       799.36210    0.0048500000     0.012131000       1.2098750
       799.60320    0.0046400000     0.011604000       1.2091420
       799.84420    0.0042700000     0.010678000       1.2092370
       800.08530    0.0041200000     0.010302000       1.2101180
       800.32640    0.0043400000     0.010846000       1.2108230
       800.56740    0.0046500000     0.011617000       1.2106830
       800.80850    0.0047100000     0.011769000       1.2099780
       801.04960    0.0044600000     0.011133000       1.2096080
       801.29060    0.0042000000     0.010485000       1.2100770
       801.53170    0.0042500000     0.010603000       1.2109520
       801.77280    0.0045900000     0.011447000       1.2112980
       802.01380    0.0048700000     0.012151000       1.2107330
       802.25490    0.0048100000     0.011990000       1.2098820
       802.49590    0.0044900000     0.011188000       1.2096440
       802.73700    0.0042800000     0.010661000       1.2102330
       802.97800    0.0044000000     0.010960000       1.2108780
       803.21910    0.0046600000     0.011606000       1.2108220
       803.46020    0.0047300000     0.011778000       1.2101780
       803.70120    0.0044800000     0.011152000       1.2096670
       803.94230    0.0041400000     0.010296000       1.2100490
       804.18330    0.0040800000     0.010150000       1.2109980
       804.42440    0.0043600000     0.010841000       1.2116530
       804.66550    0.0047100000     0.011711000       1.2113910
       804.90660    0.0047600000     0.011828000       1.2105560
       805.14760    0.0044800000     0.011127000       1.2101110
       805.38870    0.0041900000     0.010401000       1.2105640
       805.62980    0.0042100000     0.010455000       1.2114250
       805.87080    0.0045100000     0.011193000       1.2117660
       806.11190    0.0047500000     0.011788000       1.2113010
       806.35290    0.0046700000     0.011585000       1.2105890
       806.59400    0.0043700000     0.010837000       1.2105260
       806.83510    0.0042200000     0.010461000       1.2112120
       807.07610    0.0044000000     0.010907000       1.2118570
       807.31720    0.0047200000     0.011694000       1.2117670
       807.55820    0.0048300000     0.011968000       1.2110030
       807.79930    0.0046100000     0.011412000       1.2103900
       808.04030    0.0042700000     0.010570000       1.2105580
       808.28140    0.0041600000     0.010293000       1.2113640
       808.52250    0.0043700000     0.010812000       1.2119510
       808.76350    0.0046400000     0.011482000       1.2117460
       809.00460    0.0046600000     0.011524000       1.2110810
       809.24570    0.0044000000     0.010874000       1.2107870
       809.48680    0.0041600000     0.010276000       1.2112860
       809.72780    0.0042100000     0.010398000       1.2120650
       809.96890    0.0045000000     0.011114000       1.2123810
       810.20990    0.0047400000     0.011707000       1.2119110
       810.45100    0.0046800000     0.011553000       1.2112140
       810.69200    0.0044000000     0.010859000       1.2110240
       810.93310    0.0042000000     0.010354000       1.2115710
       811.17420    0.0043000000     0.010605000       1.2122460
       811.41520    0.0045600000     0.011241000       1.2123030
       811.65630    0.0046800000     0.011539000       1.2117790
       811.89730    0.0045100000     0.011109000       1.2112770
       812.13840    0.0042300000     0.010418000       1.2115100
       812.37950    0.0041800000     0.010292000       1.2122890
       812.62050    0.0044400000     0.010933000       1.2127640
       812.86160    0.0047200000     0.011614000       1.2124170
       813.10270    0.0047100000     0.011588000       1.2116660
       813.34380    0.0044100000     0.010847000       1.2113600
       813.58480    0.0041500000     0.010205000       1.2119190
       813.82590    0.0042200000     0.010378000       1.2127740
       814.06690    0.0045500000     0.011188000       1.2130500
       814.30800    0.0048000000     0.011796000       1.2124850
       814.54910    0.0047000000     0.011545000       1.2117210
       814.79010    0.0043800000     0.010750000       1.2116390
       815.03120    0.0042200000     0.010357000       1.2123200
       815.27220    0.0043900000     0.010771000       1.2129550
       815.51330    0.0047000000     0.011535000       1.2128540
       815.75430    0.0047800000     0.011722000       1.2120890
       815.99540    0.0045300000     0.011101000       1.2115990
       816.23650    0.0042200000     0.010342000       1.2119300
       816.47750    0.0041900000     0.010267000       1.2127520
       816.71860    0.0044600000     0.010922000       1.2131940
       816.95970    0.0047300000     0.011588000       1.2128160
       817.20070    0.0046900000     0.011483000       1.2120380
       817.44180    0.0043800000     0.010714000       1.2118180
       817.68290    0.0041400000     0.010124000       1.2124180
       817.92390    0.0042400000     0.010371000       1.2132280
       818.16500    0.0045600000     0.011154000       1.2133890
       818.40600    0.0047600000     0.011638000       1.2127950
       818.64710    0.0046200000     0.011294000       1.2120970
       818.88820    0.0043000000     0.010507000       1.2121330
       819.12920    0.0041600000     0.010163000       1.2128180
       819.37030    0.0043400000     0.010601000       1.2134590
       819.61130    0.0046400000     0.011331000       1.2133100
       819.85240    0.0047000000     0.011470000       1.2126230
       820.09340    0.0044600000     0.010882000       1.2121710
       820.33450    0.0041600000     0.010144000       1.2125230
       820.57560    0.0041400000     0.010091000       1.2133710
       820.81670    0.0044200000     0.010775000       1.2138260
       821.05770    0.0047000000     0.011453000       1.2134520
       821.29880    0.0046800000     0.011402000       1.2127130
       821.53990    0.0043900000     0.010689000       1.2124650
       821.78090    0.0041600000     0.010131000       1.2130170
       822.02200    0.0042600000     0.010368000       1.2138020
       822.26310    0.0045900000     0.011173000       1.2139600
       822.50410    0.0047900000     0.011651000       1.2133240
       822.74520    0.0046500000     0.011310000       1.2126510
       822.98620    0.0043500000     0.010572000       1.2126590
       823.22730    0.0042300000     0.010284000       1.2132980
       823.46830    0.0044000000     0.010695000       1.2137870
       823.70940    0.0046500000     0.011295000       1.2136060
       823.95040    0.0046600000     0.011316000       1.2129490
       824.19150    0.0044000000     0.010680000       1.2126580
       824.43260    0.0041500000     0.010071000       1.2131260
       824.67360    0.0042000000     0.010190000       1.2139100
       824.91470    0.0045000000     0.010922000       1.2141860
       825.15580    0.0047400000     0.011500000       1.2136680
       825.39690    0.0046500000     0.011272000       1.2129100
       825.63790    0.0043200000     0.010470000       1.2127520
       825.87900    0.0040900000    0.0099040000       1.2133910
       826.12000    0.0042000000     0.010169000       1.2142010
       826.36110    0.0045200000     0.010947000       1.2143480
       826.60220    0.0047000000     0.011378000       1.2137980
       826.84320    0.0045800000     0.011080000       1.2132200
       827.08430    0.0043200000     0.010453000       1.2132760
       827.32530    0.0042400000     0.010252000       1.2138900
       827.56640    0.0044600000     0.010785000       1.2143250
       827.80740    0.0047200000     0.011407000       1.2139780
       828.04850    0.0047100000     0.011381000       1.2132030
       828.28960    0.0043900000     0.010598000       1.2128290
       828.53060    0.0040900000    0.0098760000       1.2133240
       828.77170    0.0041000000    0.0098950000       1.2141640
       829.01280    0.0043900000     0.010593000       1.2145450
       829.25380    0.0046200000     0.011146000       1.2140890
       829.49490    0.0045400000     0.010949000       1.2134620
       829.73600    0.0042500000     0.010250000       1.2133920
       829.97710    0.0041000000    0.0098820000       1.2140410
       830.21810    0.0042600000     0.010266000       1.2146540
       830.45920    0.0045700000     0.011009000       1.2146320
       830.70020    0.0046900000     0.011299000       1.2139140
       830.94130    0.0044800000     0.010790000       1.2133520
       831.18230    0.0041600000     0.010012000       1.2134910
       831.42340    0.0040500000    0.0097460000       1.2142760
       831.66440    0.0042700000     0.010274000       1.2148270
       831.90550    0.0045500000     0.010949000       1.2146340
       832.14660    0.0045800000     0.011015000       1.2139440
       832.38760    0.0043200000     0.010383000       1.2136300
       832.62870    0.0040800000    0.0098050000       1.2140680
       832.86980    0.0041300000    0.0099210000       1.2148250
       833.11080    0.0044300000     0.010638000       1.2150150
       833.35190    0.0046100000     0.011072000       1.2144790
       833.59300    0.0044800000     0.010753000       1.2138390
       833.83400    0.0041500000    0.0099550000       1.2138550
       834.07510    0.0039900000    0.0095760000       1.2146060
       834.31620    0.0041700000     0.010001000       1.2153310
       834.55720    0.0045100000     0.010812000       1.2153380
       834.79830    0.0046600000     0.011177000       1.2146840
       835.03930    0.0044900000     0.010760000       1.2140970
       835.28040    0.0042000000     0.010058000       1.2142570
       835.52140    0.0041400000    0.0099170000       1.2149810
       835.76250    0.0044000000     0.010537000       1.2154290
       836.00360    0.0046900000     0.011228000       1.2150650
       836.24460    0.0046900000     0.011225000       1.2142430
       836.48570    0.0043800000     0.010474000       1.2138430
       836.72670    0.0040800000    0.0097530000       1.2143070
       836.96780    0.0041100000    0.0098260000       1.2151220
       837.20890    0.0044000000     0.010520000       1.2153830
       837.45000    0.0046000000     0.010993000       1.2148810
       837.69100    0.0044800000     0.010701000       1.2142330
       837.93210    0.0041600000    0.0099370000       1.2142260
       838.17320    0.0040000000    0.0095520000       1.2149290
       838.41420    0.0041700000    0.0099540000       1.2155910
       838.65530    0.0044800000     0.010694000       1.2155660
       838.89630    0.0045900000     0.010955000       1.2149020
       839.13740    0.0043800000     0.010446000       1.2144210
       839.37840    0.0041000000    0.0097690000       1.2146900
       839.61950    0.0040700000    0.0097020000       1.2154400
       839.86060    0.0043300000     0.010318000       1.2158660
       840.10160    0.0046100000     0.010980000       1.2155180
       840.34270    0.0046000000     0.010957000       1.2147800
       840.58370    0.0043200000     0.010282000       1.2144730
       840.82480    0.0040800000    0.0097060000       1.2149440
       841.06590    0.0041500000    0.0098730000       1.2156510
       841.30690    0.0044300000     0.010540000       1.2157810
       841.54800    0.0046000000     0.010938000       1.2152310
       841.78910    0.0044400000     0.010552000       1.2146010
       842.03020    0.0041100000    0.0097670000       1.2146930
       842.27120    0.0039800000    0.0094510000       1.2154300
       842.51230    0.0041800000    0.0099320000       1.2160720
       842.75330    0.0044900000     0.010667000       1.2159440
       842.99440    0.0045800000     0.010875000       1.2152790
       843.23540    0.0043600000     0.010349000       1.2147920
       843.47650    0.0040800000    0.0096780000       1.2150780
       843.71760    0.0040600000    0.0096270000       1.2157900
       843.95860    0.0043100000     0.010220000       1.2161370
       844.19970    0.0045400000     0.010766000       1.2157250
       844.44070    0.0044500000     0.010549000       1.2150300
       844.68180    0.0041200000    0.0097610000       1.2149450
       844.92290    0.0039100000    0.0092570000       1.2156460
       845.16390    0.0040500000    0.0095920000       1.2164840
       845.40500    0.0044300000     0.010493000       1.2166310
       845.64610    0.0046500000     0.011006000       1.2159600
       845.88710    0.0045200000     0.010693000       1.2152540
       846.12820    0.0042100000    0.0099550000       1.2152190
       846.36930    0.0040800000    0.0096450000       1.2158610
       846.61030    0.0042600000     0.010073000       1.2163380
       846.85140    0.0045100000     0.010660000       1.2161540
       847.09240    0.0045300000     0.010702000       1.2154890
       847.33350    0.0042600000     0.010057000       1.2151670
       847.57460    0.0039900000    0.0094190000       1.2156150
       847.81560    0.0040200000    0.0094870000       1.2164280
       848.05670    0.0043400000     0.010240000       1.2167630
       848.29770    0.0046000000     0.010851000       1.2162470
       848.53880    0.0045200000     0.010662000       1.2154880
       848.77980    0.0041900000    0.0098820000       1.2152960
       849.02090    0.0039600000    0.0093300000       1.2159030
       849.26200    0.0040700000    0.0095920000       1.2166440
       849.50310    0.0043600000     0.010274000       1.2167260
       849.74410    0.0044900000     0.010574000       1.2161960
       849.98520    0.0043200000     0.010168000       1.2157420
       850.22630    0.0040500000    0.0095320000       1.2160020
       850.46730    0.0040300000    0.0094800000       1.2167660
       850.70840    0.0043300000     0.010189000       1.2172290
       850.94940    0.0046600000     0.010959000       1.2168100
       851.19050    0.0046700000     0.010983000       1.2159380
       851.43160    0.0043500000     0.010224000       1.2154790
       851.67260    0.0040300000    0.0094640000       1.2159180
       851.91370    0.0040400000    0.0094910000       1.2167420
       852.15470    0.0043200000     0.010151000       1.2170580
       852.39580    0.0045400000     0.010660000       1.2166360
       852.63680    0.0044500000     0.010446000       1.2160220
       852.87790    0.0041600000    0.0097590000       1.2159990
       853.11900    0.0040100000    0.0094080000       1.2166640
       853.36000    0.0041900000    0.0098290000       1.2173350
       853.60110    0.0045500000     0.010670000       1.2173160
       853.84220    0.0047100000     0.011044000       1.2165560
       854.08330    0.0045100000     0.010569000       1.2159020
       854.32430    0.0041800000    0.0097900000       1.2159840
       854.56540    0.0040600000    0.0095070000       1.2166950
       854.80640    0.0042600000    0.0099740000       1.2172260
       855.04750    0.0045400000     0.010624000       1.2170500
       855.28860    0.0045700000     0.010696000       1.2163890
       855.52960    0.0043200000     0.010104000       1.2160740
       855.77070    0.0040900000    0.0095650000       1.2164860
       856.01170    0.0041400000    0.0096820000       1.2171540
       856.25280    0.0044200000     0.010330000       1.2173500
       856.49380    0.0046100000     0.010777000       1.2168410
       856.73490    0.0044900000     0.010488000       1.2162050
       856.97600    0.0041800000    0.0097610000       1.2161950
       857.21700    0.0040200000    0.0093850000       1.2168220
       857.45810    0.0041700000    0.0097380000       1.2174680
       857.69920    0.0044700000     0.010432000       1.2174630
       857.94020    0.0045900000     0.010710000       1.2168720
       858.18130    0.0044100000     0.010282000       1.2163890
       858.42240    0.0041400000    0.0096500000       1.2166170
       858.66340    0.0041100000    0.0095840000       1.2172970
       858.90450    0.0043700000     0.010182000       1.2176890
       859.14560    0.0046400000     0.010809000       1.2173180
       859.38660    0.0046200000     0.010757000       1.2165890
       859.62770    0.0043300000     0.010080000       1.2162870
       859.86870    0.0040700000    0.0094740000       1.2167630
       860.10980    0.0041400000    0.0096340000       1.2175100
       860.35080    0.0044400000     0.010333000       1.2176980
       860.59190    0.0046500000     0.010815000       1.2171550
       860.83300    0.0045200000     0.010505000       1.2164870
       861.07400    0.0042000000    0.0097620000       1.2164640
       861.31510    0.0040400000    0.0093850000       1.2171190
       861.55620    0.0042100000    0.0097840000       1.2177560
       861.79720    0.0045200000     0.010500000       1.2176740
       862.03830    0.0046200000     0.010728000       1.2170130
       862.27940    0.0044000000     0.010214000       1.2165250
       862.52040    0.0041100000    0.0095370000       1.2167710
       862.76150    0.0040700000    0.0094430000       1.2174810
       863.00260    0.0043100000    0.0099950000       1.2178910
       863.24360    0.0045700000     0.010594000       1.2175950
       863.48470    0.0045700000     0.010596000       1.2169270
       863.72570    0.0043000000    0.0099660000       1.2166180
       863.96680    0.0040600000    0.0094040000       1.2170500
       864.20780    0.0041000000    0.0095000000       1.2177150
       864.44890    0.0043600000     0.010094000       1.2179400
       864.68990    0.0045400000     0.010511000       1.2175030
       864.93100    0.0044300000     0.010251000       1.2169710
       865.17210    0.0041600000    0.0096230000       1.2170230
       865.41310    0.0040600000    0.0093890000       1.2176580
       865.65420    0.0042700000    0.0098780000       1.2181750
       865.89530    0.0045700000     0.010563000       1.2179830
       866.13640    0.0046400000     0.010723000       1.2172700
       866.37740    0.0043800000     0.010119000       1.2167810
       866.61850    0.0040800000    0.0094210000       1.2171160
       866.85960    0.0040600000    0.0093800000       1.2178530
       867.10060    0.0043200000    0.0099740000       1.2182130
       867.34170    0.0045600000     0.010527000       1.2178500
       867.58270    0.0045100000     0.010407000       1.2171930
       867.82380    0.0042100000    0.0097100000       1.2170300
       868.06480    0.0040000000    0.0092250000       1.2176280
       868.30590    0.0041300000    0.0095240000       1.2183490
       868.54700    0.0044600000     0.010279000       1.2184680
       868.78800    0.0046600000     0.010738000       1.2178620
       869.02910    0.0045200000     0.010409000       1.2172220
       869.27010    0.0042200000    0.0097190000       1.2172230
       869.51120    0.0040900000    0.0094160000       1.2178370
       869.75230    0.0042700000    0.0098290000       1.2183640
       869.99330    0.0045400000     0.010451000       1.2182100
       870.23440    0.0046000000     0.010581000       1.2175900
       870.47550    0.0043700000     0.010049000       1.2172000
       870.71660    0.0041100000    0.0094520000       1.2175120
       870.95760    0.0041000000    0.0094250000       1.2181840
       871.19870    0.0043600000     0.010017000       1.2185480
       871.43970    0.0046100000     0.010595000       1.2181620
       871.68080    0.0045700000     0.010494000       1.2174970
       871.92180    0.0042900000    0.0098520000       1.2172890
       872.16290    0.0040900000    0.0093870000       1.2177710
       872.40390    0.0041800000    0.0095890000       1.2183770
       872.64500    0.0044500000     0.010213000       1.2184540
       872.88610    0.0045800000     0.010503000       1.2179110
       873.12710    0.0044100000     0.010113000       1.2174260
       873.36820    0.0041300000    0.0094670000       1.2175550
       873.60930    0.0040400000    0.0092570000       1.2182410
       873.85030    0.0042600000    0.0097640000       1.2187340
       874.09140    0.0045500000     0.010419000       1.2185560
       874.33250    0.0046200000     0.010580000       1.2178770
       874.57350    0.0043700000     0.010003000       1.2174260
       874.81460    0.0040900000    0.0093600000       1.2177410
       875.05570    0.0040700000    0.0093110000       1.2184460
       875.29670    0.0043300000    0.0099050000       1.2188000
       875.53780    0.0045700000     0.010451000       1.2184220
       875.77880    0.0045100000     0.010308000       1.2177600
       876.01990    0.0042000000    0.0096010000       1.2176310
       876.26100    0.0040100000    0.0091590000       1.2182450
       876.50200    0.0041500000    0.0094820000       1.2189270
       876.74310    0.0044800000     0.010231000       1.2189800
       876.98410    0.0046400000     0.010593000       1.2183520
       877.22520    0.0044700000     0.010199000       1.2177740
       877.46620    0.0041600000    0.0094880000       1.2178910
       877.70730    0.0040800000    0.0093090000       1.2185950
       877.94840    0.0043100000    0.0098310000       1.2190670
       878.18950    0.0046100000     0.010509000       1.2188380
       878.43050    0.0046500000     0.010598000       1.2180870
       878.67160    0.0043700000    0.0099540000       1.2176900
       878.91270    0.0040900000    0.0093120000       1.2180680
       879.15370    0.0040900000    0.0093130000       1.2187840
       879.39480    0.0043600000    0.0099220000       1.2191310
       879.63580    0.0046000000     0.010470000       1.2187360
       879.87690    0.0045400000     0.010330000       1.2181160
       880.11790    0.0042700000    0.0097130000       1.2179780
       880.35900    0.0040900000    0.0093020000       1.2184890
       880.60010    0.0042100000    0.0095750000       1.2190950
       880.84110    0.0044900000     0.010208000       1.2191190
       881.08220    0.0046200000     0.010501000       1.2185890
       881.32320    0.0044600000     0.010130000       1.2181080
       881.56430    0.0042000000    0.0095400000       1.2182650
       881.80540    0.0041500000    0.0094250000       1.2188960
       882.04640    0.0043900000    0.0099670000       1.2192710
       882.28750    0.0046500000     0.010550000       1.2189540
       882.52860    0.0046500000     0.010546000       1.2182650
       882.76970    0.0043600000    0.0098860000       1.2179320
       883.01070    0.0040900000    0.0092700000       1.2183730
       883.25180    0.0041300000    0.0093580000       1.2191250
       883.49280    0.0044300000     0.010043000       1.2193960
       883.73390    0.0046700000     0.010578000       1.2189220
       883.97500    0.0045800000     0.010374000       1.2182570
       884.21600    0.0042800000    0.0096900000       1.2181600
       884.45710    0.0041100000    0.0093040000       1.2187350
       884.69810    0.0042600000    0.0096380000       1.2193530
       884.93920    0.0045800000     0.010366000       1.2193270
       885.18020    0.0047100000     0.010655000       1.2186580
       885.42130    0.0045200000     0.010216000       1.2180780
       885.66240    0.0041900000    0.0094700000       1.2181910
       885.90340    0.0040900000    0.0092420000       1.2188650
       886.14450    0.0042800000    0.0096730000       1.2193340
       886.38560    0.0045300000     0.010234000       1.2191650
       886.62660    0.0045400000     0.010251000       1.2185960
       886.86770    0.0043100000    0.0097300000       1.2183940
       887.10880    0.0041200000    0.0092980000       1.2188040
       887.34980    0.0042000000    0.0094720000       1.2194050
       887.59090    0.0044800000     0.010102000       1.2195510
       887.83190    0.0046700000     0.010532000       1.2190310
       888.07300    0.0045400000     0.010232000       1.2184220
       888.31410    0.0042500000    0.0095760000       1.2184220
       888.55510    0.0041000000    0.0092390000       1.2189740
       888.79620    0.0042500000    0.0095730000       1.2195450
       889.03720    0.0045200000     0.010182000       1.2194910
       889.27830    0.0046200000     0.010401000       1.2189650
       889.51930    0.0044400000    0.0099930000       1.2185320
       889.76040    0.0041900000    0.0094270000       1.2187580
       890.00150    0.0041700000    0.0093780000       1.2193740
       890.24260    0.0044100000    0.0099180000       1.2197130
       890.48360    0.0046500000     0.010457000       1.2193710
       890.72470    0.0046300000     0.010409000       1.2187470
       890.96580    0.0043700000    0.0098160000       1.2184970
       891.20680    0.0041500000    0.0093190000       1.2189100
       891.44790    0.0042100000    0.0094520000       1.2195380
       891.68900    0.0044800000     0.010062000       1.2197010
       891.93000    0.0046500000     0.010439000       1.2192180
       892.17110    0.0045300000     0.010165000       1.2187000
       892.41210    0.0042600000    0.0095570000       1.2187280
       892.65320    0.0041600000    0.0093320000       1.2193190
       892.89420    0.0043500000    0.0097530000       1.2197870
       893.13530    0.0046400000     0.010406000       1.2196360
       893.37630    0.0047100000     0.010558000       1.2189400
       893.61740    0.0044700000     0.010013000       1.2184860
       893.85850    0.0041700000    0.0093380000       1.2187400
       894.09950    0.0041300000    0.0092470000       1.2194360
       894.34060    0.0043700000    0.0097810000       1.2198100
       894.58170    0.0046100000     0.010320000       1.2195240
       894.82280    0.0045900000     0.010275000       1.2189270
       895.06380    0.0043400000    0.0097060000       1.2187260
       895.30490    0.0041500000    0.0092800000       1.2191730
       895.54590    0.0042500000    0.0095040000       1.2197460
       895.78700    0.0045200000     0.010104000       1.2197990
       896.02810    0.0046700000     0.010435000       1.2192860
       896.26910    0.0045200000     0.010094000       1.2187250
       896.51020    0.0042300000    0.0094430000       1.2187910
       896.75120    0.0041100000    0.0091770000       1.2193710
       896.99230    0.0042900000    0.0095740000       1.2198760
       897.23330    0.0045500000     0.010152000       1.2197100
       897.47440    0.0045900000     0.010239000       1.2191400
       897.71550    0.0043500000    0.0097040000       1.2188030
       897.95650    0.0041000000    0.0091390000       1.2191910
       898.19760    0.0041400000    0.0092320000       1.2198860
       898.43870    0.0044400000    0.0098950000       1.2201620
       898.67970    0.0046900000     0.010448000       1.2196830
       898.92080    0.0046200000     0.010290000       1.2190090
       899.16190    0.0043300000    0.0096410000       1.2188140
       899.40300    0.0041200000    0.0091720000       1.2193000
       899.64400    0.0042200000    0.0093950000       1.2198790
       899.88510    0.0044800000    0.0099640000       1.2199330
       900.12610    0.0046100000     0.010252000       1.2194350
       900.36720    0.0044500000    0.0098980000       1.2189450
       900.60820    0.0041700000    0.0092670000       1.2190510
       900.84930    0.0040800000    0.0090690000       1.2196620
       901.09030    0.0042700000    0.0094860000       1.2201110
       901.33140    0.0045300000     0.010064000       1.2199370
       901.57250    0.0045500000     0.010108000       1.2193430
       901.81350    0.0043100000    0.0095680000       1.2190540
       902.05460    0.0040700000    0.0090290000       1.2194280
       902.29570    0.0041000000    0.0090970000       1.2201190
       902.53670    0.0043800000    0.0097200000       1.2203970
       902.77780    0.0046300000     0.010271000       1.2200030
       903.01890    0.0045800000     0.010157000       1.2193400
       903.25990    0.0043000000    0.0095290000       1.2191530
       903.50100    0.0040900000    0.0090660000       1.2196140
       903.74210    0.0041800000    0.0092580000       1.2202530
       903.98310    0.0044600000    0.0098830000       1.2203400
       904.22420    0.0046100000     0.010209000       1.2198660
       904.46520    0.0044800000    0.0099160000       1.2193740
       904.70630    0.0042200000    0.0093390000       1.2194660
       904.94730    0.0041500000    0.0091820000       1.2200400
       905.18840    0.0043600000    0.0096450000       1.2204370
       905.42950    0.0046100000     0.010194000       1.2202030
       905.67050    0.0046300000     0.010237000       1.2196010
       905.91160    0.0043900000    0.0097040000       1.2192950
       906.15260    0.0041600000    0.0091940000       1.2196430
       906.39370    0.0042000000    0.0092800000       1.2202380
       906.63480    0.0044500000    0.0098280000       1.2204190
       906.87590    0.0046200000     0.010204000       1.2200080
       907.11690    0.0045200000    0.0099760000       1.2194900
       907.35800    0.0042500000    0.0093770000       1.2194880
       907.59910    0.0041200000    0.0090900000       1.2200660
       907.84010    0.0042900000    0.0094630000       1.2206180
       908.08120    0.0046100000     0.010166000       1.2205940
       908.32220    0.0047600000     0.010495000       1.2199500
       908.56330    0.0045900000     0.010111000       1.2193750
       908.80430    0.0042900000    0.0094510000       1.2194320
       909.04540    0.0042000000    0.0092480000       1.2200160
       909.28650    0.0043900000    0.0096670000       1.2203970
       909.52750    0.0046200000     0.010171000       1.2201510
       909.76860    0.0046100000     0.010145000       1.2195630
       910.00960    0.0043500000    0.0095700000       1.2192950
       910.25070    0.0041000000    0.0090170000       1.2196810
       910.49180    0.0041300000    0.0090810000       1.2203740
       910.73280    0.0044100000    0.0096950000       1.2206170
       910.97390    0.0046200000     0.010157000       1.2202050
       911.21500    0.0045400000    0.0099740000       1.2196400
       911.45610    0.0042800000    0.0094020000       1.2195630
       911.69710    0.0041200000    0.0090500000       1.2200320
       911.93820    0.0042500000    0.0093310000       1.2205740
       912.17920    0.0045100000    0.0099010000       1.2205260
       912.42030    0.0046000000     0.010093000       1.2200270
       912.66130    0.0044200000    0.0096970000       1.2196240
       912.90240    0.0041700000    0.0091470000       1.2198400
       913.14350    0.0041400000    0.0090750000       1.2204440
       913.38450    0.0043700000    0.0095840000       1.2208120
       913.62560    0.0046300000     0.010149000       1.2205350
       913.86660    0.0046400000     0.010168000       1.2199270
       914.10770    0.0044100000    0.0096580000       1.2196270
       914.34880    0.0041900000    0.0091740000       1.2199530
       914.58980    0.0042300000    0.0092610000       1.2204840
       914.83090    0.0044600000    0.0097650000       1.2206220
       915.07200    0.0046100000     0.010090000       1.2201950
       915.31300    0.0044800000    0.0098010000       1.2196880
       915.55410    0.0042000000    0.0091810000       1.2197260
       915.79520    0.0040700000    0.0088970000       1.2203000
       916.03620    0.0042200000    0.0092220000       1.2208210
       916.27730    0.0044900000    0.0098140000       1.2208110
       916.51830    0.0045900000     0.010028000       1.2203000
       916.75940    0.0044300000    0.0096740000       1.2199500
       917.00050    0.0042200000    0.0092120000       1.2201400
       917.24150    0.0042200000    0.0092100000       1.2206680
       917.48260    0.0044500000    0.0097130000       1.2208920
       917.72360    0.0046500000     0.010146000       1.2205430
       917.96470    0.0046100000     0.010058000       1.2199700
       918.20570    0.0043500000    0.0094820000       1.2197570
       918.44680    0.0041400000    0.0090230000       1.2201640
       918.68790    0.0042000000    0.0091530000       1.2207440
       918.92900    0.0044500000    0.0097000000       1.2208780
       919.17000    0.0046000000     0.010024000       1.2204470
       919.41110    0.0044800000    0.0097570000       1.2199890
       919.65220    0.0042300000    0.0092110000       1.2200440
       919.89320    0.0041300000    0.0089890000       1.2205740
       920.13430    0.0043100000    0.0093800000       1.2210560
       920.37530    0.0045900000    0.0099900000       1.2209150
       920.61640    0.0046700000     0.010156000       1.2203210
       920.85750    0.0044600000    0.0096940000       1.2198930
       921.09850    0.0041900000    0.0091080000       1.2201180
       921.33960    0.0041700000    0.0090650000       1.2207140
       921.58060    0.0043900000    0.0095400000       1.2209870
       921.82170    0.0045900000    0.0099740000       1.2206790
       922.06270    0.0045300000    0.0098360000       1.2201370
       922.30380    0.0042600000    0.0092480000       1.2200590
       922.54490    0.0041000000    0.0088980000       1.2205890
       922.78590    0.0042400000    0.0092020000       1.2211680
       923.02700    0.0045500000    0.0098740000       1.2211950
       923.26810    0.0047100000     0.010215000       1.2206270
       923.50920    0.0045600000    0.0098900000       1.2200640
       923.75020    0.0042600000    0.0092290000       1.2200930
       923.99130    0.0041500000    0.0089960000       1.2207060
       924.23230    0.0043500000    0.0094240000       1.2211500
       924.47340    0.0046300000     0.010028000       1.2209690
       924.71450    0.0046700000     0.010112000       1.2203110
       924.95550    0.0044100000    0.0095460000       1.2199390
       925.19660    0.0041300000    0.0089410000       1.2202490
       925.43760    0.0041100000    0.0088930000       1.2209310
       925.67870    0.0043700000    0.0094520000       1.2212970
       925.91970    0.0046200000    0.0099900000       1.2209960
       926.16080    0.0046100000    0.0099710000       1.2204270
       926.40190    0.0043800000    0.0094690000       1.2202240
       926.64290    0.0042100000    0.0090940000       1.2205950
       926.88400    0.0043100000    0.0093100000       1.2210870
       927.12510    0.0045600000    0.0098490000       1.2210810
       927.36610    0.0046800000     0.010105000       1.2205690
       927.60720    0.0045200000    0.0097560000       1.2200540
       927.84830    0.0042200000    0.0091060000       1.2201160
       928.08930    0.0041000000    0.0088420000       1.2206810
       928.33040    0.0042600000    0.0091840000       1.2211620
       928.57150    0.0045100000    0.0097270000       1.2210590
       928.81250    0.0045500000    0.0098140000       1.2205180
       929.05360    0.0043200000    0.0093140000       1.2202330
       929.29460    0.0040800000    0.0087950000       1.2205950
       929.53570    0.0041200000    0.0088740000       1.2212770
       929.77670    0.0044200000    0.0095180000       1.2215600
       930.01780    0.0046900000     0.010097000       1.2211550
       930.25890    0.0046600000     0.010035000       1.2204670
       930.49990    0.0043800000    0.0094230000       1.2201980
       930.74100    0.0041600000    0.0089480000       1.2206000
       930.98210    0.0042300000    0.0090970000       1.2211470
       931.22310    0.0044700000    0.0096150000       1.2212010
       931.46420    0.0045800000    0.0098460000       1.2207560
       931.70530    0.0044300000    0.0095230000       1.2203450
       931.94630    0.0041700000    0.0089590000       1.2204470
       932.18740    0.0040900000    0.0087880000       1.2210080
       932.42850    0.0042600000    0.0091510000       1.2214090
       932.66950    0.0044900000    0.0096400000       1.2213030
       932.91060    0.0045400000    0.0097450000       1.2208490
       933.15160    0.0043700000    0.0093750000       1.2205870
       933.39270    0.0041800000    0.0089710000       1.2208350
       933.63370    0.0042100000    0.0090320000       1.2213490
       933.87480    0.0044600000    0.0095620000       1.2215190
       934.11580    0.0046400000    0.0099480000       1.2210950
       934.35690    0.0045400000    0.0097310000       1.2205490
       934.59800    0.0042600000    0.0091250000       1.2205090
       934.83910    0.0041100000    0.0088040000       1.2210400
       935.08010    0.0042600000    0.0091240000       1.2215840
       935.32120    0.0045600000    0.0097650000       1.2215580
       935.56230    0.0046900000     0.010039000       1.2209960
       935.80330    0.0045300000    0.0096940000       1.2204880
       936.04440    0.0042600000    0.0091120000       1.2205420
       936.28550    0.0041600000    0.0088980000       1.2210500
       936.52650    0.0043200000    0.0092400000       1.2214180
       936.76760    0.0045300000    0.0096830000       1.2212490
       937.00860    0.0045300000    0.0096810000       1.2207550
       937.24970    0.0043000000    0.0091850000       1.2205400
       937.49070    0.0040800000    0.0087170000       1.2209080
       937.73180    0.0041300000    0.0088150000       1.2215370
       937.97290    0.0044100000    0.0094190000       1.2217560
       938.21390    0.0046200000    0.0098600000       1.2213260
       938.45500    0.0045400000    0.0096890000       1.2207810
       938.69600    0.0042800000    0.0091290000       1.2206770
       938.93710    0.0041200000    0.0087860000       1.2211410
       939.17820    0.0042400000    0.0090400000       1.2216460
       939.41930    0.0044900000    0.0095720000       1.2216430
       939.66030    0.0045900000    0.0097790000       1.2211940
       939.90140    0.0044500000    0.0094830000       1.2208320
       940.14250    0.0042300000    0.0090120000       1.2209560
       940.38350    0.0041900000    0.0089230000       1.2214490
       940.62460    0.0043900000    0.0093460000       1.2217740
       940.86560    0.0046300000    0.0098540000       1.2215120
       941.10670    0.0046200000    0.0098300000       1.2209290
       941.34770    0.0043700000    0.0092940000       1.2206760
       941.58880    0.0041400000    0.0088050000       1.2210460
       941.82980    0.0041900000    0.0089110000       1.2216510
       942.07090    0.0044600000    0.0094830000       1.2218410
       942.31200    0.0046700000    0.0099230000       1.2214260
       942.55300    0.0045800000    0.0097280000       1.2208400
       942.79410    0.0043100000    0.0091540000       1.2207680
       943.03520    0.0041500000    0.0088130000       1.2212170
       943.27620    0.0042700000    0.0090650000       1.2217200
       943.51730    0.0045200000    0.0095980000       1.2216910
       943.75840    0.0046100000    0.0097860000       1.2212260
       943.99950    0.0044500000    0.0094360000       1.2208490
       944.24050    0.0042100000    0.0089290000       1.2210180
       944.48160    0.0041800000    0.0088620000       1.2215620
       944.72260    0.0044000000    0.0093310000       1.2218680
       944.96370    0.0046300000    0.0098130000       1.2215680
       945.20470    0.0046000000    0.0097490000       1.2210060
       945.44580    0.0043500000    0.0092140000       1.2208040
       945.68690    0.0041500000    0.0087870000       1.2212110
       945.92790    0.0042300000    0.0089560000       1.2217570
       946.16900    0.0045000000    0.0095250000       1.2218700
       946.41000    0.0046700000    0.0098860000       1.2213890
       946.65110    0.0045500000    0.0096270000       1.2208430
       946.89220    0.0042600000    0.0090070000       1.2208040
       947.13320    0.0041100000    0.0086900000       1.2213230
       947.37430    0.0042500000    0.0089840000       1.2217950
       947.61540    0.0044900000    0.0094860000       1.2217500
       947.85640    0.0045600000    0.0096310000       1.2212620
       948.09750    0.0043600000    0.0092070000       1.2209490
       948.33860    0.0041300000    0.0087170000       1.2212270
       948.57960    0.0041400000    0.0087360000       1.2218200
       948.82070    0.0044000000    0.0092920000       1.2220960
       949.06170    0.0046400000    0.0097890000       1.2217270
       949.30280    0.0046000000    0.0097060000       1.2211190
       949.54380    0.0043200000    0.0091100000       1.2208840
       949.78490    0.0040800000    0.0086020000       1.2213200
       950.02600    0.0041500000    0.0087490000       1.2219690
       950.26700    0.0044300000    0.0093360000       1.2221310
       950.50810    0.0046200000    0.0097350000       1.2217440
       950.74910    0.0045400000    0.0095630000       1.2212280
       950.99020    0.0042900000    0.0090310000       1.2212020
       951.23130    0.0041800000    0.0087980000       1.2216980
       951.47240    0.0043600000    0.0091770000       1.2221340
       951.71340    0.0046300000    0.0097470000       1.2219660
       951.95450    0.0046900000    0.0098640000       1.2213830
       952.19560    0.0044700000    0.0093990000       1.2210160
       952.43660    0.0042200000    0.0088740000       1.2212520
       952.67770    0.0042100000    0.0088480000       1.2218240
       952.91870    0.0044500000    0.0093510000       1.2220910
       953.15980    0.0046700000    0.0098130000       1.2217580
       953.40090    0.0046300000    0.0097280000       1.2211910
       953.64190    0.0043700000    0.0091750000       1.2209990
       953.88300    0.0041800000    0.0087740000       1.2213970
       954.12400    0.0042500000    0.0089180000       1.2219060
       954.36510    0.0045000000    0.0094420000       1.2220120
       954.60610    0.0046400000    0.0097350000       1.2215700
       954.84720    0.0045200000    0.0094790000       1.2211310
       955.08830    0.0042700000    0.0089530000       1.2211540
       955.32930    0.0041700000    0.0087420000       1.2216410
       955.57040    0.0043300000    0.0090740000       1.2220370
       955.81150    0.0045700000    0.0095770000       1.2219250
       956.05260    0.0046200000    0.0096810000       1.2214140
       956.29360    0.0044300000    0.0092730000       1.2211060
       956.53470    0.0042100000    0.0088150000       1.2213270
       956.77570    0.0042100000    0.0088140000       1.2218440
       957.01680    0.0044400000    0.0092890000       1.2220560
       957.25780    0.0046300000    0.0096870000       1.2217070
       957.49890    0.0045600000    0.0095370000       1.2211680
       957.74000    0.0042900000    0.0089710000       1.2210700
       957.98100    0.0041200000    0.0086080000       1.2215080
       958.22210    0.0042300000    0.0088360000       1.2220510
       958.46310    0.0045000000    0.0094020000       1.2220640
       958.70420    0.0046300000    0.0096700000       1.2215950
       958.94530    0.0044900000    0.0093740000       1.2211150
       959.18630    0.0042100000    0.0087900000       1.2211660
       959.42740    0.0041100000    0.0085780000       1.2216960
       959.66850    0.0042800000    0.0089320000       1.2221320
       959.90950    0.0045400000    0.0094770000       1.2219950
       960.15060    0.0046000000    0.0095950000       1.2214550
       960.39170    0.0043900000    0.0091570000       1.2210940
       960.63270    0.0041400000    0.0086310000       1.2213250
       960.87380    0.0041300000    0.0086090000       1.2218750
       961.11490    0.0043500000    0.0090630000       1.2221350
       961.35590    0.0045500000    0.0094790000       1.2218250
       961.59700    0.0045000000    0.0093670000       1.2213310
       961.83800    0.0042600000    0.0088670000       1.2212060
       962.07910    0.0041000000    0.0085360000       1.2216080
       962.32010    0.0042000000    0.0087410000       1.2220630
       962.56120    0.0044400000    0.0092390000       1.2220830
       962.80220    0.0045500000    0.0094660000       1.2216190
       963.04330    0.0044000000    0.0091490000       1.2212020
       963.28440    0.0041400000    0.0086080000       1.2212740
       963.52550    0.0040500000    0.0084190000       1.2217980
       963.76650    0.0042300000    0.0087890000       1.2221620
       964.00760    0.0044600000    0.0092620000       1.2219880
       964.24870    0.0044700000    0.0092850000       1.2214430
       964.48970    0.0042100000    0.0087400000       1.2211730
       964.73080    0.0039600000    0.0082200000       1.2215460
       964.97180    0.0039800000    0.0082600000       1.2221900
       965.21290    0.0042500000    0.0088180000       1.2224680
       965.45400    0.0044700000    0.0092690000       1.2221500
       965.69500    0.0044300000    0.0091890000       1.2216380
       965.93610    0.0041900000    0.0086830000       1.2215290
       966.17710    0.0040500000    0.0083940000       1.2219700
       966.41820    0.0041900000    0.0086820000       1.2224290
       966.65920    0.0044600000    0.0092390000       1.2223860
       966.90030    0.0045800000    0.0094880000       1.2218470
       967.14140    0.0044000000    0.0091120000       1.2213540
       967.38240    0.0041000000    0.0084910000       1.2214320
       967.62350    0.0039900000    0.0082570000       1.2220110
       967.86460    0.0041800000    0.0086480000       1.2224600
       968.10570    0.0044300000    0.0091640000       1.2223050
       968.34670    0.0044600000    0.0092220000       1.2218020
       968.58780    0.0042500000    0.0087850000       1.2215500
       968.82890    0.0040400000    0.0083510000       1.2218600
       969.06990    0.0040800000    0.0084340000       1.2224020
       969.31100    0.0043400000    0.0089710000       1.2225850
       969.55200    0.0045300000    0.0093610000       1.2221820
       969.79310    0.0044500000    0.0091890000       1.2216760
       970.03410    0.0041900000    0.0086530000       1.2215890
       970.27520    0.0040400000    0.0083400000       1.2220520
       970.51620    0.0041800000    0.0086220000       1.2225270
       970.75730    0.0044500000    0.0091810000       1.2224840
       970.99840    0.0045500000    0.0093870000       1.2219590
       971.23940    0.0043700000    0.0090110000       1.2215230
       971.48050    0.0041000000    0.0084470000       1.2216590
       971.72160    0.0040400000    0.0083260000       1.2222140
       971.96260    0.0042400000    0.0087390000       1.2225270
       972.20370    0.0044600000    0.0091840000       1.2223120
       972.44480    0.0044600000    0.0091810000       1.2217990
       972.68580    0.0042200000    0.0086860000       1.2215660
       972.92690    0.0040100000    0.0082520000       1.2219070
       973.16800    0.0040500000    0.0083330000       1.2224410
       973.40900    0.0042900000    0.0088290000       1.2226070
       973.65010    0.0044600000    0.0091740000       1.2222280
       973.89110    0.0043500000    0.0089400000       1.2217690
       974.13220    0.0041000000    0.0084250000       1.2218000
       974.37320    0.0039900000    0.0081980000       1.2222960
       974.61430    0.0041700000    0.0085690000       1.2227420
       974.85540    0.0044400000    0.0091210000       1.2226000
       975.09640    0.0045000000    0.0092410000       1.2220430
       975.33750    0.0042800000    0.0087890000       1.2216870
       975.57860    0.0040300000    0.0082680000       1.2219310
       975.81960    0.0040100000    0.0082260000       1.2224970
       976.06070    0.0042500000    0.0087170000       1.2227940
       976.30180    0.0044700000    0.0091700000       1.2224950
       976.54280    0.0044500000    0.0091230000       1.2219630
       976.78390    0.0042000000    0.0086100000       1.2217460
       977.02500    0.0039900000    0.0081790000       1.2221160
       977.26600    0.0040400000    0.0082760000       1.2226380
       977.50710    0.0042800000    0.0087700000       1.2228190
       977.74810    0.0044500000    0.0091150000       1.2224490
       977.98920    0.0043600000    0.0089280000       1.2220280
       978.23020    0.0041300000    0.0084560000       1.2220160
       978.47130    0.0040300000    0.0082490000       1.2224760
       978.71240    0.0041900000    0.0085720000       1.2228770
       978.95340    0.0044500000    0.0091030000       1.2227850
       979.19450    0.0045300000    0.0092670000       1.2222520
       979.43550    0.0043400000    0.0088720000       1.2218890
       979.67660    0.0041100000    0.0084020000       1.2220580
       979.91770    0.0040900000    0.0083560000       1.2225580
       980.15880    0.0043100000    0.0088070000       1.2227740
       980.39980    0.0045000000    0.0091910000       1.2224330
       980.64090    0.0044300000    0.0090490000       1.2218780
       980.88200    0.0041300000    0.0084300000       1.2217460
       981.12300    0.0039200000    0.0080020000       1.2222080
       981.36410    0.0040000000    0.0081590000       1.2228210
       981.60510    0.0042900000    0.0087560000       1.2229680
       981.84620    0.0044700000    0.0091180000       1.2225380
       982.08720    0.0043700000    0.0089110000       1.2220490
       982.32830    0.0041100000    0.0083760000       1.2220220
       982.56940    0.0039900000    0.0081330000       1.2225120
       982.81040    0.0041500000    0.0084600000       1.2229050
       983.05150    0.0043900000    0.0089400000       1.2228120
       983.29250    0.0044600000    0.0090840000       1.2223150
       983.53360    0.0042600000    0.0086740000       1.2219560
       983.77470    0.0040100000    0.0081600000       1.2221630
       984.01570    0.0039700000    0.0080790000       1.2227060
       984.25680    0.0041900000    0.0085250000       1.2230330
       984.49790    0.0044100000    0.0089720000       1.2227810
       984.73900    0.0044000000    0.0089460000       1.2223090
       984.98000    0.0041800000    0.0084980000       1.2221140
       985.22110    0.0040000000    0.0081290000       1.2224690
       985.46210    0.0040800000    0.0082920000       1.2229450
       985.70320    0.0043300000    0.0087970000       1.2230130
       985.94420    0.0044600000    0.0090580000       1.2225720
       986.18530    0.0043200000    0.0087710000       1.2221700
       986.42640    0.0040800000    0.0082830000       1.2222550
       986.66740    0.0040100000    0.0081390000       1.2227440
       986.90850    0.0042100000    0.0085430000       1.2231070
       987.14950    0.0044700000    0.0090710000       1.2228840
       987.39060    0.0045000000    0.0091240000       1.2222870
       987.63170    0.0042500000    0.0086180000       1.2219310
       987.87270    0.0039700000    0.0080440000       1.2221760
       988.11380    0.0039400000    0.0079870000       1.2227660
       988.35490    0.0041500000    0.0084130000       1.2230530
       988.59590    0.0043500000    0.0088110000       1.2228140
       988.83700    0.0043100000    0.0087310000       1.2223640
       989.07810    0.0040800000    0.0082600000       1.2222700
       989.31910    0.0039200000    0.0079340000       1.2226720
       989.56020    0.0040300000    0.0081530000       1.2231880
       989.80120    0.0043000000    0.0086970000       1.2232330
       990.04230    0.0044500000    0.0090050000       1.2227970
       990.28340    0.0043200000    0.0087370000       1.2223230
       990.52440    0.0040600000    0.0082100000       1.2223740
       990.76550    0.0039700000    0.0080240000       1.2228500
       991.00650    0.0041400000    0.0083630000       1.2232360
       991.24760    0.0043800000    0.0088510000       1.2230830
       991.48860    0.0044100000    0.0089040000       1.2225930
       991.72970    0.0042000000    0.0084820000       1.2223310
       991.97080    0.0039900000    0.0080540000       1.2226280
       992.21190    0.0040300000    0.0081370000       1.2231410
       992.45290    0.0042800000    0.0086390000       1.2233190
       992.69400    0.0044900000    0.0090580000       1.2229290
       992.93510    0.0044100000    0.0088930000       1.2223770
       993.17610    0.0041400000    0.0083450000       1.2222320
       993.41720    0.0039400000    0.0079440000       1.2226330
       993.65820    0.0040200000    0.0081030000       1.2231480
       993.89930    0.0042700000    0.0086080000       1.2232170
       994.14040    0.0043900000    0.0088480000       1.2227960
       994.38140    0.0042500000    0.0085580000       1.2223980
       994.62250    0.0039900000    0.0080370000       1.2224790
       994.86350    0.0039000000    0.0078490000       1.2230090
       995.10460    0.0040900000    0.0082310000       1.2234250
       995.34560    0.0043500000    0.0087550000       1.2232860
       995.58670    0.0044000000    0.0088540000       1.2227650
       995.82780    0.0041900000    0.0084280000       1.2224770
       996.06880    0.0039700000    0.0079810000       1.2227190
       996.30990    0.0039800000    0.0080010000       1.2232500
       996.55100    0.0042200000    0.0084820000       1.2234500
       996.79210    0.0044100000    0.0088600000       1.2231210
       997.03310    0.0043400000    0.0087140000       1.2226200
       997.27420    0.0040800000    0.0081910000       1.2225650
       997.51520    0.0039400000    0.0079110000       1.2229920
       997.75630    0.0040600000    0.0081510000       1.2234540
       997.99740    0.0043200000    0.0086710000       1.2234490
       998.23840    0.0044300000    0.0088860000       1.2229930
       998.47950    0.0042800000    0.0085870000       1.2226040
       998.72050    0.0040400000    0.0081010000       1.2226980
       998.96160    0.0039800000    0.0079790000       1.2231690
       999.20260    0.0041600000    0.0083370000       1.2234760
       999.44370    0.0043700000    0.0087580000       1.2232700
       999.68480    0.0043600000    0.0087330000       1.2228140
       999.92580    0.0041400000    0.0082920000       1.2226080
       1000.1670    0.0039300000    0.0078710000       1.2229570
       1000.4080    0.0039900000    0.0079880000       1.2235030
       1000.6490    0.0042600000    0.0085230000       1.2236800
       1000.8900    0.0044700000    0.0089480000       1.2232860
       1001.1310    0.0043900000    0.0087800000       1.2227430
       1001.3720    0.0041300000    0.0082610000       1.2226560
       1001.6130    0.0039800000    0.0079550000       1.2230500
       1001.8540    0.0040900000    0.0081760000       1.2234840
       1002.0950    0.0043300000    0.0086540000       1.2234420
       1002.3360    0.0044000000    0.0087920000       1.2229580
       1002.5780    0.0042100000    0.0084110000       1.2226810
       1002.8190    0.0039600000    0.0079060000       1.2228590
       1003.0600    0.0039300000    0.0078440000       1.2234250
       1003.3010    0.0041600000    0.0083020000       1.2237440
       1003.5420    0.0044100000    0.0088000000       1.2235130
       1003.7830    0.0044200000    0.0088200000       1.2229500
       1004.0240    0.0041700000    0.0083160000       1.2227070
       1004.2650    0.0039600000    0.0078940000       1.2230350
       1004.5060    0.0040000000    0.0079770000       1.2235530
       1004.7470    0.0042500000    0.0084720000       1.2237070
       1004.9880    0.0044200000    0.0088070000       1.2233330
       1005.2290    0.0043200000    0.0086060000       1.2228730
       1005.4700    0.0040600000    0.0080860000       1.2228670
       1005.7110    0.0039400000    0.0078440000       1.2233450
       1005.9520    0.0041000000    0.0081600000       1.2238000
       1006.1930    0.0043800000    0.0087180000       1.2237120
       1006.4350    0.0044800000    0.0089150000       1.2232590
       1006.6760    0.0043100000    0.0085750000       1.2228390
       1006.9170    0.0040600000    0.0080780000       1.2229560
       1007.1580    0.0040100000    0.0079750000       1.2234540
       1007.3990    0.0042300000    0.0084080000       1.2237430
       1007.6400    0.0044500000    0.0088460000       1.2234420
       1007.8810    0.0044100000    0.0087630000       1.2228960
       1008.1220    0.0041300000    0.0082050000       1.2226950
       1008.3630    0.0039000000    0.0077440000       1.2231120
       1008.6040    0.0039700000    0.0078840000       1.2237040
       1008.8450    0.0042600000    0.0084550000       1.2238650
       1009.0860    0.0044500000    0.0088370000       1.2234270
       1009.3270    0.0043400000    0.0086100000       1.2229260
       1009.5680    0.0040700000    0.0080770000       1.2228910
       1009.8090    0.0039300000    0.0077940000       1.2233570
       1010.0500    0.0040800000    0.0080920000       1.2237860
       1010.2920    0.0043400000    0.0086050000       1.2237630
       1010.5330    0.0044100000    0.0087440000       1.2232480
       1010.7740    0.0042100000    0.0083430000       1.2229140
       1011.0150    0.0039600000    0.0078440000       1.2231280
       1011.2560    0.0039400000    0.0078040000       1.2237100
       1011.4970    0.0042000000    0.0083200000       1.2240060
       1011.7380    0.0044500000    0.0088090000       1.2236970
       1011.9790    0.0044300000    0.0087700000       1.2231170
       1012.2200    0.0041600000    0.0082300000       1.2229000
       1012.4610    0.0039500000    0.0078150000       1.2232740
       1012.7020    0.0040200000    0.0079510000       1.2238060
       1012.9430    0.0043000000    0.0085010000       1.2239080
       1013.1840    0.0044600000    0.0088160000       1.2234430
       1013.4250    0.0043200000    0.0085370000       1.2229510
       1013.6660    0.0040300000    0.0079640000       1.2229690
       1013.9070    0.0039100000    0.0077210000       1.2234650
       1014.1480    0.0040600000    0.0080160000       1.2238670
       1014.3900    0.0043100000    0.0085100000       1.2238400
       1014.6310    0.0043600000    0.0086070000       1.2233330
       1014.8720    0.0041500000    0.0081900000       1.2230520
       1015.1130    0.0039100000    0.0077170000       1.2233070
       1015.3540    0.0039100000    0.0077130000       1.2238790
       1015.5950    0.0041600000    0.0082050000       1.2241650
       1015.8360    0.0044000000    0.0086780000       1.2238880
       1016.0770    0.0043900000    0.0086500000       1.2233700
       1016.3180    0.0041600000    0.0081950000       1.2231750
       1016.5590    0.0039700000    0.0078210000       1.2235040
       1016.8000    0.0040500000    0.0079750000       1.2239880
       1017.0410    0.0043000000    0.0084720000       1.2240440
       1017.2820    0.0044400000    0.0087420000       1.2236210
       1017.5230    0.0043000000    0.0084620000       1.2231750
       1017.7640    0.0040300000    0.0079260000       1.2232430
       1018.0050    0.0039300000    0.0077350000       1.2237380
       1018.2470    0.0041200000    0.0081070000       1.2242130
       1018.4880    0.0044000000    0.0086530000       1.2240530
       1018.7290    0.0044600000    0.0087700000       1.2235160
       1018.9700    0.0042500000    0.0083510000       1.2231800
       1019.2110    0.0040100000    0.0078780000       1.2234090
       1019.4520    0.0040100000    0.0078810000       1.2239260
       1019.6930    0.0042500000    0.0083510000       1.2241470
       1019.9340    0.0044600000    0.0087560000       1.2238120
       1020.1750    0.0044000000    0.0086380000       1.2232900
       1020.4160    0.0041300000    0.0081070000       1.2231450
       1020.6570    0.0039400000    0.0077290000       1.2235560
       1020.8980    0.0040400000    0.0079250000       1.2240670
       1021.1390    0.0043100000    0.0084560000       1.2241060
       1021.3800    0.0044400000    0.0087060000       1.2236400
       1021.6210    0.0042800000    0.0083870000       1.2232090
       1021.8620    0.0040000000    0.0078420000       1.2232810
       1022.1040    0.0039100000    0.0076630000       1.2238630
       1022.3450    0.0041000000    0.0080330000       1.2242490
       1022.5860    0.0043700000    0.0085580000       1.2241130
       1022.8270    0.0044200000    0.0086580000       1.2235800
       1023.0680    0.0042000000    0.0082220000       1.2232650
       1023.3090    0.0039500000    0.0077300000       1.2235080
       1023.5500    0.0039400000    0.0077110000       1.2240740
       1023.7910    0.0041900000    0.0081980000       1.2243490
       1024.0320    0.0044200000    0.0086460000       1.2240600
       1024.2730    0.0043900000    0.0085860000       1.2235430
       1024.5140    0.0041400000    0.0080930000       1.2233990
       1024.7550    0.0039800000    0.0077780000       1.2237870
       1024.9960    0.0040900000    0.0079890000       1.2242350
       1025.2370    0.0043500000    0.0085000000       1.2242430
       1025.4780    0.0044700000    0.0087340000       1.2237710
       1025.7190    0.0043100000    0.0084160000       1.2233370
       1025.9610    0.0040500000    0.0079090000       1.2234730
       1026.2020    0.0039700000    0.0077490000       1.2239440
       1026.4430    0.0041700000    0.0081360000       1.2242850
       1026.6840    0.0044000000    0.0085860000       1.2240600
       1026.9250    0.0044000000    0.0085790000       1.2235520
       1027.1660    0.0041500000    0.0080900000       1.2233000
       1027.4070    0.0039000000    0.0076070000       1.2236350
       1027.6480    0.0039300000    0.0076610000       1.2242160
       1027.8890    0.0041900000    0.0081640000       1.2244490
       1028.1300    0.0044000000    0.0085720000       1.2241360
       1028.3710    0.0043500000    0.0084700000       1.2236700
       1028.6120    0.0041100000    0.0080030000       1.2235790
       1028.8530    0.0039700000    0.0077270000       1.2240020
       1029.0940    0.0041200000    0.0080200000       1.2244450
       1029.3350    0.0044000000    0.0085600000       1.2243710
       1029.5770    0.0045200000    0.0087930000       1.2239110
       1029.8180    0.0043400000    0.0084380000       1.2234410
       1030.0590    0.0040700000    0.0079110000       1.2235490
       1030.3000    0.0040000000    0.0077740000       1.2240290
       1030.5410    0.0041900000    0.0081410000       1.2243510
       1030.7820    0.0044200000    0.0085900000       1.2241390
       1031.0230    0.0044200000    0.0085870000       1.2236170
       1031.2640    0.0041700000    0.0081010000       1.2233710
       1031.5050    0.0039400000    0.0076500000       1.2236740
       1031.7460    0.0039600000    0.0076890000       1.2241910
       1031.9870    0.0041900000    0.0081310000       1.2243760
       1032.2280    0.0043600000    0.0084590000       1.2240610
       1032.4690    0.0042700000    0.0082820000       1.2236260
       1032.7100    0.0040100000    0.0077750000       1.2236120
       1032.9510    0.0038700000    0.0075030000       1.2240760
       1033.1920    0.0040100000    0.0077730000       1.2245720
       1033.4330    0.0043000000    0.0083350000       1.2245550
       1033.6750    0.0044300000    0.0085810000       1.2241440
       1033.9160    0.0042800000    0.0082910000       1.2237170
       1034.1570    0.0040300000    0.0078020000       1.2238130
       1034.3980    0.0039700000    0.0076850000       1.2243000
       1034.6390    0.0041700000    0.0080720000       1.2246240
       1034.8800    0.0044100000    0.0085350000       1.2244230
       1035.1210    0.0044200000    0.0085550000       1.2239360
       1035.3620    0.0042100000    0.0081450000       1.2237120
       1035.6030    0.0040200000    0.0077750000       1.2239840
       1035.8440    0.0040700000    0.0078710000       1.2244260
       1036.0850    0.0043000000    0.0083150000       1.2245240
       1036.3260    0.0044500000    0.0086030000       1.2241410
       1036.5670    0.0043300000    0.0083640000       1.2236970
       1036.8080    0.0040600000    0.0078450000       1.2237060
       1037.0490    0.0039300000    0.0075900000       1.2241640
       1037.2910    0.0040900000    0.0079000000       1.2246830
       1037.5310    0.0043600000    0.0084170000       1.2245370
       1037.7730    0.0044700000    0.0086250000       1.2241310
       1038.0140    0.0042900000    0.0082760000       1.2237190
       1038.2550    0.0040500000    0.0078120000       1.2238510
       1038.4960    0.0039900000    0.0076940000       1.2242980
       1038.7370    0.0041800000    0.0080630000       1.2246080
       1038.9780    0.0044000000    0.0084810000       1.2243750
       1039.2190    0.0043800000    0.0084400000       1.2238950
       1039.4600    0.0041300000    0.0079570000       1.2237050
       1039.7010    0.0039200000    0.0075530000       1.2240660
       1039.9420    0.0039800000    0.0076640000       1.2245880
       1040.1830    0.0042400000    0.0081610000       1.2247480
       1040.4240    0.0044200000    0.0085060000       1.2243940
       1040.6650    0.0043400000    0.0083500000       1.2239570
       1040.9060    0.0041000000    0.0078910000       1.2239100
       1041.1470    0.0039800000    0.0076580000       1.2243030
       1041.3890    0.0041300000    0.0079420000       1.2247400
       1041.6300    0.0043800000    0.0084220000       1.2246240
       1041.8710    0.0044400000    0.0085380000       1.2241300
       1042.1120    0.0042300000    0.0081300000       1.2237980
       1042.3530    0.0039700000    0.0076270000       1.2240180
       1042.5940    0.0039500000    0.0075870000       1.2245760
       1042.8350    0.0041900000    0.0080500000       1.2248730
       1043.0760    0.0044400000    0.0085260000       1.2246060
       1043.3170    0.0044200000    0.0084860000       1.2240630
       1043.5580    0.0041600000    0.0079850000       1.2238720
       1043.7990    0.0039500000    0.0075780000       1.2242370
       1044.0400    0.0040300000    0.0077300000       1.2247840
       1044.2810    0.0043200000    0.0082830000       1.2248880
       1044.5220    0.0045000000    0.0086310000       1.2244540
       1044.7630    0.0043800000    0.0083990000       1.2239210
       1045.0050    0.0040900000    0.0078420000       1.2239730
       1045.2450    0.0039500000    0.0075690000       1.2243600
       1045.4870    0.0041100000    0.0078720000       1.2248860
       1045.7280    0.0043800000    0.0083920000       1.2247960
       1045.9690    0.0044700000    0.0085590000       1.2243140
       1046.2100    0.0042800000    0.0081960000       1.2239580
       1046.4510    0.0040400000    0.0077330000       1.2241210
       1046.6920    0.0040000000    0.0076540000       1.2246070
       1046.9330    0.0042200000    0.0080730000       1.2248900
       1047.1740    0.0044300000    0.0084760000       1.2246280
       1047.4150    0.0044100000    0.0084330000       1.2241720
       1047.6560    0.0041800000    0.0079890000       1.2239910
       1047.8970    0.0040000000    0.0076430000       1.2243270
       1048.1380    0.0040700000    0.0077770000       1.2247550
       1048.3790    0.0043000000    0.0082150000       1.2248350
       1048.6200    0.0044300000    0.0084630000       1.2244440
       1048.8610    0.0042900000    0.0081900000       1.2240480
       1049.1030    0.0040400000    0.0077150000       1.2241790
       1049.3440    0.0039600000    0.0075590000       1.2246460
       1049.5850    0.0041500000    0.0079180000       1.2250120
       1049.8260    0.0044100000    0.0084130000       1.2248750
       1050.0670    0.0044600000    0.0085070000       1.2243570
       1050.3080    0.0042400000    0.0080840000       1.2240690
       1050.5490    0.0040100000    0.0076460000       1.2242950
       1050.7900    0.0040000000    0.0076230000       1.2248010
       1051.0310    0.0042300000    0.0080640000       1.2250540
       1051.2720    0.0044500000    0.0084770000       1.2247930
       1051.5130    0.0044300000    0.0084400000       1.2243050
       1051.7540    0.0041900000    0.0079790000       1.2241310
       1051.9950    0.0040100000    0.0076340000       1.2244620
       1052.2360    0.0040800000    0.0077690000       1.2249020
       1052.4770    0.0043100000    0.0082030000       1.2249520
       1052.7190    0.0044400000    0.0084510000       1.2246660
       1052.9590    0.0043100000    0.0082000000       1.2241850
       1053.2010    0.0040600000    0.0077200000       1.2243570
       1053.4420    0.0040000000    0.0076040000       1.2248260
       1053.6830    0.0042000000    0.0079840000       1.2251730
       1053.9240    0.0044600000    0.0084810000       1.2250090
       1054.1650    0.0045100000    0.0085700000       1.2244950
       1054.4060    0.0043000000    0.0081680000       1.2241980
       1054.6470    0.0040800000    0.0077460000       1.2244030
       1054.8880    0.0040700000    0.0077260000       1.2248660
       1055.1290    0.0042900000    0.0081440000       1.2250830
       1055.3700    0.0044800000    0.0085020000       1.2247940
       1055.6110    0.0044300000    0.0084080000       1.2243500
       1055.8520    0.0041900000    0.0079470000       1.2242240
       1056.0930    0.0040200000    0.0076260000       1.2246050
       1056.3340    0.0041300000    0.0078310000       1.2250570
       1056.5750    0.0043900000    0.0083260000       1.2250600
       1056.8170    0.0045200000    0.0085680000       1.2246740
       1057.0580    0.0043700000    0.0082800000       1.2242500
       1057.2990    0.0041200000    0.0078050000       1.2243210
       1057.5400    0.0040400000    0.0076540000       1.2247590
       1057.7810    0.0042100000    0.0079710000       1.2250800
       1058.0220    0.0044300000    0.0083910000       1.2249210
       1058.2630    0.0044400000    0.0084030000       1.2244670
       1058.5040    0.0042200000    0.0079880000       1.2242610
       1058.7450    0.0040100000    0.0075870000       1.2245480
       1058.9860    0.0040500000    0.0076600000       1.2250600
       1059.2270    0.0043000000    0.0081340000       1.2252380
       1059.4680    0.0045100000    0.0085250000       1.2249270
       1059.7090    0.0044600000    0.0084330000       1.2244250
       1059.9500    0.0042100000    0.0079540000       1.2242960
       1060.1910    0.0040400000    0.0076370000       1.2246410
       1060.4320    0.0041300000    0.0078010000       1.2250790
       1060.6730    0.0043800000    0.0082730000       1.2250800
       1060.9150    0.0044900000    0.0084790000       1.2247040
       1061.1560    0.0043300000    0.0081740000       1.2243030
       1061.3970    0.0040700000    0.0076780000       1.2243930
       1061.6380    0.0039800000    0.0075100000       1.2248810
       1061.8790    0.0041700000    0.0078680000       1.2252430
       1062.1200    0.0044000000    0.0083010000       1.2250800
       1062.3610    0.0044200000    0.0083350000       1.2246560
       1062.6020    0.0042200000    0.0079510000       1.2244380
       1062.8430    0.0040200000    0.0075720000       1.2247250
       1063.0840    0.0040700000    0.0076670000       1.2252040
       1063.3250    0.0043200000    0.0081380000       1.2253480
       1063.5660    0.0045000000    0.0084780000       1.2249920
       1063.8070    0.0044100000    0.0083060000       1.2245420
       1064.0480    0.0041600000    0.0078330000       1.2244950
       1064.2890    0.0040200000    0.0075650000       1.2248830
       1064.5310    0.0041500000    0.0078060000       1.2253760
       1064.7720    0.0044200000    0.0083190000       1.2253420
       1065.0130    0.0045300000    0.0085200000       1.2248790
       1065.2540    0.0043600000    0.0081980000       1.2245130
       1065.4950    0.0041100000    0.0077260000       1.2246480
       1065.7360    0.0040700000    0.0076490000       1.2251540
       1065.9770    0.0043000000    0.0080810000       1.2254470
       1066.2180    0.0045500000    0.0085520000       1.2252030
       1066.4590    0.0045600000    0.0085690000       1.2246580
       1066.7000    0.0043100000    0.0080940000       1.2243770
       1066.9410    0.0040600000    0.0076220000       1.2246590
       1067.1820    0.0040800000    0.0076600000       1.2251870
       1067.4230    0.0043200000    0.0081060000       1.2253760
       1067.6640    0.0045100000    0.0084640000       1.2250860
       1067.9050    0.0044500000    0.0083470000       1.2246340
       1068.1460    0.0042100000    0.0078950000       1.2245720
       1068.3870    0.0040800000    0.0076460000       1.2249220
       1068.6290    0.0042000000    0.0078730000       1.2253760
       1068.8700    0.0044500000    0.0083430000       1.2253120
       1069.1110    0.0045400000    0.0085050000       1.2248750
       1069.3520    0.0043700000    0.0081890000       1.2245170
       1069.5930    0.0041200000    0.0077150000       1.2246440
       1069.8340    0.0040700000    0.0076210000       1.2251120
       1070.0750    0.0042600000    0.0079770000       1.2253930
       1070.3160    0.0044700000    0.0083650000       1.2251970
       1070.5570    0.0044600000    0.0083430000       1.2247770
       1070.7980    0.0042500000    0.0079510000       1.2246140
       1071.0390    0.0040700000    0.0076100000       1.2249060
       1071.2800    0.0041300000    0.0077230000       1.2253630
       1071.5210    0.0043800000    0.0081870000       1.2254680
       1071.7620    0.0045400000    0.0084900000       1.2251080
       1072.0030    0.0044500000    0.0083150000       1.2246480
       1072.2450    0.0041900000    0.0078280000       1.2246520
       1072.4860    0.0040500000    0.0075670000       1.2250480
       1072.7270    0.0041800000    0.0078060000       1.2254580
       1072.9680    0.0044300000    0.0082720000       1.2254330
       1073.2090    0.0045200000    0.0084380000       1.2250000
       1073.4500    0.0043500000    0.0081170000       1.2246780
       1073.6910    0.0041100000    0.0076690000       1.2248200
       1073.9320    0.0040700000    0.0075920000       1.2253160
       1074.1730    0.0042900000    0.0080010000       1.2255980
       1074.4140    0.0045200000    0.0084260000       1.2253900
       1074.6550    0.0045300000    0.0084450000       1.2249090
       1074.8960    0.0043000000    0.0080120000       1.2246980
       1075.1370    0.0041100000    0.0076570000       1.2249810
       1075.3780    0.0041500000    0.0077300000       1.2254170
       1075.6190    0.0043800000    0.0081580000       1.2255460
       1075.8600    0.0045300000    0.0084380000       1.2252090
       1076.1010    0.0044300000    0.0082460000       1.2248070
       1076.3430    0.0041900000    0.0077990000       1.2248720
       1076.5840    0.0040900000    0.0076110000       1.2252970
       1076.8250    0.0042700000    0.0079400000       1.2256710
       1077.0660    0.0045300000    0.0084240000       1.2255630
       1077.3070    0.0046100000    0.0085710000       1.2250800
       1077.5480    0.0044100000    0.0081960000       1.2247350
       1077.7890    0.0041700000    0.0077470000       1.2249180
       1078.0300    0.0041400000    0.0076930000       1.2253860
       1078.2710    0.0043600000    0.0081000000       1.2256640
       1078.5120    0.0045900000    0.0085290000       1.2254020
       1078.7530    0.0045700000    0.0084860000       1.2249230
       1078.9940    0.0043400000    0.0080560000       1.2247290
       1079.2350    0.0041400000    0.0076830000       1.2250200
       1079.4760    0.0041900000    0.0077750000       1.2254750
       1079.7170    0.0044300000    0.0082210000       1.2255910
       1079.9580    0.0045900000    0.0085120000       1.2252100
       1080.2000    0.0044800000    0.0083080000       1.2248500
       1080.4410    0.0042300000    0.0078440000       1.2248200
       1080.6820    0.0041100000    0.0076160000       1.2252340
       1080.9230    0.0042500000    0.0078760000       1.2256240
       1081.1640    0.0045000000    0.0083360000       1.2255720
       1081.4050    0.0045800000    0.0084860000       1.2251390
       1081.6460    0.0044100000    0.0081670000       1.2248210
       1081.8870    0.0041800000    0.0077380000       1.2249650
       1082.1280    0.0041500000    0.0076830000       1.2254150
       1082.3690    0.0043500000    0.0080520000       1.2256480
       1082.6100    0.0045500000    0.0084190000       1.2254230
       1082.8510    0.0045200000    0.0083620000       1.2249710
       1083.0920    0.0042700000    0.0078980000       1.2248390
       1083.3330    0.0040900000    0.0075650000       1.2252060
       1083.5740    0.0041800000    0.0077270000       1.2256870
       1083.8150    0.0044500000    0.0082280000       1.2257630
       1084.0570    0.0046300000    0.0085540000       1.2254290
       1084.2980    0.0045200000    0.0083530000       1.2249470
       1084.5390    0.0042600000    0.0078680000       1.2249400
       1084.7800    0.0041500000    0.0076650000       1.2253520
       1085.0210    0.0043000000    0.0079420000       1.2257080
       1085.2620    0.0045400000    0.0083780000       1.2255990
       1085.5030    0.0045800000    0.0084530000       1.2251540
       1085.7440    0.0043700000    0.0080650000       1.2248900
       1085.9850    0.0041400000    0.0076340000       1.2251390
       1086.2260    0.0041500000    0.0076520000       1.2256600
       1086.4670    0.0044100000    0.0081320000       1.2259060
       1086.7080    0.0046500000    0.0085750000       1.2256060
       1086.9490    0.0046300000    0.0085350000       1.2250970
       1087.1900    0.0043900000    0.0080880000       1.2248940
       1087.4310    0.0042000000    0.0077380000       1.2251960
       1087.6720    0.0042700000    0.0078610000       1.2255780
       1087.9140    0.0044900000    0.0082680000       1.2256820
       1088.1550    0.0046000000    0.0084710000       1.2252750
       1088.3960    0.0044400000    0.0081690000       1.2249380
       1088.6370    0.0042000000    0.0077310000       1.2250530
       1088.8780    0.0041300000    0.0076000000       1.2255060
       1089.1190    0.0043200000    0.0079470000       1.2258520
       1089.3600    0.0045700000    0.0084040000       1.2256950
       1089.6010    0.0046000000    0.0084570000       1.2252330
       1089.8420    0.0043900000    0.0080730000       1.2249910
       1090.0830    0.0041800000    0.0076810000       1.2252220
       1090.3240    0.0041900000    0.0077010000       1.2256850
       1090.5650    0.0044200000    0.0081180000       1.2258840
       1090.8060    0.0046200000    0.0084840000       1.2256150
       1091.0470    0.0045800000    0.0084080000       1.2251620
       1091.2880    0.0043400000    0.0079630000       1.2250380
       1091.5290    0.0041700000    0.0076500000       1.2253650
       1091.7710    0.0042600000    0.0078160000       1.2258650
       1092.0120    0.0045200000    0.0082910000       1.2259020
       1092.2530    0.0046600000    0.0085490000       1.2255160
       1092.4940    0.0045400000    0.0083220000       1.2251210
       1092.7350    0.0042900000    0.0078660000       1.2251650
       1092.9760    0.0042100000    0.0077160000       1.2256160
       1093.2170    0.0044100000    0.0080810000       1.2259550
       1093.4580    0.0046700000    0.0085580000       1.2257720
       1093.6990    0.0047100000    0.0086290000       1.2252630
       1093.9400    0.0044900000    0.0082220000       1.2249430
       1094.1810    0.0042300000    0.0077480000       1.2251440
       1094.4220    0.0042100000    0.0077060000       1.2256370
       1094.6630    0.0044300000    0.0081090000       1.2258790
       1094.9040    0.0046300000    0.0084700000       1.2256250
       1095.1450    0.0045900000    0.0083970000       1.2252160
       1095.3860    0.0043700000    0.0079920000       1.2250810
       1095.6280    0.0042200000    0.0077130000       1.2254730
       1095.8690    0.0043300000    0.0079140000       1.2258370
       1096.1100    0.0045600000    0.0083320000       1.2258260
       1096.3510    0.0046600000    0.0085160000       1.2254430
       1096.5920    0.0045100000    0.0082390000       1.2250980
       1096.8330    0.0042700000    0.0077990000       1.2252070
       1097.0740    0.0042200000    0.0077070000       1.2256550
       1097.3150    0.0044200000    0.0080680000       1.2259310
       1097.5560    0.0046400000    0.0084730000       1.2257280
       1097.7970    0.0046400000    0.0084700000       1.2252670
       1098.0380    0.0044100000    0.0080470000       1.2250530
       1098.2790    0.0041900000    0.0076410000       1.2253320
       1098.5200    0.0042200000    0.0076960000       1.2258380
       1098.7610    0.0044800000    0.0081670000       1.2260170
       1099.0020    0.0046800000    0.0085320000       1.2256940
       1099.2430    0.0046200000    0.0084170000       1.2252180
       1099.4840    0.0043500000    0.0079270000       1.2250970
       1099.7260    0.0041900000    0.0076330000       1.2255340
       1099.9670    0.0042900000    0.0078120000       1.2259310
       1100.2080    0.0045300000    0.0082500000       1.2259840
       1100.4490    0.0046600000    0.0084820000       1.2256160
       1100.6900    0.0045300000    0.0082450000       1.2252750
       1100.9310    0.0043100000    0.0078440000       1.2253480
       1101.1720    0.0042500000    0.0077310000       1.2257600
       1101.4130    0.0044400000    0.0080760000       1.2260480
       1101.6540    0.0046600000    0.0084760000       1.2258560
       1101.8950    0.0046700000    0.0084890000       1.2254320
       1102.1360    0.0044700000    0.0081250000       1.2252160
       1102.3770    0.0042700000    0.0077610000       1.2254490
       1102.6180    0.0043000000    0.0078130000       1.2258740
       1102.8590    0.0045200000    0.0082110000       1.2260100
       1103.1000    0.0046800000    0.0084990000       1.2256930
       1103.3420    0.0046000000    0.0083530000       1.2253550
       1103.5830    0.0043600000    0.0079120000       1.2253000
       1103.8240    0.0042400000    0.0076930000       1.2257050
       1104.0650    0.0043800000    0.0079510000       1.2260700
       1104.3060    0.0046200000    0.0083830000       1.2260280
       1104.5470    0.0047100000    0.0085450000       1.2256270
       1104.7880    0.0045500000    0.0082530000       1.2253210
       1105.0290    0.0043300000    0.0078520000       1.2254540
       1105.2700    0.0043000000    0.0077940000       1.2259000
       1105.5110    0.0045200000    0.0081930000       1.2261560
       1105.7520    0.0047500000    0.0086050000       1.2259190
       1105.9930    0.0047500000    0.0086050000       1.2254440
       1106.2340    0.0045200000    0.0081840000       1.2252180
       1106.4750    0.0043100000    0.0078050000       1.2254890
       1106.7160    0.0043500000    0.0078760000       1.2259320
       1106.9570    0.0045900000    0.0083060000       1.2260580
       1107.1980    0.0047500000    0.0085940000       1.2256950
       1107.4400    0.0046500000    0.0084110000       1.2253530
       1107.6810    0.0044100000    0.0079770000       1.2253060
       1107.9220    0.0042800000    0.0077390000       1.2256870
       1108.1630    0.0044100000    0.0079730000       1.2260810
       1108.4040    0.0046600000    0.0084230000       1.2260480
       1108.6450    0.0047500000    0.0085850000       1.2256540
       1108.8860    0.0046100000    0.0083280000       1.2253470
       1109.1270    0.0044000000    0.0079450000       1.2254330
       1109.3680    0.0043500000    0.0078550000       1.2258240
       1109.6090    0.0045300000    0.0081810000       1.2260750
       1109.8500    0.0047400000    0.0085550000       1.2258910
       1110.0910    0.0047500000    0.0085720000       1.2254630
       1110.3320    0.0045400000    0.0081920000       1.2252400
       1110.5730    0.0043400000    0.0078270000       1.2254720
       1110.8140    0.0043600000    0.0078610000       1.2258660
       1111.0560    0.0045700000    0.0082400000       1.2260630
       1111.2970    0.0047200000    0.0085120000       1.2257590
       1111.5380    0.0046400000    0.0083620000       1.2254020
       1111.7790    0.0044200000    0.0079650000       1.2253910
       1112.0200    0.0043200000    0.0077840000       1.2257570
       1112.2610    0.0044600000    0.0080330000       1.2260920
       1112.5020    0.0047000000    0.0084640000       1.2260200
       1112.7430    0.0047700000    0.0085860000       1.2255890
       1112.9840    0.0045900000    0.0082630000       1.2252910
       1113.2250    0.0043600000    0.0078470000       1.2254260
       1113.4660    0.0043200000    0.0077700000       1.2258670
       1113.7070    0.0045200000    0.0081330000       1.2261230
       1113.9480    0.0047300000    0.0085080000       1.2259060
       1114.1890    0.0047100000    0.0084690000       1.2254790
       1114.4300    0.0044900000    0.0080700000       1.2253270
       1114.6710    0.0043100000    0.0077470000       1.2256130
       1114.9120    0.0043700000    0.0078520000       1.2260140
       1115.1540    0.0046000000    0.0082620000       1.2261650
       1115.3950    0.0047500000    0.0085310000       1.2258360
       1115.6360    0.0046600000    0.0083660000       1.2254630
       1115.8770    0.0044400000    0.0079710000       1.2254610
       1116.1180    0.0043400000    0.0077900000       1.2258050
       1116.3590    0.0044700000    0.0080190000       1.2261440
       1116.6000    0.0047000000    0.0084340000       1.2260760
       1116.8410    0.0047700000    0.0085540000       1.2256930
       1117.0820    0.0046200000    0.0082850000       1.2254050
       1117.3230    0.0044100000    0.0079060000       1.2255200
       1117.5640    0.0043800000    0.0078540000       1.2258930
       1117.8050    0.0045500000    0.0081530000       1.2261010
       1118.0460    0.0047300000    0.0084800000       1.2259100
       1118.2870    0.0047100000    0.0084380000       1.2255200
       1118.5280    0.0045000000    0.0080590000       1.2253580
       1118.7700    0.0043300000    0.0077510000       1.2257040
       1119.0100    0.0043800000    0.0078440000       1.2259970
       1119.2520    0.0045800000    0.0082020000       1.2261690
       1119.4930    0.0047200000    0.0084440000       1.2258770
       1119.7340    0.0046300000    0.0082820000       1.2255560
       1119.9750    0.0044300000    0.0079230000       1.2255800
       1120.2160    0.0043500000    0.0077760000       1.2259300
       1120.4570    0.0045000000    0.0080450000       1.2262440
       1120.6980    0.0047300000    0.0084570000       1.2261330
       1120.9390    0.0047800000    0.0085450000       1.2257190
       1121.1800    0.0046000000    0.0082180000       1.2254470
       1121.4210    0.0043800000    0.0078250000       1.2256150
       1121.6620    0.0043600000    0.0077850000       1.2260370
       1121.9030    0.0045600000    0.0081400000       1.2262790
       1122.1440    0.0047700000    0.0085170000       1.2260600
       1122.3850    0.0047500000    0.0084780000       1.2256410
       1122.6260    0.0045400000    0.0081000000       1.2254760
       1122.8680    0.0043700000    0.0077960000       1.2258030
       1123.1090    0.0044400000    0.0079230000       1.2261810
       1123.3500    0.0046700000    0.0083320000       1.2262230
       1123.5910    0.0047900000    0.0085420000       1.2258780
       1123.8320    0.0046700000    0.0083280000       1.2255230
       1124.0730    0.0044300000    0.0078920000       1.2255530
       1124.3140    0.0043300000    0.0077140000       1.2259550
       1124.5550    0.0044700000    0.0079650000       1.2262940
       1124.7960    0.0046900000    0.0083550000       1.2262390
       1125.0370    0.0047500000    0.0084610000       1.2258910
       1125.2780    0.0046000000    0.0081890000       1.2256700
       1125.5190    0.0044200000    0.0078640000       1.2258490
       1125.7600    0.0044400000    0.0078980000       1.2262540
       1126.0010    0.0046600000    0.0082940000       1.2264220
       1126.2420    0.0048600000    0.0086430000       1.2261390
       1126.4840    0.0048300000    0.0085890000       1.2257840
       1126.7240    0.0046100000    0.0081950000       1.2255490
       1126.9660    0.0044500000    0.0079080000       1.2259020
       1127.2070    0.0045200000    0.0080340000       1.2262720
       1127.4480    0.0047600000    0.0084600000       1.2263150
       1127.6890    0.0048800000    0.0086690000       1.2259590
       1127.9300    0.0047700000    0.0084700000       1.2256140
       1128.1710    0.0045400000    0.0080620000       1.2256400
       1128.4120    0.0044700000    0.0079360000       1.2260170
       1128.6530    0.0046200000    0.0082010000       1.2262730
       1128.8940    0.0048200000    0.0085530000       1.2261630
       1129.1350    0.0048500000    0.0086050000       1.2257830
       1129.3760    0.0046700000    0.0082830000       1.2255760
       1129.6170    0.0044800000    0.0079460000       1.2257690
       1129.8580    0.0044900000    0.0079620000       1.2261800
       1130.0990    0.0047100000    0.0083530000       1.2263620
       1130.3400    0.0049100000    0.0087050000       1.2260800
       1130.5820    0.0048800000    0.0086460000       1.2257060
       1130.8230    0.0046600000    0.0082570000       1.2255420
       1131.0640    0.0045000000    0.0079700000       1.2258070
       1131.3050    0.0045600000    0.0080760000       1.2261660
       1131.5460    0.0047700000    0.0084460000       1.2262240
       1131.7870    0.0048900000    0.0086560000       1.2259020
       1132.0280    0.0047700000    0.0084410000       1.2255810
       1132.2690    0.0045600000    0.0080690000       1.2256440
       1132.5100    0.0045000000    0.0079610000       1.2260100
       1132.7510    0.0046700000    0.0082620000       1.2262770
       1132.9920    0.0048900000    0.0086480000       1.2261170
       1133.2330    0.0049200000    0.0086980000       1.2256850
       1133.4740    0.0047100000    0.0083270000       1.2254200
       1133.7150    0.0044900000    0.0079320000       1.2256290
       1133.9560    0.0044900000    0.0079330000       1.2260270
       1134.1980    0.0047000000    0.0083030000       1.2262780
       1134.4380    0.0048700000    0.0086020000       1.2259150
       1134.6800    0.0048100000    0.0084950000       1.2256100
       1134.9210    0.0045800000    0.0080870000       1.2254910
       1135.1620    0.0044200000    0.0078010000       1.2258270
       1135.4030    0.0045100000    0.0079560000       1.2262260
       1135.6440    0.0047400000    0.0083620000       1.2262800
       1135.8850    0.0048600000    0.0085710000       1.2259630
       1136.1260    0.0047600000    0.0083900000       1.2256710
       1136.3670    0.0045700000    0.0080560000       1.2257140
       1136.6080    0.0045200000    0.0079660000       1.2260600
       1136.8490    0.0046900000    0.0082650000       1.2262880
       1137.0900    0.0048900000    0.0086160000       1.2261230
       1137.3310    0.0049100000    0.0086480000       1.2257220
       1137.5720    0.0047200000    0.0083100000       1.2255000
       1137.8130    0.0045300000    0.0079740000       1.2256880
       1138.0540    0.0045400000    0.0079910000       1.2260400
       1138.2960    0.0047400000    0.0083470000       1.2262260
       1138.5370    0.0048900000    0.0086070000       1.2259180
       1138.7780    0.0048100000    0.0084610000       1.2255600
       1139.0190    0.0045900000    0.0080720000       1.2255030
       1139.2600    0.0044500000    0.0078230000       1.2258310
       1139.5010    0.0045600000    0.0080170000       1.2261940
       1139.7420    0.0047800000    0.0084030000       1.2261700
       1139.9830    0.0048700000    0.0085580000       1.2258240
       1140.2240    0.0047300000    0.0083080000       1.2255110
       1140.4650    0.0045000000    0.0079080000       1.2256000
       1140.7060    0.0044400000    0.0077980000       1.2259830
       1140.9470    0.0046000000    0.0080790000       1.2262550
       1141.1880    0.0048000000    0.0084260000       1.2261150
       1141.4290    0.0048100000    0.0084420000       1.2257680
       1141.6700    0.0046400000    0.0081440000       1.2255930
       1141.9110    0.0044700000    0.0078430000       1.2257930
       1142.1520    0.0045000000    0.0078920000       1.2261320
       1142.3940    0.0046900000    0.0082270000       1.2263060
       1142.6350    0.0048400000    0.0084890000       1.2260410
       1142.8760    0.0047800000    0.0083810000       1.2256990
       1143.1170    0.0045800000    0.0080290000       1.2256360
       1143.3580    0.0044500000    0.0077990000       1.2259290
       1143.5990    0.0045500000    0.0079720000       1.2262710
       1143.8400    0.0047600000    0.0083390000       1.2262560
       1144.0810    0.0048500000    0.0084910000       1.2259410
       1144.3220    0.0047300000    0.0082790000       1.2256470
       1144.5630    0.0045200000    0.0079120000       1.2257130
       1144.8040    0.0044600000    0.0078090000       1.2260560
       1145.0450    0.0046000000    0.0080470000       1.2263060
       1145.2860    0.0047900000    0.0083800000       1.2261970
       1145.5270    0.0048000000    0.0083960000       1.2258470
       1145.7680    0.0046200000    0.0080770000       1.2256830
       1146.0100    0.0044600000    0.0077960000       1.2259730
       1146.2510    0.0045100000    0.0078830000       1.2263330
       1146.4920    0.0047300000    0.0082680000       1.2264430
       1146.7330    0.0048900000    0.0085460000       1.2261550
       1146.9740    0.0048200000    0.0084190000       1.2257980
       1147.2150    0.0046200000    0.0080660000       1.2257560
       1147.4560    0.0045100000    0.0078730000       1.2260590
       1147.6970    0.0046300000    0.0080850000       1.2263710
       1147.9380    0.0048500000    0.0084620000       1.2263070
       1148.1790    0.0049200000    0.0085870000       1.2259420
       1148.4200    0.0047700000    0.0083220000       1.2256520
       1148.6610    0.0045600000    0.0079540000       1.2257540
       1148.9020    0.0045200000    0.0078790000       1.2261090
       1149.1430    0.0046800000    0.0081590000       1.2263280
       1149.3840    0.0048600000    0.0084750000       1.2261650
       1149.6250    0.0048600000    0.0084720000       1.2258010
       1149.8660    0.0046700000    0.0081350000       1.2256130
       1150.1080    0.0045000000    0.0078350000       1.2258810
       1150.3490    0.0045200000    0.0078740000       1.2262140
       1150.5900    0.0047100000    0.0082040000       1.2263320
       1150.8310    0.0048400000    0.0084260000       1.2260720
       1151.0720    0.0047500000    0.0082710000       1.2257690
       1151.3130    0.0045400000    0.0078990000       1.2257850
       1151.5540    0.0044500000    0.0077430000       1.2261600
       1151.7950    0.0046000000    0.0080020000       1.2264840
       1152.0360    0.0048400000    0.0084180000       1.2264310
       1152.2770    0.0049300000    0.0085740000       1.2260480
       1152.5180    0.0047900000    0.0083280000       1.2257450
       1152.7590    0.0045800000    0.0079590000       1.2258200
       1153.0000    0.0045400000    0.0078860000       1.2261830
       1153.2410    0.0047100000    0.0081820000       1.2263750
       1153.4820    0.0048800000    0.0084800000       1.2261760
       1153.7240    0.0048700000    0.0084570000       1.2258600
       1153.9650    0.0046600000    0.0080940000       1.2256900
       1154.2060    0.0044900000    0.0077950000       1.2259460
       1154.4470    0.0045400000    0.0078780000       1.2263240
       1154.6880    0.0047500000    0.0082420000       1.2264180
       1154.9290    0.0048900000    0.0084820000       1.2261520
       1155.1700    0.0048200000    0.0083610000       1.2258090
       1155.4110    0.0046000000    0.0079780000       1.2257680
       1155.6520    0.0044900000    0.0077850000       1.2261030
       1155.8930    0.0046100000    0.0079900000       1.2264060
       1156.1340    0.0048100000    0.0083370000       1.2263610
       1156.3750    0.0048700000    0.0084370000       1.2260300
       1156.6160    0.0047200000    0.0081730000       1.2258130
       1156.8570    0.0045400000    0.0078630000       1.2259510
       1157.0980    0.0045200000    0.0078260000       1.2263100
       1157.3390    0.0047100000    0.0081540000       1.2265230
       1157.5800    0.0049000000    0.0084830000       1.2263010
       1157.8220    0.0048900000    0.0084640000       1.2259900
       1158.0630    0.0047000000    0.0081340000       1.2258160
       1158.3040    0.0045400000    0.0078540000       1.2260470
       1158.5450    0.0045900000    0.0079390000       1.2264000
       1158.7860    0.0048000000    0.0083010000       1.2264730
       1159.0270    0.0049200000    0.0085060000       1.2261810
       1159.2680    0.0048300000    0.0083480000       1.2258830
       1159.5090    0.0046300000    0.0080000000       1.2258870
       1159.7500    0.0045500000    0.0078620000       1.2262200
       1159.9910    0.0046900000    0.0081010000       1.2264800
       1160.2320    0.0048900000    0.0084450000       1.2263920
       1160.4730    0.0049400000    0.0085280000       1.2260300
       1160.7140    0.0047700000    0.0082320000       1.2257850
       1160.9550    0.0045600000    0.0078660000       1.2259430
       1161.1960    0.0045500000    0.0078480000       1.2263340
       1161.4380    0.0047500000    0.0081950000       1.2265800
       1161.6790    0.0049400000    0.0085220000       1.2263620
       1161.9200    0.0049300000    0.0085010000       1.2259810
       1162.1610    0.0047300000    0.0081510000       1.2258380
       1162.4020    0.0045700000    0.0078770000       1.2260930
       1162.6430    0.0046400000    0.0079940000       1.2264500
       1162.8840    0.0048500000    0.0083570000       1.2265010
       1163.1250    0.0049800000    0.0085760000       1.2262090
       1163.3660    0.0048800000    0.0084020000       1.2258770
       1163.6070    0.0046700000    0.0080440000       1.2259050
       1163.8480    0.0045900000    0.0079050000       1.2262170
       1164.0890    0.0047200000    0.0081230000       1.2265120
       1164.3300    0.0049400000    0.0085010000       1.2264340
       1164.5710    0.0050000000    0.0086030000       1.2260810
       1164.8120    0.0048600000    0.0083570000       1.2258150
       1165.0530    0.0046600000    0.0080120000       1.2259230
       1165.2940    0.0046400000    0.0079770000       1.2262390
       1165.5360    0.0048000000    0.0082540000       1.2264650
       1165.7770    0.0049700000    0.0085400000       1.2262610
       1166.0180    0.0049400000    0.0084890000       1.2259170
       1166.2590    0.0047500000    0.0081600000       1.2258140
       1166.5000    0.0046200000    0.0079320000       1.2260640
       1166.7410    0.0046900000    0.0080550000       1.2263690
       1166.9820    0.0048900000    0.0083980000       1.2263990
       1167.2230    0.0050000000    0.0085820000       1.2260700
       1167.4640    0.0048700000    0.0083560000       1.2257570
       1167.7050    0.0046500000    0.0079770000       1.2257930
       1167.9460    0.0045500000    0.0078040000       1.2261470
       1168.1870    0.0046900000    0.0080440000       1.2264620
       1168.4280    0.0049000000    0.0084040000       1.2263840
       1168.6690    0.0049500000    0.0084850000       1.2260510
       1168.9100    0.0048000000    0.0082280000       1.2258380
       1169.1510    0.0046200000    0.0079170000       1.2259690
       1169.3930    0.0046300000    0.0079330000       1.2263800
       1169.6340    0.0048200000    0.0082570000       1.2265020
       1169.8750    0.0049900000    0.0085460000       1.2262980
       1170.1160    0.0049700000    0.0085080000       1.2259320
       1170.3570    0.0047800000    0.0081800000       1.2258120
       1170.5980    0.0046400000    0.0079410000       1.2260230
       1170.8390    0.0046900000    0.0080230000       1.2263330
       1171.0800    0.0048800000    0.0083510000       1.2263650
       1171.3210    0.0049700000    0.0085010000       1.2260760
       1171.5620    0.0048600000    0.0083140000       1.2258030
       1171.8030    0.0046600000    0.0079640000       1.2258370
       1172.0440    0.0045800000    0.0078300000       1.2261720
       1172.2850    0.0047200000    0.0080680000       1.2264410
       1172.5260    0.0049200000    0.0084070000       1.2263440
       1172.7670    0.0049600000    0.0084730000       1.2260000
       1173.0080    0.0047900000    0.0081800000       1.2257600
       1173.2500    0.0046000000    0.0078570000       1.2259940
       1173.4910    0.0046100000    0.0078730000       1.2263220
       1173.7320    0.0047900000    0.0081800000       1.2264770
       1173.9730    0.0049500000    0.0084500000       1.2262570
       1174.2140    0.0049000000    0.0083600000       1.2259440
       1174.4550    0.0047200000    0.0080540000       1.2258780
       1174.6960    0.0046000000    0.0078420000       1.2261450
       1174.9370    0.0047000000    0.0080180000       1.2264520
       1175.1780    0.0049000000    0.0083520000       1.2264290
       1175.4190    0.0049900000    0.0085050000       1.2261340
       1175.6600    0.0048800000    0.0083170000       1.2258460
       1175.9010    0.0046800000    0.0079760000       1.2258770
       1176.1420    0.0046100000    0.0078520000       1.2261890
       1176.3830    0.0047400000    0.0080730000       1.2264190
       1176.6240    0.0049100000    0.0083620000       1.2263260
       1176.8650    0.0049400000    0.0084100000       1.2259920
       1177.1070    0.0047700000    0.0081190000       1.2258640
       1177.3480    0.0046000000    0.0078270000       1.2260320
       1177.5890    0.0046100000    0.0078430000       1.2263910
       1177.8300    0.0048100000    0.0081850000       1.2265530
       1178.0710    0.0049800000    0.0084720000       1.2263260
       1178.3120    0.0049500000    0.0084170000       1.2259950
       1178.5530    0.0047700000    0.0081110000       1.2258970
       1178.7940    0.0046600000    0.0079200000       1.2261320
       1179.0350    0.0047400000    0.0080560000       1.2263770
       1179.2760    0.0049100000    0.0083440000       1.2263540
       1179.5170    0.0049700000    0.0084430000       1.2260510
       1179.7580    0.0048300000    0.0082020000       1.2258300
       1179.9990    0.0046500000    0.0078920000       1.2259260
       1180.2400    0.0046000000    0.0078090000       1.2262500
       1180.4810    0.0047500000    0.0080600000       1.2264780
       1180.7220    0.0049300000    0.0083680000       1.2263450
       1180.9640    0.0049600000    0.0084150000       1.2260780
       1181.2050    0.0048000000    0.0081440000       1.2258730
       1181.4460    0.0046400000    0.0078700000       1.2260400
       1181.6870    0.0046600000    0.0079020000       1.2263470
       1181.9280    0.0048300000    0.0081900000       1.2264510
       1182.1690    0.0049600000    0.0084090000       1.2262320
       1182.4100    0.0049000000    0.0083030000       1.2259320
       1182.6510    0.0047100000    0.0079790000       1.2258940
       1182.8920    0.0046000000    0.0077910000       1.2261660
       1183.1330    0.0046900000    0.0079420000       1.2264660
       1183.3740    0.0048900000    0.0082790000       1.2264710
       1183.6150    0.0049800000    0.0084310000       1.2261770
       1183.8560    0.0048700000    0.0082430000       1.2259190
       1184.0970    0.0046900000    0.0079370000       1.2259680
       1184.3380    0.0046400000    0.0078480000       1.2262600
       1184.5790    0.0047700000    0.0080690000       1.2264460
       1184.8210    0.0049400000    0.0083530000       1.2263870
       1185.0620    0.0049500000    0.0083700000       1.2260590
       1185.3030    0.0047900000    0.0080940000       1.2259140
       1185.5440    0.0046400000    0.0078400000       1.2261070
       1185.7850    0.0046800000    0.0079080000       1.2264260
       1186.0260    0.0048700000    0.0082270000       1.2265200
       1186.2670    0.0050200000    0.0084790000       1.2262760
       1186.5080    0.0049600000    0.0083750000       1.2259290
       1186.7490    0.0047600000    0.0080370000       1.2258700
       1186.9900    0.0046400000    0.0078350000       1.2261110
       1187.2310    0.0047100000    0.0079460000       1.2264040
       1187.4720    0.0049000000    0.0082680000       1.2264200
       1187.7130    0.0049800000    0.0084030000       1.2261270
       1187.9540    0.0048600000    0.0081940000       1.2258870
       1188.1950    0.0046800000    0.0078900000       1.2259710
       1188.4360    0.0046500000    0.0078380000       1.2262760
       1188.6770    0.0048000000    0.0080880000       1.2264370
       1188.9190    0.0049700000    0.0083740000       1.2263360
       1189.1600    0.0049600000    0.0083540000       1.2259790
       1189.4010    0.0047800000    0.0080520000       1.2258350
       1189.6420    0.0046100000    0.0077630000       1.2260200
       1189.8830    0.0046300000    0.0077970000       1.2263670
       1190.1240    0.0048100000    0.0080980000       1.2264750
       1190.3650    0.0049400000    0.0083150000       1.2262780
       1190.6060    0.0048900000    0.0082280000       1.2259910
       1190.8470    0.0047100000    0.0079210000       1.2259720
       1191.0880    0.0046300000    0.0077900000       1.2262360
       1191.3290    0.0047300000    0.0079560000       1.2264720
       1191.5700    0.0049100000    0.0082530000       1.2264360
       1191.8110    0.0049700000    0.0083550000       1.2261430
       1192.0520    0.0048400000    0.0081340000       1.2259110
       1192.2930    0.0046500000    0.0078140000       1.2259950
       1192.5350    0.0046200000    0.0077650000       1.2263760
       1192.7760    0.0047700000    0.0080160000       1.2265570
       1193.0170    0.0049500000    0.0083130000       1.2264430
       1193.2580    0.0049700000    0.0083450000       1.2261410
       1193.4990    0.0048300000    0.0081100000       1.2259870
       1193.7400    0.0046900000    0.0078730000       1.2261390
       1193.9810    0.0047300000    0.0079390000       1.2264250
       1194.2220    0.0049100000    0.0082400000       1.2264720
       1194.4630    0.0050200000    0.0084230000       1.2262050
       1194.7040    0.0049300000    0.0082660000       1.2259160
       1194.9450    0.0047400000    0.0079500000       1.2259010
       1195.1860    0.0046300000    0.0077630000       1.2261650
       1195.4270    0.0047300000    0.0079270000       1.2264590
       1195.6680    0.0049200000    0.0082450000       1.2264260
       1195.9090    0.0049900000    0.0083600000       1.2261410
       1196.1500    0.0048700000    0.0081570000       1.2259000
       1196.3910    0.0046900000    0.0078550000       1.2259590
       1196.6330    0.0046500000    0.0077870000       1.2263020
       1196.8740    0.0047900000    0.0080180000       1.2264760
       1197.1150    0.0049500000    0.0082870000       1.2263420
       1197.3560    0.0049500000    0.0082830000       1.2260420
       1197.5970    0.0047800000    0.0079980000       1.2259090
       1197.8380    0.0046400000    0.0077610000       1.2261240
       1198.0790    0.0046900000    0.0078440000       1.2264140
       1198.3200    0.0048700000    0.0081410000       1.2264890
       1198.5610    0.0049900000    0.0083420000       1.2262390
       1198.8020    0.0049100000    0.0082030000       1.2259720
       1199.0430    0.0047400000    0.0079200000       1.2259620
       1199.2840    0.0046600000    0.0077820000       1.2262210
       1199.5250    0.0047700000    0.0079670000       1.2264430
       1199.7660    0.0049400000    0.0082480000       1.2263810
       1200.0070    0.0049900000    0.0083310000       1.2260600
       1200.2490    0.0048500000    0.0080930000       1.2259050
       1200.4900    0.0046800000    0.0078140000       1.2259740
       1200.7310    0.0046400000    0.0077400000       1.2262600
       1200.9720    0.0047800000    0.0079750000       1.2264400
       1201.2130    0.0049200000    0.0082070000       1.2263000
       1201.4540    0.0049100000    0.0081880000       1.2260380
       1201.6950    0.0047500000    0.0079180000       1.2259310
       1201.9360    0.0046200000    0.0076990000       1.2261500
       1202.1770    0.0046800000    0.0077960000       1.2264490
       1202.4180    0.0048700000    0.0081170000       1.2265080
       1202.6590    0.0049900000    0.0083160000       1.2262420
       1202.9000    0.0049100000    0.0081770000       1.2259500
       1203.1410    0.0047200000    0.0078600000       1.2259330
       1203.3820    0.0046300000    0.0077100000       1.2262010
       1203.6230    0.0047300000    0.0078730000       1.2264370
       1203.8640    0.0049000000    0.0081540000       1.2263970
       1204.1050    0.0049500000    0.0082330000       1.2260980
       1204.3470    0.0048200000    0.0080150000       1.2259670
       1204.5880    0.0046600000    0.0077510000       1.2260520
       1204.8290    0.0046500000    0.0077290000       1.2263500
       1205.0700    0.0048100000    0.0079960000       1.2264810
       1205.3110    0.0049400000    0.0082130000       1.2263040
       1205.5520    0.0049100000    0.0081630000       1.2260350
       1205.7930    0.0047500000    0.0078910000       1.2259480
       1206.0340    0.0046300000    0.0076900000       1.2261600
       1206.2750    0.0046900000    0.0077890000       1.2264290
       1206.5160    0.0048600000    0.0080690000       1.2264670
       1206.7570    0.0049600000    0.0082340000       1.2262330
       1206.9980    0.0048800000    0.0080970000       1.2259750
       1207.2390    0.0047000000    0.0077990000       1.2259830
       1207.4800    0.0046300000    0.0076810000       1.2262600
       1207.7210    0.0047500000    0.0078810000       1.2264640
       1207.9630    0.0049300000    0.0081750000       1.2264360
       1208.2040    0.0049700000    0.0082390000       1.2261090
       1208.4450    0.0048200000    0.0079920000       1.2259100
       1208.6860    0.0046500000    0.0077090000       1.2260340
       1208.9270    0.0046400000    0.0076920000       1.2263290
       1209.1680    0.0047900000    0.0079370000       1.2264750
       1209.4090    0.0049400000    0.0081840000       1.2263210
       1209.6500    0.0049200000    0.0081500000       1.2260190
       1209.8910    0.0047500000    0.0078650000       1.2259160
       1210.1320    0.0046200000    0.0076470000       1.2261120
       1210.3730    0.0046600000    0.0077150000       1.2263850
       1210.6140    0.0048200000    0.0079780000       1.2264410
       1210.8550    0.0049200000    0.0081390000       1.2262300
       1211.0960    0.0048400000    0.0080080000       1.2259870
       1211.3370    0.0046700000    0.0077250000       1.2260090
       1211.5780    0.0046100000    0.0076240000       1.2262680
       1211.8190    0.0047200000    0.0078010000       1.2264620
       1212.0610    0.0048900000    0.0080850000       1.2264460
       1212.3020    0.0049200000    0.0081330000       1.2261350
       1212.5430    0.0047800000    0.0078970000       1.2259710
       1212.7840    0.0046200000    0.0076330000       1.2261010
       1213.0250    0.0046200000    0.0076300000       1.2264140
       1213.2660    0.0047900000    0.0079090000       1.2265540
       1213.5070    0.0049400000    0.0081550000       1.2263880
       1213.7480    0.0049300000    0.0081380000       1.2261020
       1213.9890    0.0047800000    0.0078880000       1.2259890
       1214.2300    0.0046600000    0.0076910000       1.2261570
       1214.4710    0.0047100000    0.0077710000       1.2263990
       1214.7120    0.0048700000    0.0080340000       1.2264060
       1214.9530    0.0049400000    0.0081460000       1.2261600
       1215.1940    0.0048400000    0.0079810000       1.2259330
       1215.4350    0.0046600000    0.0076820000       1.2259540
       1215.6770    0.0046100000    0.0075940000       1.2262890
       1215.9180    0.0047300000    0.0077950000       1.2264640
       1216.1590    0.0049000000    0.0080700000       1.2263740
       1216.4000    0.0049200000    0.0081050000       1.2260600
       1216.6410    0.0047600000    0.0078350000       1.2258900
       1216.8820    0.0045900000    0.0075550000       1.2260400
       1217.1230    0.0045900000    0.0075570000       1.2263550
       1217.3640    0.0047500000    0.0078200000       1.2264770
       1217.6050    0.0048800000    0.0080310000       1.2263120
       1217.8460    0.0048500000    0.0079780000       1.2260480
       1218.0870    0.0046900000    0.0077130000       1.2259810
       1218.3280    0.0045800000    0.0075320000       1.2261830
       1218.5690    0.0046400000    0.0076290000       1.2264380
       1218.8100    0.0048000000    0.0078920000       1.2264540
       1219.0510    0.0048800000    0.0080180000       1.2262380
       1219.2920    0.0048000000    0.0078880000       1.2260110
       1219.5330    0.0046300000    0.0076020000       1.2260150
       1219.7750    0.0045700000    0.0075040000       1.2263330
       1220.0160    0.0046800000    0.0076840000       1.2265190
       1220.2570    0.0048400000    0.0079470000       1.2264600
       1220.4980    0.0048800000    0.0080100000       1.2262010
       1220.7390    0.0047600000    0.0078110000       1.2260350
       1220.9800    0.0046200000    0.0075780000       1.2261480
       1221.2210    0.0046300000    0.0075930000       1.2264000
       1221.4620    0.0047700000    0.0078230000       1.2264860
       1221.7030    0.0048800000    0.0080030000       1.2263110
       1221.9440    0.0048300000    0.0079200000       1.2260640
       1222.1850    0.0046700000    0.0076580000       1.2260200
       1222.4260    0.0045700000    0.0074870000       1.2262370
       1222.6670    0.0046400000    0.0076050000       1.2264890
       1222.9080    0.0048100000    0.0078790000       1.2265030
       1223.1490    0.0049000000    0.0080280000       1.2262430
       1223.3910    0.0048100000    0.0078750000       1.2260420
       1223.6320    0.0046300000    0.0075810000       1.2260490
       1223.8730    0.0045700000    0.0074770000       1.2263200
       1224.1140    0.0046900000    0.0076740000       1.2265180
       1224.3550    0.0048400000    0.0079220000       1.2264310
       1224.5960    0.0048700000    0.0079670000       1.2261730
       1224.8370    0.0047300000    0.0077380000       1.2260030
       1225.0780    0.0045800000    0.0074910000       1.2261560
       1225.3190    0.0046000000    0.0075240000       1.2264200
       1225.5600    0.0047500000    0.0077640000       1.2265210
       1225.8010    0.0048800000    0.0079760000       1.2263360
       1226.0420    0.0048300000    0.0078920000       1.2260650
       1226.2830    0.0046700000    0.0076300000       1.2260100
       1226.5240    0.0045600000    0.0074500000       1.2262040
       1226.7650    0.0046200000    0.0075460000       1.2264450
       1227.0060    0.0047700000    0.0077890000       1.2264480
       1227.2470    0.0048300000    0.0078870000       1.2262180
       1227.4890    0.0047400000    0.0077370000       1.2260820
       1227.7300    0.0045900000    0.0074890000       1.2261210
       1227.9710    0.0045600000    0.0074400000       1.2263740
       1228.2120    0.0046800000    0.0076350000       1.2265240
       1228.4530    0.0048200000    0.0078640000       1.2264290
       1228.6940    0.0048400000    0.0078920000       1.2261650
       1228.9350    0.0047000000    0.0076600000       1.2260190
       1229.1760    0.0045600000    0.0074350000       1.2261550
       1229.4170    0.0045700000    0.0074460000       1.2264020
       1229.6580    0.0047100000    0.0076750000       1.2265050
       1229.8990    0.0048300000    0.0078700000       1.2263190
       1230.1400    0.0047700000    0.0077700000       1.2260560
       1230.3810    0.0046000000    0.0074890000       1.2260180
       1230.6220    0.0044900000    0.0073100000       1.2262430
       1230.8630    0.0045600000    0.0074240000       1.2265010
       1231.1040    0.0047200000    0.0076830000       1.2264950
       1231.3460    0.0048000000    0.0078100000       1.2263280
       1231.5870    0.0047100000    0.0076600000       1.2260980
       1231.8280    0.0045600000    0.0074180000       1.2261500
       1232.0690    0.0045200000    0.0073500000       1.2263660
       1232.3100    0.0046200000    0.0075110000       1.2265360
       1232.5510    0.0047600000    0.0077390000       1.2264410
       1232.7920    0.0047600000    0.0077380000       1.2261970
       1233.0330    0.0046300000    0.0075250000       1.2260670
       1233.2740    0.0044800000    0.0072790000       1.2261890
       1233.5150    0.0044800000    0.0072740000       1.2264640
       1233.7560    0.0046100000    0.0074860000       1.2265740
       1233.9970    0.0047100000    0.0076490000       1.2264450
       1234.2380    0.0046700000    0.0075780000       1.2262550
       1234.4790    0.0045400000    0.0073640000       1.2262630
       1234.7200    0.0044800000    0.0072710000       1.2264790
       1234.9610    0.0045800000    0.0074320000       1.2266670
       1235.2030    0.0047500000    0.0077030000       1.2266670
       1235.4440    0.0048000000    0.0077850000       1.2263910
       1235.6850    0.0046900000    0.0076040000       1.2261950
       1235.9260    0.0045300000    0.0073420000       1.2262620
       1236.1670    0.0044900000    0.0072770000       1.2265220
       1236.4080    0.0046100000    0.0074680000       1.2267100
       1236.6490    0.0047700000    0.0077260000       1.2266260
       1236.8900    0.0047900000    0.0077580000       1.2263730
       1237.1310    0.0046700000    0.0075630000       1.2262370
       1237.3720    0.0045400000    0.0073510000       1.2263590
       1237.6130    0.0045700000    0.0073990000       1.2266010
       1237.8540    0.0047100000    0.0076210000       1.2266410
       1238.0950    0.0048000000    0.0077680000       1.2264700
       1238.3360    0.0047400000    0.0076660000       1.2262330
       1238.5770    0.0045800000    0.0074060000       1.2262450
       1238.8180    0.0045200000    0.0073080000       1.2264450
       1239.0600    0.0046100000    0.0074540000       1.2266930
       1239.3010    0.0047700000    0.0077120000       1.2266170
       1239.5420    0.0048100000    0.0077740000       1.2263620
       1239.7830    0.0046900000    0.0075800000       1.2261600
       1240.0240    0.0045100000    0.0072860000       1.2262440
       1240.2650    0.0044800000    0.0072360000       1.2265350
       1240.5060    0.0046100000    0.0074420000       1.2267050
       1240.7470    0.0047600000    0.0076850000       1.2266100
       1240.9880    0.0047700000    0.0077000000       1.2263500
       1241.2290    0.0046300000    0.0074730000       1.2262230
       1241.4700    0.0044900000    0.0072460000       1.2263740
       1241.7110    0.0045200000    0.0072920000       1.2266520
       1241.9520    0.0046800000    0.0075510000       1.2267180
       1242.1930    0.0047800000    0.0077100000       1.2265300
       1242.4340    0.0047300000    0.0076260000       1.2263100
       1242.6750    0.0045800000    0.0073850000       1.2262630
       1242.9170    0.0045000000    0.0072530000       1.2265260
       1243.1580    0.0045900000    0.0073960000       1.2267190
       1243.3990    0.0047500000    0.0076540000       1.2266800
       1243.6400    0.0048000000    0.0077330000       1.2264190
       1243.8810    0.0046800000    0.0075370000       1.2262310
       1244.1220    0.0045200000    0.0072800000       1.2263030
       1244.3630    0.0044800000    0.0072120000       1.2265620
       1244.6040    0.0046000000    0.0074040000       1.2267330
       1244.8450    0.0047400000    0.0076270000       1.2266450
       1245.0860    0.0047500000    0.0076430000       1.2264090
       1245.3270    0.0046200000    0.0074300000       1.2263040
       1245.5680    0.0045100000    0.0072540000       1.2264500
       1245.8090    0.0045400000    0.0073010000       1.2266760
       1246.0500    0.0046900000    0.0075430000       1.2267330
       1246.2910    0.0047900000    0.0077000000       1.2265260
       1246.5320    0.0047200000    0.0075850000       1.2262680
       1246.7740    0.0045500000    0.0073110000       1.2262990
       1247.0150    0.0044600000    0.0071640000       1.2265130
       1247.2560    0.0045400000    0.0072910000       1.2267450
       1247.4970    0.0047000000    0.0075500000       1.2267360
       1247.7380    0.0047600000    0.0076430000       1.2265010
       1247.9790    0.0046600000    0.0074780000       1.2263290
       1248.2200    0.0045200000    0.0072560000       1.2263890
       1248.4610    0.0044900000    0.0072020000       1.2266150
       1248.7020    0.0046000000    0.0073840000       1.2267560
       1248.9430    0.0047200000    0.0075750000       1.2266410
       1249.1840    0.0047000000    0.0075380000       1.2264260
       1249.4250    0.0045700000    0.0073270000       1.2263620
       1249.6660    0.0044600000    0.0071490000       1.2265240
       1249.9070    0.0045000000    0.0072100000       1.2267810
       1250.1480    0.0046600000    0.0074680000       1.2268440
       1250.3890    0.0047700000    0.0076420000       1.2266560
       1250.6300    0.0047200000    0.0075610000       1.2264010
       1250.8720    0.0045700000    0.0073210000       1.2264170
       1251.1130    0.0044900000    0.0071890000       1.2265900
       1251.3540    0.0045600000    0.0073020000       1.2267920
       1251.5950    0.0047100000    0.0075390000       1.2267630
       1251.8360    0.0047500000    0.0076010000       1.2265260
       1252.0770    0.0046300000    0.0074070000       1.2263660
       1252.3180    0.0044800000    0.0071670000       1.2264600
       1252.5590    0.0044500000    0.0071190000       1.2267160
       1252.8000    0.0045700000    0.0073070000       1.2268920
       1253.0410    0.0047200000    0.0075450000       1.2268130
       1253.2820    0.0047300000    0.0075610000       1.2265850
       1253.5230    0.0046200000    0.0073840000       1.2265010
       1253.7640    0.0045300000    0.0072370000       1.2266150
       1254.0050    0.0045600000    0.0072870000       1.2268190
       1254.2460    0.0047000000    0.0075080000       1.2268310
       1254.4880    0.0047800000    0.0076340000       1.2267000
       1254.7290    0.0047200000    0.0075380000       1.2264770
       1254.9700    0.0045800000    0.0073110000       1.2264750
       1255.2110    0.0045200000    0.0072140000       1.2266640
       1255.4520    0.0046000000    0.0073380000       1.2268360
       1255.6930    0.0047300000    0.0075470000       1.2267830
       1255.9340    0.0047500000    0.0075780000       1.2265810
       1256.1750    0.0046500000    0.0074160000       1.2264510
       1256.4160    0.0045200000    0.0072050000       1.2265480
       1256.6570    0.0045200000    0.0072070000       1.2267790
       1256.8980    0.0046400000    0.0073950000       1.2268900
       1257.1390    0.0047700000    0.0076000000       1.2267740
       1257.3800    0.0047500000    0.0075700000       1.2265290
       1257.6210    0.0046100000    0.0073440000       1.2264570
       1257.8620    0.0045000000    0.0071670000       1.2266220
       1258.1030    0.0045500000    0.0072440000       1.2268620
       1258.3440    0.0047000000    0.0074810000       1.2268800
       1258.5860    0.0047900000    0.0076270000       1.2267410
       1258.8270    0.0047200000    0.0075110000       1.2265110
       1259.0680    0.0045800000    0.0072890000       1.2265360
       1259.3090    0.0045300000    0.0072050000       1.2267310
       1259.5500    0.0046200000    0.0073500000       1.2269160
       1259.7910    0.0047700000    0.0075840000       1.2268570
       1260.0320    0.0048000000    0.0076340000       1.2266430
       1260.2730    0.0047100000    0.0074880000       1.2265050
       1260.5140    0.0046000000    0.0073110000       1.2265750
       1260.7550    0.0046100000    0.0073230000       1.2267620
       1260.9960    0.0047300000    0.0075150000       1.2268050
       1261.2370    0.0048100000    0.0076390000       1.2266300
       1261.4780    0.0047500000    0.0075430000       1.2264030
       1261.7190    0.0045700000    0.0072560000       1.2263620
       1261.9600    0.0044600000    0.0070790000       1.2265980
       1262.2020    0.0045400000    0.0072080000       1.2269020
       1262.4430    0.0047100000    0.0074740000       1.2269130
       1262.6840    0.0048100000    0.0076330000       1.2267000
       1262.9250    0.0047400000    0.0075200000       1.2264620
       1263.1660    0.0045800000    0.0072650000       1.2264600
       1263.4070    0.0045200000    0.0071660000       1.2266830
       1263.6480    0.0046200000    0.0073260000       1.2268460
       1263.8890    0.0047500000    0.0075320000       1.2267660
       1264.1300    0.0047600000    0.0075450000       1.2265360
       1264.3710    0.0046300000    0.0073350000       1.2264180
       1264.6120    0.0045000000    0.0071270000       1.2265490
       1264.8530    0.0045100000    0.0071420000       1.2267920
       1265.0940    0.0046400000    0.0073490000       1.2268930
       1265.3350    0.0047600000    0.0075360000       1.2267710
       1265.5760    0.0047500000    0.0075200000       1.2265430
       1265.8170    0.0046200000    0.0073110000       1.2264580
       1266.0580    0.0045200000    0.0071500000       1.2265850
       1266.3000    0.0045600000    0.0072140000       1.2268320
       1266.5410    0.0046900000    0.0074190000       1.2268280
       1266.7820    0.0047500000    0.0075130000       1.2266500
       1267.0230    0.0046800000    0.0074000000       1.2264750
       1267.2640    0.0045400000    0.0071750000       1.2264880
       1267.5050    0.0044800000    0.0070810000       1.2267060
       1267.7460    0.0045800000    0.0072370000       1.2268830
       1267.9870    0.0047200000    0.0074600000       1.2268210
       1268.2280    0.0047500000    0.0075060000       1.2265930
       1268.4690    0.0046400000    0.0073270000       1.2264420
       1268.7100    0.0045000000    0.0071060000       1.2265190
       1268.9510    0.0044800000    0.0070700000       1.2267460
       1269.1920    0.0045900000    0.0072440000       1.2268580
       1269.4330    0.0046900000    0.0073990000       1.2267640
       1269.6740    0.0046800000    0.0073870000       1.2265610
       1269.9160    0.0045600000    0.0071920000       1.2265560
       1270.1560    0.0044700000    0.0070490000       1.2266380
       1270.3980    0.0045300000    0.0071430000       1.2268900
       1270.6390    0.0046600000    0.0073470000       1.2268650
       1270.8800    0.0047100000    0.0074260000       1.2266670
       1271.1210    0.0046100000    0.0072650000       1.2265050
       1271.3620    0.0044700000    0.0070440000       1.2265760
       1271.6030    0.0044400000    0.0069950000       1.2268050
       1271.8440    0.0045500000    0.0071660000       1.2269540
       1272.0850    0.0046800000    0.0073720000       1.2268790
       1272.3260    0.0047000000    0.0074000000       1.2266520
       1272.5670    0.0045700000    0.0071950000       1.2265310
       1272.8080    0.0044500000    0.0070060000       1.2266470
       1273.0490    0.0044400000    0.0069890000       1.2268520
       1273.2900    0.0045500000    0.0071590000       1.2269720
       1273.5310    0.0046500000    0.0073160000       1.2268550
       1273.7720    0.0046100000    0.0072520000       1.2266700
       1274.0140    0.0044900000    0.0070590000       1.2267030
       1274.2550    0.0044100000    0.0069340000       1.2268820
       1274.4960    0.0044800000    0.0070460000       1.2270940
       1274.7370    0.0046200000    0.0072600000       1.2271230
       1274.9780    0.0047000000    0.0073830000       1.2269740
       1275.2190    0.0046400000    0.0072890000       1.2268410
       1275.4600    0.0045500000    0.0071470000       1.2269060
       1275.7010    0.0045500000    0.0071460000       1.2271060
       1275.9420    0.0046900000    0.0073650000       1.2272400
       1276.1830    0.0048500000    0.0076180000       1.2271350
       1276.4240    0.0049000000    0.0076950000       1.2268810
       1276.6650    0.0048100000    0.0075490000       1.2267000
       1276.9060    0.0047000000    0.0073730000       1.2267400
       1277.1470    0.0047000000    0.0073710000       1.2269010
       1277.3880    0.0048100000    0.0075470000       1.2269250
       1277.6300    0.0049000000    0.0076850000       1.2268370
       1277.8700    0.0048700000    0.0076360000       1.2265250
       1278.1120    0.0047300000    0.0074160000       1.2265160
       1278.3530    0.0046400000    0.0072730000       1.2266380
       1278.5940    0.0046800000    0.0073330000       1.2268060
       1278.8350    0.0048100000    0.0075340000       1.2268240
       1279.0760    0.0048900000    0.0076610000       1.2266130
       1279.3170    0.0048100000    0.0075310000       1.2263890
       1279.5580    0.0046600000    0.0072950000       1.2263780
       1279.7990    0.0045900000    0.0071830000       1.2265490
       1280.0400    0.0046600000    0.0072910000       1.2267060
       1280.2810    0.0047900000    0.0074950000       1.2266420
       1280.5220    0.0048100000    0.0075270000       1.2263970
       1280.7630    0.0046900000    0.0073330000       1.2262150
       1281.0040    0.0045200000    0.0070670000       1.2262610
       1281.2450    0.0044700000    0.0069900000       1.2264660
       1281.4860    0.0045300000    0.0070820000       1.2265510
       1281.7280    0.0045900000    0.0071750000       1.2265440
       1281.9690    0.0045500000    0.0071090000       1.2263930
       1282.2100    0.0044300000    0.0069200000       1.2264150
       1282.4510    0.0043700000    0.0068250000       1.2265910
       1282.6920    0.0044300000    0.0069190000       1.2267800
       1282.9330    0.0045600000    0.0071220000       1.2267780
       1283.1740    0.0046100000    0.0071980000       1.2266100
       1283.4150    0.0045400000    0.0070870000       1.2264590
       1283.6560    0.0044100000    0.0068790000       1.2264820
       1283.8970    0.0043600000    0.0068010000       1.2266870
       1284.1380    0.0044500000    0.0069420000       1.2268330
       1284.3790    0.0045600000    0.0071130000       1.2267730
       1284.6200    0.0045700000    0.0071270000       1.2265900
       1284.8610    0.0044600000    0.0069540000       1.2264970
       1285.1020    0.0043500000    0.0067820000       1.2265930
       1285.3440    0.0043600000    0.0067940000       1.2268680
       1285.5840    0.0044900000    0.0069960000       1.2268680
       1285.8260    0.0045800000    0.0071370000       1.2267810
       1286.0670    0.0045400000    0.0070700000       1.2265730
       1286.3080    0.0044000000    0.0068530000       1.2265320
       1286.5490    0.0043100000    0.0067140000       1.2267100
       1286.7900    0.0043600000    0.0067870000       1.2268910
       1287.0310    0.0044700000    0.0069580000       1.2269260
       1287.2720    0.0045300000    0.0070480000       1.2267770
       1287.5130    0.0044500000    0.0069260000       1.2266610
       1287.7540    0.0043500000    0.0067690000       1.2267240
       1287.9950    0.0043300000    0.0067360000       1.2269210
       1288.2360    0.0044500000    0.0069210000       1.2270550
       1288.4770    0.0045800000    0.0071220000       1.2269490
       1288.7180    0.0045900000    0.0071350000       1.2267270
       1288.9590    0.0044700000    0.0069480000       1.2266030
       1289.2000    0.0043500000    0.0067600000       1.2266890
       1289.4420    0.0043500000    0.0067610000       1.2269250
       1289.6830    0.0044500000    0.0069140000       1.2269840
       1289.9240    0.0045300000    0.0070330000       1.2268760
       1290.1650    0.0044900000    0.0069720000       1.2267270
       1290.4060    0.0043800000    0.0067990000       1.2267190
       1290.6470    0.0043200000    0.0067040000       1.2268930
       1290.8880    0.0044000000    0.0068290000       1.2270590
       1291.1290    0.0045300000    0.0070290000       1.2270330
       1291.3700    0.0045900000    0.0071200000       1.2268380
       1291.6110    0.0045000000    0.0069800000       1.2266530
       1291.8520    0.0043600000    0.0067610000       1.2266810
       1292.0930    0.0043000000    0.0066630000       1.2268710
       1292.3340    0.0043800000    0.0067880000       1.2270400
       1292.5750    0.0044900000    0.0069580000       1.2269850
       1292.8160    0.0045000000    0.0069740000       1.2268330
       1293.0570    0.0044100000    0.0068340000       1.2267390
       1293.2980    0.0043100000    0.0066750000       1.2268360
       1293.5400    0.0043400000    0.0067210000       1.2270640
       1293.7810    0.0044500000    0.0068910000       1.2270890
       1294.0220    0.0045300000    0.0070130000       1.2269550
       1294.2630    0.0044800000    0.0069340000       1.2267670
       1294.5040    0.0043400000    0.0067140000       1.2267600
       1294.7450    0.0042700000    0.0066080000       1.2269490
       1294.9860    0.0043300000    0.0067000000       1.2271260
       1295.2270    0.0044600000    0.0068980000       1.2271450
       1295.4680    0.0045200000    0.0069930000       1.2269590
       1295.7090    0.0044300000    0.0068480000       1.2268170
       1295.9500    0.0043100000    0.0066630000       1.2268810
       1296.1910    0.0042800000    0.0066140000       1.2270830
       1296.4320    0.0043800000    0.0067700000       1.2272310
       1296.6730    0.0045100000    0.0069650000       1.2271760
       1296.9140    0.0045400000    0.0070140000       1.2269690
       1297.1560    0.0044400000    0.0068590000       1.2268950
       1297.3970    0.0043400000    0.0067000000       1.2269810
       1297.6380    0.0043600000    0.0067320000       1.2271630
       1297.8790    0.0044800000    0.0069150000       1.2272190
       1298.1200    0.0045700000    0.0070560000       1.2270730
       1298.3610    0.0045300000    0.0069930000       1.2268830
       1298.6020    0.0044100000    0.0068040000       1.2268360
       1298.8430    0.0043200000    0.0066640000       1.2269810
       1299.0840    0.0043700000    0.0067400000       1.2271660
       1299.3250    0.0044900000    0.0069240000       1.2271650
       1299.5660    0.0045400000    0.0070000000       1.2270060
       1299.8070    0.0044700000    0.0068870000       1.2268550
       1300.0480    0.0043400000    0.0066860000       1.2268950
       1300.2890    0.0043100000    0.0066380000       1.2270930
       1300.5300    0.0044000000    0.0067790000       1.2272140
       1300.7710    0.0045100000    0.0069450000       1.2271540
       1301.0120    0.0045200000    0.0069620000       1.2269540
       1301.2540    0.0044100000    0.0067890000       1.2269120
       1301.4950    0.0043100000    0.0066360000       1.2270210
       1301.7360    0.0043400000    0.0066800000       1.2272280
       1301.9770    0.0044800000    0.0068950000       1.2272830
       1302.2180    0.0045800000    0.0070440000       1.2271260
       1302.4590    0.0045500000    0.0069970000       1.2269210
       1302.7000    0.0044200000    0.0067950000       1.2268600
       1302.9410    0.0043400000    0.0066720000       1.2270070
       1303.1820    0.0043900000    0.0067490000       1.2271480
       1303.4230    0.0044900000    0.0069040000       1.2271250
       1303.6640    0.0045100000    0.0069310000       1.2269540
       1303.9050    0.0044100000    0.0067760000       1.2268570
       1304.1460    0.0043000000    0.0066060000       1.2269390
       1304.3870    0.0042900000    0.0065890000       1.2271380
       1304.6280    0.0044000000    0.0067570000       1.2272260
       1304.8700    0.0045100000    0.0069230000       1.2271760
       1305.1110    0.0045100000    0.0069230000       1.2269610
       1305.3520    0.0043900000    0.0067400000       1.2268620
       1305.5930    0.0042800000    0.0065680000       1.2269770
       1305.8340    0.0043000000    0.0065960000       1.2271680
       1306.0750    0.0044100000    0.0067650000       1.2272150
       1306.3160    0.0044800000    0.0068700000       1.2270830
       1306.5570    0.0044300000    0.0067930000       1.2269250
       1306.7980    0.0043100000    0.0066070000       1.2269190
       1307.0390    0.0042500000    0.0065130000       1.2270790
       1307.2800    0.0043100000    0.0066060000       1.2272250
       1307.5210    0.0044200000    0.0067720000       1.2272040
       1307.7620    0.0044500000    0.0068190000       1.2270260
       1308.0030    0.0043500000    0.0066600000       1.2268990
       1308.2440    0.0042200000    0.0064610000       1.2269720
       1308.4850    0.0041900000    0.0064140000       1.2271780
       1308.7260    0.0042800000    0.0065530000       1.2272860
       1308.9680    0.0043700000    0.0066880000       1.2272750
       1309.2090    0.0043700000    0.0066880000       1.2271300
       1309.4500    0.0042800000    0.0065490000       1.2270910
       1309.6910    0.0042200000    0.0064570000       1.2272210
       1309.9320    0.0042700000    0.0065270000       1.2273700
       1310.1730    0.0043800000    0.0066990000       1.2273860
       1310.4140    0.0044400000    0.0067870000       1.2272370
       1310.6550    0.0043800000    0.0066950000       1.2270990
       1310.8960    0.0042700000    0.0065260000       1.2271100
       1311.1370    0.0042200000    0.0064480000       1.2272680
       1311.3780    0.0042800000    0.0065410000       1.2274130
       1311.6190    0.0043900000    0.0067040000       1.2274060
       1311.8600    0.0044300000    0.0067640000       1.2272670
       1312.1010    0.0043700000    0.0066700000       1.2271560
       1312.3420    0.0042700000    0.0065180000       1.2271960
       1312.5830    0.0042500000    0.0064880000       1.2273520
       1312.8250    0.0043500000    0.0066380000       1.2275030
       1313.0660    0.0044600000    0.0068040000       1.2274010
       1313.3070    0.0044600000    0.0068060000       1.2272190
       1313.5480    0.0043600000    0.0066520000       1.2271270
       1313.7890    0.0042600000    0.0064960000       1.2272230
       1314.0300    0.0042800000    0.0065230000       1.2273980
       1314.2710    0.0043800000    0.0066750000       1.2274370
       1314.5120    0.0044400000    0.0067680000       1.2273220
       1314.7530    0.0043900000    0.0066890000       1.2271900
       1314.9940    0.0042900000    0.0065370000       1.2272170
       1315.2350    0.0042600000    0.0064880000       1.2273680
       1315.4760    0.0043400000    0.0066080000       1.2274920
       1315.7170    0.0044500000    0.0067750000       1.2274400
       1315.9580    0.0044800000    0.0068220000       1.2272730
       1316.1990    0.0044000000    0.0066990000       1.2271370
       1316.4400    0.0042900000    0.0065280000       1.2271690
       1316.6820    0.0042700000    0.0065000000       1.2273630
       1316.9230    0.0043500000    0.0066170000       1.2274280
       1317.1640    0.0044300000    0.0067390000       1.2273370
       1317.4050    0.0044000000    0.0066900000       1.2271700
       1317.6460    0.0042800000    0.0065040000       1.2271350
       1317.8870    0.0041900000    0.0063700000       1.2272740
       1318.1280    0.0042100000    0.0064010000       1.2274620
       1318.3690    0.0043300000    0.0065790000       1.2275370
       1318.6100    0.0044200000    0.0067150000       1.2274080
       1318.8510    0.0043800000    0.0066540000       1.2272440
       1319.0920    0.0042700000    0.0064850000       1.2272260
       1319.3330    0.0042100000    0.0063910000       1.2273590
       1319.5740    0.0042500000    0.0064550000       1.2275000
       1319.8150    0.0043500000    0.0066050000       1.2274930
       1320.0560    0.0043700000    0.0066330000       1.2273530
       1320.2970    0.0042900000    0.0065080000       1.2272650
       1320.5390    0.0042000000    0.0063710000       1.2274000
       1320.7800    0.0042200000    0.0064010000       1.2275610
       1321.0210    0.0043200000    0.0065520000       1.2276160
       1321.2620    0.0044100000    0.0066900000       1.2275310
       1321.5030    0.0044000000    0.0066720000       1.2273470
       1321.7440    0.0042900000    0.0065020000       1.2272990
       1321.9850    0.0042100000    0.0063830000       1.2274050
       1322.2260    0.0042300000    0.0064100000       1.2275690
       1322.4670    0.0043300000    0.0065610000       1.2276090
       1322.7080    0.0044000000    0.0066620000       1.2275040
       1322.9490    0.0043600000    0.0066020000       1.2273460
       1323.1900    0.0042400000    0.0064180000       1.2273540
       1323.4310    0.0041900000    0.0063450000       1.2275070
       1323.6720    0.0042500000    0.0064300000       1.2276600
       1323.9130    0.0043700000    0.0066140000       1.2276420
       1324.1540    0.0044000000    0.0066560000       1.2274690
       1324.3960    0.0043300000    0.0065530000       1.2274070
       1324.6370    0.0042300000    0.0063950000       1.2274360
       1324.8780    0.0042200000    0.0063820000       1.2276040
       1325.1190    0.0043100000    0.0065180000       1.2276670
       1325.3600    0.0043800000    0.0066190000       1.2275750
       1325.6010    0.0043500000    0.0065760000       1.2274460
       1325.8420    0.0042500000    0.0064240000       1.2274180
       1326.0830    0.0041800000    0.0063150000       1.2275590
       1326.3240    0.0042300000    0.0063910000       1.2277200
       1326.5650    0.0043400000    0.0065570000       1.2277350
       1326.8060    0.0044000000    0.0066440000       1.2275900
       1327.0470    0.0043300000    0.0065380000       1.2274560
       1327.2880    0.0042200000    0.0063690000       1.2274910
       1327.5290    0.0041800000    0.0063080000       1.2276650
       1327.7700    0.0042600000    0.0064280000       1.2278020
       1328.0110    0.0043700000    0.0065900000       1.2277630
       1328.2530    0.0044100000    0.0066510000       1.2276610
       1328.4940    0.0043400000    0.0065460000       1.2275430
       1328.7350    0.0042600000    0.0064250000       1.2275900
       1328.9760    0.0042500000    0.0064060000       1.2277270
       1329.2170    0.0043400000    0.0065420000       1.2277980
       1329.4580    0.0044100000    0.0066470000       1.2277010
       1329.6990    0.0043900000    0.0066160000       1.2275670
       1329.9400    0.0042900000    0.0064630000       1.2275250
       1330.1810    0.0042200000    0.0063540000       1.2276560
       1330.4220    0.0042600000    0.0064140000       1.2278130
       1330.6630    0.0043700000    0.0065800000       1.2278410
       1330.9040    0.0044300000    0.0066710000       1.2277110
       1331.1450    0.0043900000    0.0066050000       1.2275870
       1331.3860    0.0043000000    0.0064740000       1.2275890
       1331.6270    0.0042700000    0.0064240000       1.2277040
       1331.8680    0.0043300000    0.0065130000       1.2277970
       1332.1090    0.0044200000    0.0066460000       1.2277270
       1332.3510    0.0044200000    0.0066470000       1.2276080
       1332.5920    0.0043200000    0.0064960000       1.2275050
       1332.8330    0.0042100000    0.0063290000       1.2275890
       1333.0740    0.0042000000    0.0063130000       1.2277740
       1333.3150    0.0042900000    0.0064460000       1.2278710
       1333.5560    0.0043800000    0.0065800000       1.2278100
       1333.7970    0.0043700000    0.0065640000       1.2276680
       1334.0380    0.0042800000    0.0064280000       1.2276490
       1334.2790    0.0042300000    0.0063500000       1.2277600
       1334.5200    0.0042700000    0.0064100000       1.2279010
       1334.7610    0.0043800000    0.0065740000       1.2279080
       1335.0020    0.0044300000    0.0066480000       1.2277720
       1335.2430    0.0043800000    0.0065710000       1.2276430
       1335.4840    0.0042800000    0.0064210000       1.2276500
       1335.7250    0.0042400000    0.0063580000       1.2277610
       1335.9670    0.0042900000    0.0064340000       1.2279160
       1336.2080    0.0043800000    0.0065650000       1.2278720
       1336.4490    0.0043900000    0.0065810000       1.2277430
       1336.6900    0.0043100000    0.0064620000       1.2276620
       1336.9310    0.0042100000    0.0063090000       1.2277480
       1337.1720    0.0042200000    0.0063230000       1.2279340
       1337.4130    0.0043200000    0.0064710000       1.2280070
       1337.6540    0.0044100000    0.0066070000       1.2279310
       1337.8950    0.0044000000    0.0065910000       1.2277760
       1338.1360    0.0043100000    0.0064510000       1.2277440
       1338.3770    0.0042500000    0.0063640000       1.2278430
       1338.6180    0.0042800000    0.0064050000       1.2279760
       1338.8590    0.0043700000    0.0065410000       1.2279960
       1339.1000    0.0044200000    0.0066130000       1.2278950
       1339.3410    0.0043800000    0.0065520000       1.2277810
       1339.5820    0.0042900000    0.0064150000       1.2278050
       1339.8230    0.0042700000    0.0063880000       1.2279220
       1340.0650    0.0043400000    0.0064870000       1.2280530
       1340.3060    0.0044300000    0.0066230000       1.2279910
       1340.5470    0.0044400000    0.0066350000       1.2278440
       1340.7880    0.0043600000    0.0065170000       1.2277710
       1341.0290    0.0042800000    0.0063940000       1.2278280
       1341.2700    0.0042700000    0.0063790000       1.2279640
       1341.5110    0.0043400000    0.0064820000       1.2280320
       1341.7520    0.0044000000    0.0065680000       1.2279760
       1341.9930    0.0043800000    0.0065390000       1.2278860
       1342.2340    0.0043100000    0.0064330000       1.2278950
       1342.4750    0.0042800000    0.0063910000       1.2280150
       1342.7160    0.0043500000    0.0064890000       1.2281420
       1342.9570    0.0044800000    0.0066820000       1.2281150
       1343.1980    0.0045300000    0.0067570000       1.2279190
       1343.4390    0.0044400000    0.0066230000       1.2277380
       1343.6810    0.0043000000    0.0064110000       1.2278190
       1343.9220    0.0042600000    0.0063520000       1.2280120
       1344.1630    0.0043700000    0.0065130000       1.2281560
       1344.4040    0.0045100000    0.0067230000       1.2280740
       1344.6450    0.0045300000    0.0067500000       1.2278380
       1344.8860    0.0044000000    0.0065550000       1.2276920
       1345.1270    0.0042500000    0.0063280000       1.2277760
       1345.3680    0.0042200000    0.0062820000       1.2279970
       1345.6090    0.0043100000    0.0064190000       1.2281210
       1345.8500    0.0044000000    0.0065520000       1.2280750
       1346.0910    0.0044000000    0.0065490000       1.2279570
       1346.3320    0.0043200000    0.0064310000       1.2279440
       1346.5730    0.0042900000    0.0063810000       1.2280640
       1346.8140    0.0043500000    0.0064700000       1.2281730
       1347.0550    0.0044500000    0.0066190000       1.2281510
       1347.2960    0.0044900000    0.0066780000       1.2280100
       1347.5370    0.0044300000    0.0065850000       1.2278710
       1347.7790    0.0043300000    0.0064350000       1.2279380
       1348.0200    0.0043000000    0.0063920000       1.2280540
       1348.2610    0.0043600000    0.0064770000       1.2281410
       1348.5020    0.0044300000    0.0065820000       1.2281040
       1348.7430    0.0044300000    0.0065800000       1.2279890
       1348.9840    0.0043500000    0.0064600000       1.2279540
       1349.2250    0.0042900000    0.0063710000       1.2280550
       1349.4660    0.0043200000    0.0064150000       1.2281920
       1349.7070    0.0044200000    0.0065620000       1.2282260
       1349.9480    0.0044900000    0.0066640000       1.2281080
       1350.1890    0.0044500000    0.0066020000       1.2279610
       1350.4300    0.0043400000    0.0064410000       1.2279440
       1350.6710    0.0042700000    0.0063330000       1.2280710
       1350.9120    0.0043100000    0.0063900000       1.2282400
       1351.1530    0.0044200000    0.0065520000       1.2282430
       1351.3950    0.0044700000    0.0066290000       1.2281860
       1351.6350    0.0044200000    0.0065540000       1.2279950
       1351.8770    0.0043200000    0.0064060000       1.2280880
       1352.1180    0.0043000000    0.0063690000       1.2282300
       1352.3590    0.0043800000    0.0064920000       1.2283570
       1352.6000    0.0045000000    0.0066670000       1.2283120
       1352.8410    0.0045300000    0.0067090000       1.2281540
       1353.0820    0.0044600000    0.0066070000       1.2280480
       1353.3230    0.0043700000    0.0064690000       1.2280950
       1353.5640    0.0043700000    0.0064660000       1.2282300
       1353.8050    0.0044400000    0.0065710000       1.2282800
       1354.0460    0.0045000000    0.0066590000       1.2282090
       1354.2870    0.0044700000    0.0066110000       1.2281010
       1354.5280    0.0043900000    0.0064940000       1.2281160
       1354.7690    0.0043600000    0.0064480000       1.2282310
       1355.0100    0.0044200000    0.0065370000       1.2283450
       1355.2510    0.0045200000    0.0066840000       1.2283040
       1355.4930    0.0045600000    0.0067410000       1.2282150
       1355.7340    0.0045000000    0.0066530000       1.2280820
       1355.9750    0.0044100000    0.0065170000       1.2281080
       1356.2160    0.0043800000    0.0064720000       1.2282340
       1356.4570    0.0044500000    0.0065720000       1.2283340
       1356.6980    0.0045300000    0.0066910000       1.2282800
       1356.9390    0.0045400000    0.0067010000       1.2281680
       1357.1800    0.0044700000    0.0065990000       1.2280940
       1357.4210    0.0043900000    0.0064820000       1.2281750
       1357.6620    0.0044100000    0.0065100000       1.2283050
       1357.9030    0.0044900000    0.0066270000       1.2283510
       1358.1440    0.0045600000    0.0067290000       1.2282620
       1358.3850    0.0045300000    0.0066800000       1.2281410
       1358.6260    0.0044500000    0.0065630000       1.2281390
       1358.8670    0.0044100000    0.0065010000       1.2282310
       1359.1090    0.0044700000    0.0065880000       1.2284000
       1359.3490    0.0045600000    0.0067240000       1.2282900
       1359.5910    0.0045900000    0.0067650000       1.2282090
       1359.8320    0.0045100000    0.0066470000       1.2280820
       1360.0730    0.0044100000    0.0064950000       1.2281400
       1360.3140    0.0043900000    0.0064660000       1.2283020
       1360.5550    0.0044800000    0.0066000000       1.2284020
       1360.7960    0.0045700000    0.0067300000       1.2283340
       1361.0370    0.0045800000    0.0067420000       1.2282070
       1361.2780    0.0045100000    0.0066380000       1.2281270
       1361.5190    0.0044300000    0.0065170000       1.2281900
       1361.7600    0.0044300000    0.0065210000       1.2283220
       1362.0010    0.0045100000    0.0066340000       1.2283790
       1362.2420    0.0045800000    0.0067370000       1.2283040
       1362.4830    0.0045600000    0.0067070000       1.2281740
       1362.7240    0.0044700000    0.0065740000       1.2281520
       1362.9650    0.0044200000    0.0064960000       1.2282410
       1363.2070    0.0044500000    0.0065410000       1.2284060
       1363.4480    0.0045400000    0.0066700000       1.2284160
       1363.6890    0.0045900000    0.0067450000       1.2283190
       1363.9300    0.0045600000    0.0066980000       1.2282240
       1364.1710    0.0044900000    0.0065970000       1.2282310
       1364.4120    0.0044800000    0.0065780000       1.2283390
       1364.6530    0.0045500000    0.0066820000       1.2283850
       1364.8940    0.0046100000    0.0067660000       1.2283120
       1365.1350    0.0046000000    0.0067510000       1.2281880
       1365.3760    0.0045100000    0.0066180000       1.2281380
       1365.6170    0.0044400000    0.0065170000       1.2282270
       1365.8580    0.0044500000    0.0065290000       1.2283510
       1366.0990    0.0045300000    0.0066450000       1.2284020
       1366.3400    0.0045900000    0.0067320000       1.2283170
       1366.5810    0.0045600000    0.0066860000       1.2281940
       1366.8230    0.0044800000    0.0065690000       1.2282500
       1367.0630    0.0044400000    0.0065080000       1.2282770
       1367.3050    0.0044800000    0.0065640000       1.2284480
       1367.5460    0.0045700000    0.0066960000       1.2284370
       1367.7870    0.0046100000    0.0067510000       1.2283230
       1368.0280    0.0045600000    0.0066810000       1.2282370
       1368.2690    0.0044900000    0.0065740000       1.2282520
       1368.5100    0.0044700000    0.0065430000       1.2283710
       1368.7510    0.0045400000    0.0066480000       1.2284320
       1368.9920    0.0046000000    0.0067320000       1.2283670
       1369.2330    0.0045900000    0.0067180000       1.2282590
       1369.4740    0.0045100000    0.0066000000       1.2282200
       1369.7150    0.0044500000    0.0065080000       1.2283120
       1369.9560    0.0044700000    0.0065390000       1.2284400
       1370.1970    0.0045600000    0.0066690000       1.2284760
       1370.4380    0.0046200000    0.0067550000       1.2283790
       1370.6790    0.0045900000    0.0067100000       1.2282480
       1370.9210    0.0045100000    0.0065890000       1.2282810
       1371.1620    0.0044700000    0.0065300000       1.2283670
       1371.4030    0.0045100000    0.0065900000       1.2284560
       1371.6440    0.0045800000    0.0066870000       1.2284460
       1371.8850    0.0046000000    0.0067200000       1.2283530
       1372.1260    0.0045500000    0.0066440000       1.2282900
       1372.3670    0.0044900000    0.0065560000       1.2283270
       1372.6080    0.0044800000    0.0065370000       1.2284270
       1372.8490    0.0045400000    0.0066260000       1.2284970
       1373.0900    0.0046100000    0.0067260000       1.2284400
       1373.3310    0.0046000000    0.0067110000       1.2283240
       1373.5720    0.0045200000    0.0065940000       1.2282920
       1373.8130    0.0044700000    0.0065170000       1.2283810
       1374.0540    0.0044900000    0.0065510000       1.2284840
       1374.2950    0.0045600000    0.0066500000       1.2285030
       1374.5360    0.0046000000    0.0067060000       1.2284270
       1374.7770    0.0045700000    0.0066620000       1.2283270
       1375.0190    0.0045000000    0.0065570000       1.2283720
       1375.2600    0.0044700000    0.0065130000       1.2284540
       1375.5010    0.0045100000    0.0065690000       1.2285300
       1375.7420    0.0045700000    0.0066580000       1.2285160
       1375.9830    0.0045800000    0.0066680000       1.2284190
       1376.2240    0.0045100000    0.0065660000       1.2283830
       1376.4650    0.0044500000    0.0064770000       1.2284610
       1376.7060    0.0044600000    0.0064930000       1.2285980
       1376.9470    0.0045500000    0.0066230000       1.2286500
       1377.1880    0.0046200000    0.0067220000       1.2285690
       1377.4290    0.0046000000    0.0066920000       1.2284430
       1377.6700    0.0045100000    0.0065570000       1.2284220
       1377.9110    0.0044500000    0.0064730000       1.2285230
       1378.1520    0.0044700000    0.0065000000       1.2286510
       1378.3930    0.0045500000    0.0066140000       1.2286730
       1378.6350    0.0045900000    0.0066720000       1.2286460
       1378.8760    0.0045600000    0.0066250000       1.2285630
       1379.1170    0.0044900000    0.0065230000       1.2285930
       1379.3580    0.0044700000    0.0064930000       1.2287190
       1379.5990    0.0045300000    0.0065800000       1.2288250
       1379.8400    0.0046200000    0.0067070000       1.2288150
       1380.0810    0.0046400000    0.0067390000       1.2287180
       1380.3220    0.0045900000    0.0066610000       1.2286730
       1380.5630    0.0045300000    0.0065750000       1.2287360
       1380.8040    0.0045300000    0.0065720000       1.2288680
       1381.0450    0.0046000000    0.0066730000       1.2289580
       1381.2860    0.0046700000    0.0067770000       1.2289410
       1381.5270    0.0046800000    0.0067880000       1.2288750
       1381.7680    0.0046200000    0.0067000000       1.2288810
       1382.0090    0.0045800000    0.0066380000       1.2290320
       1382.2500    0.0046400000    0.0067250000       1.2292310
       1382.4910    0.0047800000    0.0069280000       1.2293310
       1382.7330    0.0049200000    0.0071320000       1.2293590
       1382.9740    0.0049900000    0.0072300000       1.2293030
       1383.2150    0.0050600000    0.0073330000       1.2293480
       1383.4560    0.0052000000    0.0075350000       1.2294140
       1383.6970    0.0054300000    0.0078680000       1.2293850
       1383.9380    0.0056600000    0.0081970000       1.2291480
       1384.1790    0.0057900000    0.0083870000       1.2287730
       1384.4200    0.0057900000    0.0083800000       1.2283770
       1384.6610    0.0057100000    0.0082640000       1.2281000
       1384.9020    0.0056400000    0.0081620000       1.2278860
       1385.1430    0.0055700000    0.0080570000       1.2276610
       1385.3840    0.0054400000    0.0078710000       1.2274010
       1385.6250    0.0052200000    0.0075480000       1.2272250
       1385.8660    0.0049700000    0.0071880000       1.2272120
       1386.1070    0.0047700000    0.0068920000       1.2273560
       1386.3490    0.0047000000    0.0067920000       1.2276250
       1386.5900    0.0047100000    0.0068070000       1.2277240
       1386.8310    0.0047100000    0.0068060000       1.2277440
       1387.0720    0.0046600000    0.0067300000       1.2277440
       1387.3130    0.0045900000    0.0066270000       1.2278240
       1387.5540    0.0045700000    0.0065980000       1.2279660
       1387.7950    0.0046300000    0.0066840000       1.2280690
       1388.0360    0.0047000000    0.0067860000       1.2280300
       1388.2770    0.0046900000    0.0067690000       1.2279220
       1388.5180    0.0046000000    0.0066380000       1.2278730
       1388.7590    0.0045000000    0.0064940000       1.2279630
       1389.0000    0.0044900000    0.0064770000       1.2281290
       1389.2410    0.0045600000    0.0065740000       1.2282250
       1389.4820    0.0046300000    0.0066770000       1.2281990
       1389.7230    0.0046300000    0.0066760000       1.2281090
       1389.9640    0.0045700000    0.0065870000       1.2280840
       1390.2050    0.0045200000    0.0065130000       1.2281430
       1390.4470    0.0045400000    0.0065410000       1.2282870
       1390.6880    0.0046000000    0.0066260000       1.2282900
       1390.9290    0.0046300000    0.0066710000       1.2282250
       1391.1700    0.0045900000    0.0066100000       1.2281530
       1391.4110    0.0045200000    0.0065090000       1.2281840
       1391.6520    0.0044900000    0.0064640000       1.2282890
       1391.8930    0.0045400000    0.0065350000       1.2283990
       1392.1340    0.0046200000    0.0066490000       1.2283750
       1392.3750    0.0046300000    0.0066630000       1.2282880
       1392.6160    0.0045800000    0.0065880000       1.2282340
       1392.8570    0.0045100000    0.0064880000       1.2282970
       1393.0980    0.0045200000    0.0065000000       1.2284190
       1393.3390    0.0045900000    0.0065990000       1.2284830
       1393.5800    0.0046700000    0.0067150000       1.2284290
       1393.8210    0.0046600000    0.0067010000       1.2282970
       1394.0630    0.0046000000    0.0066140000       1.2283180
       1394.3040    0.0045600000    0.0065550000       1.2283580
       1394.5450    0.0045800000    0.0065800000       1.2284420
       1394.7860    0.0046400000    0.0066660000       1.2284550
       1395.0270    0.0046800000    0.0067210000       1.2283850
       1395.2680    0.0046500000    0.0066790000       1.2282990
       1395.5090    0.0045800000    0.0065770000       1.2283000
       1395.7500    0.0045500000    0.0065310000       1.2283990
       1395.9910    0.0046000000    0.0066040000       1.2284820
       1396.2320    0.0046700000    0.0067030000       1.2284530
       1396.4730    0.0046900000    0.0067280000       1.2283580
       1396.7140    0.0046400000    0.0066590000       1.2282880
       1396.9550    0.0045800000    0.0065700000       1.2283120
       1397.1960    0.0045700000    0.0065530000       1.2283880
       1397.4370    0.0046100000    0.0066100000       1.2284250
       1397.6780    0.0046500000    0.0066660000       1.2283690
       1397.9190    0.0046100000    0.0066080000       1.2282640
       1398.1610    0.0045300000    0.0064930000       1.2283260
       1398.4020    0.0044900000    0.0064330000       1.2284080
       1398.6430    0.0045200000    0.0064740000       1.2285330
       1398.8840    0.0046100000    0.0066040000       1.2285540
       1399.1250    0.0046600000    0.0066740000       1.2284620
       1399.3660    0.0046300000    0.0066270000       1.2283540
       1399.6070    0.0045400000    0.0064990000       1.2283530
       1399.8480    0.0045000000    0.0064430000       1.2284620
       1400.0890    0.0045400000    0.0064980000       1.2285590
       1400.3300    0.0046100000    0.0065970000       1.2285560
       1400.5710    0.0046300000    0.0066230000       1.2284800
       1400.8120    0.0045900000    0.0065640000       1.2284270
       1401.0530    0.0045300000    0.0064780000       1.2284740
       1401.2940    0.0045400000    0.0064930000       1.2285810
       1401.5350    0.0046100000    0.0065910000       1.2286180
       1401.7760    0.0046700000    0.0066750000       1.2285330
       1402.0180    0.0046500000    0.0066450000       1.2284680
       1402.2590    0.0045700000    0.0065300000       1.2284290
       1402.5000    0.0045100000    0.0064440000       1.2285320
       1402.7410    0.0045500000    0.0065010000       1.2286590
       1402.9820    0.0046400000    0.0066270000       1.2286760
       1403.2230    0.0047000000    0.0067110000       1.2285870
       1403.4640    0.0046700000    0.0066680000       1.2284700
       1403.7050    0.0045900000    0.0065510000       1.2284700
       1403.9460    0.0045600000    0.0065090000       1.2285700
       1404.1870    0.0046100000    0.0065790000       1.2286460
       1404.4280    0.0046800000    0.0066770000       1.2286160
       1404.6690    0.0046900000    0.0066900000       1.2285120
       1404.9100    0.0046300000    0.0066040000       1.2284590
       1405.1510    0.0045700000    0.0065190000       1.2284960
       1405.3920    0.0045600000    0.0065000000       1.2285960
       1405.6330    0.0046200000    0.0065860000       1.2286370
       1405.8750    0.0046700000    0.0066590000       1.2286320
       1406.1160    0.0046700000    0.0066570000       1.2285320
       1406.3570    0.0046100000    0.0065650000       1.2284930
       1406.5980    0.0045600000    0.0064970000       1.2285650
       1406.8390    0.0045800000    0.0065210000       1.2286470
       1407.0800    0.0046300000    0.0065950000       1.2286690
       1407.3210    0.0046600000    0.0066360000       1.2286120
       1407.5620    0.0046300000    0.0065920000       1.2285620
       1407.8030    0.0045800000    0.0065180000       1.2285950
       1408.0440    0.0045800000    0.0065170000       1.2286910
       1408.2850    0.0046400000    0.0066040000       1.2287510
       1408.5260    0.0047200000    0.0067130000       1.2287090
       1408.7670    0.0047300000    0.0067280000       1.2285960
       1409.0080    0.0046800000    0.0066540000       1.2285340
       1409.2490    0.0046200000    0.0065690000       1.2285580
       1409.4900    0.0046100000    0.0065560000       1.2286250
       1409.7320    0.0046600000    0.0066210000       1.2287100
       1409.9730    0.0047100000    0.0066920000       1.2286470
       1410.2140    0.0046900000    0.0066640000       1.2285520
       1410.4550    0.0046200000    0.0065630000       1.2285480
       1410.6960    0.0045900000    0.0065170000       1.2286310
       1410.9370    0.0046200000    0.0065600000       1.2287080
       1411.1780    0.0046800000    0.0066440000       1.2287180
       1411.4190    0.0047200000    0.0067020000       1.2286410
       1411.6600    0.0046800000    0.0066420000       1.2285560
       1411.9010    0.0046200000    0.0065570000       1.2285770
       1412.1420    0.0046000000    0.0065250000       1.2286440
       1412.3830    0.0046300000    0.0065710000       1.2287050
       1412.6240    0.0046700000    0.0066240000       1.2286760
       1412.8650    0.0046600000    0.0066100000       1.2286320
       1413.1060    0.0046200000    0.0065490000       1.2286230
       1413.3470    0.0045900000    0.0065060000       1.2286840
       1413.5890    0.0046200000    0.0065510000       1.2288050
       1413.8300    0.0046900000    0.0066460000       1.2288160
       1414.0710    0.0047500000    0.0067300000       1.2287380
       1414.3120    0.0047300000    0.0066990000       1.2286410
       1414.5530    0.0046700000    0.0066160000       1.2286210
       1414.7940    0.0046300000    0.0065590000       1.2286920
       1415.0350    0.0046700000    0.0066130000       1.2287710
       1415.2760    0.0047400000    0.0067100000       1.2287510
       1415.5170    0.0047600000    0.0067380000       1.2286460
       1415.7580    0.0047000000    0.0066520000       1.2285690
       1415.9990    0.0046200000    0.0065380000       1.2286040
       1416.2400    0.0046000000    0.0065090000       1.2287280
       1416.4810    0.0046700000    0.0066070000       1.2288090
       1416.7220    0.0047500000    0.0067180000       1.2287610
       1416.9630    0.0047600000    0.0067300000       1.2286420
       1417.2040    0.0046900000    0.0066300000       1.2285600
       1417.4460    0.0046200000    0.0065330000       1.2286530
       1417.6870    0.0046100000    0.0065170000       1.2287300
       1417.9280    0.0046500000    0.0065730000       1.2287920
       1418.1690    0.0047000000    0.0066420000       1.2287760
       1418.4100    0.0047000000    0.0066390000       1.2287250
       1418.6510    0.0046700000    0.0065970000       1.2287340
       1418.8920    0.0046700000    0.0065950000       1.2287890
       1419.1330    0.0047200000    0.0066650000       1.2288370
       1419.3740    0.0047900000    0.0067650000       1.2287800
       1419.6150    0.0047900000    0.0067590000       1.2286570
       1419.8560    0.0047200000    0.0066590000       1.2285970
       1420.0970    0.0046400000    0.0065490000       1.2286370
       1420.3380    0.0046200000    0.0065170000       1.2287600
       1420.5790    0.0046900000    0.0066140000       1.2288440
       1420.8200    0.0047600000    0.0067140000       1.2287990
       1421.0610    0.0047700000    0.0067280000       1.2287090
       1421.3020    0.0047200000    0.0066540000       1.2286340
       1421.5440    0.0046600000    0.0065680000       1.2287340
       1421.7850    0.0046800000    0.0065970000       1.2288220
       1422.0260    0.0047600000    0.0067070000       1.2288390
       1422.2670    0.0048100000    0.0067750000       1.2287520
       1422.5080    0.0047900000    0.0067470000       1.2286500
       1422.7490    0.0047200000    0.0066460000       1.2286160
       1422.9900    0.0046700000    0.0065770000       1.2286830
       1423.2310    0.0046900000    0.0066020000       1.2287590
       1423.4720    0.0047400000    0.0066740000       1.2287640
       1423.7130    0.0047600000    0.0067000000       1.2286990
       1423.9540    0.0047300000    0.0066560000       1.2286440
       1424.1950    0.0046700000    0.0065710000       1.2286510
       1424.4360    0.0046500000    0.0065400000       1.2287420
       1424.6770    0.0047000000    0.0066110000       1.2287980
       1424.9180    0.0047500000    0.0066810000       1.2287450
       1425.1600    0.0047500000    0.0066780000       1.2287110
       1425.4010    0.0047000000    0.0066060000       1.2286610
       1425.6420    0.0046500000    0.0065370000       1.2287080
       1425.8830    0.0046600000    0.0065500000       1.2287910
       1426.1240    0.0047100000    0.0066190000       1.2288130
       1426.3650    0.0047500000    0.0066710000       1.2287680
       1426.6060    0.0047300000    0.0066410000       1.2286930
       1426.8470    0.0046700000    0.0065600000       1.2287050
       1427.0880    0.0046500000    0.0065290000       1.2287710
       1427.3290    0.0046800000    0.0065680000       1.2288530
       1427.5700    0.0047500000    0.0066690000       1.2288490
       1427.8110    0.0047800000    0.0067080000       1.2287730
       1428.0520    0.0047600000    0.0066780000       1.2286950
       1428.2930    0.0047000000    0.0065930000       1.2286870
       1428.5340    0.0046800000    0.0065640000       1.2287380
       1428.7750    0.0046900000    0.0065790000       1.2287760
       1429.0160    0.0047200000    0.0066180000       1.2287530
       1429.2580    0.0047100000    0.0066050000       1.2287510
       1429.4990    0.0046700000    0.0065450000       1.2287340
       1429.7400    0.0046400000    0.0065030000       1.2288000
       1429.9810    0.0046700000    0.0065450000       1.2288830
       1430.2220    0.0047400000    0.0066430000       1.2288930
       1430.4630    0.0047900000    0.0067080000       1.2288170
       1430.7040    0.0047700000    0.0066810000       1.2287180
       1430.9450    0.0047000000    0.0065800000       1.2286890
       1431.1860    0.0046500000    0.0065090000       1.2287610
       1431.4270    0.0046700000    0.0065370000       1.2288470
       1431.6680    0.0047300000    0.0066200000       1.2288550
       1431.9090    0.0047500000    0.0066480000       1.2287810
       1432.1500    0.0047100000    0.0065900000       1.2287320
       1432.3910    0.0046600000    0.0065180000       1.2287580
       1432.6320    0.0046500000    0.0065010000       1.2288280
       1432.8740    0.0047000000    0.0065730000       1.2289220
       1433.1150    0.0047500000    0.0066430000       1.2288710
       1433.3560    0.0047500000    0.0066420000       1.2287970
       1433.5970    0.0047100000    0.0065820000       1.2287730
       1433.8380    0.0046800000    0.0065420000       1.2288020
       1434.0790    0.0046800000    0.0065390000       1.2288540
       1434.3200    0.0047200000    0.0065930000       1.2288680
       1434.5610    0.0047300000    0.0066080000       1.2288200
       1434.8020    0.0047000000    0.0065620000       1.2287860
       1435.0430    0.0046500000    0.0064930000       1.2288230
       1435.2840    0.0046500000    0.0064920000       1.2289100
       1435.5250    0.0047000000    0.0065590000       1.2289690
       1435.7660    0.0047700000    0.0066580000       1.2289440
       1436.0070    0.0047800000    0.0066720000       1.2288490
       1436.2480    0.0047400000    0.0066110000       1.2288080
       1436.4890    0.0047000000    0.0065560000       1.2288320
       1436.7300    0.0047000000    0.0065530000       1.2288750
       1436.9720    0.0047400000    0.0066090000       1.2289420
       1437.2130    0.0047700000    0.0066520000       1.2288780
       1437.4540    0.0047500000    0.0066230000       1.2288180
       1437.6950    0.0047000000    0.0065530000       1.2288110
       1437.9360    0.0046700000    0.0065070000       1.2288730
       1438.1770    0.0046900000    0.0065340000       1.2289380
       1438.4180    0.0047300000    0.0065880000       1.2289610
       1438.6590    0.0047700000    0.0066440000       1.2289300
       1438.9000    0.0047600000    0.0066290000       1.2288720
       1439.1410    0.0047300000    0.0065850000       1.2288750
       1439.3820    0.0047200000    0.0065710000       1.2289130
       1439.6230    0.0047500000    0.0066110000       1.2289450
       1439.8640    0.0047800000    0.0066520000       1.2289120
       1440.1050    0.0047800000    0.0066520000       1.2288650
       1440.3460    0.0047400000    0.0065950000       1.2288110
       1440.5880    0.0047000000    0.0065360000       1.2289210
       1440.8280    0.0047100000    0.0065490000       1.2289080
       1441.0700    0.0047500000    0.0066060000       1.2290050
       1441.3110    0.0048000000    0.0066750000       1.2289470
       1441.5520    0.0047900000    0.0066600000       1.2288790
       1441.7930    0.0047500000    0.0066040000       1.2288670
       1442.0340    0.0047300000    0.0065730000       1.2289100
       1442.2750    0.0047500000    0.0065990000       1.2289600
       1442.5160    0.0048000000    0.0066670000       1.2289630
       1442.7570    0.0048300000    0.0067090000       1.2288930
       1442.9980    0.0048000000    0.0066660000       1.2288180
       1443.2390    0.0047400000    0.0065810000       1.2288150
       1443.4800    0.0047100000    0.0065390000       1.2288850
       1443.7210    0.0047400000    0.0065800000       1.2289410
       1443.9620    0.0047800000    0.0066330000       1.2289330
       1444.2030    0.0048000000    0.0066590000       1.2288840
       1444.4440    0.0047700000    0.0066190000       1.2288210
       1444.6860    0.0047400000    0.0065740000       1.2288850
       1444.9270    0.0047400000    0.0065730000       1.2288980
       1445.1680    0.0047600000    0.0066010000       1.2289130
       1445.4090    0.0047800000    0.0066270000       1.2288650
       1445.6500    0.0047400000    0.0065700000       1.2288170
       1445.8910    0.0046900000    0.0065010000       1.2288400
       1446.1320    0.0046600000    0.0064590000       1.2289040
       1446.3730    0.0046800000    0.0064830000       1.2289910
       1446.6140    0.0047400000    0.0065660000       1.2290150
       1446.8550    0.0047800000    0.0066200000       1.2289620
       1447.0960    0.0047600000    0.0065910000       1.2288960
       1447.3370    0.0047100000    0.0065190000       1.2289040
       1447.5780    0.0046900000    0.0064910000       1.2289750
       1447.8190    0.0047300000    0.0065470000       1.2290430
       1448.0600    0.0047900000    0.0066280000       1.2290080
       1448.3020    0.0048100000    0.0066550000       1.2290010
       1448.5420    0.0047800000    0.0066120000       1.2288700
       1448.7840    0.0047400000    0.0065530000       1.2289530
       1449.0250    0.0047400000    0.0065570000       1.2289880
       1449.2660    0.0047800000    0.0066070000       1.2290100
       1449.5070    0.0048100000    0.0066510000       1.2289620
       1449.7480    0.0047900000    0.0066220000       1.2289000
       1449.9890    0.0047400000    0.0065520000       1.2288930
       1450.2300    0.0047100000    0.0065070000       1.2289530
       1450.4710    0.0047300000    0.0065340000       1.2290230
       1450.7120    0.0047800000    0.0066050000       1.2290400
       1450.9530    0.0048200000    0.0066560000       1.2289860
       1451.1940    0.0048000000    0.0066270000       1.2289240
       1451.4350    0.0047600000    0.0065720000       1.2289290
       1451.6760    0.0047500000    0.0065590000       1.2289780
       1451.9170    0.0047900000    0.0066120000       1.2290070
       1452.1580    0.0048300000    0.0066630000       1.2289440
       1452.4000    0.0048200000    0.0066490000       1.2289090
       1452.6410    0.0047600000    0.0065670000       1.2288540
       1452.8820    0.0047000000    0.0064850000       1.2288980
       1453.1230    0.0046900000    0.0064670000       1.2289940
       1453.3640    0.0047500000    0.0065470000       1.2290550
       1453.6050    0.0048000000    0.0066160000       1.2290120
       1453.8460    0.0048000000    0.0066160000       1.2289500
       1454.0870    0.0047600000    0.0065590000       1.2289140
       1454.3280    0.0047200000    0.0065030000       1.2289630
       1454.5690    0.0047400000    0.0065290000       1.2290220
       1454.8100    0.0047800000    0.0065850000       1.2290260
       1455.0510    0.0048000000    0.0066110000       1.2289730
       1455.2920    0.0047700000    0.0065680000       1.2289300
       1455.5330    0.0047300000    0.0065110000       1.2289500
       1455.7740    0.0047200000    0.0064970000       1.2289990
       1456.0160    0.0047600000    0.0065510000       1.2290980
       1456.2560    0.0048000000    0.0066030000       1.2290070
       1456.4980    0.0048200000    0.0066310000       1.2290130
       1456.7390    0.0047900000    0.0065870000       1.2289460
       1456.9800    0.0047600000    0.0065440000       1.2289720
       1457.2210    0.0047600000    0.0065480000       1.2290040
       1457.4620    0.0047900000    0.0065840000       1.2290140
       1457.7030    0.0048100000    0.0066120000       1.2289720
       1457.9440    0.0047900000    0.0065840000       1.2289180
       1458.1850    0.0047400000    0.0065140000       1.2289090
       1458.4260    0.0047100000    0.0064690000       1.2289570
       1458.6670    0.0047100000    0.0064700000       1.2290180
       1458.9080    0.0047500000    0.0065240000       1.2290500
       1459.1490    0.0047800000    0.0065640000       1.2290090
       1459.3900    0.0047600000    0.0065360000       1.2289640
       1459.6310    0.0047200000    0.0064790000       1.2289750
       1459.8720    0.0047100000    0.0064650000       1.2290190
       1460.1140    0.0047400000    0.0065060000       1.2291050
       1460.3550    0.0047900000    0.0065720000       1.2290780
       1460.5960    0.0048000000    0.0065860000       1.2290050
       1460.8370    0.0047600000    0.0065300000       1.2289690
       1461.0780    0.0047200000    0.0064730000       1.2289890
       1461.3190    0.0047100000    0.0064560000       1.2290560
       1461.5600    0.0047500000    0.0065100000       1.2290960
       1461.8010    0.0047800000    0.0065540000       1.2290690
       1462.0420    0.0047800000    0.0065510000       1.2290280
       1462.2830    0.0047500000    0.0065100000       1.2290140
       1462.5240    0.0047300000    0.0064830000       1.2290580
       1462.7650    0.0047600000    0.0065220000       1.2290920
       1463.0060    0.0047900000    0.0065600000       1.2290720
       1463.2470    0.0048000000    0.0065740000       1.2290270
       1463.4880    0.0047600000    0.0065180000       1.2289750
       1463.7290    0.0047100000    0.0064470000       1.2290220
       1463.9700    0.0047100000    0.0064480000       1.2290760
       1464.2120    0.0047500000    0.0065010000       1.2291770
       1464.4530    0.0048200000    0.0065950000       1.2291420
       1464.6940    0.0048400000    0.0066220000       1.2290540
       1464.9350    0.0048000000    0.0065650000       1.2289890
       1465.1760    0.0047500000    0.0064970000       1.2290130
       1465.4170    0.0047500000    0.0064950000       1.2290620
       1465.6580    0.0047800000    0.0065340000       1.2290820
       1465.8990    0.0048100000    0.0065730000       1.2290370
       1466.1400    0.0047800000    0.0065340000       1.2289720
       1466.3810    0.0047200000    0.0064480000       1.2289710
       1466.6220    0.0046800000    0.0063960000       1.2290520
       1466.8630    0.0047100000    0.0064370000       1.2291250
       1467.1040    0.0047600000    0.0065000000       1.2291340
       1467.3450    0.0047900000    0.0065400000       1.2290900
       1467.5860    0.0047700000    0.0065120000       1.2290280
       1467.8280    0.0047400000    0.0064700000       1.2290800
       1468.0690    0.0047300000    0.0064590000       1.2291060
       1468.3100    0.0047600000    0.0064980000       1.2291310
       1468.5510    0.0047900000    0.0065350000       1.2291100
       1468.7920    0.0048000000    0.0065470000       1.2290570
       1469.0330    0.0047600000    0.0064900000       1.2290170
       1469.2740    0.0047200000    0.0064370000       1.2290500
       1469.5150    0.0047200000    0.0064350000       1.2291000
       1469.7560    0.0047500000    0.0064770000       1.2291150
       1469.9970    0.0047600000    0.0064880000       1.2290750
       1470.2380    0.0047300000    0.0064470000       1.2290520
       1470.4790    0.0046900000    0.0063900000       1.2290730
       1470.7200    0.0046700000    0.0063640000       1.2291490
       1470.9610    0.0047100000    0.0064150000       1.2292230
       1471.2020    0.0047700000    0.0064990000       1.2292210
       1471.4430    0.0048000000    0.0065350000       1.2291670
       1471.6840    0.0047900000    0.0065210000       1.2291060
       1471.9260    0.0047600000    0.0064820000       1.2291400
       1472.1670    0.0047500000    0.0064640000       1.2291570
       1472.4080    0.0047700000    0.0064920000       1.2291900
       1472.6490    0.0048100000    0.0065440000       1.2291750
       1472.8900    0.0048200000    0.0065580000       1.2291160
       1473.1310    0.0047900000    0.0065160000       1.2290720
       1473.3720    0.0047500000    0.0064590000       1.2290850
       1473.6130    0.0047400000    0.0064460000       1.2291360
       1473.8540    0.0047700000    0.0064880000       1.2291630
       1474.0950    0.0048000000    0.0065250000       1.2291250
       1474.3360    0.0047800000    0.0064970000       1.2290770
       1474.5770    0.0047400000    0.0064420000       1.2290780
       1474.8180    0.0047200000    0.0064150000       1.2291230
       1475.0590    0.0047400000    0.0064400000       1.2291620
       1475.3000    0.0047700000    0.0064770000       1.2291430
       1475.5420    0.0047800000    0.0064900000       1.2291460
       1475.7830    0.0047500000    0.0064490000       1.2291040
       1476.0240    0.0047200000    0.0064100000       1.2291300
       1476.2650    0.0047200000    0.0064070000       1.2291790
       1476.5060    0.0047600000    0.0064600000       1.2292070
       1476.7470    0.0047900000    0.0065000000       1.2291610
       1476.9880    0.0047700000    0.0064720000       1.2291130
       1477.2290    0.0047300000    0.0064180000       1.2291150
       1477.4700    0.0047100000    0.0063900000       1.2291600
       1477.7110    0.0047300000    0.0064130000       1.2292150
       1477.9520    0.0047800000    0.0064820000       1.2292160
       1478.1930    0.0048000000    0.0065070000       1.2291520
       1478.4340    0.0047700000    0.0064650000       1.2290980
       1478.6750    0.0047200000    0.0063940000       1.2291060
       1478.9160    0.0047000000    0.0063670000       1.2291640
       1479.1570    0.0047200000    0.0063950000       1.2292190
       1479.3980    0.0047700000    0.0064640000       1.2291980
       1479.6400    0.0047800000    0.0064730000       1.2291700
       1479.8810    0.0047400000    0.0064170000       1.2291250
       1480.1220    0.0047000000    0.0063640000       1.2291480
       1480.3630    0.0046900000    0.0063480000       1.2292070
       1480.6040    0.0047200000    0.0063870000       1.2292480
       1480.8450    0.0047500000    0.0064280000       1.2292390
       1481.0860    0.0047600000    0.0064400000       1.2292120
       1481.3270    0.0047500000    0.0064240000       1.2291890
       1481.5680    0.0047300000    0.0063950000       1.2292030
       1481.8090    0.0047400000    0.0064090000       1.2292320
       1482.0500    0.0047600000    0.0064360000       1.2292260
       1482.2910    0.0047700000    0.0064480000       1.2291960
       1482.5320    0.0047500000    0.0064210000       1.2291630
       1482.7730    0.0047200000    0.0063780000       1.2291670
       1483.0140    0.0047000000    0.0063500000       1.2292000
       1483.2550    0.0047100000    0.0063640000       1.2292290
       1483.4970    0.0047400000    0.0064030000       1.2292670
       1483.7380    0.0047400000    0.0064030000       1.2292220
       1483.9790    0.0047200000    0.0063740000       1.2292140
       1484.2200    0.0047000000    0.0063460000       1.2292400
       1484.4610    0.0047100000    0.0063570000       1.2292870
       1484.7020    0.0047500000    0.0064100000       1.2293010
       1484.9430    0.0047800000    0.0064490000       1.2292580
       1485.1840    0.0047700000    0.0064350000       1.2291980
       1485.4250    0.0047200000    0.0063660000       1.2291690
       1485.6660    0.0046700000    0.0062970000       1.2292180
       1485.9070    0.0046700000    0.0062980000       1.2292970
       1486.1480    0.0047100000    0.0063520000       1.2293430
       1486.3890    0.0047600000    0.0064160000       1.2293230
       1486.6300    0.0047600000    0.0064170000       1.2292700
       1486.8710    0.0047400000    0.0063880000       1.2292620
       1487.1120    0.0047300000    0.0063730000       1.2292600
       1487.3540    0.0047400000    0.0063870000       1.2293240
       1487.5950    0.0047600000    0.0064130000       1.2292880
       1487.8360    0.0047500000    0.0063970000       1.2292560
       1488.0770    0.0047200000    0.0063570000       1.2292500
       1488.3180    0.0047000000    0.0063260000       1.2292880
       1488.5590    0.0047100000    0.0063410000       1.2293320
       1488.8000    0.0047400000    0.0063790000       1.2293520
       1489.0410    0.0047700000    0.0064220000       1.2293280
       1489.2820    0.0047700000    0.0064160000       1.2292820
       1489.5230    0.0047400000    0.0063760000       1.2292690
       1489.7640    0.0047200000    0.0063480000       1.2293050
       1490.0050    0.0047400000    0.0063760000       1.2293380
       1490.2460    0.0047700000    0.0064140000       1.2293310
       1490.4870    0.0047900000    0.0064390000       1.2292840
       1490.7280    0.0047600000    0.0063970000       1.2292330
       1490.9690    0.0047200000    0.0063430000       1.2292290
       1491.2110    0.0047000000    0.0063170000       1.2293050
       1491.4520    0.0047100000    0.0063280000       1.2293320
       1491.6930    0.0047400000    0.0063660000       1.2293360
       1491.9340    0.0047500000    0.0063800000       1.2292980
       1492.1750    0.0047200000    0.0063400000       1.2292700
       1492.4160    0.0046900000    0.0062980000       1.2292970
       1492.6570    0.0046900000    0.0062950000       1.2293410
       1492.8980    0.0047100000    0.0063230000       1.2293640
       1493.1390    0.0047300000    0.0063460000       1.2293550
       1493.3800    0.0047300000    0.0063470000       1.2293350
       1493.6210    0.0047100000    0.0063180000       1.2293280
       1493.8620    0.0047000000    0.0063040000       1.2293640
       1494.1030    0.0047200000    0.0063320000       1.2293890
       1494.3440    0.0047500000    0.0063690000       1.2293740
       1494.5850    0.0047500000    0.0063700000       1.2293240
       1494.8260    0.0047100000    0.0063150000       1.2292840
       1495.0680    0.0046700000    0.0062580000       1.2293640
       1495.3090    0.0046700000    0.0062590000       1.2294260
       1495.5500    0.0047200000    0.0063260000       1.2294660
       1495.7910    0.0047700000    0.0063900000       1.2294350
       1496.0320    0.0047800000    0.0064030000       1.2293720
       1496.2730    0.0047500000    0.0063590000       1.2293280
       1496.5140    0.0047100000    0.0063060000       1.2293420
       1496.7550    0.0047000000    0.0062930000       1.2293840
       1496.9960    0.0047200000    0.0063170000       1.2294090
       1497.2370    0.0047400000    0.0063430000       1.2293920
       1497.4780    0.0047300000    0.0063300000       1.2293620
       1497.7190    0.0047000000    0.0062870000       1.2293540
       1497.9600    0.0046700000    0.0062460000       1.2294000
       1498.2010    0.0046900000    0.0062720000       1.2294570
       1498.4420    0.0047200000    0.0063130000       1.2294620
       1498.6830    0.0047400000    0.0063380000       1.2294340
       1498.9250    0.0047400000    0.0063380000       1.2294510
       1499.1660    0.0047300000    0.0063230000       1.2294410
       1499.4070    0.0047400000    0.0063360000       1.2294560
       1499.6480    0.0047600000    0.0063620000       1.2294460
       1499.8890    0.0047700000    0.0063740000       1.2294100
       1500.1300    0.0047500000    0.0063470000       1.2293700
       1500.3710    0.0047100000    0.0062900000       1.2293650
       1500.6120    0.0046800000    0.0062490000       1.2294120
       1500.8530    0.0046900000    0.0062610000       1.2294650
       1501.0940    0.0047200000    0.0063020000       1.2294880
       1501.3350    0.0047500000    0.0063420000       1.2294670
       1501.5760    0.0047500000    0.0063390000       1.2294270
       1501.8170    0.0047300000    0.0063100000       1.2294100
       1502.0580    0.0047100000    0.0062820000       1.2294220
       1502.2990    0.0047100000    0.0062810000       1.2294360
       1502.5400    0.0047000000    0.0062690000       1.2294340
       1502.7810    0.0046900000    0.0062520000       1.2294340
       1503.0230    0.0046800000    0.0062390000       1.2294940
       1503.2640    0.0046800000    0.0062380000       1.2295190
       1503.5050    0.0047000000    0.0062660000       1.2295460
       1503.7460    0.0047300000    0.0063040000       1.2295570
       1503.9870    0.0047600000    0.0063430000       1.2295250
       1504.2280    0.0047500000    0.0063270000       1.2294830
       1504.4690    0.0047200000    0.0062870000       1.2294780
       1504.7100    0.0047000000    0.0062600000       1.2295200
       1504.9510    0.0047200000    0.0062850000       1.2295640
       1505.1920    0.0047600000    0.0063370000       1.2295800
       1505.4330    0.0048000000    0.0063890000       1.2295310
       1505.6740    0.0047800000    0.0063610000       1.2294740
       1505.9150    0.0047500000    0.0063220000       1.2294690
       1506.1560    0.0047300000    0.0062940000       1.2294950
       1506.3970    0.0047500000    0.0063180000       1.2295150
       1506.6390    0.0047800000    0.0063600000       1.2295410
       1506.8800    0.0047900000    0.0063700000       1.2294680
       1507.1210    0.0047500000    0.0063150000       1.2294290
       1507.3620    0.0047100000    0.0062630000       1.2294410
       1507.6030    0.0046800000    0.0062220000       1.2294810
       1507.8440    0.0046900000    0.0062330000       1.2295360
       1508.0850    0.0047100000    0.0062570000       1.2295540
       1508.3260    0.0047300000    0.0062840000       1.2295590
       1508.5670    0.0047300000    0.0062820000       1.2295430
       1508.8080    0.0047300000    0.0062820000       1.2295670
       1509.0490    0.0047500000    0.0063090000       1.2295690
       1509.2900    0.0047700000    0.0063320000       1.2295650
       1509.5310    0.0047900000    0.0063600000       1.2295240
       1509.7720    0.0047700000    0.0063300000       1.2294730
       1510.0130    0.0047300000    0.0062760000       1.2294650
       1510.2540    0.0047000000    0.0062390000       1.2294990
       1510.4950    0.0047100000    0.0062490000       1.2295230
       1510.7370    0.0047300000    0.0062740000       1.2295610
       1510.9780    0.0047300000    0.0062710000       1.2295260
       1511.2190    0.0047100000    0.0062450000       1.2295130
       1511.4600    0.0046800000    0.0062040000       1.2295370
       1511.7010    0.0046800000    0.0062050000       1.2295900
       1511.9420    0.0047100000    0.0062430000       1.2296230
       1512.1830    0.0047500000    0.0062960000       1.2296050
       1512.4240    0.0047500000    0.0062940000       1.2295570
       1512.6650    0.0047300000    0.0062680000       1.2295380
       1512.9060    0.0047000000    0.0062260000       1.2295400
       1513.1470    0.0046900000    0.0062090000       1.2295810
       1513.3880    0.0047000000    0.0062230000       1.2296030
       1513.6290    0.0047100000    0.0062360000       1.2296130
       1513.8700    0.0047200000    0.0062480000       1.2296130
       1514.1110    0.0047200000    0.0062500000       1.2295940
       1514.3530    0.0047200000    0.0062480000       1.2296460
       1514.5940    0.0047400000    0.0062740000       1.2296370
       1514.8350    0.0047500000    0.0062860000       1.2296130
       1515.0760    0.0047500000    0.0062800000       1.2295910
       1515.3170    0.0047300000    0.0062550000       1.2295750
       1515.5580    0.0047100000    0.0062270000       1.2295870
       1515.7990    0.0047000000    0.0062160000       1.2296170
       1516.0400    0.0047200000    0.0062400000       1.2296370
       1516.2810    0.0047300000    0.0062520000       1.2296240
       1516.5220    0.0047300000    0.0062510000       1.2296160
       1516.7630    0.0047200000    0.0062360000       1.2296110
       1517.0040    0.0047200000    0.0062350000       1.2296280
       1517.2450    0.0047300000    0.0062480000       1.2296270
       1517.4860    0.0047400000    0.0062600000       1.2296070
       1517.7270    0.0047200000    0.0062300000       1.2295720
       1517.9680    0.0046900000    0.0061920000       1.2295800
       1518.2090    0.0046600000    0.0061500000       1.2295800
       1518.4510    0.0046500000    0.0061360000       1.2296880
       1518.6920    0.0046800000    0.0061760000       1.2296980
       1518.9330    0.0047000000    0.0062000000       1.2296990
       1519.1740    0.0047100000    0.0062110000       1.2296760
       1519.4150    0.0046900000    0.0061860000       1.2296710
       1519.6560    0.0046800000    0.0061720000       1.2296930
       1519.8970    0.0046900000    0.0061830000       1.2297240
       1520.1380    0.0047100000    0.0062090000       1.2297260
       1520.3790    0.0047200000    0.0062210000       1.2297180
       1520.6200    0.0047200000    0.0062190000       1.2296970
       1520.8610    0.0047000000    0.0061950000       1.2297040
       1521.1020    0.0047000000    0.0061940000       1.2297180
       1521.3430    0.0047000000    0.0061910000       1.2297350
       1521.5840    0.0047200000    0.0062140000       1.2297480
       1521.8250    0.0047300000    0.0062260000       1.2297170
       1522.0670    0.0047200000    0.0062120000       1.2297490
       1522.3080    0.0047100000    0.0062010000       1.2297520
       1522.5490    0.0047200000    0.0062140000       1.2297690
       1522.7900    0.0047400000    0.0062370000       1.2297770
       1523.0310    0.0047600000    0.0062660000       1.2297520
       1523.2720    0.0047500000    0.0062500000       1.2297180
       1523.5130    0.0047300000    0.0062220000       1.2297130
       1523.7540    0.0047100000    0.0061970000       1.2297280
       1523.9950    0.0047100000    0.0061940000       1.2297550
       1524.2360    0.0047200000    0.0062070000       1.2297750
       1524.4770    0.0047400000    0.0062300000       1.2297770
       1524.7180    0.0047500000    0.0062420000       1.2297610
       1524.9590    0.0047400000    0.0062300000       1.2297440
       1525.2000    0.0047300000    0.0062160000       1.2297560
       1525.4410    0.0047400000    0.0062290000       1.2297570
       1525.6820    0.0047400000    0.0062240000       1.2297480
       1525.9230    0.0047400000    0.0062220000       1.2297250
       1526.1650    0.0047200000    0.0061980000       1.2297580
       1526.4060    0.0047100000    0.0061810000       1.2297590
       1526.6470    0.0047000000    0.0061700000       1.2297780
       1526.8880    0.0047100000    0.0061830000       1.2298020
       1527.1290    0.0047200000    0.0061930000       1.2297970
       1527.3700    0.0047200000    0.0061920000       1.2298050
       1527.6110    0.0047200000    0.0061940000       1.2298000
       1527.8520    0.0047100000    0.0061770000       1.2298200
       1528.0930    0.0047300000    0.0062040000       1.2298450
       1528.3340    0.0047500000    0.0062300000       1.2298390
       1528.5750    0.0047700000    0.0062550000       1.2298160
       1528.8160    0.0047600000    0.0062390000       1.2297720
       1529.0570    0.0047300000    0.0061970000       1.2297740
       1529.2980    0.0047200000    0.0061860000       1.2297940
       1529.5390    0.0047200000    0.0061820000       1.2297940
       1529.7810    0.0047300000    0.0061970000       1.2298530
       1530.0210    0.0047200000    0.0061820000       1.2297640
       1530.2630    0.0047000000    0.0061540000       1.2298360
       1530.5040    0.0046900000    0.0061400000       1.2298560
       1530.7450    0.0047100000    0.0061670000       1.2299000
       1530.9860    0.0047400000    0.0062040000       1.2298970
       1531.2270    0.0047600000    0.0062300000       1.2298910
       1531.4680    0.0047700000    0.0062440000       1.2298520
       1531.7090    0.0047500000    0.0062120000       1.2298360
       1531.9500    0.0047400000    0.0061980000       1.2298510
       1532.1910    0.0047400000    0.0061980000       1.2298670
       1532.4320    0.0047500000    0.0062110000       1.2298740
       1532.6730    0.0047600000    0.0062230000       1.2298690
       1532.9140    0.0047600000    0.0062240000       1.2298520
       1533.1550    0.0047500000    0.0062070000       1.2298540
       1533.3960    0.0047600000    0.0062200000       1.2298610
       1533.6370    0.0047600000    0.0062210000       1.2298320
       1533.8790    0.0047600000    0.0062210000       1.2298620
       1534.1200    0.0047500000    0.0062020000       1.2298280
       1534.3610    0.0047300000    0.0061770000       1.2298340
       1534.6020    0.0047200000    0.0061630000       1.2298480
       1534.8430    0.0047200000    0.0061630000       1.2298610
       1535.0840    0.0047200000    0.0061620000       1.2298650
       1535.3250    0.0047200000    0.0061640000       1.2298640
       1535.5660    0.0047100000    0.0061460000       1.2298490
       1535.8070    0.0046800000    0.0061050000       1.2298660
       1536.0480    0.0046700000    0.0060950000       1.2299170
       1536.2890    0.0046900000    0.0061190000       1.2299450
       1536.5300    0.0047100000    0.0061420000       1.2299590
       1536.7710    0.0047300000    0.0061680000       1.2299400
       1537.0120    0.0047100000    0.0061420000       1.2299240
       1537.2530    0.0047000000    0.0061280000       1.2299330
       1537.4950    0.0047000000    0.0061260000       1.2300030
       1537.7360    0.0047300000    0.0061630000       1.2300160
       1537.9770    0.0047500000    0.0061890000       1.2299960
       1538.2180    0.0047500000    0.0061900000       1.2299870
       1538.4590    0.0047500000    0.0061860000       1.2299820
       1538.7000    0.0047500000    0.0061860000       1.2299990
       1538.9410    0.0047700000    0.0062120000       1.2300060
       1539.1820    0.0047900000    0.0062370000       1.2299870
       1539.4230    0.0047900000    0.0062350000       1.2299560
       1539.6640    0.0047800000    0.0062200000       1.2299390
       1539.9050    0.0047600000    0.0061950000       1.2299310
       1540.1460    0.0047500000    0.0061810000       1.2299440
       1540.3870    0.0047400000    0.0061700000       1.2299430
       1540.6280    0.0047300000    0.0061530000       1.2299610
       1540.8690    0.0047300000    0.0061520000       1.2299760
       1541.1100    0.0047300000    0.0061490000       1.2299970
       1541.3510    0.0047400000    0.0061650000       1.2300060
       1541.5930    0.0047700000    0.0061990000       1.2300540
       1541.8340    0.0047900000    0.0062270000       1.2300170
       1542.0750    0.0048000000    0.0062380000       1.2299830
       1542.3160    0.0047800000    0.0062120000       1.2299360
       1542.5570    0.0047400000    0.0061570000       1.2299390
       1542.7980    0.0047200000    0.0061330000       1.2299670
       1543.0390    0.0047100000    0.0061170000       1.2299970
       1543.2800    0.0047200000    0.0061280000       1.2300370
       1543.5210    0.0047400000    0.0061540000       1.2300480
       1543.7620    0.0047500000    0.0061670000       1.2300490
       1544.0030    0.0047600000    0.0061760000       1.2300470
       1544.2440    0.0047600000    0.0061780000       1.2300540
       1544.4850    0.0047800000    0.0062010000       1.2300580
       1544.7260    0.0047900000    0.0062160000       1.2300440
       1544.9670    0.0048000000    0.0062280000       1.2300210
       1545.2080    0.0047900000    0.0062120000       1.2299910
       1545.4490    0.0047700000    0.0061870000       1.2299720
       1545.6910    0.0047600000    0.0061710000       1.2300210
       1545.9320    0.0047600000    0.0061730000       1.2300090
       1546.1730    0.0047500000    0.0061550000       1.2299960
       1546.4140    0.0047300000    0.0061300000       1.2300090
       1546.6550    0.0047200000    0.0061170000       1.2300280
       1546.8960    0.0047200000    0.0061140000       1.2300560
       1547.1370    0.0047300000    0.0061270000       1.2300780
       1547.3780    0.0047500000    0.0061530000       1.2300860
       1547.6190    0.0047600000    0.0061650000       1.2300640
       1547.8600    0.0047500000    0.0061530000       1.2300500
       1548.1010    0.0047300000    0.0061220000       1.2300490
       1548.3420    0.0047200000    0.0061090000       1.2300910
       1548.5830    0.0047400000    0.0061350000       1.2301060
       1548.8240    0.0047500000    0.0061450000       1.2301070
       1549.0650    0.0047600000    0.0061560000       1.2300900
       1549.3070    0.0047600000    0.0061560000       1.2301230
       1549.5480    0.0047500000    0.0061450000       1.2301120
       1549.7890    0.0047600000    0.0061550000       1.2301330
       1550.0300    0.0047800000    0.0061800000       1.2301270
       1550.2710    0.0047900000    0.0061920000       1.2301060
       1550.5120    0.0047800000    0.0061800000       1.2300770
       1550.7530    0.0047600000    0.0061520000       1.2300720
       1550.9940    0.0047400000    0.0061240000       1.2300780
       1551.2350    0.0047300000    0.0061110000       1.2301120
       1551.4760    0.0047400000    0.0061240000       1.2301230
       1551.7170    0.0047400000    0.0061230000       1.2301300
       1551.9580    0.0047400000    0.0061220000       1.2301340
       1552.1990    0.0047400000    0.0061190000       1.2301530
       1552.4400    0.0047500000    0.0061350000       1.2301550
       1552.6810    0.0047500000    0.0061310000       1.2301590
       1552.9220    0.0047600000    0.0061430000       1.2301490
       1553.1640    0.0047600000    0.0061430000       1.2301850
       1553.4050    0.0047600000    0.0061420000       1.2301710
       1553.6460    0.0047600000    0.0061380000       1.2301800
       1553.8870    0.0047700000    0.0061500000       1.2301890
       1554.1280    0.0047800000    0.0061630000       1.2301830
       1554.3690    0.0047800000    0.0061640000       1.2301620
       1554.6100    0.0047600000    0.0061360000       1.2301570
       1554.8510    0.0047500000    0.0061220000       1.2301790
       1555.0920    0.0047500000    0.0061220000       1.2302020
       1555.3330    0.0047700000    0.0061450000       1.2302190
       1555.5740    0.0047800000    0.0061610000       1.2302100
       1555.8150    0.0047900000    0.0061700000       1.2302000
       1556.0560    0.0047800000    0.0061580000       1.2301780
       1556.2970    0.0047600000    0.0061300000       1.2301870
       1556.5380    0.0047600000    0.0061270000       1.2302120
       1556.7790    0.0047700000    0.0061390000       1.2302140
       1557.0210    0.0047800000    0.0061530000       1.2302540
       1557.2620    0.0047800000    0.0061520000       1.2302380
       1557.5030    0.0047800000    0.0061510000       1.2302530
       1557.7440    0.0048000000    0.0061740000       1.2302720
       1557.9850    0.0048300000    0.0062130000       1.2302640
       1558.2260    0.0048500000    0.0062380000       1.2302320
       1558.4670    0.0048500000    0.0062380000       1.2301820
       1558.7080    0.0048200000    0.0061960000       1.2301500
       1558.9490    0.0047900000    0.0061580000       1.2301540
       1559.1900    0.0047700000    0.0061280000       1.2301700
       1559.4310    0.0047600000    0.0061180000       1.2302020
       1559.6720    0.0047700000    0.0061310000       1.2302190
       1559.9130    0.0047800000    0.0061400000       1.2302190
       1560.1540    0.0047800000    0.0061420000       1.2302120
       1560.3950    0.0047700000    0.0061270000       1.2302050
       1560.6360    0.0047600000    0.0061110000       1.2302200
       1560.8770    0.0047600000    0.0061130000       1.2302270
       1561.1190    0.0047800000    0.0061340000       1.2302760
       1561.3600    0.0047900000    0.0061480000       1.2302420
       1561.6010    0.0047800000    0.0061360000       1.2302220
       1561.8420    0.0047600000    0.0061090000       1.2302140
       1562.0830    0.0047400000    0.0060820000       1.2302280
       1562.3240    0.0047300000    0.0060650000       1.2302550
       1562.5650    0.0047300000    0.0060650000       1.2302870
       1562.8060    0.0047400000    0.0060780000       1.2303140
       1563.0470    0.0047600000    0.0061050000       1.2303300
       1563.2880    0.0047800000    0.0061270000       1.2303280
       1563.5290    0.0048000000    0.0061520000       1.2303230
       1563.7700    0.0048100000    0.0061640000       1.2302890
       1564.0110    0.0048000000    0.0061490000       1.2302730
       1564.2520    0.0047900000    0.0061370000       1.2302560
       1564.4930    0.0047700000    0.0061100000       1.2302550
       1564.7340    0.0047600000    0.0060950000       1.2302440
       1564.9760    0.0047400000    0.0060720000       1.2302940
       1565.2170    0.0047300000    0.0060550000       1.2303010
       1565.4580    0.0047300000    0.0060550000       1.2303390
       1565.6990    0.0047500000    0.0060820000       1.2303510
       1565.9400    0.0047600000    0.0060910000       1.2303500
       1566.1810    0.0047700000    0.0061030000       1.2303430
       1566.4220    0.0047600000    0.0060910000       1.2303310
       1566.6630    0.0047500000    0.0060740000       1.2303390
       1566.9040    0.0047400000    0.0060640000       1.2303620
       1567.1450    0.0047500000    0.0060770000       1.2303810
       1567.3860    0.0047600000    0.0060860000       1.2303920
       1567.6270    0.0047800000    0.0061090000       1.2303930
       1567.8680    0.0047800000    0.0061100000       1.2303730
       1568.1090    0.0047700000    0.0060960000       1.2303710
       1568.3500    0.0047600000    0.0060820000       1.2303730
       1568.5920    0.0047700000    0.0060960000       1.2304370
       1568.8330    0.0047900000    0.0061180000       1.2304270
       1569.0740    0.0048100000    0.0061430000       1.2304150
       1569.3150    0.0048100000    0.0061440000       1.2303860
       1569.5560    0.0048000000    0.0061300000       1.2303680
       1569.7970    0.0047800000    0.0061020000       1.2303680
       1570.0380    0.0047800000    0.0060990000       1.2303870
       1570.2790    0.0047800000    0.0061010000       1.2303850
       1570.5200    0.0047800000    0.0061000000       1.2303830
       1570.7610    0.0047700000    0.0060850000       1.2303720
       1571.0020    0.0047500000    0.0060610000       1.2303820
       1571.2430    0.0047400000    0.0060450000       1.2304070
       1571.4840    0.0047500000    0.0060580000       1.2304380
       1571.7250    0.0047700000    0.0060840000       1.2304350
       1571.9660    0.0047700000    0.0060820000       1.2304100
       1572.2070    0.0047500000    0.0060540000       1.2304080
       1572.4480    0.0047400000    0.0060400000       1.2304090
       1572.6900    0.0047300000    0.0060280000       1.2304640
       1572.9310    0.0047300000    0.0060270000       1.2304740
       1573.1720    0.0047400000    0.0060370000       1.2304870
       1573.4130    0.0047400000    0.0060390000       1.2304880
       1573.6540    0.0047300000    0.0060250000       1.2305010
       1573.8950    0.0047300000    0.0060250000       1.2305290
       1574.1360    0.0047400000    0.0060360000       1.2305630
       1574.3770    0.0047800000    0.0060850000       1.2305860
       1574.6180    0.0048100000    0.0061230000       1.2305560
       1574.8590    0.0048100000    0.0061210000       1.2305240
       1575.1000    0.0047900000    0.0060960000       1.2305160
       1575.3410    0.0047900000    0.0060930000       1.2305380
       1575.5820    0.0048000000    0.0061050000       1.2305410
       1575.8230    0.0048100000    0.0061180000       1.2305410
       1576.0640    0.0048200000    0.0061290000       1.2305220
       1576.3050    0.0048100000    0.0061170000       1.2304900
       1576.5470    0.0048000000    0.0061010000       1.2305310
       1576.7880    0.0048000000    0.0061030000       1.2305220
       1577.0290    0.0048000000    0.0060990000       1.2305090
       1577.2700    0.0047900000    0.0060840000       1.2305070
       1577.5110    0.0047800000    0.0060730000       1.2305020
       1577.7520    0.0047600000    0.0060460000       1.2305030
       1577.9930    0.0047400000    0.0060220000       1.2305250
       1578.2340    0.0047400000    0.0060190000       1.2305520
       1578.4750    0.0047400000    0.0060190000       1.2305680
       1578.7160    0.0047400000    0.0060180000       1.2305850
       1578.9570    0.0047400000    0.0060180000       1.2306040
       1579.1980    0.0047500000    0.0060280000       1.2306280
       1579.4390    0.0047700000    0.0060510000       1.2306420
       1579.6800    0.0047900000    0.0060760000       1.2306380
       1579.9210    0.0048000000    0.0060880000       1.2306170
       1580.1620    0.0047900000    0.0060750000       1.2305850
       1580.4040    0.0047800000    0.0060600000       1.2306260
       1580.6450    0.0047700000    0.0060480000       1.2306140
       1580.8860    0.0047600000    0.0060350000       1.2306330
       1581.1270    0.0047700000    0.0060470000       1.2306400
       1581.3680    0.0047600000    0.0060330000       1.2306380
       1581.6090    0.0047600000    0.0060300000       1.2306550
       1581.8500    0.0047500000    0.0060160000       1.2306630
       1582.0910    0.0047500000    0.0060160000       1.2307060
       1582.3320    0.0047800000    0.0060520000       1.2307230
       1582.5730    0.0048000000    0.0060800000       1.2307150
       1582.8140    0.0048100000    0.0060920000       1.2306880
       1583.0550    0.0048000000    0.0060770000       1.2306660
       1583.2960    0.0047800000    0.0060490000       1.2306580
       1583.5370    0.0047600000    0.0060230000       1.2306750
       1583.7780    0.0047500000    0.0060090000       1.2306880
       1584.0200    0.0047600000    0.0060240000       1.2307710
       1584.2600    0.0047700000    0.0060340000       1.2306980
       1584.5020    0.0047700000    0.0060320000       1.2307610
       1584.7430    0.0047700000    0.0060340000       1.2307480
       1584.9840    0.0047700000    0.0060300000       1.2307570
       1585.2250    0.0047700000    0.0060290000       1.2307640
       1585.4660    0.0047700000    0.0060290000       1.2307730
       1585.7070    0.0047700000    0.0060280000       1.2307850
       1585.9480    0.0047800000    0.0060400000       1.2307910
       1586.1890    0.0047800000    0.0060390000       1.2307870
       1586.4300    0.0047800000    0.0060380000       1.2307820
       1586.6710    0.0047600000    0.0060110000       1.2307800
       1586.9120    0.0047500000    0.0060010000       1.2308030
       1587.1530    0.0047400000    0.0059840000       1.2308110
       1587.3940    0.0047300000    0.0059710000       1.2308500
       1587.6350    0.0047400000    0.0059810000       1.2308780
       1587.8760    0.0047500000    0.0059970000       1.2308900
       1588.1180    0.0047700000    0.0060180000       1.2309310
       1588.3590    0.0047700000    0.0060190000       1.2309210
       1588.6000    0.0047700000    0.0060190000       1.2309290
       1588.8410    0.0047700000    0.0060180000       1.2309510
       1589.0820    0.0047900000    0.0060410000       1.2309660
       1589.3230    0.0048000000    0.0060530000       1.2309610
       1589.5640    0.0048000000    0.0060520000       1.2309580
       1589.8050    0.0047900000    0.0060410000       1.2309610
       1590.0460    0.0047800000    0.0060250000       1.2309840
       1590.2870    0.0047900000    0.0060380000       1.2310160
       1590.5280    0.0048000000    0.0060500000       1.2310240
       1590.7690    0.0048100000    0.0060600000       1.2310420
       1591.0100    0.0048200000    0.0060720000       1.2310440
       1591.2510    0.0048200000    0.0060720000       1.2310580
       1591.4920    0.0048300000    0.0060840000       1.2310710
       1591.7330    0.0048400000    0.0060970000       1.2310850
       1591.9740    0.0048600000    0.0061190000       1.2310740
       1592.2160    0.0048700000    0.0061320000       1.2311020
       1592.4570    0.0048600000    0.0061170000       1.2310760
       1592.6980    0.0048500000    0.0061040000       1.2311020
       1592.9390    0.0048600000    0.0061160000       1.2311180
       1593.1800    0.0048700000    0.0061260000       1.2311350
       1593.4210    0.0048900000    0.0061510000       1.2311370
       1593.6620    0.0048900000    0.0061500000       1.2311220
       1593.9030    0.0048800000    0.0061360000       1.2311300
       1594.1440    0.0048800000    0.0061350000       1.2311410
       1594.3850    0.0048700000    0.0061220000       1.2311530
       1594.6260    0.0048700000    0.0061220000       1.2311850
       1594.8670    0.0048800000    0.0061350000       1.2312030
       1595.1080    0.0048900000    0.0061440000       1.2312150
       1595.3490    0.0048900000    0.0061430000       1.2312200
       1595.5900    0.0048800000    0.0061300000       1.2312380
       1595.8320    0.0049000000    0.0061550000       1.2313210
       1596.0730    0.0049300000    0.0061900000       1.2313190
       1596.3140    0.0049500000    0.0062150000       1.2313210
       1596.5550    0.0049600000    0.0062260000       1.2313100
       1596.7960    0.0049500000    0.0062130000       1.2313170
       1597.0370    0.0049500000    0.0062130000       1.2313470
       1597.2780    0.0049600000    0.0062260000       1.2313810
       1597.5190    0.0049900000    0.0062620000       1.2314060
       1597.7600    0.0050100000    0.0062870000       1.2314080
       1598.0010    0.0050300000    0.0063090000       1.2314170
       1598.2420    0.0050400000    0.0063210000       1.2314200
       1598.4830    0.0050600000    0.0063440000       1.2314440
       1598.7240    0.0050900000    0.0063820000       1.2314380
       1598.9650    0.0051100000    0.0064060000       1.2314250
       1599.2060    0.0051100000    0.0064060000       1.2313740
       1599.4480    0.0050800000    0.0063690000       1.2314340
       1599.6880    0.0050700000    0.0063500000       1.2313990
       1599.9300    0.0050800000    0.0063660000       1.2315060
       1600.1710    0.0051100000    0.0064010000       1.2315150
       1600.4120    0.0051400000    0.0064390000       1.2315240
       1600.6530    0.0051500000    0.0064480000       1.2315070
       1600.8940    0.0051400000    0.0064340000       1.2315310
       1601.1350    0.0051500000    0.0064480000       1.2315710
       1601.3760    0.0051800000    0.0064840000       1.2316120
       1601.6170    0.0052200000    0.0065350000       1.2316200
       1601.8580    0.0052400000    0.0065570000       1.2316170
       1602.0990    0.0052500000    0.0065690000       1.2316310
       1602.3400    0.0052700000    0.0065930000       1.2316700
       1602.5810    0.0053200000    0.0066570000       1.2316960
       1602.8220    0.0053700000    0.0067170000       1.2316860
       1603.0630    0.0054100000    0.0067670000       1.2316630
       1603.3040    0.0054300000    0.0067900000       1.2316020
       1603.5460    0.0054200000    0.0067740000       1.2316250
       1603.7870    0.0054100000    0.0067630000       1.2316260
       1604.0280    0.0054200000    0.0067730000       1.2316570
       1604.2690    0.0054500000    0.0068090000       1.2316900
       1604.5100    0.0054900000    0.0068590000       1.2316980
       1604.7510    0.0055200000    0.0068940000       1.2316920
       1604.9920    0.0055400000    0.0069190000       1.2316910
       1605.2330    0.0055600000    0.0069440000       1.2317010
       1605.4740    0.0055900000    0.0069820000       1.2317100
       1605.7150    0.0056200000    0.0070170000       1.2317120
       1605.9560    0.0056500000    0.0070540000       1.2317150
       1606.1970    0.0056800000    0.0070890000       1.2317140
       1606.4380    0.0057100000    0.0071240000       1.2317220
       1606.6790    0.0057500000    0.0071770000       1.2317290
       1606.9200    0.0058000000    0.0072350000       1.2317150
       1607.1610    0.0058400000    0.0072840000       1.2316860
       1607.4020    0.0058600000    0.0073070000       1.2316340
       1607.6440    0.0058700000    0.0073200000       1.2316740
       1607.8850    0.0058900000    0.0073440000       1.2316630
       1608.1260    0.0059300000    0.0073920000       1.2316810
       1608.3670    0.0059900000    0.0074680000       1.2316700
       1608.6080    0.0060400000    0.0075270000       1.2316250
       1608.8490    0.0060600000    0.0075530000       1.2315820
       1609.0900    0.0060800000    0.0075770000       1.2315600
       1609.3310    0.0061100000    0.0076110000       1.2315400
       1609.5720    0.0061400000    0.0076470000       1.2315100
       1609.8130    0.0061600000    0.0076700000       1.2314750
       1610.0540    0.0061700000    0.0076840000       1.2314440
       1610.2950    0.0061700000    0.0076820000       1.2314240
       1610.5360    0.0061700000    0.0076810000       1.2314310
       1610.7770    0.0061900000    0.0077040000       1.2314600
       1611.0180    0.0062300000    0.0077540000       1.2314590
       1611.2600    0.0062700000    0.0078010000       1.2315210
       1611.5010    0.0063200000    0.0078610000       1.2315190
       1611.7420    0.0063700000    0.0079240000       1.2315360
       1611.9830    0.0064400000    0.0080110000       1.2315640
       1612.2240    0.0065300000    0.0081230000       1.2315870
       1612.4650    0.0066600000    0.0082800000       1.2315950
       1612.7060    0.0067900000    0.0084420000       1.2315520
       1612.9470    0.0069300000    0.0086160000       1.2315040
       1613.1880    0.0070900000    0.0088110000       1.2314080
       1613.4290    0.0072600000    0.0090210000       1.2312800
       1613.6700    0.0074400000    0.0092460000       1.2310580
       1613.9110    0.0075800000    0.0094170000       1.2307530
       1614.1520    0.0076500000    0.0095040000       1.2303720
       1614.3930    0.0076200000    0.0094630000       1.2299830
       1614.6340    0.0075100000    0.0093260000       1.2296250
       1614.8750    0.0073400000    0.0091120000       1.2293420
       1615.1160    0.0071500000    0.0088730000       1.2290970
       1615.3580    0.0069200000    0.0085880000       1.2289980
       1615.5990    0.0067000000    0.0083100000       1.2289110
       1615.8400    0.0065000000    0.0080610000       1.2289110
       1616.0810    0.0063400000    0.0078650000       1.2289570
       1616.3220    0.0062300000    0.0077250000       1.2290100
       1616.5630    0.0061400000    0.0076120000       1.2290480
       1616.8040    0.0060500000    0.0075000000       1.2290780
       1617.0450    0.0059600000    0.0073880000       1.2291280
       1617.2860    0.0059000000    0.0073120000       1.2291970
       1617.5270    0.0058600000    0.0072620000       1.2292480
       1617.7680    0.0058300000    0.0072210000       1.2292920
       1618.0090    0.0058100000    0.0071950000       1.2293190
       1618.2500    0.0057800000    0.0071590000       1.2293260
       1618.4910    0.0057400000    0.0071070000       1.2293420
       1618.7320    0.0057100000    0.0070680000       1.2293630
       1618.9740    0.0057000000    0.0070560000       1.2294330
       1619.2150    0.0056900000    0.0070420000       1.2294180
       1619.4560    0.0056700000    0.0070150000       1.2294060
       1619.6970    0.0056300000    0.0069650000       1.2294010
       1619.9380    0.0055900000    0.0069170000       1.2294170
       1620.1790    0.0055600000    0.0068780000       1.2294460
       1620.4200    0.0055500000    0.0068650000       1.2294740
       1620.6610    0.0055400000    0.0068520000       1.2294770
       1620.9020    0.0055200000    0.0068250000       1.2294820
       1621.1430    0.0055000000    0.0068020000       1.2294900
       1621.3840    0.0054800000    0.0067730000       1.2294980
       1621.6250    0.0054600000    0.0067500000       1.2295160
       1621.8660    0.0054500000    0.0067330000       1.2295300
       1622.1070    0.0054400000    0.0067230000       1.2295430
       1622.3480    0.0054300000    0.0067090000       1.2295460
       1622.5890    0.0054200000    0.0066960000       1.2295590
       1622.8300    0.0054200000    0.0066920000       1.2295570
       1623.0720    0.0054400000    0.0067180000       1.2296090
       1623.3130    0.0054600000    0.0067400000       1.2295450
       1623.5540    0.0054400000    0.0067150000       1.2294920
       1623.7950    0.0054000000    0.0066640000       1.2294440
       1624.0360    0.0053400000    0.0065890000       1.2294420
       1624.2770    0.0053100000    0.0065540000       1.2294670
       1624.5180    0.0053000000    0.0065380000       1.2294760
       1624.7590    0.0053000000    0.0065360000       1.2294620
       1625.0000    0.0052700000    0.0064980000       1.2294150
       1625.2410    0.0052100000    0.0064260000       1.2293980
       1625.4820    0.0051500000    0.0063520000       1.2294030
       1625.7230    0.0051000000    0.0062850000       1.2294440
       1625.9640    0.0050800000    0.0062630000       1.2294820
       1626.2050    0.0050600000    0.0062340000       1.2294910
       1626.4460    0.0050200000    0.0061850000       1.2294920
       1626.6880    0.0049800000    0.0061330000       1.2295740
       1626.9290    0.0049600000    0.0061080000       1.2296220
       1627.1700    0.0049700000    0.0061190000       1.2296750
       1627.4110    0.0049900000    0.0061470000       1.2296930
       1627.6520    0.0050000000    0.0061550000       1.2296740
       1627.8930    0.0049700000    0.0061180000       1.2296570
       1628.1340    0.0049300000    0.0060700000       1.2296840
       1628.3750    0.0049200000    0.0060550000       1.2297250
       1628.6160    0.0049200000    0.0060530000       1.2297590
       1628.8570    0.0049400000    0.0060770000       1.2297770
       1629.0980    0.0049400000    0.0060760000       1.2297500
       1629.3390    0.0049100000    0.0060390000       1.2297440
       1629.5800    0.0048800000    0.0060010000       1.2297570
       1629.8210    0.0048500000    0.0059660000       1.2297900
       1630.0620    0.0048400000    0.0059510000       1.2298340
       1630.3030    0.0048500000    0.0059640000       1.2298700
       1630.5440    0.0048600000    0.0059720000       1.2298660
       1630.7860    0.0048600000    0.0059730000       1.2299190
       1631.0270    0.0048600000    0.0059720000       1.2299200
       1631.2680    0.0048800000    0.0059950000       1.2299400
       1631.5090    0.0049000000    0.0060180000       1.2299130
       1631.7500    0.0048900000    0.0060060000       1.2298850
       1631.9910    0.0048600000    0.0059700000       1.2298590
       1632.2320    0.0048200000    0.0059190000       1.2298760
       1632.4730    0.0048100000    0.0059030000       1.2299090
       1632.7140    0.0048100000    0.0059030000       1.2299280
       1632.9550    0.0048100000    0.0059020000       1.2299250
       1633.1960    0.0047900000    0.0058780000       1.2299200
       1633.4370    0.0047600000    0.0058400000       1.2299270
       1633.6780    0.0047300000    0.0058020000       1.2299720
       1633.9190    0.0047400000    0.0058130000       1.2300260
       1634.1600    0.0047700000    0.0058480000       1.2300460
       1634.4010    0.0047900000    0.0058710000       1.2300150
       1634.6430    0.0047800000    0.0058610000       1.2300260
       1634.8840    0.0047500000    0.0058210000       1.2300050
       1635.1250    0.0047300000    0.0057960000       1.2300420
       1635.3660    0.0047400000    0.0058090000       1.2300620
       1635.6070    0.0047500000    0.0058180000       1.2300630
       1635.8480    0.0047500000    0.0058190000       1.2300440
       1636.0890    0.0047200000    0.0057830000       1.2300320
       1636.3300    0.0047000000    0.0057540000       1.2300500
       1636.5710    0.0046800000    0.0057320000       1.2300710
       1636.8120    0.0046800000    0.0057290000       1.2301030
       1637.0530    0.0046900000    0.0057410000       1.2301110
       1637.2940    0.0046900000    0.0057400000       1.2301020
       1637.5350    0.0046700000    0.0057130000       1.2300870
       1637.7760    0.0046300000    0.0056650000       1.2301090
       1638.0170    0.0046200000    0.0056530000       1.2301560
       1638.2580    0.0046300000    0.0056630000       1.2301750
       1638.5000    0.0046500000    0.0056860000       1.2302220
       1638.7410    0.0046500000    0.0056840000       1.2301990
       1638.9820    0.0046400000    0.0056740000       1.2302050
       1639.2230    0.0046300000    0.0056610000       1.2302160
       1639.4640    0.0046400000    0.0056700000       1.2302390
       1639.7050    0.0046500000    0.0056820000       1.2302260
       1639.9460    0.0046400000    0.0056680000       1.2302150
       1640.1870    0.0046200000    0.0056440000       1.2302060
       1640.4280    0.0045900000    0.0056060000       1.2302240
       1640.6690    0.0045800000    0.0055940000       1.2302610
       1640.9100    0.0045900000    0.0056070000       1.2302840
       1641.1510    0.0046000000    0.0056150000       1.2302800
       1641.3920    0.0045900000    0.0056040000       1.2302750
       1641.6330    0.0045700000    0.0055790000       1.2302740
       1641.8740    0.0045500000    0.0055530000       1.2303070
       1642.1150    0.0045600000    0.0055660000       1.2303230
       1642.3570    0.0045700000    0.0055760000       1.2303600
       1642.5980    0.0045700000    0.0055740000       1.2303430
       1642.8390    0.0045600000    0.0055610000       1.2303350
       1643.0800    0.0045300000    0.0055250000       1.2303420
       1643.3210    0.0045200000    0.0055100000       1.2303850
       1643.5620    0.0045300000    0.0055230000       1.2304080
       1643.8030    0.0045400000    0.0055350000       1.2304200
       1644.0440    0.0045500000    0.0055440000       1.2304100
       1644.2850    0.0045300000    0.0055200000       1.2304020
       1644.5260    0.0045100000    0.0054950000       1.2304240
       1644.7670    0.0045100000    0.0054950000       1.2304590
       1645.0080    0.0045300000    0.0055170000       1.2304730
       1645.2490    0.0045400000    0.0055310000       1.2304610
       1645.4900    0.0045300000    0.0055170000       1.2304370
       1645.7310    0.0045000000    0.0054790000       1.2304400
       1645.9720    0.0044800000    0.0054560000       1.2304540
       1646.2140    0.0044800000    0.0054540000       1.2305200
       1646.4550    0.0044900000    0.0054660000       1.2305190
       1646.6960    0.0044900000    0.0054650000       1.2305110
       1646.9370    0.0044700000    0.0054390000       1.2305110
       1647.1780    0.0044500000    0.0054140000       1.2305360
       1647.4190    0.0044400000    0.0054020000       1.2305740
       1647.6600    0.0044600000    0.0054250000       1.2306160
       1647.9010    0.0044900000    0.0054610000       1.2306090
       1648.1420    0.0044900000    0.0054570000       1.2305860
       1648.3830    0.0044700000    0.0054330000       1.2305740
       1648.6240    0.0044300000    0.0053860000       1.2305890
       1648.8650    0.0044200000    0.0053710000       1.2306500
       1649.1060    0.0044500000    0.0054070000       1.2306840
       1649.3470    0.0044700000    0.0054310000       1.2306760
       1649.5880    0.0044700000    0.0054290000       1.2306620
       1649.8290    0.0044500000    0.0054030000       1.2306500
       1650.0710    0.0044400000    0.0053920000       1.2307170
       1650.3120    0.0044500000    0.0054040000       1.2307220
       1650.5530    0.0044600000    0.0054160000       1.2307290
       1650.7940    0.0044700000    0.0054240000       1.2307170
       1651.0350    0.0044500000    0.0054000000       1.2306990
       1651.2760    0.0044100000    0.0053530000       1.2307200
       1651.5170    0.0044000000    0.0053390000       1.2307760
       1651.7580    0.0044200000    0.0053620000       1.2308210
       1651.9990    0.0044500000    0.0053990000       1.2308340
       1652.2400    0.0044600000    0.0054100000       1.2308250
       1652.4810    0.0044600000    0.0054100000       1.2308340
       1652.7220    0.0044700000    0.0054190000       1.2308460
       1652.9630    0.0044900000    0.0054430000       1.2308550
       1653.2040    0.0045100000    0.0054670000       1.2308340
       1653.4450    0.0045100000    0.0054650000       1.2308040
       1653.6860    0.0044900000    0.0054410000       1.2307740
       1653.9270    0.0044500000    0.0053930000       1.2307630
       1654.1690    0.0044300000    0.0053660000       1.2308260
       1654.4100    0.0044200000    0.0053540000       1.2308470
       1654.6510    0.0044400000    0.0053760000       1.2308690
       1654.8920    0.0044400000    0.0053770000       1.2308470
       1655.1330    0.0044100000    0.0053390000       1.2308490
       1655.3740    0.0043800000    0.0053040000       1.2308830
       1655.6150    0.0043800000    0.0053000000       1.2309490
       1655.8560    0.0044200000    0.0053500000       1.2309900
       1656.0970    0.0044600000    0.0053970000       1.2309780
       1656.3380    0.0044700000    0.0054100000       1.2309330
       1656.5790    0.0044300000    0.0053580000       1.2309090
       1656.8200    0.0044000000    0.0053210000       1.2309500
       1657.0610    0.0044000000    0.0053210000       1.2309890
       1657.3020    0.0044200000    0.0053440000       1.2310250
       1657.5430    0.0044500000    0.0053800000       1.2310070
       1657.7850    0.0044500000    0.0053800000       1.2310180
       1658.0260    0.0044300000    0.0053530000       1.2309990
       1658.2670    0.0044100000    0.0053310000       1.2310280
       1658.5080    0.0044200000    0.0053410000       1.2310600
       1658.7490    0.0044400000    0.0053660000       1.2310680
       1658.9900    0.0044500000    0.0053740000       1.2310510
       1659.2310    0.0044300000    0.0053530000       1.2310370
       1659.4720    0.0044000000    0.0053130000       1.2310490
       1659.7130    0.0043800000    0.0052890000       1.2311020
       1659.9540    0.0044000000    0.0053120000       1.2311580
       1660.1950    0.0044400000    0.0053610000       1.2311730
       1660.4360    0.0044600000    0.0053820000       1.2311560
       1660.6770    0.0044600000    0.0053810000       1.2311480
       1660.9180    0.0044500000    0.0053710000       1.2311540
       1661.1590    0.0044600000    0.0053800000       1.2311790
       1661.4000    0.0044900000    0.0054140000       1.2311780
       1661.6410    0.0045000000    0.0054270000       1.2311320
       1661.8830    0.0044800000    0.0054010000       1.2311350
       1662.1240    0.0044400000    0.0053530000       1.2311290
       1662.3650    0.0044200000    0.0053290000       1.2311680
       1662.6060    0.0044300000    0.0053390000       1.2312060
       1662.8470    0.0044500000    0.0053630000       1.2312120
       1663.0880    0.0044500000    0.0053620000       1.2312020
       1663.3290    0.0044300000    0.0053390000       1.2312020
       1663.5700    0.0044100000    0.0053120000       1.2312360
       1663.8110    0.0044200000    0.0053250000       1.2312850
       1664.0520    0.0044500000    0.0053590000       1.2313030
       1664.2930    0.0044700000    0.0053830000       1.2312970
       1664.5340    0.0044700000    0.0053820000       1.2312800
       1664.7750    0.0044500000    0.0053560000       1.2312850
       1665.0160    0.0044400000    0.0053440000       1.2313240
       1665.2570    0.0044600000    0.0053670000       1.2313570
       1665.4990    0.0045100000    0.0054270000       1.2314030
       1665.7400    0.0045400000    0.0054610000       1.2313490
       1665.9810    0.0045300000    0.0054500000       1.2313070
       1666.2220    0.0044900000    0.0054020000       1.2312920
       1666.4630    0.0044600000    0.0053650000       1.2313330
       1666.7040    0.0044700000    0.0053750000       1.2313850
       1666.9450    0.0045100000    0.0054220000       1.2314060
       1667.1860    0.0045300000    0.0054480000       1.2313780
       1667.4270    0.0045200000    0.0054340000       1.2313560
       1667.6680    0.0044900000    0.0053960000       1.2313590
       1667.9090    0.0044800000    0.0053820000       1.2314190
       1668.1500    0.0045200000    0.0054320000       1.2314530
       1668.3910    0.0045600000    0.0054770000       1.2314390
       1668.6320    0.0045700000    0.0054900000       1.2313890
       1668.8730    0.0045300000    0.0054390000       1.2313660
       1669.1140    0.0045000000    0.0054050000       1.2314060
       1669.3550    0.0045100000    0.0054150000       1.2314410
       1669.5970    0.0045500000    0.0054630000       1.2314930
       1669.8380    0.0045700000    0.0054850000       1.2314500
       1670.0790    0.0045600000    0.0054710000       1.2314290
       1670.3200    0.0045300000    0.0054360000       1.2314340
       1670.5610    0.0045200000    0.0054250000       1.2314820
       1670.8020    0.0045500000    0.0054590000       1.2315180
       1671.0430    0.0045900000    0.0055050000       1.2315230
       1671.2840    0.0046200000    0.0055410000       1.2314890
       1671.5250    0.0046100000    0.0055260000       1.2314460
       1671.7660    0.0045800000    0.0054910000       1.2314460
       1672.0070    0.0045700000    0.0054760000       1.2314690
       1672.2480    0.0045800000    0.0054880000       1.2314940
       1672.4890    0.0046000000    0.0055120000       1.2314900
       1672.7300    0.0046000000    0.0055130000       1.2314700
       1672.9710    0.0045800000    0.0054870000       1.2314510
       1673.2130    0.0045700000    0.0054730000       1.2315270
       1673.4530    0.0045800000    0.0054840000       1.2314880
       1673.6950    0.0046000000    0.0055090000       1.2315440
       1673.9360    0.0046100000    0.0055170000       1.2315120
       1674.1770    0.0046000000    0.0055070000       1.2315090
       1674.4180    0.0045900000    0.0054940000       1.2315100
       1674.6590    0.0045800000    0.0054810000       1.2315380
       1674.9000    0.0046000000    0.0055060000       1.2315710
       1675.1410    0.0046400000    0.0055520000       1.2315650
       1675.3820    0.0046500000    0.0055650000       1.2315230
       1675.6230    0.0046300000    0.0055380000       1.2314940
       1675.8640    0.0045900000    0.0054910000       1.2315000
       1676.1050    0.0045800000    0.0054770000       1.2315570
       1676.3460    0.0046200000    0.0055240000       1.2315850
       1676.5870    0.0046500000    0.0055590000       1.2315600
       1676.8280    0.0046500000    0.0055570000       1.2315180
       1677.0690    0.0046100000    0.0055110000       1.2314880
       1677.3110    0.0045800000    0.0054730000       1.2315550
       1677.5520    0.0045800000    0.0054730000       1.2315950
       1677.7930    0.0046200000    0.0055200000       1.2316210
       1678.0340    0.0046500000    0.0055520000       1.2315960
       1678.2750    0.0046500000    0.0055530000       1.2315650
       1678.5160    0.0046200000    0.0055180000       1.2315440
       1678.7570    0.0045900000    0.0054810000       1.2315760
       1678.9980    0.0046000000    0.0054910000       1.2316160
       1679.2390    0.0046200000    0.0055150000       1.2316310
       1679.4800    0.0046400000    0.0055360000       1.2316230
       1679.7210    0.0046300000    0.0055250000       1.2316100
       1679.9620    0.0046200000    0.0055100000       1.2316320
       1680.2030    0.0046300000    0.0055220000       1.2316620
       1680.4440    0.0046700000    0.0055690000       1.2316790
       1680.6850    0.0047000000    0.0056060000       1.2316180
       1680.9270    0.0046800000    0.0055800000       1.2316240
       1681.1670    0.0046400000    0.0055340000       1.2315540
       1681.4090    0.0046100000    0.0054960000       1.2316410
       1681.6500    0.0046200000    0.0055060000       1.2316780
       1681.8910    0.0046500000    0.0055430000       1.2317060
       1682.1320    0.0046900000    0.0055880000       1.2316940
       1682.3730    0.0046900000    0.0055890000       1.2316550
       1682.6140    0.0046700000    0.0055630000       1.2316590
       1682.8550    0.0046700000    0.0055630000       1.2316800
       1683.0960    0.0046900000    0.0055850000       1.2317040
       1683.3370    0.0047300000    0.0056330000       1.2316870
       1683.5780    0.0047300000    0.0056300000       1.2316360
       1683.8190    0.0047000000    0.0055920000       1.2316190
       1684.0600    0.0046700000    0.0055580000       1.2316430
       1684.3010    0.0046800000    0.0055710000       1.2316840
       1684.5420    0.0047200000    0.0056160000       1.2316860
       1684.7830    0.0047400000    0.0056380000       1.2316320
       1685.0250    0.0047200000    0.0056160000       1.2316260
       1685.2660    0.0046800000    0.0055650000       1.2316030
       1685.5070    0.0046500000    0.0055290000       1.2316460
       1685.7480    0.0046700000    0.0055540000       1.2316870
       1685.9890    0.0047000000    0.0055870000       1.2316810
       1686.2300    0.0047100000    0.0055970000       1.2316490
       1686.4710    0.0046800000    0.0055610000       1.2316220
       1686.7120    0.0046400000    0.0055150000       1.2316450
       1686.9530    0.0046300000    0.0055010000       1.2316970
       1687.1940    0.0046600000    0.0055380000       1.2317420
       1687.4350    0.0047000000    0.0055830000       1.2317360
       1687.6760    0.0047200000    0.0056060000       1.2317100
       1687.9170    0.0047100000    0.0055920000       1.2316730
       1688.1580    0.0046800000    0.0055580000       1.2316810
       1688.3990    0.0046800000    0.0055540000       1.2316940
       1688.6410    0.0047000000    0.0055800000       1.2317610
       1688.8810    0.0047200000    0.0056040000       1.2316720
       1689.1230    0.0047100000    0.0055890000       1.2316920
       1689.3640    0.0046800000    0.0055500000       1.2316740
       1689.6050    0.0046600000    0.0055290000       1.2317130
       1689.8460    0.0046800000    0.0055510000       1.2317430
       1690.0870    0.0047100000    0.0055870000       1.2317400
       1690.3280    0.0047200000    0.0055940000       1.2317020
       1690.5690    0.0046900000    0.0055620000       1.2316840
       1690.8100    0.0046600000    0.0055250000       1.2317000
       1691.0510    0.0046600000    0.0055230000       1.2317470
       1691.2920    0.0046900000    0.0055590000       1.2317610
       1691.5330    0.0047100000    0.0055790000       1.2317450
       1691.7740    0.0047100000    0.0055800000       1.2317120
       1692.0150    0.0046700000    0.0055330000       1.2316950
       1692.2560    0.0046400000    0.0054940000       1.2317320
       1692.4970    0.0046400000    0.0054940000       1.2317770
       1692.7390    0.0046900000    0.0055510000       1.2318500
       1692.9800    0.0047300000    0.0055980000       1.2318050
       1693.2210    0.0047300000    0.0055980000       1.2317650
       1693.4620    0.0047000000    0.0055630000       1.2317420
       1693.7030    0.0046700000    0.0055270000       1.2317770
       1693.9440    0.0046900000    0.0055490000       1.2318210
       1694.1850    0.0047300000    0.0055940000       1.2318290
       1694.4260    0.0047600000    0.0056290000       1.2317920
       1694.6670    0.0047400000    0.0056050000       1.2317500
       1694.9080    0.0047100000    0.0055680000       1.2317570
       1695.1490    0.0047000000    0.0055560000       1.2317960
       1695.3900    0.0047400000    0.0056030000       1.2318310
       1695.6310    0.0047900000    0.0056620000       1.2317920
       1695.8720    0.0047900000    0.0056610000       1.2317200
       1696.1130    0.0047400000    0.0056010000       1.2316760
       1696.3540    0.0046900000    0.0055430000       1.2317030
       1696.5950    0.0046900000    0.0055400000       1.2317290
       1696.8370    0.0047100000    0.0055650000       1.2317790
       1697.0780    0.0047300000    0.0055870000       1.2317330
       1697.3190    0.0047000000    0.0055510000       1.2316870
       1697.5600    0.0046400000    0.0054800000       1.2316950
       1697.8010    0.0046100000    0.0054420000       1.2317580
       1698.0420    0.0046300000    0.0054650000       1.2318220
       1698.2830    0.0046800000    0.0055230000       1.2318350
       1698.5240    0.0047000000    0.0055480000       1.2317960
       1698.7650    0.0046800000    0.0055220000       1.2317650
       1699.0060    0.0046400000    0.0054750000       1.2317770
       1699.2470    0.0046300000    0.0054610000       1.2318360
       1699.4880    0.0046700000    0.0055080000       1.2318790
       1699.7290    0.0047200000    0.0055650000       1.2318650
       1699.9700    0.0047400000    0.0055890000       1.2318150
       1700.2110    0.0047200000    0.0055620000       1.2317580
       1700.4530    0.0046900000    0.0055260000       1.2318000
       1700.6940    0.0046900000    0.0055260000       1.2318030
       1700.9350    0.0047000000    0.0055370000       1.2317980
       1701.1760    0.0047000000    0.0055380000       1.2317690
       1701.4170    0.0046700000    0.0055000000       1.2317430
       1701.6580    0.0046300000    0.0054530000       1.2317570
       1701.8990    0.0046100000    0.0054300000       1.2317950
       1702.1400    0.0046200000    0.0054390000       1.2318310
       1702.3810    0.0046400000    0.0054630000       1.2318390
       1702.6220    0.0046500000    0.0054740000       1.2318180
       1702.8630    0.0046200000    0.0054390000       1.2317950
       1703.1040    0.0045800000    0.0053900000       1.2318240
       1703.3450    0.0045700000    0.0053770000       1.2318870
       1703.5860    0.0046100000    0.0054230000       1.2319410
       1703.8270    0.0046600000    0.0054830000       1.2319300
       1704.0680    0.0046800000    0.0055050000       1.2318910
       1704.3090    0.0046600000    0.0054810000       1.2318400
       1704.5510    0.0046300000    0.0054460000       1.2318950
       1704.7920    0.0046400000    0.0054580000       1.2319090
       1705.0330    0.0046700000    0.0054880000       1.2319120
       1705.2740    0.0046900000    0.0055120000       1.2318710
       1705.5150    0.0046600000    0.0054770000       1.2318230
       1705.7560    0.0046100000    0.0054150000       1.2318210
       1705.9970    0.0045700000    0.0053680000       1.2318730
       1706.2380    0.0045900000    0.0053900000       1.2319360
       1706.4790    0.0046300000    0.0054380000       1.2319420
       1706.7200    0.0046500000    0.0054610000       1.2319120
       1706.9610    0.0046300000    0.0054370000       1.2318740
       1707.2020    0.0045900000    0.0053880000       1.2318860
       1707.4430    0.0045800000    0.0053770000       1.2319280
       1707.6840    0.0046000000    0.0053980000       1.2319540
       1707.9250    0.0046200000    0.0054210000       1.2319360
       1708.1670    0.0046200000    0.0054210000       1.2319540
       1708.4080    0.0046000000    0.0053980000       1.2319310
       1708.6490    0.0045800000    0.0053710000       1.2319570
       1708.8900    0.0045900000    0.0053830000       1.2319950
       1709.1310    0.0046200000    0.0054190000       1.2320080
       1709.3720    0.0046500000    0.0054540000       1.2319770
       1709.6130    0.0046300000    0.0054270000       1.2319270
       1709.8540    0.0045800000    0.0053690000       1.2319360
       1710.0950    0.0045600000    0.0053430000       1.2319870
       1710.3360    0.0045800000    0.0053680000       1.2320440
       1710.5770    0.0046400000    0.0054350000       1.2320520
       1710.8180    0.0046700000    0.0054710000       1.2319940
       1711.0590    0.0046400000    0.0054350000       1.2319400
       1711.3000    0.0045900000    0.0053770000       1.2319390
       1711.5410    0.0045600000    0.0053380000       1.2319830
       1711.7820    0.0045800000    0.0053630000       1.2320340
       1712.0230    0.0046100000    0.0053980000       1.2320110
       1712.2650    0.0046100000    0.0053970000       1.2320250
       1712.5060    0.0045900000    0.0053720000       1.2320010
       1712.7470    0.0045700000    0.0053480000       1.2320330
       1712.9880    0.0045900000    0.0053720000       1.2320640
       1713.2290    0.0046200000    0.0054050000       1.2320580
       1713.4700    0.0046300000    0.0054180000       1.2320240
       1713.7110    0.0046100000    0.0053920000       1.2319910
       1713.9520    0.0045700000    0.0053430000       1.2319910
       1714.1930    0.0045400000    0.0053100000       1.2320360
       1714.4340    0.0045600000    0.0053320000       1.2320850
       1714.6750    0.0046000000    0.0053770000       1.2320850
       1714.9160    0.0046100000    0.0053900000       1.2320450
       1715.1570    0.0045800000    0.0053520000       1.2320160
       1715.3980    0.0045400000    0.0053060000       1.2320400
       1715.6390    0.0045400000    0.0053040000       1.2320890
       1715.8800    0.0045700000    0.0053400000       1.2321000
       1716.1220    0.0046000000    0.0053730000       1.2321080
       1716.3630    0.0045800000    0.0053460000       1.2320560
       1716.6040    0.0045400000    0.0053000000       1.2320700
       1716.8450    0.0045200000    0.0052770000       1.2321110
       1717.0860    0.0045400000    0.0052990000       1.2321710
       1717.3270    0.0046000000    0.0053680000       1.2321740
       1717.5680    0.0046200000    0.0053900000       1.2321230
       1717.8090    0.0046000000    0.0053690000       1.2320850
       1718.0500    0.0045600000    0.0053200000       1.2320780
       1718.2910    0.0045400000    0.0052970000       1.2321260
       1718.5320    0.0045700000    0.0053300000       1.2321520
       1718.7730    0.0046000000    0.0053620000       1.2321350
       1719.0140    0.0046000000    0.0053650000       1.2320860
       1719.2550    0.0045500000    0.0053060000       1.2320510
       1719.4960    0.0045000000    0.0052440000       1.2320860
       1719.7370    0.0044900000    0.0052350000       1.2321330
       1719.9790    0.0045200000    0.0052670000       1.2322010
       1720.2200    0.0045500000    0.0053020000       1.2321800
       1720.4610    0.0045500000    0.0053000000       1.2321420
       1720.7020    0.0045100000    0.0052530000       1.2321330
       1720.9430    0.0044800000    0.0052180000       1.2321720
       1721.1840    0.0044900000    0.0052280000       1.2322260
       1721.4250    0.0045300000    0.0052760000       1.2322380
       1721.6660    0.0045500000    0.0052950000       1.2322070
       1721.9070    0.0045300000    0.0052720000       1.2321750
       1722.1480    0.0044800000    0.0052150000       1.2321880
       1722.3890    0.0044700000    0.0052010000       1.2322520
       1722.6300    0.0045000000    0.0052380000       1.2322970
       1722.8710    0.0045500000    0.0052940000       1.2322920
       1723.1120    0.0045600000    0.0053040000       1.2322490
       1723.3530    0.0045400000    0.0052790000       1.2322290
       1723.5940    0.0045100000    0.0052450000       1.2322320
       1723.8360    0.0045200000    0.0052550000       1.2323080
       1724.0770    0.0045500000    0.0052900000       1.2322960
       1724.3180    0.0045700000    0.0053130000       1.2322680
       1724.5590    0.0045500000    0.0052890000       1.2322200
       1724.8000    0.0045000000    0.0052290000       1.2322230
       1725.0410    0.0044700000    0.0051940000       1.2322730
       1725.2820    0.0044900000    0.0052160000       1.2323340
       1725.5230    0.0045400000    0.0052730000       1.2323440
       1725.7640    0.0045700000    0.0053090000       1.2323040
       1726.0050    0.0045500000    0.0052860000       1.2322480
       1726.2460    0.0045000000    0.0052250000       1.2322450
       1726.4870    0.0044700000    0.0051890000       1.2322860
       1726.7280    0.0044800000    0.0051990000       1.2323390
       1726.9690    0.0045200000    0.0052440000       1.2323460
       1727.2100    0.0045300000    0.0052570000       1.2323150
       1727.4510    0.0045100000    0.0052310000       1.2322760
       1727.6930    0.0044700000    0.0051870000       1.2323230
       1727.9340    0.0044600000    0.0051750000       1.2323540
       1728.1750    0.0044800000    0.0051960000       1.2323820
       1728.4160    0.0045000000    0.0052190000       1.2323790
       1728.6570    0.0045000000    0.0052180000       1.2323580
       1728.8980    0.0044700000    0.0051820000       1.2323610
       1729.1390    0.0044600000    0.0051700000       1.2324080
       1729.3800    0.0044900000    0.0052060000       1.2324410
       1729.6210    0.0045300000    0.0052500000       1.2324250
       1729.8620    0.0045300000    0.0052510000       1.2323770
       1730.1030    0.0044900000    0.0052020000       1.2323550
       1730.3440    0.0044500000    0.0051570000       1.2323900
       1730.5850    0.0044500000    0.0051550000       1.2324400
       1730.8260    0.0044800000    0.0051860000       1.2324800
       1731.0670    0.0045300000    0.0052440000       1.2324700
       1731.3080    0.0045300000    0.0052440000       1.2324020
       1731.5500    0.0044900000    0.0051990000       1.2324190
       1731.7910    0.0044500000    0.0051510000       1.2324340
       1732.0320    0.0044500000    0.0051500000       1.2325020
       1732.2730    0.0045000000    0.0052070000       1.2325330
       1732.5140    0.0045400000    0.0052530000       1.2325010
       1732.7550    0.0045300000    0.0052390000       1.2324580
       1732.9960    0.0045000000    0.0052050000       1.2324560
       1733.2370    0.0044800000    0.0051810000       1.2324860
       1733.4780    0.0045000000    0.0052030000       1.2325280
       1733.7190    0.0045400000    0.0052500000       1.2325250
       1733.9600    0.0045600000    0.0052720000       1.2324830
       1734.2010    0.0045400000    0.0052460000       1.2324400
       1734.4420    0.0045000000    0.0052000000       1.2324380
       1734.6830    0.0044800000    0.0051760000       1.2324680
       1734.9240    0.0044900000    0.0051880000       1.2324880
       1735.1650    0.0045000000    0.0051990000       1.2324780
       1735.4060    0.0044900000    0.0051850000       1.2324390
       1735.6480    0.0044400000    0.0051260000       1.2324710
       1735.8890    0.0044100000    0.0050910000       1.2325210
       1736.1300    0.0044300000    0.0051160000       1.2325790
       1736.3710    0.0044800000    0.0051720000       1.2325950
       1736.6120    0.0045100000    0.0052060000       1.2325530
       1736.8530    0.0044900000    0.0051800000       1.2325100
       1737.0940    0.0044400000    0.0051220000       1.2325100
       1737.3350    0.0044100000    0.0050880000       1.2325660
       1737.5760    0.0044300000    0.0051100000       1.2326210
       1737.8170    0.0044700000    0.0051570000       1.2326330
       1738.0580    0.0044900000    0.0051770000       1.2326070
       1738.2990    0.0044800000    0.0051660000       1.2325870
       1738.5400    0.0044500000    0.0051300000       1.2325880
       1738.7810    0.0044400000    0.0051190000       1.2326410
       1739.0220    0.0044800000    0.0051660000       1.2326570
       1739.2640    0.0045200000    0.0052100000       1.2326670
       1739.5050    0.0045200000    0.0052080000       1.2326040
       1739.7460    0.0044800000    0.0051620000       1.2325870
       1739.9870    0.0044500000    0.0051260000       1.2326170
       1740.2280    0.0044600000    0.0051390000       1.2326590
       1740.4690    0.0044900000    0.0051710000       1.2326620
       1740.7100    0.0045100000    0.0051930000       1.2326380
       1740.9510    0.0044900000    0.0051700000       1.2325900
       1741.1920    0.0044300000    0.0051010000       1.2325990
       1741.4330    0.0044100000    0.0050760000       1.2326630
       1741.6740    0.0044400000    0.0051100000       1.2327160
       1741.9150    0.0044900000    0.0051650000       1.2327150
       1742.1560    0.0045100000    0.0051870000       1.2326710
       1742.3970    0.0044800000    0.0051550000       1.2326290
       1742.6380    0.0044300000    0.0050980000       1.2326410
       1742.8790    0.0044200000    0.0050820000       1.2326980
       1743.1200    0.0044600000    0.0051260000       1.2327180
       1743.3620    0.0044900000    0.0051610000       1.2327190
       1743.6030    0.0044700000    0.0051400000       1.2326630
       1743.8440    0.0044200000    0.0050800000       1.2326560
       1744.0850    0.0043800000    0.0050340000       1.2327130
       1744.3260    0.0044000000    0.0050560000       1.2327800
       1744.5670    0.0044500000    0.0051120000       1.2327980
       1744.8080    0.0044800000    0.0051460000       1.2327650
       1745.0490    0.0044700000    0.0051320000       1.2327240
       1745.2900    0.0044200000    0.0050780000       1.2327160
       1745.5310    0.0043900000    0.0050410000       1.2327740
       1745.7720    0.0044200000    0.0050740000       1.2328310
       1746.0130    0.0044700000    0.0051300000       1.2328370
       1746.2540    0.0045000000    0.0051640000       1.2327950
       1746.4950    0.0044800000    0.0051400000       1.2327410
       1746.7360    0.0044200000    0.0050710000       1.2327340
       1746.9780    0.0044100000    0.0050620000       1.2328300
       1747.2190    0.0044400000    0.0050940000       1.2328340
       1747.4600    0.0044600000    0.0051160000       1.2328300
       1747.7010    0.0044600000    0.0051170000       1.2327920
       1747.9420    0.0044200000    0.0050670000       1.2327900
       1748.1830    0.0044000000    0.0050430000       1.2328310
       1748.4240    0.0044100000    0.0050560000       1.2328810
       1748.6650    0.0044600000    0.0051120000       1.2328920
       1748.9060    0.0044800000    0.0051360000       1.2328440
       1749.1470    0.0044500000    0.0050990000       1.2328000
       1749.3880    0.0043900000    0.0050300000       1.2328160
       1749.6290    0.0043700000    0.0050080000       1.2328840
       1749.8700    0.0044000000    0.0050390000       1.2329380
       1750.1110    0.0044500000    0.0050980000       1.2329450
       1750.3520    0.0044700000    0.0051190000       1.2328990
       1750.5930    0.0044400000    0.0050850000       1.2328710
       1750.8340    0.0044000000    0.0050370000       1.2328810
       1751.0760    0.0044000000    0.0050370000       1.2329790
       1751.3170    0.0044500000    0.0050950000       1.2329940
       1751.5580    0.0044900000    0.0051410000       1.2329600
       1751.7990    0.0044800000    0.0051270000       1.2329030
       1752.0400    0.0044300000    0.0050670000       1.2328970
       1752.2810    0.0044000000    0.0050320000       1.2329470
       1752.5220    0.0044200000    0.0050540000       1.2330070
       1752.7630    0.0044700000    0.0051130000       1.2330170
       1753.0040    0.0045000000    0.0051460000       1.2329810
       1753.2450    0.0044900000    0.0051350000       1.2329320
       1753.4860    0.0044400000    0.0050750000       1.2329240
       1753.7270    0.0044200000    0.0050500000       1.2329780
       1753.9680    0.0044400000    0.0050760000       1.2330190
       1754.2090    0.0044900000    0.0051320000       1.2330230
       1754.4500    0.0045100000    0.0051530000       1.2329510
       1754.6920    0.0044700000    0.0051080000       1.2329570
       1754.9320    0.0044200000    0.0050470000       1.2329170
       1755.1740    0.0044100000    0.0050350000       1.2330270
       1755.4150    0.0044500000    0.0050820000       1.2330510
       1755.6560    0.0045000000    0.0051370000       1.2330250
       1755.8970    0.0044900000    0.0051250000       1.2329610
       1756.1380    0.0044400000    0.0050680000       1.2329440
       1756.3790    0.0043900000    0.0050120000       1.2329790
       1756.6200    0.0044000000    0.0050200000       1.2330520
       1756.8610    0.0044500000    0.0050780000       1.2330670
       1757.1020    0.0044800000    0.0051120000       1.2330240
       1757.3430    0.0044500000    0.0050770000       1.2329680
       1757.5840    0.0043900000    0.0050060000       1.2329790
       1757.8250    0.0043600000    0.0049720000       1.2330370
       1758.0660    0.0043800000    0.0049940000       1.2331010
       1758.3070    0.0044300000    0.0050520000       1.2331100
       1758.5480    0.0044500000    0.0050730000       1.2330570
       1758.7900    0.0044200000    0.0050370000       1.2330600
       1759.0310    0.0043800000    0.0049900000       1.2330760
       1759.2720    0.0043800000    0.0049910000       1.2331350
       1759.5130    0.0044300000    0.0050450000       1.2331660
       1759.7540    0.0044700000    0.0050920000       1.2331290
       1759.9950    0.0044600000    0.0050810000       1.2330760
       1760.2360    0.0044100000    0.0050210000       1.2330520
       1760.4770    0.0043600000    0.0049660000       1.2331060
       1760.7180    0.0043800000    0.0049880000       1.2331660
       1760.9590    0.0044200000    0.0050320000       1.2331760
       1761.2000    0.0044400000    0.0050530000       1.2331460
       1761.4410    0.0044200000    0.0050280000       1.2331200
       1761.6820    0.0043800000    0.0049840000       1.2331280
       1761.9230    0.0043600000    0.0049590000       1.2331830
       1762.1640    0.0043900000    0.0049920000       1.2332270
       1762.4060    0.0044500000    0.0050600000       1.2332750
       1762.6460    0.0044700000    0.0050850000       1.2331600
       1762.8880    0.0044400000    0.0050490000       1.2331690
       1763.1290    0.0044000000    0.0050020000       1.2331670
       1763.3700    0.0043900000    0.0049900000       1.2332150
       1763.6110    0.0044200000    0.0050230000       1.2332410
       1763.8520    0.0044500000    0.0050570000       1.2332210
       1764.0930    0.0044400000    0.0050430000       1.2331770
       1764.3340    0.0043900000    0.0049890000       1.2331740
       1764.5750    0.0043600000    0.0049520000       1.2332230
       1764.8160    0.0043800000    0.0049770000       1.2332830
       1765.0570    0.0044300000    0.0050320000       1.2332840
       1765.2980    0.0044500000    0.0050530000       1.2332410
       1765.5390    0.0044200000    0.0050190000       1.2331970
       1765.7800    0.0043600000    0.0049510000       1.2332070
       1766.0210    0.0043300000    0.0049150000       1.2332790
       1766.2620    0.0043700000    0.0049600000       1.2333380
       1766.5040    0.0044300000    0.0050270000       1.2333640
       1766.7450    0.0044500000    0.0050480000       1.2333080
       1766.9860    0.0044200000    0.0050140000       1.2332710
       1767.2270    0.0043800000    0.0049680000       1.2333030
       1767.4680    0.0043900000    0.0049800000       1.2333540
       1767.7090    0.0044400000    0.0050330000       1.2333800
       1767.9500    0.0044900000    0.0050920000       1.2333260
       1768.1910    0.0044600000    0.0050540000       1.2332510
       1768.4320    0.0043900000    0.0049770000       1.2332440
       1768.6730    0.0043400000    0.0049190000       1.2333040
       1768.9140    0.0043600000    0.0049420000       1.2333820
       1769.1550    0.0044200000    0.0050090000       1.2333940
       1769.3960    0.0044500000    0.0050410000       1.2333390
       1769.6370    0.0044100000    0.0049950000       1.2332910
       1769.8780    0.0043500000    0.0049270000       1.2333000
       1770.1200    0.0043300000    0.0049040000       1.2334090
       1770.3600    0.0043600000    0.0049360000       1.2334120
       1770.6020    0.0044200000    0.0050040000       1.2334570
       1770.8430    0.0044300000    0.0050150000       1.2333850
       1771.0840    0.0043900000    0.0049700000       1.2333620
       1771.3250    0.0043400000    0.0049120000       1.2333840
       1771.5660    0.0043300000    0.0048990000       1.2334640
       1771.8070    0.0043800000    0.0049550000       1.2335140
       1772.0480    0.0044400000    0.0050220000       1.2335060
       1772.2890    0.0044600000    0.0050450000       1.2334430
       1772.5300    0.0044200000    0.0049990000       1.2334120
       1772.7710    0.0043900000    0.0049650000       1.2334330
       1773.0120    0.0043900000    0.0049620000       1.2334740
       1773.2530    0.0044300000    0.0050060000       1.2334890
       1773.4940    0.0044500000    0.0050300000       1.2334410
       1773.7350    0.0044100000    0.0049840000       1.2333960
       1773.9760    0.0043500000    0.0049160000       1.2334080
       1774.2180    0.0043300000    0.0048930000       1.2335040
       1774.4590    0.0043600000    0.0049260000       1.2335550
       1774.7000    0.0044200000    0.0049950000       1.2335510
       1774.9410    0.0044300000    0.0050040000       1.2334950
       1775.1820    0.0043900000    0.0049590000       1.2334700
       1775.4230    0.0043500000    0.0049100000       1.2335060
       1775.6640    0.0043600000    0.0049230000       1.2335650
       1775.9050    0.0044000000    0.0049660000       1.2335820
       1776.1460    0.0044300000    0.0050000000       1.2335580
       1776.3870    0.0044200000    0.0049860000       1.2335140
       1776.6280    0.0043700000    0.0049300000       1.2335120
       1776.8690    0.0043400000    0.0048960000       1.2335690
       1777.1100    0.0043700000    0.0049290000       1.2336320
       1777.3510    0.0044300000    0.0049960000       1.2336350
       1777.5920    0.0044600000    0.0050280000       1.2335780
       1777.8330    0.0044200000    0.0049850000       1.2335240
       1778.0740    0.0043600000    0.0049150000       1.2335340
       1778.3160    0.0043500000    0.0049030000       1.2336350
       1778.5570    0.0043900000    0.0049470000       1.2336640
       1778.7980    0.0044400000    0.0050010000       1.2336530
       1779.0390    0.0044500000    0.0050130000       1.2335960
       1779.2800    0.0044000000    0.0049590000       1.2335630
       1779.5210    0.0043500000    0.0049010000       1.2336030
       1779.7620    0.0043600000    0.0049120000       1.2336720
       1780.0030    0.0044100000    0.0049670000       1.2336930
       1780.2440    0.0044500000    0.0050120000       1.2336610
       1780.4850    0.0044400000    0.0049970000       1.2335960
       1780.7260    0.0043700000    0.0049200000       1.2335870
       1780.9670    0.0043300000    0.0048750000       1.2336540
       1781.2080    0.0043600000    0.0049060000       1.2337240
       1781.4490    0.0044200000    0.0049730000       1.2337320
       1781.6900    0.0044500000    0.0050080000       1.2336710
       1781.9320    0.0044200000    0.0049740000       1.2336480
       1782.1730    0.0043600000    0.0049040000       1.2336520
       1782.4140    0.0043500000    0.0048910000       1.2337200
       1782.6550    0.0043900000    0.0049380000       1.2337620
       1782.8960    0.0044400000    0.0049920000       1.2337390
       1783.1370    0.0044400000    0.0049920000       1.2336870
       1783.3780    0.0044000000    0.0049470000       1.2336570
       1783.6190    0.0043500000    0.0048890000       1.2336800
       1783.8600    0.0043400000    0.0048760000       1.2337390
       1784.1010    0.0043700000    0.0049090000       1.2337800
       1784.3420    0.0044100000    0.0049540000       1.2337680
       1784.5830    0.0044000000    0.0049430000       1.2337270
       1784.8240    0.0043600000    0.0048960000       1.2337310
       1785.0650    0.0043400000    0.0048740000       1.2337810
       1785.3060    0.0043700000    0.0049070000       1.2338280
       1785.5470    0.0044200000    0.0049640000       1.2338230
       1785.7880    0.0044400000    0.0049840000       1.2337520
       1786.0300    0.0043900000    0.0049280000       1.2337400
       1786.2710    0.0043300000    0.0048580000       1.2337600
       1786.5120    0.0043200000    0.0048460000       1.2338390
       1786.7530    0.0043700000    0.0049040000       1.2338850
       1786.9940    0.0044200000    0.0049580000       1.2338590
       1787.2350    0.0044200000    0.0049580000       1.2338100
       1787.4760    0.0043800000    0.0049130000       1.2337840
       1787.7170    0.0043300000    0.0048560000       1.2338150
       1787.9580    0.0043300000    0.0048550000       1.2338850
       1788.1990    0.0043800000    0.0049100000       1.2339130
       1788.4400    0.0044100000    0.0049430000       1.2338800
       1788.6810    0.0043900000    0.0049180000       1.2338440
       1788.9220    0.0043400000    0.0048650000       1.2338590
       1789.1630    0.0043300000    0.0048500000       1.2339260
       1789.4040    0.0043800000    0.0049050000       1.2339660
       1789.6460    0.0044400000    0.0049740000       1.2339750
       1789.8870    0.0044500000    0.0049830000       1.2338990
       1790.1280    0.0044100000    0.0049370000       1.2338610
       1790.3690    0.0043500000    0.0048710000       1.2338760
       1790.6100    0.0043300000    0.0048470000       1.2339520
       1790.8510    0.0043800000    0.0049030000       1.2340080
       1791.0920    0.0044400000    0.0049700000       1.2339830
       1791.3330    0.0044400000    0.0049680000       1.2339160
       1791.5740    0.0043800000    0.0049020000       1.2338970
       1791.8150    0.0043400000    0.0048550000       1.2339510
       1792.0560    0.0043600000    0.0048770000       1.2340240
       1792.2970    0.0044300000    0.0049570000       1.2340390
       1792.5380    0.0044700000    0.0050000000       1.2339690
       1792.7790    0.0044300000    0.0049540000       1.2339050
       1793.0200    0.0043600000    0.0048730000       1.2339110
       1793.2610    0.0043300000    0.0048400000       1.2339870
       1793.5020    0.0043700000    0.0048840000       1.2340290
       1793.7440    0.0044200000    0.0049390000       1.2340530
       1793.9850    0.0044300000    0.0049510000       1.2339860
       1794.2260    0.0043800000    0.0048940000       1.2339550
       1794.4670    0.0043300000    0.0048370000       1.2339960
       1794.7080    0.0043300000    0.0048390000       1.2340700
       1794.9490    0.0043900000    0.0049030000       1.2341060
       1795.1900    0.0044400000    0.0049590000       1.2340670
       1795.4310    0.0044300000    0.0049450000       1.2340030
       1795.6720    0.0043700000    0.0048790000       1.2339810
       1795.9130    0.0043100000    0.0048110000       1.2340300
       1796.1540    0.0043200000    0.0048190000       1.2341210
       1796.3950    0.0043800000    0.0048890000       1.2341510
       1796.6360    0.0044200000    0.0049330000       1.2341220
       1796.8770    0.0044200000    0.0049310000       1.2340760
       1797.1180    0.0043800000    0.0048840000       1.2340670
       1797.3590    0.0043600000    0.0048610000       1.2341000
       1797.6010    0.0043900000    0.0048950000       1.2341700
       1797.8420    0.0044300000    0.0049420000       1.2341390
       1798.0830    0.0044300000    0.0049390000       1.2340850
       1798.3240    0.0043800000    0.0048830000       1.2340610
       1798.5650    0.0043300000    0.0048240000       1.2341000
       1798.8060    0.0043300000    0.0048250000       1.2341770
       1799.0470    0.0043900000    0.0048920000       1.2342090
       1799.2880    0.0044300000    0.0049360000       1.2341650
       1799.5290    0.0044100000    0.0049130000       1.2341130
       1799.7700    0.0043500000    0.0048460000       1.2341100
       1800.0110    0.0043200000    0.0048100000       1.2341760
       1800.2520    0.0043500000    0.0048430000       1.2342360
       1800.4930    0.0044100000    0.0049090000       1.2342440
       1800.7340    0.0044400000    0.0049430000       1.2341820
       1800.9750    0.0044000000    0.0048980000       1.2341280
       1801.2160    0.0043300000    0.0048200000       1.2341220
       1801.4580    0.0042900000    0.0047740000       1.2342340
       1801.6990    0.0043300000    0.0048180000       1.2342970
       1801.9400    0.0043900000    0.0048840000       1.2343040
       1802.1810    0.0044200000    0.0049190000       1.2342540
       1802.4220    0.0043800000    0.0048740000       1.2342150
       1802.6630    0.0043400000    0.0048280000       1.2342530
       1802.9040    0.0043500000    0.0048380000       1.2343120
       1803.1450    0.0044100000    0.0049020000       1.2343400
       1803.3860    0.0044600000    0.0049570000       1.2342850
       1803.6270    0.0044300000    0.0049250000       1.2342120
       1803.8680    0.0043600000    0.0048440000       1.2342080
       1804.1090    0.0043200000    0.0047990000       1.2342720
       1804.3500    0.0043400000    0.0048210000       1.2343400
       1804.5910    0.0044000000    0.0048870000       1.2343510
       1804.8320    0.0044200000    0.0049100000       1.2342960
       1805.0730    0.0043800000    0.0048650000       1.2342480
       1805.3150    0.0043200000    0.0047970000       1.2343000
       1805.5560    0.0043000000    0.0047730000       1.2343820
       1805.7970    0.0043700000    0.0048520000       1.2344450
       1806.0380    0.0044400000    0.0049280000       1.2344150
       1806.2790    0.0044600000    0.0049500000       1.2343440
       1806.5200    0.0044100000    0.0048940000       1.2342890
       1806.7610    0.0043500000    0.0048250000       1.2343120
       1807.0020    0.0043300000    0.0048030000       1.2343750
       1807.2430    0.0043700000    0.0048470000       1.2344230
       1807.4840    0.0044100000    0.0048910000       1.2343990
       1807.7250    0.0044000000    0.0048810000       1.2343600
       1807.9660    0.0043600000    0.0048340000       1.2343480
       1808.2070    0.0043200000    0.0047920000       1.2343940
       1808.4480    0.0043400000    0.0048100000       1.2344520
       1808.6890    0.0043900000    0.0048650000       1.2344650
       1808.9300    0.0044100000    0.0048880000       1.2344040
       1809.1720    0.0043700000    0.0048410000       1.2344020
       1809.4130    0.0043100000    0.0047750000       1.2344200
       1809.6540    0.0043000000    0.0047630000       1.2345130
       1809.8950    0.0043700000    0.0048410000       1.2345690
       1810.1360    0.0044400000    0.0049200000       1.2345420
       1810.3770    0.0044600000    0.0049400000       1.2344620
       1810.6180    0.0044000000    0.0048720000       1.2344120
       1810.8590    0.0043400000    0.0048060000       1.2344490
       1811.1000    0.0043300000    0.0047940000       1.2345180
       1811.3410    0.0043800000    0.0048490000       1.2345700
       1811.5820    0.0044400000    0.0049130000       1.2345360
       1811.8230    0.0044300000    0.0049020000       1.2344750
       1812.0640    0.0043800000    0.0048460000       1.2344550
       1812.3050    0.0043300000    0.0047900000       1.2344950
       1812.5460    0.0043400000    0.0048000000       1.2345660
       1812.7870    0.0043900000    0.0048540000       1.2345720
       1813.0290    0.0044200000    0.0048870000       1.2345700
       1813.2700    0.0043900000    0.0048560000       1.2345130
       1813.5110    0.0043400000    0.0047970000       1.2345420
       1813.7520    0.0043400000    0.0047980000       1.2346020
       1813.9930    0.0043800000    0.0048410000       1.2346430
       1814.2340    0.0044400000    0.0049060000       1.2346220
       1814.4750    0.0044400000    0.0049050000       1.2345560
       1814.7160    0.0043900000    0.0048500000       1.2345310
       1814.9570    0.0043400000    0.0047960000       1.2345620
       1815.1980    0.0043400000    0.0047920000       1.2346240
       1815.4390    0.0043800000    0.0048370000       1.2346560
       1815.6800    0.0044200000    0.0048810000       1.2346280
       1815.9210    0.0044000000    0.0048590000       1.2345740
       1816.1620    0.0043400000    0.0047900000       1.2345750
       1816.4030    0.0043000000    0.0047460000       1.2346410
       1816.6440    0.0043300000    0.0047790000       1.2347200
       1816.8850    0.0044000000    0.0048560000       1.2347200
       1817.1270    0.0044400000    0.0048970000       1.2346940
       1817.3680    0.0044000000    0.0048540000       1.2346260
       1817.6090    0.0043400000    0.0047860000       1.2346510
       1817.8500    0.0043300000    0.0047760000       1.2347170
       1818.0910    0.0043700000    0.0048190000       1.2347600
       1818.3320    0.0044200000    0.0048720000       1.2347490
       1818.5730    0.0044300000    0.0048840000       1.2346970
       1818.8140    0.0043800000    0.0048290000       1.2346650
       1819.0550    0.0043300000    0.0047730000       1.2347110
       1819.2960    0.0043400000    0.0047830000       1.2347820
       1819.5370    0.0044000000    0.0048480000       1.2348140
       1819.7780    0.0044500000    0.0049010000       1.2347690
       1820.0190    0.0044300000    0.0048780000       1.2347070
       1820.2600    0.0043700000    0.0048120000       1.2347000
       1820.5010    0.0043300000    0.0047670000       1.2347450
       1820.7430    0.0043500000    0.0047890000       1.2348460
       1820.9840    0.0044100000    0.0048570000       1.2348490
       1821.2250    0.0044400000    0.0048890000       1.2347950
       1821.4660    0.0044000000    0.0048440000       1.2347550
       1821.7070    0.0043500000    0.0047880000       1.2347860
       1821.9480    0.0043500000    0.0047860000       1.2348580
       1822.1890    0.0044100000    0.0048520000       1.2348980
       1822.4300    0.0044700000    0.0049190000       1.2348610
       1822.6710    0.0044700000    0.0049180000       1.2347800
       1822.9120    0.0044000000    0.0048370000       1.2347420
       1823.1530    0.0043300000    0.0047610000       1.2347940
       1823.3940    0.0043300000    0.0047610000       1.2348860
       1823.6350    0.0044000000    0.0048380000       1.2349280
       1823.8760    0.0044500000    0.0048920000       1.2348800
       1824.1170    0.0044300000    0.0048670000       1.2348240
       1824.3580    0.0043700000    0.0048040000       1.2348240
       1824.5990    0.0043400000    0.0047690000       1.2348760
       1824.8410    0.0043800000    0.0048110000       1.2349740
       1825.0820    0.0044500000    0.0048890000       1.2349540
       1825.3230    0.0044700000    0.0049110000       1.2348800
       1825.5640    0.0044200000    0.0048520000       1.2348300
       1825.8050    0.0043500000    0.0047760000       1.2348550
       1826.0460    0.0043300000    0.0047520000       1.2349360
       1826.2870    0.0043800000    0.0048070000       1.2349950
       1826.5280    0.0044400000    0.0048740000       1.2349750
       1826.7690    0.0044400000    0.0048740000       1.2349090
       1827.0100    0.0043800000    0.0048050000       1.2348930
       1827.2510    0.0043400000    0.0047610000       1.2349470
       1827.4920    0.0043500000    0.0047710000       1.2350200
       1827.7330    0.0044200000    0.0048480000       1.2350530
       1827.9740    0.0044700000    0.0049020000       1.2349980
       1828.2150    0.0044500000    0.0048790000       1.2349270
       1828.4570    0.0043900000    0.0048140000       1.2349470
       1828.6980    0.0043500000    0.0047700000       1.2349910
       1828.9390    0.0043700000    0.0047910000       1.2350560
       1829.1800    0.0044300000    0.0048560000       1.2350760
       1829.4210    0.0044700000    0.0048990000       1.2350240
       1829.6620    0.0044400000    0.0048650000       1.2349700
       1829.9030    0.0043800000    0.0048000000       1.2349810
       1830.1440    0.0043700000    0.0047870000       1.2350470
       1830.3850    0.0044100000    0.0048300000       1.2350770
       1830.6260    0.0044500000    0.0048740000       1.2350610
       1830.8670    0.0044500000    0.0048740000       1.2349980
       1831.1080    0.0043800000    0.0047960000       1.2349780
       1831.3490    0.0043300000    0.0047410000       1.2350400
       1831.5900    0.0043500000    0.0047600000       1.2351220
       1831.8310    0.0044200000    0.0048370000       1.2351440
       1832.0720    0.0044600000    0.0048820000       1.2350900
       1832.3130    0.0044300000    0.0048480000       1.2350160
       1832.5550    0.0043600000    0.0047700000       1.2350560
       1832.7960    0.0043300000    0.0047370000       1.2351210
       1833.0370    0.0043800000    0.0047920000       1.2351900
       1833.2780    0.0044500000    0.0048670000       1.2351650
       1833.5190    0.0044600000    0.0048760000       1.2351000
       1833.7600    0.0044100000    0.0048230000       1.2350490
       1834.0010    0.0043300000    0.0047330000       1.2350770
       1834.2420    0.0043100000    0.0047120000       1.2351680
       1834.4830    0.0043600000    0.0047650000       1.2352350
       1834.7240    0.0044300000    0.0048400000       1.2352210
       1834.9650    0.0044300000    0.0048420000       1.2351620
       1835.2060    0.0043900000    0.0047940000       1.2351470
       1835.4470    0.0043500000    0.0047520000       1.2351870
       1835.6880    0.0043700000    0.0047730000       1.2352520
       1835.9290    0.0044300000    0.0048370000       1.2352490
       1836.1710    0.0044600000    0.0048700000       1.2352370
       1836.4110    0.0044200000    0.0048240000       1.2351330
       1836.6530    0.0043600000    0.0047600000       1.2351970
       1836.8940    0.0043400000    0.0047360000       1.2352510
       1837.1350    0.0043800000    0.0047800000       1.2353110
       1837.3760    0.0044400000    0.0048460000       1.2353040
       1837.6170    0.0044600000    0.0048660000       1.2352380
       1837.8580    0.0044000000    0.0048000000       1.2352040
       1838.0990    0.0043500000    0.0047470000       1.2352500
       1838.3400    0.0043500000    0.0047460000       1.2353230
       1838.5810    0.0044200000    0.0048200000       1.2353680
       1838.8220    0.0044800000    0.0048850000       1.2353190
       1839.0630    0.0044700000    0.0048730000       1.2352440
       1839.3040    0.0044000000    0.0047960000       1.2352150
       1839.5450    0.0043400000    0.0047300000       1.2352650
       1839.7860    0.0043400000    0.0047290000       1.2353470
       1840.0270    0.0044000000    0.0047960000       1.2353730
       1840.2690    0.0044400000    0.0048370000       1.2353650
       1840.5100    0.0044200000    0.0048160000       1.2353170
       1840.7510    0.0043800000    0.0047700000       1.2353220
       1840.9920    0.0043600000    0.0047490000       1.2353770
       1841.2330    0.0044000000    0.0047920000       1.2354220
       1841.4740    0.0044500000    0.0048460000       1.2354010
       1841.7150    0.0044500000    0.0048440000       1.2353480
       1841.9560    0.0044000000    0.0047890000       1.2353210
       1842.1970    0.0043400000    0.0047230000       1.2353660
       1842.4380    0.0043500000    0.0047330000       1.2354520
       1842.6790    0.0044100000    0.0047980000       1.2354840
       1842.9200    0.0044600000    0.0048530000       1.2354530
       1843.1610    0.0044500000    0.0048420000       1.2353940
       1843.4020    0.0044000000    0.0047850000       1.2353870
       1843.6430    0.0043600000    0.0047410000       1.2354280
       1843.8850    0.0043900000    0.0047750000       1.2355490
       1844.1250    0.0044700000    0.0048590000       1.2354950
       1844.3670    0.0045100000    0.0049020000       1.2354700
       1844.6080    0.0044700000    0.0048570000       1.2353830
       1844.8490    0.0043900000    0.0047720000       1.2353890
       1845.0900    0.0043500000    0.0047270000       1.2354610
       1845.3310    0.0043900000    0.0047700000       1.2355340
       1845.5720    0.0044500000    0.0048360000       1.2355170
       1845.8130    0.0044500000    0.0048340000       1.2354630
       1846.0540    0.0044000000    0.0047790000       1.2354480
       1846.2950    0.0043600000    0.0047330000       1.2354940
       1846.5360    0.0043700000    0.0047430000       1.2355650
       1846.7770    0.0044300000    0.0048100000       1.2355960
       1847.0180    0.0044800000    0.0048640000       1.2355540
       1847.2590    0.0044700000    0.0048510000       1.2354900
       1847.5000    0.0044100000    0.0047850000       1.2354720
       1847.7410    0.0043600000    0.0047320000       1.2355080
       1847.9830    0.0043700000    0.0047400000       1.2356130
       1848.2240    0.0044300000    0.0048070000       1.2356260
       1848.4650    0.0044600000    0.0048390000       1.2355820
       1848.7060    0.0044400000    0.0048150000       1.2355450
       1848.9470    0.0043900000    0.0047610000       1.2355500
       1849.1880    0.0043700000    0.0047400000       1.2356170
       1849.4290    0.0044200000    0.0047910000       1.2356650
       1849.6700    0.0044800000    0.0048570000       1.2356430
       1849.9110    0.0044800000    0.0048570000       1.2355700
       1850.1520    0.0044200000    0.0047890000       1.2355470
       1850.3930    0.0043700000    0.0047360000       1.2355890
       1850.6340    0.0043700000    0.0047350000       1.2356580
       1850.8750    0.0044200000    0.0047880000       1.2356930
       1851.1160    0.0044700000    0.0048400000       1.2356680
       1851.3570    0.0044600000    0.0048310000       1.2355950
       1851.5990    0.0044000000    0.0047650000       1.2356280
       1851.8390    0.0043600000    0.0047200000       1.2356320
       1852.0810    0.0043900000    0.0047530000       1.2357480
       1852.3220    0.0044600000    0.0048280000       1.2357370
       1852.5630    0.0044900000    0.0048590000       1.2356760
       1852.8040    0.0044500000    0.0048140000       1.2356170
       1853.0450    0.0043800000    0.0047390000       1.2356310
       1853.2860    0.0043500000    0.0047070000       1.2356970
       1853.5270    0.0043800000    0.0047390000       1.2357570
       1853.7680    0.0044300000    0.0047910000       1.2357550
       1854.0090    0.0044400000    0.0048000000       1.2357160
       1854.2500    0.0044000000    0.0047570000       1.2356930
       1854.4910    0.0043500000    0.0047020000       1.2357350
       1854.7320    0.0043600000    0.0047120000       1.2358180
       1854.9730    0.0044300000    0.0047880000       1.2358530
       1855.2140    0.0044900000    0.0048530000       1.2358110
       1855.4550    0.0044800000    0.0048440000       1.2357230
       1855.6970    0.0044100000    0.0047660000       1.2357360
       1855.9380    0.0043700000    0.0047220000       1.2357930
       1856.1790    0.0044100000    0.0047630000       1.2358540
       1856.4200    0.0044700000    0.0048280000       1.2358460
       1856.6610    0.0044900000    0.0048480000       1.2357840
       1856.9020    0.0044400000    0.0047960000       1.2357350
       1857.1430    0.0043700000    0.0047180000       1.2357580
       1857.3840    0.0043500000    0.0046970000       1.2358410
       1857.6250    0.0044000000    0.0047490000       1.2358960
       1857.8660    0.0044600000    0.0048140000       1.2358850
       1858.1070    0.0044800000    0.0048340000       1.2358190
       1858.3480    0.0044200000    0.0047700000       1.2357660
       1858.5890    0.0043400000    0.0046820000       1.2358090
       1858.8300    0.0043400000    0.0046820000       1.2359050
       1859.0710    0.0044000000    0.0047440000       1.2359330
       1859.3130    0.0044500000    0.0047990000       1.2359460
       1859.5530    0.0044300000    0.0047750000       1.2358350
       1859.7950    0.0043700000    0.0047100000       1.2358960
       1860.0360    0.0043500000    0.0046890000       1.2359550
       1860.2770    0.0044000000    0.0047430000       1.2360280
       1860.5180    0.0044900000    0.0048390000       1.2360140
       1860.7590    0.0045200000    0.0048690000       1.2359260
       1861.0000    0.0044600000    0.0048050000       1.2358600
       1861.2410    0.0043800000    0.0047190000       1.2358870
       1861.4820    0.0043600000    0.0046960000       1.2359650
       1861.7230    0.0044000000    0.0047390000       1.2360240
       1861.9640    0.0044600000    0.0048050000       1.2360170
       1862.2050    0.0044700000    0.0048140000       1.2359550
       1862.4460    0.0044100000    0.0047480000       1.2359370
       1862.6870    0.0043700000    0.0047050000       1.2360010
       1862.9280    0.0044100000    0.0047460000       1.2360760
       1863.1690    0.0044900000    0.0048340000       1.2360640
       1863.4110    0.0045300000    0.0048760000       1.2360230
       1863.6520    0.0045000000    0.0048400000       1.2359370
       1863.8930    0.0044200000    0.0047550000       1.2359260
       1864.1340    0.0043700000    0.0047010000       1.2359890
       1864.3750    0.0043900000    0.0047220000       1.2360600
       1864.6160    0.0044500000    0.0047860000       1.2360730
       1864.8570    0.0044800000    0.0048170000       1.2360200
       1865.0980    0.0044400000    0.0047730000       1.2359690
       1865.3390    0.0043700000    0.0046960000       1.2359890
       1865.5800    0.0043500000    0.0046750000       1.2360700
       1865.8210    0.0044000000    0.0047290000       1.2361200
       1866.0620    0.0044500000    0.0047830000       1.2360970
       1866.3030    0.0044500000    0.0047800000       1.2360420
       1866.5440    0.0043900000    0.0047150000       1.2360210
       1866.7850    0.0043400000    0.0046610000       1.2360800
       1867.0260    0.0043600000    0.0046850000       1.2361490
       1867.2670    0.0044100000    0.0047370000       1.2361560
       1867.5090    0.0044500000    0.0047780000       1.2361520
       1867.7500    0.0044200000    0.0047450000       1.2360940
       1867.9910    0.0043700000    0.0046900000       1.2361150
       1868.2320    0.0043500000    0.0046690000       1.2361740
       1868.4730    0.0043900000    0.0047120000       1.2362370
       1868.7140    0.0044600000    0.0047880000       1.2362310
       1868.9550    0.0044900000    0.0048190000       1.2361630
       1869.1960    0.0044400000    0.0047640000       1.2361080
       1869.4370    0.0043800000    0.0046980000       1.2361380
       1869.6780    0.0043700000    0.0046880000       1.2362010
       1869.9190    0.0044200000    0.0047380000       1.2362420
       1870.1600    0.0044700000    0.0047920000       1.2362070
       1870.4010    0.0044600000    0.0047810000       1.2361410
       1870.6420    0.0043900000    0.0047050000       1.2361080
       1870.8830    0.0043200000    0.0046280000       1.2361560
       1871.1250    0.0043300000    0.0046390000       1.2362700
       1871.3660    0.0043800000    0.0046940000       1.2362860
       1871.6070    0.0044100000    0.0047260000       1.2362540
       1871.8480    0.0043800000    0.0046910000       1.2362220
       1872.0890    0.0043300000    0.0046390000       1.2362510
       1872.3300    0.0043200000    0.0046270000       1.2363210
       1872.5710    0.0043700000    0.0046800000       1.2363800
       1872.8120    0.0044400000    0.0047540000       1.2363670
       1873.0530    0.0044600000    0.0047730000       1.2363020
       1873.2940    0.0044100000    0.0047220000       1.2362610
       1873.5350    0.0043500000    0.0046560000       1.2362900
       1873.7760    0.0043400000    0.0046440000       1.2363730
       1874.0170    0.0044100000    0.0047170000       1.2364280
       1874.2580    0.0044800000    0.0047950000       1.2363830
       1874.4990    0.0044700000    0.0047830000       1.2362990
       1874.7400    0.0044000000    0.0047070000       1.2362720
       1874.9810    0.0043400000    0.0046420000       1.2363130
       1875.2230    0.0043500000    0.0046530000       1.2364230
       1875.4640    0.0044100000    0.0047160000       1.2364360
       1875.7050    0.0044500000    0.0047580000       1.2363960
       1875.9460    0.0044300000    0.0047340000       1.2363440
       1876.1870    0.0043700000    0.0046700000       1.2363450
       1876.4280    0.0043400000    0.0046360000       1.2364070
       1876.6690    0.0043700000    0.0046700000       1.2364660
       1876.9100    0.0044300000    0.0047320000       1.2364650
       1877.1510    0.0044500000    0.0047520000       1.2364040
       1877.3920    0.0043900000    0.0046890000       1.2363650
       1877.6330    0.0043300000    0.0046240000       1.2364070
       1877.8740    0.0043200000    0.0046150000       1.2364870
       1878.1150    0.0043800000    0.0046770000       1.2365430
       1878.3560    0.0044500000    0.0047520000       1.2365140
       1878.5970    0.0044500000    0.0047490000       1.2364290
       1878.8390    0.0043900000    0.0046850000       1.2364390
       1879.0800    0.0043400000    0.0046310000       1.2364700
       1879.3210    0.0043500000    0.0046410000       1.2365510
       1879.5620    0.0044200000    0.0047180000       1.2365680
       1879.8030    0.0044600000    0.0047570000       1.2365170
       1880.0440    0.0044400000    0.0047370000       1.2364510
       1880.2850    0.0043600000    0.0046490000       1.2364400
       1880.5260    0.0043200000    0.0046060000       1.2365120
       1880.7670    0.0043400000    0.0046270000       1.2365740
       1881.0080    0.0044000000    0.0046900000       1.2365900
       1881.2490    0.0044200000    0.0047120000       1.2365330
       1881.4900    0.0043700000    0.0046580000       1.2365000
       1881.7310    0.0043100000    0.0045930000       1.2365370
       1881.9720    0.0043100000    0.0045920000       1.2366170
       1882.2130    0.0043600000    0.0046450000       1.2366580
       1882.4540    0.0044200000    0.0047100000       1.2366410
       1882.6950    0.0044200000    0.0047090000       1.2365580
       1882.9370    0.0043600000    0.0046430000       1.2365730
       1883.1780    0.0043100000    0.0045890000       1.2366060
       1883.4190    0.0043200000    0.0045990000       1.2366890
       1883.6600    0.0043900000    0.0046730000       1.2367100
       1883.9010    0.0044300000    0.0047150000       1.2366620
       1884.1420    0.0044000000    0.0046850000       1.2366010
       1884.3830    0.0043300000    0.0046080000       1.2366090
       1884.6240    0.0043000000    0.0045760000       1.2366810
       1884.8650    0.0043400000    0.0046160000       1.2367450
       1885.1060    0.0044000000    0.0046810000       1.2367420
       1885.3470    0.0044200000    0.0047010000       1.2366860
       1885.5880    0.0043700000    0.0046470000       1.2366450
       1885.8290    0.0043100000    0.0045820000       1.2366860
       1886.0700    0.0043100000    0.0045830000       1.2367610
       1886.3110    0.0043700000    0.0046440000       1.2368040
       1886.5520    0.0044300000    0.0047080000       1.2367570
       1886.7940    0.0044200000    0.0046980000       1.2367160
       1887.0350    0.0043500000    0.0046220000       1.2366840
       1887.2760    0.0043000000    0.0045690000       1.2367450
       1887.5170    0.0043200000    0.0045900000       1.2368140
       1887.7580    0.0043800000    0.0046520000       1.2368290
       1887.9990    0.0044100000    0.0046830000       1.2367780
       1888.2400    0.0043700000    0.0046400000       1.2367310
       1888.4810    0.0043000000    0.0045660000       1.2367480
       1888.7220    0.0042700000    0.0045330000       1.2368300
       1888.9630    0.0043200000    0.0045860000       1.2369070
       1889.2040    0.0044000000    0.0046700000       1.2368950
       1889.4450    0.0044200000    0.0046890000       1.2368260
       1889.6860    0.0043700000    0.0046380000       1.2367790
       1889.9270    0.0043000000    0.0045620000       1.2368050
       1890.1680    0.0042900000    0.0045520000       1.2368860
       1890.4090    0.0043400000    0.0046050000       1.2369190
       1890.6510    0.0044000000    0.0046670000       1.2369270
       1890.8920    0.0044000000    0.0046640000       1.2368460
       1891.1330    0.0043300000    0.0045920000       1.2368210
       1891.3740    0.0042700000    0.0045270000       1.2368760
       1891.6150    0.0042900000    0.0045480000       1.2369550
       1891.8560    0.0043400000    0.0046020000       1.2369660
       1892.0970    0.0043700000    0.0046310000       1.2369350
       1892.3380    0.0043400000    0.0045990000       1.2368860
       1892.5790    0.0042700000    0.0045250000       1.2369090
       1892.8200    0.0042500000    0.0045020000       1.2369860
       1893.0610    0.0042900000    0.0045450000       1.2370540
       1893.3020    0.0043600000    0.0046200000       1.2370520
       1893.5430    0.0043800000    0.0046400000       1.2369880
       1893.7840    0.0043200000    0.0045750000       1.2369510
       1894.0250    0.0042600000    0.0045110000       1.2370110
       1894.2660    0.0042800000    0.0045320000       1.2370870
       1894.5080    0.0043600000    0.0046150000       1.2371520
       1894.7490    0.0044300000    0.0046890000       1.2370840
       1894.9900    0.0044100000    0.0046660000       1.2369970
       1895.2310    0.0043300000    0.0045810000       1.2369760
       1895.4720    0.0042700000    0.0045170000       1.2370380
       1895.7130    0.0042900000    0.0045380000       1.2371240
       1895.9540    0.0043600000    0.0046140000       1.2371360
       1896.1950    0.0043900000    0.0046410000       1.2370790
       1896.4360    0.0043500000    0.0045990000       1.2370330
       1896.6770    0.0042800000    0.0045250000       1.2370500
       1896.9180    0.0042600000    0.0045020000       1.2371270
       1897.1590    0.0043000000    0.0045440000       1.2371790
       1897.4000    0.0043500000    0.0045970000       1.2371700
       1897.6410    0.0043500000    0.0045950000       1.2371190
       1897.8820    0.0042900000    0.0045340000       1.2371120
       1898.1230    0.0042500000    0.0044890000       1.2371640
       1898.3650    0.0042800000    0.0045220000       1.2372760
       1898.6060    0.0043600000    0.0046060000       1.2372840
       1898.8470    0.0044200000    0.0046690000       1.2372230
       1899.0880    0.0043900000    0.0046360000       1.2371320
       1899.3290    0.0043000000    0.0045400000       1.2371240
       1899.5700    0.0042400000    0.0044780000       1.2371950
       1899.8110    0.0042600000    0.0044950000       1.2372860
       1900.0520    0.0043300000    0.0045710000       1.2373190
       1900.2930    0.0043800000    0.0046230000       1.2372720
       1900.5340    0.0043500000    0.0045910000       1.2372160
       1900.7750    0.0042900000    0.0045260000       1.2372320
       1901.0160    0.0042700000    0.0045050000       1.2373010
       1901.2570    0.0043200000    0.0045580000       1.2373580
       1901.4980    0.0043900000    0.0046300000       1.2373350
       1901.7390    0.0044000000    0.0046410000       1.2372540
       1901.9800    0.0043200000    0.0045540000       1.2371950
       1902.2220    0.0042400000    0.0044720000       1.2372860
       1902.4630    0.0042400000    0.0044710000       1.2373640
       1902.7040    0.0043000000    0.0045320000       1.2374140
       1902.9450    0.0043500000    0.0045850000       1.2373910
       1903.1860    0.0043500000    0.0045830000       1.2373480
       1903.4270    0.0043000000    0.0045310000       1.2373390
       1903.6680    0.0042700000    0.0044970000       1.2374000
       1903.9090    0.0043100000    0.0045390000       1.2374660
       1904.1500    0.0043900000    0.0046240000       1.2374570
       1904.3910    0.0044100000    0.0046430000       1.2373780
       1904.6320    0.0043600000    0.0045920000       1.2373240
       1904.8730    0.0042700000    0.0044970000       1.2373280
       1905.1140    0.0042300000    0.0044530000       1.2374310
       1905.3550    0.0042900000    0.0045170000       1.2375000
       1905.5960    0.0043600000    0.0045890000       1.2374800
       1905.8370    0.0043600000    0.0045890000       1.2374020
       1906.0780    0.0042800000    0.0045030000       1.2373710
       1906.3200    0.0042200000    0.0044380000       1.2374660
       1906.5610    0.0042300000    0.0044480000       1.2375540
       1906.8020    0.0043100000    0.0045330000       1.2375930
       1907.0430    0.0043600000    0.0045850000       1.2375500
       1907.2840    0.0043500000    0.0045720000       1.2374970
       1907.5250    0.0042900000    0.0045090000       1.2374900
       1907.7660    0.0042500000    0.0044670000       1.2375560
       1908.0070    0.0042900000    0.0045090000       1.2376330
       1908.2480    0.0043700000    0.0045920000       1.2376270
       1908.4890    0.0043900000    0.0046140000       1.2375590
       1908.7300    0.0043400000    0.0045610000       1.2375120
       1908.9710    0.0042700000    0.0044850000       1.2375430
       1909.2120    0.0042600000    0.0044760000       1.2376280
       1909.4530    0.0043200000    0.0045370000       1.2376750
       1909.6940    0.0043800000    0.0046000000       1.2376390
       1909.9360    0.0043800000    0.0046010000       1.2375990
       1910.1770    0.0043100000    0.0045240000       1.2375660
       1910.4180    0.0042600000    0.0044730000       1.2376270
       1910.6590    0.0042700000    0.0044830000       1.2376980
       1910.9000    0.0043300000    0.0045460000       1.2377390
       1911.1410    0.0043900000    0.0046060000       1.2377050
       1911.3820    0.0043800000    0.0045960000       1.2376420
       1911.6230    0.0043100000    0.0045220000       1.2376310
       1911.8640    0.0042700000    0.0044800000       1.2377060
       1912.1050    0.0043100000    0.0045220000       1.2377830
       1912.3460    0.0044000000    0.0046140000       1.2377910
       1912.5870    0.0044400000    0.0046570000       1.2377130
       1912.8280    0.0044000000    0.0046140000       1.2376500
       1913.0690    0.0043300000    0.0045380000       1.2376560
       1913.3100    0.0043100000    0.0045180000       1.2377250
       1913.5510    0.0043500000    0.0045590000       1.2377570
       1913.7920    0.0043900000    0.0046010000       1.2377320
       1914.0340    0.0043900000    0.0046020000       1.2377040
       1914.2750    0.0043300000    0.0045360000       1.2376710
       1914.5160    0.0042800000    0.0044830000       1.2377180
       1914.7570    0.0042900000    0.0044920000       1.2377880
       1914.9980    0.0043500000    0.0045540000       1.2378100
       1915.2390    0.0043900000    0.0045980000       1.2377610
       1915.4800    0.0043500000    0.0045550000       1.2376880
       1915.7210    0.0042600000    0.0044600000       1.2377040
       1915.9620    0.0042200000    0.0044160000       1.2377870
       1916.2030    0.0042600000    0.0044560000       1.2378800
       1916.4440    0.0043500000    0.0045530000       1.2378810
       1916.6850    0.0043800000    0.0045820000       1.2378070
       1916.9260    0.0043300000    0.0045310000       1.2377470
       1917.1670    0.0042500000    0.0044450000       1.2377690
       1917.4080    0.0042300000    0.0044250000       1.2378390
       1917.6500    0.0042800000    0.0044760000       1.2379200
       1917.8910    0.0043400000    0.0045380000       1.2378780
       1918.1320    0.0043200000    0.0045170000       1.2378080
       1918.3730    0.0042400000    0.0044320000       1.2377930
       1918.6140    0.0041700000    0.0043580000       1.2378620
       1918.8550    0.0041800000    0.0043670000       1.2379700
       1919.0960    0.0042600000    0.0044530000       1.2380210
       1919.3370    0.0043300000    0.0045240000       1.2379800
       1919.5780    0.0043200000    0.0045140000       1.2379130
       1919.8190    0.0042600000    0.0044480000       1.2379030
       1920.0600    0.0042300000    0.0044170000       1.2379620
       1920.3010    0.0042600000    0.0044500000       1.2380060
       1920.5420    0.0043100000    0.0045000000       1.2380000
       1920.7830    0.0043200000    0.0045110000       1.2379400
       1921.0240    0.0042600000    0.0044480000       1.2378970
       1921.2650    0.0041800000    0.0043620000       1.2379270
       1921.5060    0.0041500000    0.0043300000       1.2380160
       1921.7480    0.0042100000    0.0043930000       1.2381170
       1921.9890    0.0042800000    0.0044670000       1.2380920
       1922.2300    0.0042900000    0.0044760000       1.2380230
       1922.4710    0.0042200000    0.0044040000       1.2379980
       1922.7120    0.0041700000    0.0043490000       1.2380530
       1922.9530    0.0041800000    0.0043590000       1.2381340
       1923.1940    0.0042500000    0.0044320000       1.2381600
       1923.4350    0.0042900000    0.0044730000       1.2381150
       1923.6760    0.0042700000    0.0044520000       1.2380560
       1923.9170    0.0041900000    0.0043680000       1.2380500
       1924.1580    0.0041500000    0.0043260000       1.2381280
       1924.3990    0.0041800000    0.0043570000       1.2381880
       1924.6400    0.0042300000    0.0044080000       1.2381970
       1924.8810    0.0042500000    0.0044280000       1.2381530
       1925.1220    0.0042000000    0.0043750000       1.2381110
       1925.3640    0.0041400000    0.0043120000       1.2381840
       1925.6050    0.0041400000    0.0043110000       1.2382550
       1925.8460    0.0042000000    0.0043730000       1.2383030
       1926.0870    0.0042600000    0.0044360000       1.2382680
       1926.3280    0.0042400000    0.0044150000       1.2382030
       1926.5690    0.0041700000    0.0043420000       1.2382000
       1926.8100    0.0041200000    0.0042890000       1.2382630
       1927.0510    0.0041400000    0.0043080000       1.2383530
       1927.2920    0.0042200000    0.0043910000       1.2383790
       1927.5330    0.0042600000    0.0044320000       1.2383220
       1927.7740    0.0042200000    0.0043920000       1.2382710
       1928.0150    0.0041500000    0.0043170000       1.2382870
       1928.2560    0.0041200000    0.0042860000       1.2383660
       1928.4970    0.0041600000    0.0043260000       1.2384370
       1928.7380    0.0042300000    0.0044000000       1.2384410
       1928.9790    0.0042500000    0.0044190000       1.2383780
       1929.2200    0.0041900000    0.0043560000       1.2383400
       1929.4620    0.0041300000    0.0042930000       1.2384170
       1929.7030    0.0041300000    0.0042930000       1.2385030
       1929.9440    0.0042100000    0.0043760000       1.2385560
       1930.1850    0.0042800000    0.0044470000       1.2385180
       1930.4260    0.0042800000    0.0044470000       1.2384510
       1930.6670    0.0042100000    0.0043740000       1.2384240
       1930.9080    0.0041500000    0.0043110000       1.2384980
       1931.1490    0.0041900000    0.0043530000       1.2385880
       1931.3900    0.0042700000    0.0044330000       1.2386010
       1931.6310    0.0043200000    0.0044870000       1.2385540
       1931.8720    0.0043000000    0.0044660000       1.2384780
       1932.1130    0.0042200000    0.0043800000       1.2384770
       1932.3540    0.0041800000    0.0043390000       1.2385520
       1932.5950    0.0042200000    0.0043800000       1.2386310
       1932.8360    0.0043000000    0.0044630000       1.2386210
       1933.0780    0.0043300000    0.0044930000       1.2385900
       1933.3190    0.0042900000    0.0044510000       1.2385260
       1933.5600    0.0042200000    0.0043760000       1.2385540
       1933.8010    0.0042200000    0.0043750000       1.2386370
       1934.0420    0.0042800000    0.0044400000       1.2386790
       1934.2830    0.0043500000    0.0045100000       1.2386440
       1934.5240    0.0043400000    0.0045000000       1.2385650
       1934.7650    0.0042700000    0.0044260000       1.2385480
       1935.0060    0.0042200000    0.0043740000       1.2386070
       1935.2470    0.0042500000    0.0044050000       1.2386850
       1935.4880    0.0043300000    0.0044870000       1.2386900
       1935.7290    0.0043700000    0.0045280000       1.2386170
       1935.9700    0.0043200000    0.0044740000       1.2385430
       1936.2110    0.0042300000    0.0043830000       1.2385590
       1936.4520    0.0042000000    0.0043500000       1.2386380
       1936.6930    0.0042500000    0.0044000000       1.2387060
       1936.9340    0.0043300000    0.0044830000       1.2386710
       1937.1760    0.0043400000    0.0044920000       1.2386060
       1937.4170    0.0042500000    0.0044010000       1.2385350
       1937.6580    0.0041500000    0.0042950000       1.2385800
       1937.8990    0.0041200000    0.0042660000       1.2386830
       1938.1400    0.0041800000    0.0043260000       1.2387570
       1938.3810    0.0042500000    0.0043970000       1.2387320
       1938.6220    0.0042400000    0.0043860000       1.2386740
       1938.8630    0.0041800000    0.0043240000       1.2386570
       1939.1040    0.0041200000    0.0042610000       1.2387120
       1939.3450    0.0041400000    0.0042820000       1.2387980
       1939.5860    0.0042100000    0.0043540000       1.2388110
       1939.8270    0.0042400000    0.0043830000       1.2387550
       1940.0680    0.0041900000    0.0043310000       1.2387040
       1940.3090    0.0041100000    0.0042480000       1.2387290
       1940.5500    0.0040800000    0.0042180000       1.2388110
       1940.7920    0.0041400000    0.0042790000       1.2389080
       1941.0330    0.0042100000    0.0043490000       1.2388760
       1941.2740    0.0042100000    0.0043500000       1.2388100
       1941.5150    0.0041400000    0.0042760000       1.2387820
       1941.7560    0.0040700000    0.0042030000       1.2388430
       1941.9970    0.0040800000    0.0042140000       1.2389440
       1942.2380    0.0041600000    0.0042970000       1.2389820
       1942.4790    0.0042200000    0.0043560000       1.2389390
       1942.7200    0.0042100000    0.0043450000       1.2388680
       1942.9610    0.0041300000    0.0042620000       1.2388480
       1943.2020    0.0040700000    0.0042000000       1.2389140
       1943.4430    0.0040900000    0.0042200000       1.2390040
       1943.6840    0.0041700000    0.0043050000       1.2390190
       1943.9250    0.0042000000    0.0043320000       1.2389560
       1944.1660    0.0041600000    0.0042920000       1.2389030
       1944.4070    0.0040700000    0.0041970000       1.2389070
       1944.6480    0.0040300000    0.0041560000       1.2389960
       1944.8900    0.0040800000    0.0042060000       1.2390860
       1945.1310    0.0041300000    0.0042580000       1.2390710
       1945.3720    0.0041300000    0.0042590000       1.2390220
       1945.6130    0.0040700000    0.0041940000       1.2390110
       1945.8540    0.0040100000    0.0041340000       1.2390710
       1946.0950    0.0040200000    0.0041420000       1.2391730
       1946.3360    0.0041000000    0.0042250000       1.2392230
       1946.5770    0.0041700000    0.0042960000       1.2391950
       1946.8180    0.0041800000    0.0043060000       1.2391300
       1947.0590    0.0041200000    0.0042440000       1.2391010
       1947.3000    0.0040700000    0.0041920000       1.2391570
       1947.5410    0.0041000000    0.0042230000       1.2392260
       1947.7820    0.0041700000    0.0042940000       1.2392290
       1948.0230    0.0042000000    0.0043260000       1.2391580
       1948.2640    0.0041400000    0.0042620000       1.2390930
       1948.5050    0.0040500000    0.0041690000       1.2391080
       1948.7470    0.0040100000    0.0041270000       1.2392220
       1948.9880    0.0040500000    0.0041680000       1.2392940
       1949.2290    0.0041200000    0.0042390000       1.2392960
       1949.4700    0.0041400000    0.0042590000       1.2392450
       1949.7110    0.0040900000    0.0042070000       1.2392090
       1949.9520    0.0040300000    0.0041440000       1.2392540
       1950.1930    0.0040300000    0.0041460000       1.2393290
       1950.4340    0.0040900000    0.0042070000       1.2393730
       1950.6750    0.0041500000    0.0042660000       1.2393290
       1950.9160    0.0041200000    0.0042350000       1.2392630
       1951.1570    0.0040400000    0.0041520000       1.2392590
       1951.3980    0.0039800000    0.0040900000       1.2393380
       1951.6390    0.0040100000    0.0041220000       1.2394320
       1951.8800    0.0040900000    0.0042010000       1.2394510
       1952.1210    0.0041300000    0.0042440000       1.2393990
       1952.3620    0.0040900000    0.0042020000       1.2393310
       1952.6040    0.0040100000    0.0041200000       1.2393810
       1952.8450    0.0039900000    0.0040990000       1.2394600
       1953.0860    0.0040500000    0.0041580000       1.2395180
       1953.3270    0.0041100000    0.0042230000       1.2394940
       1953.5680    0.0041100000    0.0042180000       1.2394290
       1953.8090    0.0040400000    0.0041480000       1.2394070
       1954.0500    0.0039700000    0.0040750000       1.2394590
       1954.2910    0.0039700000    0.0040750000       1.2395640
       1954.5320    0.0040500000    0.0041570000       1.2396120
       1954.7730    0.0041100000    0.0042190000       1.2395730
       1955.0140    0.0041000000    0.0042060000       1.2395080
       1955.2550    0.0040300000    0.0041340000       1.2394970
       1955.4960    0.0039800000    0.0040820000       1.2395570
       1955.7370    0.0040000000    0.0041030000       1.2396370
       1955.9780    0.0040700000    0.0041740000       1.2396510
       1956.2190    0.0041000000    0.0042030000       1.2395900
       1956.4610    0.0040600000    0.0041630000       1.2395670
       1956.7020    0.0039800000    0.0040780000       1.2395740
       1956.9430    0.0039500000    0.0040480000       1.2396610
       1957.1840    0.0039900000    0.0040890000       1.2397240
       1957.4250    0.0040500000    0.0041490000       1.2397270
       1957.6660    0.0040600000    0.0041580000       1.2396780
       1957.9070    0.0040000000    0.0040990000       1.2396660
       1958.1480    0.0039600000    0.0040550000       1.2397260
       1958.3890    0.0039800000    0.0040780000       1.2398040
       1958.6300    0.0040600000    0.0041570000       1.2398290
       1958.8710    0.0041100000    0.0042100000       1.2397680
       1959.1120    0.0040700000    0.0041680000       1.2396900
       1959.3530    0.0039700000    0.0040650000       1.2396950
       1959.5940    0.0039200000    0.0040120000       1.2397890
       1959.8350    0.0039600000    0.0040510000       1.2398760
       1960.0760    0.0040300000    0.0041240000       1.2398800
       1960.3180    0.0040600000    0.0041550000       1.2398580
       1960.5590    0.0040200000    0.0041130000       1.2398060
       1960.8000    0.0039500000    0.0040420000       1.2398310
       1961.0410    0.0039300000    0.0040180000       1.2399160
       1961.2820    0.0039800000    0.0040720000       1.2399820
       1961.5230    0.0040500000    0.0041420000       1.2399680
       1961.7640    0.0040500000    0.0041400000       1.2399090
       1962.0050    0.0039900000    0.0040780000       1.2399000
       1962.2460    0.0039400000    0.0040270000       1.2399560
       1962.4870    0.0039600000    0.0040470000       1.2400460
       1962.7280    0.0040400000    0.0041290000       1.2400670
       1962.9690    0.0040800000    0.0041690000       1.2400170
       1963.2100    0.0040500000    0.0041380000       1.2399650
       1963.4510    0.0039800000    0.0040670000       1.2399760
       1963.6920    0.0039500000    0.0040370000       1.2400470
       1963.9330    0.0039900000    0.0040750000       1.2401050
       1964.1750    0.0040600000    0.0041460000       1.2401310
       1964.4160    0.0040800000    0.0041650000       1.2400650
       1964.6570    0.0040300000    0.0041160000       1.2400230
       1964.8980    0.0039600000    0.0040430000       1.2400570
       1965.1390    0.0039500000    0.0040340000       1.2401360
       1965.3800    0.0040000000    0.0040820000       1.2401910
       1965.6210    0.0040700000    0.0041540000       1.2401710
       1965.8620    0.0040600000    0.0041420000       1.2401000
       1966.1030    0.0039900000    0.0040700000       1.2400880
       1966.3440    0.0039300000    0.0040080000       1.2401480
       1966.5850    0.0039500000    0.0040280000       1.2402390
       1966.8260    0.0040200000    0.0040990000       1.2402600
       1967.0670    0.0040600000    0.0041400000       1.2402180
       1967.3080    0.0040300000    0.0041090000       1.2401600
       1967.5490    0.0039500000    0.0040270000       1.2401650
       1967.7900    0.0039000000    0.0039760000       1.2402460
       1968.0310    0.0039400000    0.0040170000       1.2403290
       1968.2730    0.0040200000    0.0040990000       1.2403550
       1968.5140    0.0040400000    0.0041180000       1.2402900
       1968.7550    0.0039900000    0.0040660000       1.2402480
       1968.9960    0.0039100000    0.0039830000       1.2402900
       1969.2370    0.0039000000    0.0039750000       1.2403910
       1969.4780    0.0039700000    0.0040440000       1.2404590
       1969.7190    0.0040600000    0.0041350000       1.2404400
       1969.9600    0.0040700000    0.0041450000       1.2403560
       1970.2010    0.0040000000    0.0040730000       1.2403230
       1970.4420    0.0039400000    0.0040110000       1.2403700
       1970.6830    0.0039400000    0.0040100000       1.2404410
       1970.9240    0.0039900000    0.0040600000       1.2404800
       1971.1650    0.0040300000    0.0041010000       1.2404480
       1971.4060    0.0040000000    0.0040700000       1.2404090
       1971.6470    0.0039400000    0.0040100000       1.2404130
       1971.8890    0.0039100000    0.0039780000       1.2405140
       1972.1300    0.0039600000    0.0040290000       1.2405720
       1972.3710    0.0040300000    0.0040990000       1.2405620
       1972.6120    0.0040500000    0.0041170000       1.2404950
       1972.8530    0.0039800000    0.0040470000       1.2404490
       1973.0940    0.0039000000    0.0039640000       1.2404900
       1973.3350    0.0038700000    0.0039350000       1.2405840
       1973.5760    0.0039300000    0.0039950000       1.2406650
       1973.8170    0.0040000000    0.0040670000       1.2406470
       1974.0580    0.0040000000    0.0040650000       1.2405990
       1974.2990    0.0039500000    0.0040140000       1.2405870
       1974.5400    0.0039000000    0.0039630000       1.2406400
       1974.7810    0.0039200000    0.0039830000       1.2407240
       1975.0220    0.0040000000    0.0040620000       1.2407460
       1975.2630    0.0040400000    0.0041040000       1.2406930
       1975.5040    0.0040100000    0.0040730000       1.2406300
       1975.7450    0.0039200000    0.0039780000       1.2406210
       1975.9870    0.0038700000    0.0039290000       1.2407430
       1976.2280    0.0039100000    0.0039700000       1.2408170
       1976.4690    0.0039900000    0.0040480000       1.2408380
       1976.7100    0.0040300000    0.0040900000       1.2407800
       1976.9510    0.0039800000    0.0040390000       1.2407340
       1977.1920    0.0039100000    0.0039690000       1.2407720
       1977.4330    0.0039100000    0.0039660000       1.2408610
       1977.6740    0.0039800000    0.0040370000       1.2409100
       1977.9150    0.0040500000    0.0041090000       1.2408730
       1978.1560    0.0040400000    0.0040980000       1.2407920
       1978.3970    0.0039600000    0.0040140000       1.2407700
       1978.6380    0.0038900000    0.0039440000       1.2408280
       1978.8790    0.0038900000    0.0039440000       1.2409190
       1979.1200    0.0039600000    0.0040120000       1.2409640
       1979.3610    0.0040100000    0.0040650000       1.2409160
       1979.6030    0.0039800000    0.0040350000       1.2408830
       1979.8440    0.0039000000    0.0039510000       1.2408840
       1980.0850    0.0038600000    0.0039090000       1.2409740
       1980.3260    0.0039100000    0.0039600000       1.2410580
       1980.5670    0.0039900000    0.0040400000       1.2410520
       1980.8080    0.0040000000    0.0040510000       1.2409920
       1981.0490    0.0039400000    0.0039900000       1.2409680
       1981.2900    0.0038800000    0.0039290000       1.2410230
       1981.5310    0.0038900000    0.0039390000       1.2411120
       1981.7720    0.0039600000    0.0040100000       1.2411560
       1982.0130    0.0040300000    0.0040790000       1.2411300
       1982.2540    0.0040400000    0.0040890000       1.2410570
       1982.4950    0.0039700000    0.0040170000       1.2410160
       1982.7360    0.0039000000    0.0039450000       1.2410660
       1982.9770    0.0039000000    0.0039470000       1.2411450
       1983.2180    0.0039600000    0.0040050000       1.2411740
       1983.4590    0.0039900000    0.0040340000       1.2411250
       1983.7010    0.0039500000    0.0039940000       1.2411100
       1983.9420    0.0038700000    0.0039130000       1.2411260
       1984.1830    0.0038500000    0.0038940000       1.2412210
       1984.4240    0.0039000000    0.0039450000       1.2412770
       1984.6650    0.0039600000    0.0040020000       1.2412800
       1984.9060    0.0039800000    0.0040230000       1.2412310
       1985.1470    0.0039300000    0.0039700000       1.2412010
       1985.3880    0.0038700000    0.0039110000       1.2412400
       1985.6290    0.0038600000    0.0039000000       1.2413190
       1985.8700    0.0039200000    0.0039600000       1.2413740
       1986.1110    0.0039800000    0.0040210000       1.2413420
       1986.3520    0.0039600000    0.0040010000       1.2412840
       1986.5930    0.0038900000    0.0039300000       1.2412760
       1986.8340    0.0038300000    0.0038670000       1.2413430
       1987.0750    0.0038500000    0.0038870000       1.2414320
       1987.3170    0.0039300000    0.0039680000       1.2414940
       1987.5570    0.0039700000    0.0040070000       1.2414040
       1987.7990    0.0039400000    0.0039780000       1.2413940
       1988.0400    0.0038700000    0.0039050000       1.2413950
       1988.2810    0.0038400000    0.0038750000       1.2414810
       1988.5220    0.0038900000    0.0039260000       1.2415430
       1988.7630    0.0039500000    0.0039850000       1.2415400
       1989.0040    0.0039700000    0.0040060000       1.2414890
       1989.2450    0.0039100000    0.0039430000       1.2414490
       1989.4860    0.0038400000    0.0038710000       1.2415060
       1989.7270    0.0038400000    0.0038730000       1.2415900
       1989.9680    0.0039000000    0.0039310000       1.2416440
       1990.2090    0.0039600000    0.0039920000       1.2416190
       1990.4500    0.0039500000    0.0039820000       1.2415700
       1990.6910    0.0038900000    0.0039220000       1.2415580
       1990.9320    0.0038400000    0.0038690000       1.2416270
       1991.1730    0.0038800000    0.0039090000       1.2416970
       1991.4150    0.0039500000    0.0039800000       1.2417270
       1991.6560    0.0039800000    0.0040110000       1.2416570
       1991.8970    0.0039200000    0.0039470000       1.2416020
       1992.1380    0.0038300000    0.0038570000       1.2416390
       1992.3790    0.0038000000    0.0038250000       1.2417360
       1992.6200    0.0038500000    0.0038760000       1.2418240
       1992.8610    0.0039300000    0.0039580000       1.2418260
       1993.1020    0.0039500000    0.0039770000       1.2417720
       1993.3430    0.0039000000    0.0039270000       1.2417450
       1993.5840    0.0038400000    0.0038650000       1.2417880
       1993.8250    0.0038400000    0.0038650000       1.2418810
       1994.0660    0.0039200000    0.0039440000       1.2419330
       1994.3070    0.0039900000    0.0040140000       1.2418920
       1994.5480    0.0039800000    0.0040040000       1.2418200
       1994.7890    0.0039000000    0.0039230000       1.2417910
       1995.0310    0.0038400000    0.0038610000       1.2418960
       1995.2710    0.0038600000    0.0038820000       1.2419410
       1995.5130    0.0039400000    0.0039610000       1.2420020
       1995.7540    0.0039800000    0.0040000000       1.2419370
       1995.9950    0.0039400000    0.0039590000       1.2418870
       1996.2360    0.0038600000    0.0038790000       1.2419040
       1996.4770    0.0038300000    0.0038480000       1.2419940
       1996.7180    0.0038800000    0.0039000000       1.2420630
       1996.9590    0.0039500000    0.0039670000       1.2420560
       1997.2000    0.0039600000    0.0039780000       1.2420000
       1997.4410    0.0039000000    0.0039170000       1.2419710
       1997.6820    0.0038300000    0.0038460000       1.2420210
       1997.9230    0.0038300000    0.0038480000       1.2421200
       1998.1640    0.0039100000    0.0039260000       1.2421660
       1998.4050    0.0039700000    0.0039870000       1.2421250
       1998.6460    0.0039500000    0.0039660000       1.2420590
       1998.8870    0.0038700000    0.0038850000       1.2420460
       1999.1290    0.0038200000    0.0038340000       1.2421460
       1999.3700    0.0038500000    0.0038630000       1.2422200
       1999.6110    0.0039200000    0.0039330000       1.2422390
       1999.8520    0.0039600000    0.0039730000       1.2421920
       2000.0930    0.0039200000    0.0039320000       1.2421320
       2000.3340    0.0038300000    0.0038420000       1.2421550
       2000.5750    0.0038000000    0.0038100000       1.2422450
       2000.8160    0.0038400000    0.0038510000       1.2423210
       2001.0570    0.0039100000    0.0039200000       1.2423280
       2001.2980    0.0039300000    0.0039410000       1.2422810
       2001.5390    0.0038800000    0.0038910000       1.2422470
       2001.7800    0.0038100000    0.0038200000       1.2422960
       2002.0210    0.0038200000    0.0038270000       1.2423880
       2002.2620    0.0038900000    0.0038990000       1.2424290
       2002.5030    0.0039400000    0.0039490000       1.2423750
       2002.7450    0.0039100000    0.0039170000       1.2423610
       2002.9850    0.0038400000    0.0038460000       1.2423240
       2003.2270    0.0037900000    0.0037970000       1.2424380
       2003.4680    0.0038300000    0.0038350000       1.2425190
       2003.7090    0.0039100000    0.0039150000       1.2425400
       2003.9500    0.0039600000    0.0039650000       1.2424910
       2004.1910    0.0039300000    0.0039340000       1.2424280
       2004.4320    0.0038500000    0.0038540000       1.2424350
       2004.6730    0.0038100000    0.0038120000       1.2425140
       2004.9140    0.0038500000    0.0038520000       1.2425890
       2005.1550    0.0039200000    0.0039210000       1.2425890
       2005.3960    0.0039300000    0.0039320000       1.2425290
       2005.6370    0.0038600000    0.0038620000       1.2425060
       2005.8780    0.0038000000    0.0038010000       1.2425630
       2006.1190    0.0038000000    0.0038000000       1.2426520
       2006.3600    0.0038700000    0.0038710000       1.2427020
       2006.6010    0.0039300000    0.0039280000       1.2426610
       2006.8430    0.0039200000    0.0039210000       1.2426270
       2007.0840    0.0038400000    0.0038380000       1.2426020
       2007.3250    0.0037900000    0.0037880000       1.2426810
       2007.5660    0.0038100000    0.0038080000       1.2427510
       2007.8070    0.0038700000    0.0038670000       1.2427860
       2008.0480    0.0039100000    0.0039070000       1.2427400
       2008.2890    0.0038600000    0.0038560000       1.2427010
       2008.5300    0.0037900000    0.0037880000       1.2427360
       2008.7710    0.0037700000    0.0037640000       1.2428200
       2009.0120    0.0038200000    0.0038140000       1.2428940
       2009.2530    0.0038900000    0.0038850000       1.2428860
       2009.4940    0.0038900000    0.0038840000       1.2428350
       2009.7350    0.0038300000    0.0038260000       1.2428270
       2009.9760    0.0037800000    0.0037740000       1.2428920
       2010.2170    0.0038100000    0.0038040000       1.2429810
       2010.4580    0.0038900000    0.0038810000       1.2430030
       2010.6990    0.0039400000    0.0039300000       1.2429480
       2010.9410    0.0039100000    0.0039010000       1.2429120
       2011.1820    0.0038300000    0.0038210000       1.2429060
       2011.4230    0.0037800000    0.0037710000       1.2429850
       2011.6640    0.0038200000    0.0038110000       1.2430740
       2011.9050    0.0039000000    0.0038900000       1.2430790
       2012.1460    0.0039300000    0.0039190000       1.2430240
       2012.3870    0.0038800000    0.0038690000       1.2429690
       2012.6280    0.0037900000    0.0037770000       1.2430020
       2012.8690    0.0037700000    0.0037580000       1.2430970
       2013.1100    0.0038200000    0.0038080000       1.2431540
       2013.3510    0.0038700000    0.0038560000       1.2431460
       2013.5920    0.0038700000    0.0038550000       1.2431050
       2013.8330    0.0038000000    0.0037870000       1.2430900
       2014.0740    0.0037300000    0.0037170000       1.2431630
       2014.3150    0.0037400000    0.0037270000       1.2432620
       2014.5570    0.0038200000    0.0038060000       1.2433500
       2014.7980    0.0039000000    0.0038840000       1.2433210
       2015.0390    0.0039100000    0.0038920000       1.2432630
       2015.2800    0.0038500000    0.0038340000       1.2432460
       2015.5210    0.0038100000    0.0037930000       1.2433100
       2015.7620    0.0038500000    0.0038320000       1.2433780
       2016.0030    0.0039200000    0.0039030000       1.2433760
       2016.2440    0.0039400000    0.0039210000       1.2433100
       2016.4850    0.0038700000    0.0038510000       1.2432660
       2016.7260    0.0037800000    0.0037620000       1.2433170
       2016.9670    0.0037700000    0.0037520000       1.2434240
       2017.2080    0.0038400000    0.0038200000       1.2434930
       2017.4490    0.0039200000    0.0039000000       1.2434780
       2017.6900    0.0039300000    0.0039110000       1.2434090
       2017.9310    0.0038700000    0.0038480000       1.2433760
       2018.1720    0.0038000000    0.0037800000       1.2434160
       2018.4130    0.0037900000    0.0037660000       1.2434870
       2018.6550    0.0038400000    0.0038190000       1.2435640
       2018.8960    0.0038900000    0.0038660000       1.2435260
       2019.1370    0.0038600000    0.0038360000       1.2434850
       2019.3780    0.0037900000    0.0037670000       1.2434940
       2019.6190    0.0037400000    0.0037150000       1.2435770
       2019.8600    0.0037800000    0.0037560000       1.2436680
       2020.1010    0.0038500000    0.0038240000       1.2436830
       2020.3420    0.0038800000    0.0038560000       1.2436470
       2020.5830    0.0038400000    0.0038140000       1.2436130
       2020.8240    0.0037800000    0.0037530000       1.2436540
       2021.0650    0.0037700000    0.0037430000       1.2437390
       2021.3060    0.0038400000    0.0038100000       1.2438030
       2021.5470    0.0039100000    0.0038800000       1.2437760
       2021.7880    0.0039100000    0.0038810000       1.2437130
       2022.0290    0.0038300000    0.0038000000       1.2436760
       2022.2710    0.0037600000    0.0037310000       1.2437800
       2022.5120    0.0037800000    0.0037510000       1.2438650
       2022.7530    0.0038600000    0.0038300000       1.2439090
       2022.9940    0.0039200000    0.0038870000       1.2438570
       2023.2350    0.0038800000    0.0038490000       1.2438020
       2023.4760    0.0038000000    0.0037680000       1.2438160
       2023.7170    0.0037600000    0.0037290000       1.2439130
       2023.9580    0.0038200000    0.0037870000       1.2439950
       2024.1990    0.0039000000    0.0038680000       1.2439950
       2024.4400    0.0039300000    0.0038960000       1.2439260
       2024.6810    0.0038600000    0.0038260000       1.2438810
       2024.9220    0.0037800000    0.0037450000       1.2439280
       2025.1630    0.0037600000    0.0037270000       1.2440270
       2025.4040    0.0038300000    0.0037950000       1.2441010
       2025.6450    0.0039100000    0.0038730000       1.2440740
       2025.8860    0.0039000000    0.0038620000       1.2440060
       2026.1270    0.0038200000    0.0037830000       1.2439840
       2026.3690    0.0037500000    0.0037140000       1.2440850
       2026.6100    0.0037800000    0.0037410000       1.2441850
       2026.8510    0.0038700000    0.0038330000       1.2442150
       2027.0920    0.0039200000    0.0038820000       1.2441590
       2027.3330    0.0038800000    0.0038420000       1.2441050
       2027.5740    0.0038100000    0.0037710000       1.2441220
       2027.8150    0.0037700000    0.0037320000       1.2441920
       2028.0560    0.0038000000    0.0037610000       1.2442680
       2028.2970    0.0038600000    0.0038190000       1.2442800
       2028.5380    0.0038800000    0.0038410000       1.2442440
       2028.7790    0.0038300000    0.0037890000       1.2442110
       2029.0200    0.0037600000    0.0037190000       1.2442660
       2029.2610    0.0037600000    0.0037180000       1.2443580
       2029.5020    0.0038300000    0.0037860000       1.2444240
       2029.7430    0.0039100000    0.0038680000       1.2443910
       2029.9840    0.0039000000    0.0038550000       1.2443080
       2030.2260    0.0038200000    0.0037760000       1.2443100
       2030.4670    0.0037400000    0.0036960000       1.2443680
       2030.7080    0.0037500000    0.0037060000       1.2444670
       2030.9490    0.0038100000    0.0037650000       1.2445080
       2031.1900    0.0038500000    0.0038040000       1.2444810
       2031.4310    0.0038100000    0.0037620000       1.2444520
       2031.6720    0.0037500000    0.0037040000       1.2444940
       2031.9130    0.0037300000    0.0036860000       1.2445780
       2032.1540    0.0037900000    0.0037430000       1.2446560
       2032.3950    0.0038700000    0.0038210000       1.2446460
       2032.6360    0.0038800000    0.0038320000       1.2445860
       2032.8770    0.0038100000    0.0037620000       1.2445510
       2033.1180    0.0037200000    0.0036720000       1.2446150
       2033.3590    0.0037200000    0.0036720000       1.2447330
       2033.6000    0.0038000000    0.0037500000       1.2448020
       2033.8410    0.0038800000    0.0038290000       1.2447700
       2034.0830    0.0038700000    0.0038200000       1.2447270
       2034.3240    0.0037900000    0.0037390000       1.2447190
       2034.5650    0.0037400000    0.0036900000       1.2447980
       2034.8060    0.0037600000    0.0037090000       1.2448910
       2035.0470    0.0038400000    0.0037860000       1.2449350
       2035.2880    0.0038900000    0.0038350000       1.2448940
       2035.5290    0.0038500000    0.0037960000       1.2448560
       2035.7700    0.0037800000    0.0037280000       1.2448840
       2036.0110    0.0037400000    0.0036870000       1.2449780
       2036.2520    0.0037900000    0.0037350000       1.2450830
       2036.4930    0.0038800000    0.0038260000       1.2451070
       2036.7340    0.0039200000    0.0038650000       1.2450650
       2036.9750    0.0038800000    0.0038230000       1.2450420
       2037.2160    0.0038300000    0.0037740000       1.2451020
       2037.4570    0.0038500000    0.0037930000       1.2452000
       2037.6980    0.0039400000    0.0038800000       1.2452490
       2037.9400    0.0040300000    0.0039710000       1.2452490
       2038.1810    0.0040400000    0.0039810000       1.2451650
       2038.4220    0.0039700000    0.0039090000       1.2451540
       2038.6630    0.0039300000    0.0038710000       1.2452350
       2038.9040    0.0039800000    0.0039180000       1.2453240
       2039.1450    0.0040800000    0.0040170000       1.2453490
       2039.3860    0.0041500000    0.0040850000       1.2452910
       2039.6270    0.0041300000    0.0040630000       1.2452240
       2039.8680    0.0040600000    0.0039940000       1.2452330
       2040.1090    0.0040400000    0.0039760000       1.2453160
       2040.3500    0.0041100000    0.0040430000       1.2453850
       2040.5910    0.0042100000    0.0041410000       1.2453690
       2040.8320    0.0042400000    0.0041710000       1.2452870
       2041.0730    0.0041900000    0.0041210000       1.2452340
       2041.3140    0.0041200000    0.0040500000       1.2452590
       2041.5550    0.0041200000    0.0040490000       1.2453380
       2041.7970    0.0042000000    0.0041290000       1.2454050
       2042.0380    0.0042800000    0.0042050000       1.2453530
       2042.2790    0.0042800000    0.0042050000       1.2452670
       2042.5200    0.0042100000    0.0041360000       1.2452410
       2042.7610    0.0041700000    0.0040980000       1.2452840
       2043.0020    0.0042000000    0.0041270000       1.2453330
       2043.2430    0.0042700000    0.0041940000       1.2453120
       2043.4840    0.0042800000    0.0042040000       1.2452240
       2043.7250    0.0042000000    0.0041260000       1.2451520
       2043.9660    0.0040800000    0.0040070000       1.2451660
       2044.2070    0.0040200000    0.0039460000       1.2452670
       2044.4480    0.0040600000    0.0039860000       1.2453490
       2044.6890    0.0041200000    0.0040430000       1.2453490
       2044.9300    0.0041300000    0.0040520000       1.2452980
       2045.1710    0.0040600000    0.0039850000       1.2452680
       2045.4120    0.0039900000    0.0039170000       1.2453110
       2045.6540    0.0039900000    0.0039150000       1.2454160
       2045.8950    0.0040500000    0.0039750000       1.2454460
       2046.1360    0.0040900000    0.0040140000       1.2453940
       2046.3770    0.0040400000    0.0039640000       1.2453420
       2046.6180    0.0039500000    0.0038760000       1.2453490
       2046.8590    0.0038800000    0.0038070000       1.2454340
       2047.1000    0.0039100000    0.0038320000       1.2455380
       2047.3410    0.0039900000    0.0039100000       1.2455670
       2047.5820    0.0040300000    0.0039490000       1.2455160
       2047.8230    0.0039800000    0.0038990000       1.2454620
       2048.0640    0.0038800000    0.0038030000       1.2454860
       2048.3050    0.0038400000    0.0037630000       1.2455940
       2048.5460    0.0039000000    0.0038230000       1.2456770
       2048.7870    0.0039800000    0.0038980000       1.2456700
       2049.0280    0.0039900000    0.0039080000       1.2455980
       2049.2700    0.0039200000    0.0038390000       1.2456000
       2049.5100    0.0038400000    0.0037610000       1.2456190
       2049.7510    0.0038400000    0.0037610000       1.2457130
       2049.9930    0.0039000000    0.0038200000       1.2457780
       2050.2340    0.0039500000    0.0038670000       1.2457390
       2050.4750    0.0039200000    0.0038370000       1.2456790
       2050.7160    0.0038300000    0.0037480000       1.2456810
       2050.9570    0.0037600000    0.0036800000       1.2457600
       2051.1980    0.0037800000    0.0036990000       1.2458630
       2051.4390    0.0038500000    0.0037680000       1.2458880
       2051.6800    0.0038800000    0.0037960000       1.2458470
       2051.9210    0.0038200000    0.0037370000       1.2458010
       2052.1620    0.0037200000    0.0036370000       1.2458520
       2052.4030    0.0036900000    0.0036100000       1.2459670
       2052.6440    0.0037500000    0.0036670000       1.2460640
       2052.8850    0.0038400000    0.0037540000       1.2460650
       2053.1260    0.0038500000    0.0037650000       1.2460160
       2053.3670    0.0038000000    0.0037140000       1.2459900
       2053.6090    0.0037400000    0.0036550000       1.2460720
       2053.8500    0.0037600000    0.0036750000       1.2461510
       2054.0910    0.0038300000    0.0037430000       1.2461800
       2054.3320    0.0038800000    0.0037910000       1.2461380
       2054.5730    0.0038400000    0.0037510000       1.2460730
       2054.8140    0.0037400000    0.0036540000       1.2460860
       2055.0550    0.0036800000    0.0035950000       1.2461810
       2055.2960    0.0037100000    0.0036250000       1.2462870
       2055.5370    0.0038000000    0.0037110000       1.2463150
       2055.7780    0.0038300000    0.0037410000       1.2462590
       2056.0190    0.0037700000    0.0036800000       1.2462310
       2056.2600    0.0037000000    0.0036110000       1.2462820
       2056.5010    0.0036900000    0.0036010000       1.2463810
       2056.7420    0.0037600000    0.0036700000       1.2464470
       2056.9830    0.0038300000    0.0037380000       1.2464170
       2057.2250    0.0038300000    0.0037370000       1.2463810
       2057.4660    0.0037500000    0.0036580000       1.2463520
       2057.7070    0.0036800000    0.0035900000       1.2464250
       2057.9480    0.0036900000    0.0035990000       1.2465200
       2058.1890    0.0037600000    0.0036680000       1.2465710
       2058.4300    0.0038200000    0.0037240000       1.2465360
       2058.6710    0.0037900000    0.0036950000       1.2464800
       2058.9120    0.0037000000    0.0036070000       1.2464900
       2059.1530    0.0036500000    0.0035560000       1.2465890
       2059.3940    0.0037000000    0.0036060000       1.2466820
       2059.6350    0.0037800000    0.0036830000       1.2466880
       2059.8760    0.0038000000    0.0037040000       1.2466310
       2060.1170    0.0037300000    0.0036350000       1.2465920
       2060.3580    0.0036400000    0.0035460000       1.2466460
       2060.5990    0.0036200000    0.0035260000       1.2467560
       2060.8400    0.0036800000    0.0035850000       1.2468300
       2061.0820    0.0037600000    0.0036620000       1.2468540
       2061.3230    0.0037700000    0.0036730000       1.2467900
       2061.5640    0.0037000000    0.0036040000       1.2467720
       2061.8050    0.0036300000    0.0035360000       1.2468390
       2062.0460    0.0036400000    0.0035430000       1.2469500
       2062.2870    0.0037300000    0.0036320000       1.2470070
       2062.5280    0.0038000000    0.0036980000       1.2469610
       2062.7690    0.0037700000    0.0036680000       1.2469020
       2063.0100    0.0036800000    0.0035830000       1.2469100
       2063.2510    0.0036300000    0.0035320000       1.2470060
       2063.4920    0.0036800000    0.0035790000       1.2471020
       2063.7330    0.0037600000    0.0036590000       1.2471140
       2063.9740    0.0037900000    0.0036850000       1.2470650
       2064.2150    0.0037400000    0.0036360000       1.2470310
       2064.4560    0.0036600000    0.0035590000       1.2470650
       2064.6980    0.0036500000    0.0035480000       1.2472020
       2064.9380    0.0037200000    0.0036180000       1.2472360
       2065.1790    0.0038000000    0.0036940000       1.2472170
       2065.4210    0.0038000000    0.0036930000       1.2471700
       2065.6620    0.0037200000    0.0036140000       1.2471450
       2065.9030    0.0036500000    0.0035460000       1.2472080
       2066.1440    0.0036500000    0.0035450000       1.2473110
       2066.3850    0.0037300000    0.0036260000       1.2473660
       2066.6260    0.0037900000    0.0036820000       1.2473200
       2066.8670    0.0037500000    0.0036430000       1.2472690
       2067.1080    0.0036700000    0.0035630000       1.2472900
       2067.3490    0.0036300000    0.0035250000       1.2473830
       2067.5900    0.0036800000    0.0035720000       1.2474640
       2067.8310    0.0037500000    0.0036410000       1.2474720
       2068.0720    0.0037800000    0.0036690000       1.2474220
       2068.3130    0.0037200000    0.0036100000       1.2473750
       2068.5540    0.0036300000    0.0035220000       1.2474170
       2068.7950    0.0036000000    0.0034930000       1.2475080
       2069.0370    0.0036500000    0.0035410000       1.2476130
       2069.2780    0.0037200000    0.0036100000       1.2476080
       2069.5190    0.0037300000    0.0036180000       1.2475600
       2069.7600    0.0036600000    0.0035500000       1.2475470
       2070.0010    0.0036000000    0.0034920000       1.2476210
       2070.2420    0.0036200000    0.0035110000       1.2477130
       2070.4830    0.0036900000    0.0035790000       1.2477520
       2070.7240    0.0037400000    0.0036250000       1.2477160
       2070.9650    0.0037000000    0.0035860000       1.2476670
       2071.2060    0.0036100000    0.0034990000       1.2476950
       2071.4470    0.0035700000    0.0034610000       1.2478010
       2071.6880    0.0036300000    0.0035180000       1.2478990
       2071.9290    0.0037300000    0.0036130000       1.2479040
       2072.1700    0.0037600000    0.0036430000       1.2478350
       2072.4110    0.0036900000    0.0035760000       1.2477750
       2072.6530    0.0035900000    0.0034780000       1.2478450
       2072.8940    0.0035700000    0.0034580000       1.2479530
       2073.1350    0.0036400000    0.0035260000       1.2480260
       2073.3760    0.0037100000    0.0035930000       1.2480120
       2073.6170    0.0037100000    0.0035910000       1.2479580
       2073.8580    0.0036300000    0.0035130000       1.2479460
       2074.0990    0.0035600000    0.0034460000       1.2480260
       2074.3400    0.0035800000    0.0034650000       1.2481310
       2074.5810    0.0036600000    0.0035430000       1.2481750
       2074.8220    0.0037100000    0.0035910000       1.2481370
       2075.0630    0.0036800000    0.0035600000       1.2480930
       2075.3040    0.0036000000    0.0034830000       1.2481050
       2075.5450    0.0035500000    0.0034330000       1.2481990
       2075.7860    0.0035900000    0.0034740000       1.2482920
       2076.0270    0.0036700000    0.0035490000       1.2483130
       2076.2680    0.0037000000    0.0035770000       1.2482550
       2076.5100    0.0036400000    0.0035190000       1.2482610
       2076.7500    0.0035700000    0.0034520000       1.2482720
       2076.9920    0.0035600000    0.0034410000       1.2484070
       2077.2330    0.0036400000    0.0035180000       1.2484640
       2077.4740    0.0037100000    0.0035840000       1.2484380
       2077.7150    0.0037000000    0.0035750000       1.2483800
       2077.9560    0.0036200000    0.0034970000       1.2483730
       2078.1970    0.0035600000    0.0034390000       1.2484470
       2078.4380    0.0035700000    0.0034490000       1.2485430
       2078.6790    0.0036500000    0.0035260000       1.2485900
       2078.9200    0.0037000000    0.0035740000       1.2485470
       2079.1610    0.0036600000    0.0035360000       1.2484990
       2079.4020    0.0035700000    0.0034490000       1.2485200
       2079.6430    0.0035300000    0.0034070000       1.2486180
       2079.8840    0.0035700000    0.0034460000       1.2487130
       2080.1250    0.0036600000    0.0035330000       1.2487320
       2080.3660    0.0036800000    0.0035530000       1.2486720
       2080.6070    0.0036200000    0.0034920000       1.2486430
       2080.8490    0.0035500000    0.0034250000       1.2487150
       2081.0900    0.0035400000    0.0034160000       1.2488050
       2081.3310    0.0036100000    0.0034820000       1.2488700
       2081.5720    0.0036800000    0.0035500000       1.2488450
       2081.8130    0.0036600000    0.0035290000       1.2487840
       2082.0540    0.0035800000    0.0034510000       1.2487860
       2082.2950    0.0035100000    0.0033840000       1.2488620
       2082.5360    0.0035300000    0.0034030000       1.2489740
       2082.7770    0.0036100000    0.0034810000       1.2490110
       2083.0180    0.0036600000    0.0035290000       1.2489800
       2083.2590    0.0036300000    0.0035000000       1.2489240
       2083.5000    0.0035400000    0.0034110000       1.2489450
       2083.7410    0.0035000000    0.0033730000       1.2490360
       2083.9820    0.0035400000    0.0034100000       1.2491220
       2084.2230    0.0036100000    0.0034790000       1.2491220
       2084.4650    0.0036200000    0.0034850000       1.2490990
       2084.7060    0.0035500000    0.0034200000       1.2490770
       2084.9470    0.0034800000    0.0033520000       1.2491410
       2085.1880    0.0034800000    0.0033510000       1.2492430
       2085.4290    0.0035500000    0.0034190000       1.2493040
       2085.6700    0.0036100000    0.0034750000       1.2492820
       2085.9110    0.0035900000    0.0034560000       1.2492360
       2086.1520    0.0035100000    0.0033770000       1.2492450
       2086.3930    0.0034600000    0.0033300000       1.2493400
       2086.6340    0.0035000000    0.0033690000       1.2494300
       2086.8750    0.0035800000    0.0034430000       1.2494540
       2087.1160    0.0036200000    0.0034810000       1.2494080
       2087.3570    0.0035700000    0.0034350000       1.2493560
       2087.5980    0.0034700000    0.0033360000       1.2493790
       2087.8390    0.0034200000    0.0032890000       1.2494820
       2088.0810    0.0034700000    0.0033360000       1.2495940
       2088.3220    0.0035400000    0.0034020000       1.2495980
       2088.5630    0.0035500000    0.0034130000       1.2495510
       2088.8040    0.0034700000    0.0033360000       1.2495340
       2089.0450    0.0033900000    0.0032580000       1.2496120
       2089.2860    0.0033900000    0.0032580000       1.2497290
       2089.5270    0.0034600000    0.0033240000       1.2498030
       2089.7680    0.0035300000    0.0033930000       1.2498000
       2090.0090    0.0035300000    0.0033910000       1.2497550
       2090.2500    0.0034600000    0.0033240000       1.2497620
       2090.4910    0.0034100000    0.0032770000       1.2498420
       2090.7320    0.0034400000    0.0033040000       1.2499400
       2090.9730    0.0035200000    0.0033800000       1.2499730
       2091.2140    0.0035600000    0.0034180000       1.2499380
       2091.4550    0.0035200000    0.0033800000       1.2499020
       2091.6960    0.0034400000    0.0033020000       1.2499320
       2091.9380    0.0034200000    0.0032820000       1.2500640
       2092.1780    0.0034800000    0.0033400000       1.2501050
       2092.4200    0.0035600000    0.0034160000       1.2501290
       2092.6610    0.0035600000    0.0034140000       1.2500670
       2092.9020    0.0034900000    0.0033490000       1.2500560
       2093.1430    0.0034100000    0.0032720000       1.2501190
       2093.3840    0.0034100000    0.0032720000       1.2502380
       2093.6250    0.0034900000    0.0033500000       1.2503020
       2093.8660    0.0035600000    0.0034150000       1.2502830
       2094.1070    0.0035500000    0.0034040000       1.2502270
       2094.3480    0.0034600000    0.0033170000       1.2502310
       2094.5890    0.0034000000    0.0032580000       1.2503310
       2094.8300    0.0034400000    0.0032970000       1.2504510
       2095.0710    0.0035500000    0.0034040000       1.2504860
       2095.3120    0.0036100000    0.0034600000       1.2504240
       2095.5530    0.0035700000    0.0034190000       1.2503600
       2095.7940    0.0034700000    0.0033230000       1.2503750
       2096.0350    0.0034200000    0.0032760000       1.2504660
       2096.2770    0.0034600000    0.0033130000       1.2505730
       2096.5180    0.0035200000    0.0033720000       1.2505820
       2096.7590    0.0035300000    0.0033800000       1.2505480
       2097.0000    0.0034700000    0.0033230000       1.2505440
       2097.2410    0.0034100000    0.0032630000       1.2506110
       2097.4820    0.0034200000    0.0032730000       1.2507210
       2097.7230    0.0035100000    0.0033600000       1.2507720
       2097.9640    0.0035700000    0.0034190000       1.2507300
       2098.2050    0.0035400000    0.0033880000       1.2506690
       2098.4460    0.0034400000    0.0032920000       1.2506750
       2098.6870    0.0033700000    0.0032260000       1.2507730
       2098.9280    0.0034000000    0.0032530000       1.2508840
       2099.1690    0.0034800000    0.0033290000       1.2509270
       2099.4100    0.0035300000    0.0033770000       1.2508910
       2099.6510    0.0034800000    0.0033290000       1.2508410
       2099.8930    0.0034000000    0.0032520000       1.2509060
       2100.1340    0.0033700000    0.0032240000       1.2509930
       2100.3750    0.0034200000    0.0032700000       1.2510840
       2100.6160    0.0035000000    0.0033480000       1.2510900
       2100.8570    0.0035100000    0.0033560000       1.2510390
       2101.0980    0.0034400000    0.0032870000       1.2510220
       2101.3390    0.0033600000    0.0032100000       1.2510920
       2101.5800    0.0033600000    0.0032100000       1.2512090
       2101.8210    0.0034400000    0.0032870000       1.2512760
       2102.0620    0.0035100000    0.0033520000       1.2512500
       2102.3030    0.0034800000    0.0033240000       1.2511980
       2102.5440    0.0033900000    0.0032380000       1.2512190
       2102.7850    0.0033400000    0.0031890000       1.2513220
       2103.0260    0.0033900000    0.0032380000       1.2514340
       2103.2670    0.0034900000    0.0033330000       1.2514410
       2103.5090    0.0035200000    0.0033590000       1.2514100
       2103.7500    0.0034700000    0.0033130000       1.2513740
       2103.9900    0.0033800000    0.0032270000       1.2513740
       2104.2320    0.0033400000    0.0031890000       1.2515090
       2104.4730    0.0033900000    0.0032350000       1.2515940
       2104.7140    0.0034700000    0.0033130000       1.2516070
       2104.9550    0.0034800000    0.0033190000       1.2515550
       2105.1960    0.0034100000    0.0032520000       1.2515510
       2105.4370    0.0033400000    0.0031870000       1.2516200
       2105.6780    0.0033500000    0.0031950000       1.2517320
       2105.9190    0.0034300000    0.0032710000       1.2517830
       2106.1600    0.0034800000    0.0033190000       1.2517570
       2106.4010    0.0034500000    0.0032910000       1.2517170
       2106.6420    0.0033700000    0.0032150000       1.2517410
       2106.8830    0.0033300000    0.0031750000       1.2518350
       2107.1240    0.0033700000    0.0032140000       1.2519280
       2107.3650    0.0034500000    0.0032880000       1.2519500
       2107.6060    0.0034800000    0.0033180000       1.2518980
       2107.8480    0.0034200000    0.0032610000       1.2518810
       2108.0890    0.0033300000    0.0031710000       1.2519230
       2108.3300    0.0033000000    0.0031440000       1.2520350
       2108.5710    0.0033600000    0.0032000000       1.2521310
       2108.8120    0.0034500000    0.0032870000       1.2521350
       2109.0530    0.0034600000    0.0032950000       1.2520730
       2109.2940    0.0033800000    0.0032170000       1.2520580
       2109.5350    0.0033000000    0.0031420000       1.2521310
       2109.7760    0.0033000000    0.0031400000       1.2522460
       2110.0170    0.0033800000    0.0032170000       1.2523120
       2110.2580    0.0034400000    0.0032740000       1.2522840
       2110.4990    0.0034100000    0.0032460000       1.2522420
       2110.7400    0.0033300000    0.0031680000       1.2522590
       2110.9810    0.0032800000    0.0031210000       1.2523470
       2111.2220    0.0033000000    0.0031400000       1.2524390
       2111.4630    0.0033700000    0.0032040000       1.2524740
       2111.7050    0.0034000000    0.0032350000       1.2524610
       2111.9460    0.0033400000    0.0031780000       1.2524310
       2112.1870    0.0032600000    0.0030980000       1.2524930
       2112.4280    0.0032500000    0.0030890000       1.2526130
       2112.6690    0.0033200000    0.0031580000       1.2526910
       2112.9100    0.0034000000    0.0032340000       1.2526880
       2113.1510    0.0034000000    0.0032320000       1.2526260
       2113.3920    0.0033100000    0.0031460000       1.2526310
       2113.6330    0.0032500000    0.0030890000       1.2527130
       2113.8740    0.0032600000    0.0030970000       1.2528270
       2114.1150    0.0033500000    0.0031830000       1.2528810
       2114.3560    0.0034000000    0.0032300000       1.2528460
       2114.5970    0.0033700000    0.0032020000       1.2528010
       2114.8380    0.0032700000    0.0031050000       1.2528150
       2115.0790    0.0032100000    0.0030490000       1.2529220
       2115.3210    0.0032500000    0.0030860000       1.2530520
       2115.5620    0.0033400000    0.0031710000       1.2530920
       2115.8020    0.0033800000    0.0032080000       1.2530160
       2116.0440    0.0033200000    0.0031520000       1.2530180
       2116.2850    0.0032400000    0.0030750000       1.2530570
       2116.5260    0.0032100000    0.0030450000       1.2531690
       2116.7670    0.0032700000    0.0031030000       1.2532610
       2117.0080    0.0033500000    0.0031780000       1.2532660
       2117.2490    0.0033500000    0.0031790000       1.2532200
       2117.4900    0.0032800000    0.0031110000       1.2532250
       2117.7310    0.0032200000    0.0030560000       1.2532970
       2117.9720    0.0032300000    0.0030630000       1.2534040
       2118.2130    0.0033100000    0.0031400000       1.2534540
       2118.4540    0.0033500000    0.0031770000       1.2534220
       2118.6950    0.0033100000    0.0031370000       1.2533840
       2118.9370    0.0032200000    0.0030510000       1.2534490
       2119.1770    0.0031800000    0.0030140000       1.2535370
       2119.4180    0.0032400000    0.0030700000       1.2536440
       2119.6600    0.0033400000    0.0031650000       1.2536770
       2119.9010    0.0033600000    0.0031840000       1.2536090
       2120.1420    0.0032900000    0.0031160000       1.2535810
       2120.3830    0.0031900000    0.0030220000       1.2536380
       2120.6240    0.0031700000    0.0030030000       1.2537630
       2120.8650    0.0032300000    0.0030600000       1.2538490
       2121.1060    0.0033100000    0.0031330000       1.2538620
       2121.3470    0.0033100000    0.0031340000       1.2538130
       2121.5880    0.0032300000    0.0030590000       1.2538260
       2121.8290    0.0031800000    0.0030120000       1.2539100
       2122.0700    0.0032000000    0.0030290000       1.2540130
       2122.3110    0.0032800000    0.0031040000       1.2540620
       2122.5520    0.0033300000    0.0031520000       1.2540310
       2122.7930    0.0032900000    0.0031140000       1.2539850
       2123.0340    0.0031900000    0.0030200000       1.2540080
       2123.2760    0.0031400000    0.0029690000       1.2541400
       2123.5170    0.0031800000    0.0030080000       1.2542520
       2123.7580    0.0032800000    0.0031030000       1.2542880
       2123.9990    0.0033200000    0.0031400000       1.2542380
       2124.2400    0.0032600000    0.0030830000       1.2542090
       2124.4810    0.0031800000    0.0030070000       1.2542610
       2124.7220    0.0031600000    0.0029870000       1.2543660
       2124.9630    0.0032200000    0.0030420000       1.2544450
       2125.2040    0.0032800000    0.0031000000       1.2544430
       2125.4450    0.0032700000    0.0030910000       1.2544040
       2125.6860    0.0031800000    0.0030060000       1.2544090
       2125.9270    0.0031100000    0.0029380000       1.2545140
       2126.1680    0.0031400000    0.0029670000       1.2546390
       2126.4090    0.0032400000    0.0030600000       1.2546910
       2126.6500    0.0033000000    0.0031170000       1.2546450
       2126.8910    0.0032500000    0.0030690000       1.2545840
       2127.1330    0.0031400000    0.0029660000       1.2546340
       2127.3740    0.0030800000    0.0029080000       1.2547460
       2127.6150    0.0031200000    0.0029470000       1.2548660
       2127.8560    0.0032100000    0.0030300000       1.2549090
       2128.0970    0.0032500000    0.0030690000       1.2548720
       2128.3380    0.0031900000    0.0030110000       1.2548490
       2128.5790    0.0031100000    0.0029370000       1.2549150
       2128.8200    0.0031000000    0.0029250000       1.2550300
       2129.0610    0.0031700000    0.0029920000       1.2551210
       2129.3020    0.0032600000    0.0030760000       1.2551180
       2129.5430    0.0032600000    0.0030770000       1.2550630
       2129.7840    0.0031800000    0.0030010000       1.2550540
       2130.0250    0.0031000000    0.0029230000       1.2551360
       2130.2660    0.0031100000    0.0029330000       1.2552610
       2130.5070    0.0032000000    0.0030160000       1.2553150
       2130.7490    0.0032600000    0.0030730000       1.2553040
       2130.9900    0.0032200000    0.0030360000       1.2552600
       2131.2300    0.0031300000    0.0029510000       1.2552610
       2131.4720    0.0030800000    0.0029030000       1.2553950
       2131.7130    0.0031300000    0.0029510000       1.2554910
       2131.9540    0.0032100000    0.0030240000       1.2555060
       2132.1950    0.0032200000    0.0030340000       1.2554630
       2132.4360    0.0031400000    0.0029590000       1.2554550
       2132.6770    0.0030700000    0.0028930000       1.2555370
       2132.9180    0.0030700000    0.0028930000       1.2556430
       2133.1590    0.0031400000    0.0029590000       1.2557170
       2133.4000    0.0032100000    0.0030230000       1.2556950
       2133.6410    0.0031800000    0.0029930000       1.2556430
       2133.8820    0.0030800000    0.0028990000       1.2556560
       2134.1230    0.0030000000    0.0028240000       1.2557520
       2134.3650    0.0030200000    0.0028440000       1.2559060
       2134.6050    0.0031100000    0.0029260000       1.2559320
       2134.8460    0.0031500000    0.0029660000       1.2559000
       2135.0880    0.0031000000    0.0029170000       1.2558850
       2135.3290    0.0030000000    0.0028210000       1.2559250
       2135.5700    0.0029600000    0.0027850000       1.2560480
       2135.8110    0.0030100000    0.0028330000       1.2561480
       2136.0520    0.0030900000    0.0029060000       1.2561710
       2136.2930    0.0031000000    0.0029140000       1.2561330
       2136.5340    0.0030300000    0.0028510000       1.2561260
       2136.7750    0.0029400000    0.0027650000       1.2561890
       2137.0160    0.0029200000    0.0027470000       1.2563250
       2137.2570    0.0030000000    0.0028210000       1.2564050
       2137.4980    0.0030600000    0.0028750000       1.2563990
       2137.7390    0.0030400000    0.0028570000       1.2563620
       2137.9800    0.0029400000    0.0027640000       1.2563780
       2138.2210    0.0028700000    0.0026960000       1.2564920
       2138.4620    0.0029000000    0.0027250000       1.2566110
       2138.7040    0.0029800000    0.0028010000       1.2566790
       2138.9450    0.0030200000    0.0028360000       1.2566480
       2139.1860    0.0029600000    0.0027820000       1.2566250
       2139.4270    0.0028700000    0.0026940000       1.2566850
       2139.6680    0.0028300000    0.0026580000       1.2568090
       2139.9090    0.0028800000    0.0027040000       1.2569240
       2140.1500    0.0029600000    0.0027790000       1.2569630
       2140.3910    0.0029900000    0.0028070000       1.2569410
       2140.6320    0.0029300000    0.0027510000       1.2569300
       2140.8730    0.0028500000    0.0026740000       1.2570100
       2141.1140    0.0028500000    0.0026740000       1.2571430
       2141.3550    0.0029400000    0.0027600000       1.2572300
       2141.5960    0.0030200000    0.0028340000       1.2572100
       2141.8370    0.0030000000    0.0028130000       1.2571660
       2142.0780    0.0029100000    0.0027290000       1.2571800
       2142.3190    0.0028400000    0.0026640000       1.2572790
       2142.5610    0.0028700000    0.0026910000       1.2574150
       2142.8020    0.0029400000    0.0027590000       1.2574590
       2143.0430    0.0029800000    0.0027940000       1.2574430
       2143.2840    0.0029300000    0.0027480000       1.2574280
       2143.5250    0.0028500000    0.0026720000       1.2574890
       2143.7660    0.0028300000    0.0026530000       1.2576100
       2144.0070    0.0028900000    0.0027100000       1.2577040
       2144.2480    0.0029700000    0.0027820000       1.2577220
       2144.4890    0.0029800000    0.0027930000       1.2576790
       2144.7300    0.0028900000    0.0027080000       1.2576710
       2144.9710    0.0028000000    0.0026220000       1.2577680
       2145.2120    0.0028000000    0.0026220000       1.2579100
       2145.4530    0.0028900000    0.0027080000       1.2580000
       2145.6940    0.0029700000    0.0027820000       1.2579830
       2145.9350    0.0029400000    0.0027540000       1.2579330
       2146.1770    0.0028400000    0.0026610000       1.2579820
       2146.4170    0.0027700000    0.0025940000       1.2580830
       2146.6580    0.0028200000    0.0026400000       1.2582170
       2146.9000    0.0029100000    0.0027220000       1.2582810
       2147.1410    0.0029600000    0.0027690000       1.2582570
       2147.3820    0.0029100000    0.0027250000       1.2582230
       2147.6230    0.0028100000    0.0026300000       1.2582860
       2147.8640    0.0027900000    0.0026120000       1.2584240
       2148.1050    0.0028700000    0.0026860000       1.2585250
       2148.3460    0.0029600000    0.0027690000       1.2585290
       2148.5870    0.0029600000    0.0027700000       1.2584790
       2148.8280    0.0028700000    0.0026840000       1.2584810
       2149.0690    0.0027900000    0.0026090000       1.2585800
       2149.3100    0.0028000000    0.0026190000       1.2587130
       2149.5510    0.0028900000    0.0027020000       1.2587860
       2149.7920    0.0029500000    0.0027580000       1.2587670
       2150.0330    0.0029200000    0.0027310000       1.2587300
       2150.2740    0.0028200000    0.0026350000       1.2587460
       2150.5160    0.0027500000    0.0025690000       1.2588830
       2150.7570    0.0027700000    0.0025880000       1.2590070
       2150.9980    0.0028600000    0.0026710000       1.2590860
       2151.2390    0.0029200000    0.0027300000       1.2590610
       2151.4800    0.0028700000    0.0026810000       1.2590380
       2151.7210    0.0027900000    0.0026060000       1.2590980
       2151.9620    0.0027600000    0.0025770000       1.2592170
       2152.2030    0.0028200000    0.0026320000       1.2593250
       2152.4440    0.0029000000    0.0027090000       1.2593420
       2152.6850    0.0029000000    0.0027070000       1.2593070
       2152.9260    0.0028200000    0.0026330000       1.2593230
       2153.1670    0.0027500000    0.0025660000       1.2594220
       2153.4080    0.0027700000    0.0025860000       1.2595570
       2153.6490    0.0028600000    0.0026700000       1.2596190
       2153.8900    0.0029100000    0.0027150000       1.2596000
       2154.1320    0.0028800000    0.0026880000       1.2595940
       2154.3730    0.0027900000    0.0026030000       1.2596270
       2154.6140    0.0027500000    0.0025650000       1.2597520
       2154.8550    0.0028000000    0.0026120000       1.2598620
       2155.0960    0.0028900000    0.0026940000       1.2599060
       2155.3370    0.0029300000    0.0027340000       1.2598660
       2155.5780    0.0028600000    0.0026680000       1.2598400
       2155.8190    0.0027700000    0.0025840000       1.2599060
       2156.0600    0.0027400000    0.0025550000       1.2600230
       2156.3010    0.0027900000    0.0026000000       1.2601180
       2156.5420    0.0028400000    0.0026480000       1.2601360
       2156.7830    0.0028200000    0.0026280000       1.2601250
       2157.0240    0.0027400000    0.0025530000       1.2601690
       2157.2650    0.0026900000    0.0025070000       1.2602840
       2157.5060    0.0027200000    0.0025340000       1.2604160
       2157.7470    0.0028200000    0.0026280000       1.2604770
       2157.9890    0.0028800000    0.0026820000       1.2604740
       2158.2290    0.0028400000    0.0026450000       1.2604130
       2158.4710    0.0027400000    0.0025510000       1.2604750
       2158.7120    0.0026800000    0.0024960000       1.2606000
       2158.9530    0.0027300000    0.0025420000       1.2607340
       2159.1940    0.0028300000    0.0026350000       1.2607780
       2159.4350    0.0028600000    0.0026630000       1.2607450
       2159.6760    0.0028000000    0.0026050000       1.2607360
       2159.9170    0.0027100000    0.0025210000       1.2608150
       2160.1580    0.0027100000    0.0025240000       1.2609550
       2160.3990    0.0027900000    0.0025970000       1.2610310
       2160.6400    0.0028600000    0.0026610000       1.2610370
       2160.8810    0.0028500000    0.0026520000       1.2609870
       2161.1220    0.0027400000    0.0025500000       1.2609980
       2161.3630    0.0026500000    0.0024640000       1.2611090
       2161.6040    0.0026500000    0.0024650000       1.2612630
       2161.8450    0.0027400000    0.0025480000       1.2613550
       2162.0860    0.0028100000    0.0026120000       1.2613540
       2162.3280    0.0028000000    0.0026020000       1.2613440
       2162.5690    0.0027100000    0.0025190000       1.2613680
       2162.8100    0.0026600000    0.0024730000       1.2614860
       2163.0510    0.0027000000    0.0025090000       1.2616000
       2163.2920    0.0027800000    0.0025830000       1.2616450
       2163.5330    0.0028000000    0.0026040000       1.2616140
       2163.7740    0.0027200000    0.0025270000       1.2616090
       2164.0150    0.0026200000    0.0024340000       1.2617040
       2164.2560    0.0026100000    0.0024250000       1.2618610
       2164.4970    0.0027000000    0.0025080000       1.2619670
       2164.7380    0.0027900000    0.0025890000       1.2619770
       2164.9790    0.0027900000    0.0025900000       1.2619370
       2165.2200    0.0027000000    0.0025070000       1.2619470
       2165.4610    0.0026200000    0.0024330000       1.2620490
       2165.7020    0.0026300000    0.0024410000       1.2621810
       2165.9440    0.0027100000    0.0025160000       1.2622720
       2166.1850    0.0027600000    0.0025610000       1.2622650
       2166.4260    0.0027300000    0.0025340000       1.2622450
       2166.6670    0.0026300000    0.0024420000       1.2622910
       2166.9080    0.0025900000    0.0024020000       1.2624210
       2167.1490    0.0026300000    0.0024400000       1.2625380
       2167.3900    0.0027100000    0.0025140000       1.2625820
       2167.6310    0.0027200000    0.0025230000       1.2625610
       2167.8720    0.0026500000    0.0024590000       1.2625730
       2168.1130    0.0025600000    0.0023750000       1.2626640
       2168.3540    0.0025600000    0.0023740000       1.2628170
       2168.5950    0.0026400000    0.0024490000       1.2629110
       2168.8360    0.0027200000    0.0025220000       1.2629240
       2169.0770    0.0027100000    0.0025120000       1.2628830
       2169.3180    0.0026100000    0.0024170000       1.2629010
       2169.5600    0.0025200000    0.0023370000       1.2630350
       2169.8010    0.0025400000    0.0023520000       1.2631930
       2170.0420    0.0026500000    0.0024550000       1.2632780
       2170.2830    0.0027200000    0.0025190000       1.2632550
       2170.5240    0.0026700000    0.0024730000       1.2632210
       2170.7650    0.0025600000    0.0023720000       1.2632790
       2171.0060    0.0025100000    0.0023250000       1.2634250
       2171.2470    0.0025800000    0.0023890000       1.2635620
       2171.4880    0.0026800000    0.0024820000       1.2635890
       2171.7290    0.0027000000    0.0025000000       1.2635470
       2171.9700    0.0026000000    0.0024090000       1.2635330
       2172.2110    0.0024900000    0.0023050000       1.2636380
       2172.4520    0.0024700000    0.0022870000       1.2637960
       2172.6930    0.0025500000    0.0023600000       1.2639200
       2172.9340    0.0026400000    0.0024430000       1.2639350
       2173.1750    0.0026300000    0.0024330000       1.2638970
       2173.4170    0.0025300000    0.0023410000       1.2639440
       2173.6570    0.0024500000    0.0022670000       1.2640450
       2173.8990    0.0024700000    0.0022850000       1.2642190
       2174.1400    0.0025700000    0.0023770000       1.2643050
       2174.3810    0.0026400000    0.0024400000       1.2642910
       2174.6220    0.0026000000    0.0024040000       1.2642690
       2174.8630    0.0025000000    0.0023120000       1.2643140
       2175.1040    0.0024400000    0.0022560000       1.2644550
       2175.3450    0.0024900000    0.0023030000       1.2645860
       2175.5860    0.0025700000    0.0023750000       1.2646360
       2175.8270    0.0025900000    0.0023940000       1.2646240
       2176.0680    0.0025200000    0.0023300000       1.2646340
       2176.3090    0.0024300000    0.0022470000       1.2647260
       2176.5500    0.0024200000    0.0022360000       1.2648820
       2176.7910    0.0025000000    0.0023110000       1.2649840
       2177.0320    0.0025700000    0.0023720000       1.2650030
       2177.2730    0.0025600000    0.0023640000       1.2649830
       2177.5140    0.0024600000    0.0022730000       1.2650100
       2177.7560    0.0023900000    0.0022070000       1.2651570
       2177.9970    0.0024200000    0.0022340000       1.2652960
       2178.2380    0.0025000000    0.0023080000       1.2653690
       2178.4790    0.0025400000    0.0023460000       1.2653720
       2178.7200    0.0024900000    0.0022980000       1.2653720
       2178.9610    0.0024000000    0.0022150000       1.2654580
       2179.2020    0.0023800000    0.0021950000       1.2656040
       2179.4430    0.0024400000    0.0022530000       1.2657280
       2179.6840    0.0025300000    0.0023340000       1.2657710
       2179.9250    0.0025500000    0.0023550000       1.2657500
       2180.1660    0.0024700000    0.0022790000       1.2657510
       2180.4070    0.0023700000    0.0021870000       1.2658590
       2180.6480    0.0023600000    0.0021760000       1.2660220
       2180.8890    0.0024500000    0.0022590000       1.2661500
       2181.1300    0.0025500000    0.0023510000       1.2661570
       2181.3720    0.0025400000    0.0023410000       1.2661390
       2181.6130    0.0024400000    0.0022510000       1.2661630
       2181.8540    0.0023700000    0.0021830000       1.2662970
       2182.0950    0.0024100000    0.0022220000       1.2664420
       2182.3360    0.0025000000    0.0023050000       1.2665010
       2182.5770    0.0025300000    0.0023330000       1.2664830
       2182.8180    0.0024600000    0.0022660000       1.2664790
       2183.0590    0.0023500000    0.0021640000       1.2665640
       2183.3000    0.0023000000    0.0021200000       1.2667280
       2183.5410    0.0023600000    0.0021750000       1.2668820
       2183.7820    0.0024700000    0.0022750000       1.2669470
       2184.0230    0.0025100000    0.0023120000       1.2669230
       2184.2640    0.0024400000    0.0022460000       1.2669250
       2184.5050    0.0023500000    0.0021630000       1.2670220
       2184.7460    0.0023400000    0.0021550000       1.2671670
       2184.9880    0.0024100000    0.0022180000       1.2672840
       2185.2290    0.0024700000    0.0022730000       1.2673170
       2185.4690    0.0024600000    0.0022650000       1.2672890
       2185.7110    0.0023700000    0.0021810000       1.2673530
       2185.9520    0.0023100000    0.0021250000       1.2674810
       2186.1930    0.0023400000    0.0021510000       1.2676250
       2186.4340    0.0024200000    0.0022260000       1.2677070
       2186.6750    0.0024700000    0.0022730000       1.2677100
       2186.9160    0.0024200000    0.0022250000       1.2677030
       2187.1570    0.0023200000    0.0021330000       1.2677840
       2187.3980    0.0022800000    0.0020980000       1.2679330
       2187.6390    0.0023300000    0.0021430000       1.2680720
       2187.8800    0.0024200000    0.0022240000       1.2681310
       2188.1210    0.0024400000    0.0022420000       1.2681180
       2188.3620    0.0023500000    0.0021600000       1.2681380
       2188.6030    0.0022600000    0.0020760000       1.2682720
       2188.8440    0.0022800000    0.0020960000       1.2684430
       2189.0850    0.0023800000    0.0021870000       1.2685440
       2189.3270    0.0024700000    0.0022690000       1.2685650
       2189.5680    0.0024400000    0.0022420000       1.2685280
       2189.8090    0.0023400000    0.0021490000       1.2685790
       2190.0500    0.0022700000    0.0020860000       1.2687120
       2190.2910    0.0023000000    0.0021130000       1.2688670
       2190.5320    0.0023900000    0.0021960000       1.2689370
       2190.7730    0.0024200000    0.0022220000       1.2689330
       2191.0140    0.0023500000    0.0021580000       1.2689370
       2191.2550    0.0022400000    0.0020550000       1.2690420
       2191.4960    0.0022200000    0.0020390000       1.2692170
       2191.7370    0.0023000000    0.0021100000       1.2693500
       2191.9780    0.0023900000    0.0021950000       1.2693850
       2192.2190    0.0023800000    0.0021850000       1.2693630
       2192.4600    0.0022800000    0.0020940000       1.2694060
       2192.7010    0.0022000000    0.0020190000       1.2695440
       2192.9420    0.0022200000    0.0020370000       1.2697080
       2193.1840    0.0023100000    0.0021190000       1.2698260
       2193.4250    0.0023800000    0.0021840000       1.2698350
       2193.6660    0.0023400000    0.0021460000       1.2698230
       2193.9070    0.0022400000    0.0020540000       1.2698980
       2194.1480    0.0021800000    0.0020010000       1.2700500
       2194.3890    0.0022300000    0.0020440000       1.2702170
       2194.6300    0.0023400000    0.0021440000       1.2702910
       2194.8710    0.0023800000    0.0021830000       1.2702790
       2195.1120    0.0023100000    0.0021170000       1.2702790
       2195.3530    0.0022000000    0.0020160000       1.2703830
       2195.5940    0.0021800000    0.0019960000       1.2705630
       2195.8350    0.0022700000    0.0020790000       1.2706990
       2196.0760    0.0023600000    0.0021610000       1.2707290
       2196.3170    0.0023600000    0.0021620000       1.2707110
       2196.5580    0.0022600000    0.0020710000       1.2707300
       2196.8000    0.0021600000    0.0019800000       1.2708750
       2197.0410    0.0021600000    0.0019770000       1.2710470
       2197.2820    0.0022500000    0.0020610000       1.2711700
       2197.5230    0.0023200000    0.0021240000       1.2711890
       2197.7640    0.0022900000    0.0020980000       1.2711900
       2198.0050    0.0021900000    0.0020060000       1.2712520
       2198.2460    0.0021300000    0.0019490000       1.2714130
       2198.4870    0.0021800000    0.0019960000       1.2715700
       2198.7280    0.0022700000    0.0020770000       1.2716420
       2198.9690    0.0023000000    0.0021040000       1.2716410
       2199.2100    0.0022200000    0.0020300000       1.2716540
       2199.4510    0.0021100000    0.0019290000       1.2717780
       2199.6920    0.0021000000    0.0019210000       1.2719600
       2199.9330    0.0021800000    0.0019940000       1.2720970
       2200.1740    0.0022700000    0.0020760000       1.2721290
       2200.4160    0.0022500000    0.0020570000       1.2721390
       2200.6560    0.0021600000    0.0019740000       1.2721760
       2200.8970    0.0020700000    0.0018920000       1.2723170
       2201.1390    0.0020900000    0.0019110000       1.2725200
       2201.3800    0.0021900000    0.0020010000       1.2726230
       2201.6210    0.0022600000    0.0020650000       1.2726460
       2201.8620    0.0022200000    0.0020290000       1.2726400
       2202.1030    0.0021200000    0.0019370000       1.2727230
       2202.3440    0.0020600000    0.0018840000       1.2728790
       2202.5850    0.0021100000    0.0019270000       1.2730520
       2202.8260    0.0022100000    0.0020170000       1.2731260
       2203.0670    0.0022400000    0.0020450000       1.2731340
       2203.3080    0.0021700000    0.0019820000       1.2731470
       2203.5490    0.0020600000    0.0018820000       1.2732690
       2203.7900    0.0020500000    0.0018720000       1.2734510
       2204.0310    0.0021300000    0.0019440000       1.2735910
       2204.2720    0.0022200000    0.0020260000       1.2736330
       2204.5130    0.0022100000    0.0020190000       1.2736160
       2204.7550    0.0021000000    0.0019170000       1.2736740
       2204.9960    0.0020100000    0.0018340000       1.2738260
       2205.2370    0.0020200000    0.0018440000       1.2740080
       2205.4780    0.0021100000    0.0019260000       1.2741350
       2205.7190    0.0021800000    0.0019890000       1.2741590
       2205.9600    0.0021400000    0.0019520000       1.2741670
       2206.2010    0.0020300000    0.0018530000       1.2742490
       2206.4420    0.0019700000    0.0017980000       1.2744320
       2206.6830    0.0020300000    0.0018510000       1.2746040
       2206.9240    0.0021300000    0.0019430000       1.2746900
       2207.1650    0.0021600000    0.0019710000       1.2746850
       2207.4060    0.0020700000    0.0018870000       1.2747210
       2207.6470    0.0019800000    0.0018040000       1.2748570
       2207.8880    0.0019700000    0.0017960000       1.2750450
       2208.1290    0.0020600000    0.0018780000       1.2751860
       2208.3700    0.0021400000    0.0019500000       1.2752250
       2208.6120    0.0021300000    0.0019410000       1.2752420
       2208.8530    0.0020300000    0.0018510000       1.2752950
       2209.0940    0.0019500000    0.0017750000       1.2754510
       2209.3350    0.0019700000    0.0017930000       1.2756420
       2209.5760    0.0020700000    0.0018860000       1.2757590
       2209.8170    0.0021300000    0.0019420000       1.2757770
       2210.0580    0.0020800000    0.0018930000       1.2757830
       2210.2990    0.0019600000    0.0017850000       1.2758810
       2210.5400    0.0019000000    0.0017310000       1.2760710
       2210.7810    0.0019600000    0.0017850000       1.2762590
       2211.0220    0.0020700000    0.0018850000       1.2763480
       2211.2630    0.0021100000    0.0019220000       1.2763530
       2211.5040    0.0020300000    0.0018480000       1.2763720
       2211.7450    0.0019200000    0.0017480000       1.2765080
       2211.9860    0.0019100000    0.0017380000       1.2766920
       2212.2280    0.0019800000    0.0018010000       1.2768520
       2212.4690    0.0020600000    0.0018740000       1.2769140
       2212.7090    0.0020500000    0.0018660000       1.2769080
       2212.9510    0.0019500000    0.0017750000       1.2769870
       2213.1920    0.0018600000    0.0016900000       1.2771480
       2213.4330    0.0018800000    0.0017080000       1.2773570
       2213.6740    0.0019900000    0.0018100000       1.2774850
       2213.9150    0.0020600000    0.0018730000       1.2775070
       2214.1560    0.0020100000    0.0018290000       1.2775160
       2214.3970    0.0018900000    0.0017190000       1.2776110
       2214.6380    0.0018300000    0.0016630000       1.2778130
       2214.8790    0.0019000000    0.0017270000       1.2780000
       2215.1200    0.0020000000    0.0018180000       1.2780790
       2215.3610    0.0020200000    0.0018350000       1.2780940
       2215.6020    0.0019400000    0.0017630000       1.2781300
       2215.8440    0.0018300000    0.0016620000       1.2782810
       2216.0840    0.0018100000    0.0016450000       1.2784730
       2216.3250    0.0018900000    0.0017170000       1.2786290
       2216.5670    0.0019700000    0.0017900000       1.2787100
       2216.8080    0.0019600000    0.0017810000       1.2787180
       2217.0490    0.0018500000    0.0016800000       1.2788000
       2217.2900    0.0017800000    0.0016170000       1.2789820
       2217.5310    0.0018100000    0.0016440000       1.2791800
       2217.7720    0.0019200000    0.0017430000       1.2793060
       2218.0130    0.0019800000    0.0017990000       1.2793220
       2218.2540    0.0019100000    0.0017340000       1.2793390
       2218.4950    0.0017900000    0.0016230000       1.2794570
       2218.7360    0.0017300000    0.0015690000       1.2796590
       2218.9770    0.0017800000    0.0016140000       1.2798570
       2219.2180    0.0018800000    0.0017060000       1.2799690
       2219.4590    0.0019200000    0.0017440000       1.2799930
       2219.7000    0.0018400000    0.0016700000       1.2800310
       2219.9410    0.0017300000    0.0015690000       1.2801760
       2220.1830    0.0017100000    0.0015520000       1.2803980
       2220.4240    0.0017900000    0.0016240000       1.2805660
       2220.6650    0.0018800000    0.0017050000       1.2806400
       2220.9060    0.0018700000    0.0016950000       1.2806570
       2221.1470    0.0017600000    0.0015950000       1.2807440
       2221.3880    0.0016800000    0.0015250000       1.2809330
       2221.6290    0.0017100000    0.0015520000       1.2811460
       2221.8700    0.0018200000    0.0016510000       1.2812770
       2222.1110    0.0018700000    0.0016960000       1.2813120
       2222.3520    0.0018200000    0.0016480000       1.2813520
       2222.5930    0.0017100000    0.0015480000       1.2814720
       2222.8340    0.0016600000    0.0015060000       1.2816800
       2223.0750    0.0017200000    0.0015580000       1.2818650
       2223.3160    0.0018000000    0.0016310000       1.2819710
       2223.5570    0.0018200000    0.0016480000       1.2820150
       2223.7980    0.0017400000    0.0015770000       1.2820780
       2224.0400    0.0016400000    0.0014860000       1.2822590
       2224.2810    0.0016500000    0.0014930000       1.2824810
       2224.5220    0.0017500000    0.0015830000       1.2826450
       2224.7630    0.0018400000    0.0016650000       1.2827040
       2225.0040    0.0018100000    0.0016380000       1.2827250
       2225.2450    0.0017000000    0.0015400000       1.2828270
       2225.4860    0.0016300000    0.0014740000       1.2830240
       2225.7270    0.0016700000    0.0015130000       1.2832330
       2225.9680    0.0017600000    0.0015940000       1.2833580
       2226.2090    0.0018100000    0.0016380000       1.2834100
       2226.4500    0.0017500000    0.0015830000       1.2834510
       2226.6910    0.0016400000    0.0014820000       1.2835880
       2226.9320    0.0015900000    0.0014380000       1.2837990
       2227.1730    0.0016500000    0.0014920000       1.2840020
       2227.4140    0.0017400000    0.0015740000       1.2840990
       2227.6560    0.0017500000    0.0015820000       1.2841500
       2227.8960    0.0016400000    0.0014820000       1.2842070
       2228.1380    0.0015300000    0.0013840000       1.2844220
       2228.3790    0.0015400000    0.0013910000       1.2846630
       2228.6200    0.0016500000    0.0014910000       1.2848460
       2228.8610    0.0017400000    0.0015720000       1.2849130
       2229.1020    0.0017200000    0.0015550000       1.2849500
       2229.3430    0.0016100000    0.0014550000       1.2850530
       2229.5840    0.0015400000    0.0013920000       1.2852650
       2229.8250    0.0015800000    0.0014260000       1.2854810
       2230.0660    0.0016800000    0.0015180000       1.2856250
       2230.3070    0.0017300000    0.0015630000       1.2856700
       2230.5480    0.0016600000    0.0015010000       1.2857210
       2230.7890    0.0015300000    0.0013820000       1.2858690
       2231.0300    0.0014900000    0.0013450000       1.2861210
       2231.2710    0.0015700000    0.0014180000       1.2863300
       2231.5120    0.0016800000    0.0015160000       1.2864420
       2231.7530    0.0016900000    0.0015240000       1.2864660
       2231.9950    0.0015900000    0.0014330000       1.2865690
       2232.2360    0.0014900000    0.0013440000       1.2867460
       2232.4770    0.0014800000    0.0013350000       1.2869910
       2232.7180    0.0015700000    0.0014160000       1.2871710
       2232.9590    0.0016400000    0.0014800000       1.2872630
       2233.2000    0.0016100000    0.0014510000       1.2873160
       2233.4410    0.0015000000    0.0013520000       1.2874590
       2233.6820    0.0014400000    0.0013010000       1.2876810
       2233.9230    0.0014900000    0.0013440000       1.2879260
       2234.1640    0.0016200000    0.0014620000       1.2880660
       2234.4050    0.0016700000    0.0015060000       1.2881100
       2234.6460    0.0016000000    0.0014420000       1.2881560
       2234.8870    0.0014600000    0.0013170000       1.2883140
       2235.1280    0.0014100000    0.0012710000       1.2885610
       2235.3690    0.0014700000    0.0013250000       1.2887880
       2235.6110    0.0015700000    0.0014150000       1.2889230
       2235.8520    0.0015700000    0.0014150000       1.2889830
       2236.0930    0.0014800000    0.0013350000       1.2890950
       2236.3340    0.0013900000    0.0012530000       1.2893050
       2236.5750    0.0014100000    0.0012700000       1.2895570
       2236.8160    0.0015100000    0.0013600000       1.2897410
       2237.0570    0.0015900000    0.0014320000       1.2898260
       2237.2980    0.0015500000    0.0013960000       1.2898820
       2237.5390    0.0014300000    0.0012890000       1.2900230
       2237.7800    0.0013600000    0.0012260000       1.2902690
       2238.0210    0.0014200000    0.0012790000       1.2905180
       2238.2620    0.0015300000    0.0013780000       1.2906650
       2238.5030    0.0015700000    0.0014130000       1.2907310
       2238.7440    0.0015000000    0.0013500000       1.2908100
       2238.9850    0.0013800000    0.0012430000       1.2909790
       2239.2260    0.0013300000    0.0011970000       1.2912340
       2239.4680    0.0014000000    0.0012590000       1.2914850
       2239.7080    0.0015000000    0.0013500000       1.2916100
       2239.9500    0.0015200000    0.0013680000       1.2916860
       2240.1910    0.0014200000    0.0012780000       1.2917860
       2240.4320    0.0013200000    0.0011870000       1.2920020
       2240.6730    0.0013200000    0.0011870000       1.2922590
       2240.9140    0.0014000000    0.0012600000       1.2924620
       2241.1550    0.0014700000    0.0013210000       1.2925740
       2241.3960    0.0014300000    0.0012860000       1.2926570
       2241.6370    0.0013200000    0.0011870000       1.2928170
       2241.8780    0.0012500000    0.0011230000       1.2930710
       2242.1190    0.0013000000    0.0011690000       1.2933390
       2242.3600    0.0014100000    0.0012680000       1.2935080
       2242.6010    0.0014600000    0.0013110000       1.2935950
       2242.8420    0.0013900000    0.0012500000       1.2936810
       2243.0830    0.0012700000    0.0011410000       1.2938690
       2243.3240    0.0012200000    0.0010980000       1.2941380
       2243.5650    0.0012900000    0.0011590000       1.2943900
       2243.8070    0.0013900000    0.0012490000       1.2945410
       2244.0480    0.0013800000    0.0012390000       1.2946230
       2244.2890    0.0012800000    0.0011490000       1.2947700
       2244.5300    0.0011900000    0.0010690000       1.2950130
       2244.7710    0.0012100000    0.0010850000       1.2952990
       2245.0120    0.0013200000    0.0011850000       1.2955110
       2245.2530    0.0013900000    0.0012480000       1.2956150
       2245.4940    0.0013400000    0.0012040000       1.2957080
       2245.7350    0.0012200000    0.0010950000       1.2958880
       2245.9760    0.0011600000    0.0010400000       1.2961700
       2246.2170    0.0012200000    0.0010950000       1.2964480
       2246.4580    0.0013400000    0.0012030000       1.2966250
       2246.6990    0.0013700000    0.0012300000       1.2967070
       2246.9400    0.0012800000    0.0011490000       1.2968280
       2247.1810    0.0011600000    0.0010410000       1.2970490
       2247.4230    0.0011400000    0.0010220000       1.2973690
       2247.6640    0.0012500000    0.0011210000       1.2976170
       2247.9050    0.0013500000    0.0012100000       1.2977500
       2248.1460    0.0013300000    0.0011930000       1.2978320
       2248.3870    0.0012100000    0.0010840000       1.2979910
       2248.6280    0.0011100000   0.00099700000       1.2982590
       2248.8690    0.0011300000    0.0010140000       1.2985670
       2249.1100    0.0012500000    0.0011200000       1.2987930
       2249.3510    0.0013200000    0.0011830000       1.2989020
       2249.5920    0.0012500000    0.0011210000       1.2990010
       2249.8330    0.0011100000   0.00099700000       1.2992070
       2250.0740    0.0010400000   0.00093100000       1.2995180
       2250.3150    0.0011100000   0.00099300000       1.2998280
       2250.5560    0.0012300000    0.0011010000       1.3000170
       2250.7970    0.0012600000    0.0011280000       1.3001210
       2251.0390    0.0011600000    0.0010390000       1.3002600
       2251.2800    0.0010300000   0.00092200000       1.3005160
       2251.5210    0.0010100000   0.00090500000       1.3008430
       2251.7620    0.0011000000   0.00098500000       1.3011270
       2252.0030    0.0012100000    0.0010830000       1.3013030
       2252.2440    0.0012100000    0.0010850000       1.3014070
       2252.4850    0.0010900000   0.00097600000       1.3015750
       2252.7260   0.00098414000   0.00088200000       1.3018640
       2252.9670   0.00099094800   0.00088900000       1.3021940
       2253.2080    0.0011000000   0.00098500000       1.3024560
       2253.4490    0.0011700000    0.0010470000       1.3026080
       2253.6900    0.0011200000    0.0010030000       1.3027470
       2253.9310   0.00099215500   0.00088800000       1.3029770
       2254.1720   0.00093688300   0.00083900000       1.3033210
       2254.4130    0.0010200000   0.00091300000       1.3036460
       2254.6540    0.0011500000    0.0010280000       1.3038600
       2254.8960    0.0011900000    0.0010640000       1.3039990
       2255.1360    0.0011200000    0.0010010000       1.3041480
       2255.3780    0.0010100000   0.00090500000       1.3044050
       2255.6190   0.00098314700   0.00087900000       1.3047330
       2255.8600    0.0010600000   0.00094800000       1.3050200
       2256.1010    0.0011400000    0.0010200000       1.3052160
       2256.3420    0.0011200000    0.0010010000       1.3053540
       2256.5830   0.00099123800   0.00088500000       1.3055710
       2256.8240   0.00089324500   0.00079900000       1.3059020
       2257.0650   0.00092670700   0.00082800000       1.3062650
       2257.3060    0.0010400000   0.00093100000       1.3065330
       2257.5470    0.0011000000   0.00098100000       1.3067060
       2257.7880    0.0010300000   0.00092000000       1.3068770
       2258.0290   0.00090544700   0.00080900000       1.3071620
       2258.2700   0.00087304200   0.00078100000       1.3075350
       2258.5110   0.00096981800   0.00086700000       1.3078810
       2258.7520    0.0011000000   0.00098200000       1.3081060
       2258.9940    0.0011300000    0.0010100000       1.3082650
       2259.2350    0.0010300000   0.00091900000       1.3084410
       2259.4760   0.00089034400   0.00079500000       1.3087570
       2259.7170   0.00086981200   0.00077800000       1.3091540
       2259.9580   0.00098759700   0.00088100000       1.3095050
       2260.1990    0.0011100000   0.00099300000       1.3097150
       2260.4400    0.0010900000   0.00097500000       1.3098700
       2260.6810   0.00095834000   0.00085700000       1.3101170
       2260.9220   0.00086852500   0.00077600000       1.3104930
       2261.1630   0.00092234800   0.00082200000       1.3108930
       2261.4040    0.0010600000   0.00094700000       1.3111940
       2261.6450    0.0011300000    0.0010090000       1.3113800
       2261.8860    0.0010700000   0.00095500000       1.3115800
       2262.1270   0.00094937500   0.00084800000       1.3118720
       2262.3680   0.00089653000   0.00079900000       1.3122690
       2262.6090   0.00096593600   0.00086300000       1.3126480
       2262.8510    0.0010800000   0.00096400000       1.3129460
       2263.0920    0.0011200000   0.00099900000       1.3131450
       2263.3330    0.0010200000   0.00090900000       1.3133800
       2263.5740   0.00089235200   0.00079600000       1.3137470
       2263.8150   0.00089438800   0.00079800000       1.3142020
       2264.0560    0.0010300000   0.00091800000       1.3145790
       2264.2970    0.0011400000    0.0010160000       1.3148430
       2264.5380    0.0011300000    0.0010080000       1.3150710
       2264.7790    0.0010300000   0.00091800000       1.3154030
       2265.0200    0.0010200000   0.00090900000       1.3158510
       2265.2610    0.0011700000    0.0010420000       1.3162820
       2265.5020    0.0014000000    0.0012490000       1.3165710
       2265.7430    0.0015300000    0.0013640000       1.3167040
       2265.9840    0.0014600000    0.0013000000       1.3168320
       2266.2250    0.0012700000    0.0011320000       1.3170850
       2266.4670    0.0011200000   0.00099800000       1.3174990
       2266.7080    0.0011300000    0.0010060000       1.3179390
       2266.9480    0.0012000000    0.0010690000       1.3182590
       2267.1900    0.0011800000    0.0010530000       1.3185260
       2267.4310    0.0010300000   0.00091700000       1.3188260
       2267.6720   0.00087486000   0.00077800000       1.3192800
       2267.9130   0.00085697100   0.00076300000       1.3197960
       2268.1540   0.00095796600   0.00085300000       1.3202470
       2268.3950    0.0010400000   0.00092700000       1.3205790
       2268.6360    0.0010000000   0.00089100000       1.3208900
       2268.8770   0.00088149900   0.00078500000       1.3212810
       2269.1180   0.00079782700   0.00071200000       1.3217820
       2269.3590   0.00083936900   0.00074700000       1.3223060
       2269.6000   0.00095935400   0.00085300000       1.3227510
       2269.8410    0.0010200000   0.00090800000       1.3230910
       2270.0820   0.00094016600   0.00083800000       1.3234430
       2270.3230   0.00080101200   0.00071200000       1.3239180
       2270.5640   0.00075836100   0.00067500000       1.3245090
       2270.8060   0.00086034700   0.00076700000       1.3250750
       2271.0470   0.00098582400   0.00087700000       1.3255200
       2271.2880   0.00098868100   0.00088100000       1.3259050
       2271.5290   0.00087048100   0.00077600000       1.3263790
       2271.7700   0.00077761900   0.00069100000       1.3270010
       2272.0110   0.00083945300   0.00074700000       1.3276920
       2272.2520    0.0010300000   0.00091800000       1.3282990
       2272.4930    0.0012100000    0.0010770000       1.3287880
       2272.7340    0.0012500000    0.0011120000       1.3292290
       2272.9750    0.0011800000    0.0010490000       1.3297890
       2273.2160    0.0011700000    0.0010420000       1.3304810
       2273.4570    0.0013100000    0.0011640000       1.3312140
       2273.6980    0.0015500000    0.0013790000       1.3318500
       2273.9390    0.0017200000    0.0015300000       1.3323840
       2274.1800    0.0017500000    0.0015550000       1.3329500
       2274.4210    0.0017400000    0.0015460000       1.3336700
       2274.6630    0.0018700000    0.0016620000       1.3345190
       2274.9040    0.0021600000    0.0019190000       1.3353250
       2275.1450    0.0025000000    0.0022220000       1.3360170
       2275.3860    0.0027300000    0.0024280000       1.3366430
       2275.6270    0.0028500000    0.0025330000       1.3373500
       2275.8680    0.0029800000    0.0026500000       1.3382170
       2276.1090    0.0032800000    0.0029180000       1.3391830
       2276.3500    0.0037500000    0.0033350000       1.3400870
       2276.5910    0.0042300000    0.0037600000       1.3408800
       2276.8320    0.0046100000    0.0040990000       1.3416520
       2277.0730    0.0049200000    0.0043730000       1.3425350
       2277.3140    0.0053300000    0.0047370000       1.3435740
       2277.5550    0.0059300000    0.0052720000       1.3446260
       2277.7960    0.0066200000    0.0058840000       1.3455890
       2278.0370    0.0072500000    0.0064450000       1.3464790
       2278.2790    0.0077700000    0.0069090000       1.3475220
       2278.5200    0.0083200000    0.0073940000       1.3487240
       2278.7610    0.0090900000    0.0080810000       1.3501200
       2279.0020     0.010120000    0.0089970000       1.3515500
       2279.2430     0.011330000     0.010071000       1.3529510
       2279.4840     0.012620000     0.011218000       1.3543740
       2279.7250     0.014040000     0.012483000       1.3559350
       2279.9660     0.015750000     0.014001000       1.3576650
       2280.2070     0.017870000     0.015886000       1.3594680
       2280.4480     0.020340000     0.018084000       1.3612790
       2280.6890     0.023180000     0.020610000       1.3632260
       2280.9300     0.026680000     0.023722000       1.3654700
       2281.1710     0.031440000     0.027956000       1.3678940
       2281.4120     0.037970000     0.033765000       1.3699600
       2281.6530     0.046420000     0.041280000       1.3706680
       2281.8950     0.056410000     0.050163000       1.3697320
       2282.1350     0.067010000     0.059582000       1.3648880
       2282.3760     0.076710000     0.068195000       1.3568610
       2282.6180     0.083520000     0.074232000       1.3459950
       2282.8590     0.085690000     0.076135000       1.3325700
       2283.1000     0.082560000     0.073318000       1.3194620
       2283.3410     0.074940000     0.066508000       1.3085680
       2283.5820     0.064630000     0.057315000       1.3011460
       2283.8230     0.053610000     0.047505000       1.2973560
       2284.0640     0.043400000     0.038435000       1.2966080
       2284.3050     0.034880000     0.030876000       1.2979660
       2284.5460     0.028350000     0.025089000       1.3004550
       2284.7870     0.023610000     0.020890000       1.3032590
       2285.0280     0.020210000     0.017878000       1.3058640
       2285.2690     0.017580000     0.015550000       1.3080590
       2285.5100     0.015330000     0.013559000       1.3099220
       2285.7510     0.013230000     0.011700000       1.3115650
       2285.9920     0.011180000    0.0098840000       1.3131370
       2286.2340    0.0091800000    0.0081170000       1.3148590
       2286.4750    0.0073200000    0.0064690000       1.3166650
       2286.7160    0.0057500000    0.0050840000       1.3186720
       2286.9570    0.0046100000    0.0040750000       1.3207330
       2287.1980    0.0038500000    0.0034020000       1.3226650
       2287.4390    0.0033100000    0.0029250000       1.3243840
       2287.6800    0.0028000000    0.0024750000       1.3259240
       2287.9210    0.0023000000    0.0020320000       1.3274440
       2288.1620    0.0019100000    0.0016880000       1.3289750
       2288.4030    0.0017100000    0.0015110000       1.3304690
       2288.6440    0.0016600000    0.0014670000       1.3318010
       2288.8850    0.0016200000    0.0014300000       1.3329560
       2289.1260    0.0014600000    0.0012900000       1.3340150
       2289.3670    0.0012300000    0.0010870000       1.3351500
       2289.6080    0.0011100000   0.00098100000       1.3363540
       2289.8500    0.0011700000    0.0010330000       1.3375210
       2290.0910    0.0012900000    0.0011400000       1.3384940
       2290.3320    0.0013100000    0.0011550000       1.3393520
       2290.5730    0.0011900000    0.0010510000       1.3402150
       2290.8140    0.0010500000   0.00092800000       1.3411980
       2291.0550    0.0010500000   0.00092800000       1.3422250
       2291.2960    0.0011700000    0.0010330000       1.3431720
       2291.5370    0.0012900000    0.0011400000       1.3439760
       2291.7780    0.0012800000    0.0011300000       1.3447120
       2292.0190    0.0011500000    0.0010160000       1.3455170
       2292.2600    0.0010600000   0.00093400000       1.3464470
       2292.5010    0.0011100000   0.00098000000       1.3474000
       2292.7420    0.0012800000    0.0011300000       1.3482550
       2292.9830    0.0014000000    0.0012350000       1.3489450
       2293.2240    0.0013300000    0.0011730000       1.3496220
       2293.4650    0.0011800000    0.0010410000       1.3504300
       2293.7070    0.0011300000   0.00099700000       1.3513690
       2293.9480    0.0012400000    0.0010930000       1.3522690
       2294.1890    0.0014000000    0.0012360000       1.3530400
       2294.4300    0.0014500000    0.0012790000       1.3537080
       2294.6710    0.0013600000    0.0011990000       1.3544300
       2294.9120    0.0012600000    0.0011110000       1.3552690
       2295.1530    0.0012700000    0.0011200000       1.3561730
       2295.3940    0.0013900000    0.0012260000       1.3570230
       2295.6350    0.0015200000    0.0013400000       1.3577620
       2295.8760    0.0015200000    0.0013400000       1.3584340
       2296.1170    0.0013900000    0.0012260000       1.3591930
       2296.3580    0.0012900000    0.0011370000       1.3601050
       2296.5990    0.0013800000    0.0012170000       1.3610600
       2296.8400    0.0015700000    0.0013840000       1.3618740
       2297.0810    0.0016800000    0.0014810000       1.3625630
       2297.3230    0.0016100000    0.0014190000       1.3632630
       2297.5630    0.0014600000    0.0012880000       1.3640900
       2297.8040    0.0014200000    0.0012520000       1.3650510
       2298.0460    0.0015500000    0.0013640000       1.3660110
       2298.2870    0.0017200000    0.0015180000       1.3668190
       2298.5280    0.0018000000    0.0015860000       1.3675500
       2298.7690    0.0017300000    0.0015250000       1.3682990
       2299.0100    0.0016200000    0.0014260000       1.3692060
       2299.2510    0.0016500000    0.0014540000       1.3701990
       2299.4920    0.0018300000    0.0016130000       1.3711260
       2299.7330    0.0019900000    0.0017540000       1.3718920
       2299.9740    0.0019700000    0.0017350000       1.3726240
       2300.2150    0.0018100000    0.0015950000       1.3734820
       2300.4560    0.0017300000    0.0015230000       1.3745420
       2300.6970    0.0018900000    0.0016640000       1.3756090
       2300.9380    0.0021500000    0.0018930000       1.3765130
       2301.1790    0.0023000000    0.0020270000       1.3772690
       2301.4200    0.0022600000    0.0019920000       1.3780370
       2301.6620    0.0021400000    0.0018860000       1.3789650
       2301.9030    0.0021000000    0.0018490000       1.3800040
       2302.1440    0.0022100000    0.0019460000       1.3810550
       2302.3850    0.0023900000    0.0021060000       1.3820020
       2302.6260    0.0024800000    0.0021840000       1.3828480
       2302.8670    0.0024200000    0.0021300000       1.3837450
       2303.1080    0.0023400000    0.0020600000       1.3847930
       2303.3490    0.0024200000    0.0021310000       1.3859300
       2303.5900    0.0026500000    0.0023320000       1.3869660
       2303.8310    0.0028300000    0.0024900000       1.3878440
       2304.0720    0.0028000000    0.0024640000       1.3886950
       2304.3130    0.0026400000    0.0023240000       1.3897080
       2304.5540    0.0025600000    0.0022530000       1.3909090
       2304.7950    0.0027100000    0.0023840000       1.3921490
       2305.0360    0.0029700000    0.0026140000       1.3932410
       2305.2770    0.0031600000    0.0027820000       1.3941940
       2305.5190    0.0031700000    0.0027870000       1.3951610
       2305.7600    0.0030800000    0.0027110000       1.3962510
       2306.0010    0.0030800000    0.0027100000       1.3974810
       2306.2420    0.0032600000    0.0028670000       1.3987130
       2306.4830    0.0034700000    0.0030510000       1.3997960
       2306.7240    0.0035400000    0.0031130000       1.4008260
       2306.9650    0.0034600000    0.0030430000       1.4019430
       2307.2060    0.0034200000    0.0030070000       1.4032600
       2307.4470    0.0035900000    0.0031580000       1.4046210
       2307.6880    0.0039000000    0.0034300000       1.4058530
       2307.9290    0.0041200000    0.0036220000       1.4069120
       2308.1700    0.0041300000    0.0036320000       1.4079740
       2308.4110    0.0039900000    0.0035090000       1.4091730
       2308.6520    0.0039000000    0.0034280000       1.4106080
       2308.8930    0.0040400000    0.0035520000       1.4121070
       2309.1350    0.0043700000    0.0038410000       1.4135520
       2309.3750    0.0046600000    0.0040940000       1.4147080
       2309.6170    0.0047400000    0.0041640000       1.4159400
       2309.8580    0.0047000000    0.0041300000       1.4172620
       2310.0990    0.0047700000    0.0041910000       1.4187650
       2310.3400    0.0050100000    0.0044020000       1.4202070
       2310.5810    0.0052100000    0.0045770000       1.4215340
       2310.8220    0.0052400000    0.0046020000       1.4228580
       2311.0630    0.0051700000    0.0045410000       1.4243660
       2311.3040    0.0052400000    0.0046020000       1.4260530
       2311.5450    0.0055500000    0.0048750000       1.4277380
       2311.7860    0.0059600000    0.0052340000       1.4292540
       2312.0270    0.0062800000    0.0055150000       1.4306180
       2312.2680    0.0063500000    0.0055760000       1.4319410
       2312.5090    0.0062300000    0.0054680000       1.4334680
       2312.7500    0.0061500000    0.0053990000       1.4352470
       2312.9910    0.0063500000    0.0055740000       1.4371760
       2313.2320    0.0067900000    0.0059600000       1.4389280
       2313.4740    0.0071600000    0.0062830000       1.4405480
       2313.7150    0.0072900000    0.0063970000       1.4420790
       2313.9560    0.0073000000    0.0064040000       1.4438370
       2314.1970    0.0074500000    0.0065370000       1.4457350
       2314.4380    0.0077300000    0.0067800000       1.4475930
       2314.6790    0.0079400000    0.0069660000       1.4493660
       2314.9200    0.0080000000    0.0070150000       1.4512190
       2315.1610    0.0080200000    0.0070330000       1.4532730
       2315.4020    0.0082300000    0.0072140000       1.4555200
       2315.6430    0.0087100000    0.0076360000       1.4577390
       2315.8840    0.0093100000    0.0081610000       1.4597710
       2316.1250    0.0097700000    0.0085620000       1.4615940
       2316.3660    0.0098800000    0.0086590000       1.4634230
       2316.6070    0.0097400000    0.0085340000       1.4655580
       2316.8480    0.0097400000    0.0085350000       1.4680780
       2317.0900     0.010150000    0.0088930000       1.4708160
       2317.3310     0.010860000    0.0095130000       1.4732980
       2317.5720     0.011510000     0.010080000       1.4755520
       2317.8130     0.011920000     0.010438000       1.4778030
       2318.0540     0.012200000     0.010681000       1.4802220
       2318.2950     0.012550000     0.010987000       1.4828320
       2318.5360     0.013000000     0.011379000       1.4854770
       2318.7770     0.013450000     0.011770000       1.4881650
       2319.0180     0.013850000     0.012119000       1.4909410
       2319.2590     0.014290000     0.012500000       1.4939380
       2319.5000     0.014950000     0.013075000       1.4970790
       2319.7410     0.015880000     0.013886000       1.5002090
       2319.9820     0.016900000     0.014775000       1.5031230
       2320.2230     0.017670000     0.015446000       1.5059150
       2320.4640     0.018060000     0.015782000       1.5088510
       2320.7060     0.018340000     0.016026000       1.5124730
       2320.9470     0.019000000     0.016596000       1.5164100
       2321.1880     0.020270000     0.017702000       1.5205150
       2321.4290     0.021900000     0.019118000       1.5243700
       2321.6700     0.023490000     0.020501000       1.5280570
       2321.9110     0.024890000     0.021716000       1.5318050
       2322.1520     0.026260000     0.022902000       1.5359210
       2322.3930     0.027940000     0.024357000       1.5404150
       2322.6340     0.030190000     0.026308000       1.5451380
       2322.8750     0.033010000     0.028752000       1.5497890
       2323.1160     0.036250000     0.031559000       1.5542950
       2323.3570     0.039810000     0.034639000       1.5586130
       2323.5980     0.043750000     0.038048000       1.5627880
       2323.8390     0.048030000     0.041746000       1.5665230
       2324.0800     0.052300000     0.045431000       1.5698320
       2324.3210     0.056230000     0.048819000       1.5726710
       2324.5630     0.059810000     0.051900000       1.5763010
       2324.8030     0.063490000     0.055064000       1.5791030
       2325.0450     0.067630000     0.058617000       1.5831900
       2325.2860     0.072220000     0.062556000       1.5863190
       2325.5270     0.076880000     0.066551000       1.5892040
       2325.7680     0.081280000     0.070316000       1.5917940
       2326.0090     0.085440000     0.073870000       1.5945510
       2326.2500     0.089830000     0.077617000       1.5975650
       2326.4910     0.094920000     0.081956000       1.6005590
       2326.7320      0.10061000     0.086810000       1.6028320
       2326.9730      0.10608000     0.091473000       1.6040830
       2327.2140      0.11049000     0.095231000       1.6046770
       2327.4550      0.11374000     0.097992000       1.6053980
       2327.6960      0.11628000      0.10013900       1.6066170
       2327.9370      0.11852000      0.10202600       1.6084170
       2328.1780      0.12063000      0.10379300       1.6106740
       2328.4190      0.12276000      0.10557200       1.6135310
       2328.6600      0.12519000      0.10760200       1.6166160
       2328.9020      0.12820000      0.11010700       1.6210690
       2329.1430      0.13182000      0.11313500       1.6244990
       2329.3840      0.13576000      0.11643100       1.6279250
       2329.6250      0.13953000      0.11958200       1.6310270
       2329.8660      0.14283000      0.12232700       1.6342630
       2330.1070      0.14586000      0.12483100       1.6380760
       2330.3480      0.14935000      0.12771100       1.6426670
       2330.5890      0.15387000      0.13144700       1.6475050
       2330.8300      0.15919000      0.13585700       1.6519470
       2331.0710      0.16455000      0.14029600       1.6558020
       2331.3120      0.16945000      0.14434500       1.6595070
       2331.5530      0.17403000      0.14810900       1.6635630
       2331.7940      0.17877000      0.15199000       1.6681230
       2332.0350      0.18408000      0.15633200       1.6730890
       2332.2760      0.19006000      0.16122800       1.6776660
       2332.5180      0.19649000      0.16646300       1.6835410
       2332.7590      0.20297000      0.17175500       1.6877490
       2333.0000      0.20940000      0.17698000       1.6924420
       2333.2410      0.21596000      0.18229600       1.6973730
       2333.4820      0.22286000      0.18787100       1.7025820
       2333.7230      0.23011000      0.19371600       1.7079620
       2333.9640      0.23773000      0.19983600       1.7136310
       2334.2050      0.24603000      0.20648700       1.7196390
       2334.4460      0.25534000      0.21393900       1.7257200
       2334.6870      0.26546000      0.22203900       1.7313850
       2334.9280      0.27577000      0.23027100       1.7366230
       2335.1690      0.28592000      0.23835200       1.7417760
       2335.4100      0.29618000      0.24647200       1.7474630
       2335.6510      0.30725000      0.25520600       1.7535990
       2335.8920      0.31971000      0.26500700       1.7601670
       2336.1330      0.33351000      0.27589100       1.7653500
       2336.3750      0.34805000      0.28721600       1.7733950
       2336.6150      0.36267000      0.29880500       1.7748220
       2336.8570      0.37729000      0.31011300       1.7824600
       2337.0980      0.39262000      0.32204000       1.7872700
       2337.3390      0.40961000      0.33519200       1.7931220
       2337.5800      0.42849000      0.34978800       1.7984380
       2337.8210      0.44857000      0.36530800       1.8027060
       2338.0620      0.46911000      0.38115700       1.8061680
       2338.3030      0.49009000      0.39731000       1.8091180
       2338.5440      0.51194000      0.41407800       1.8119120
       2338.7850      0.53508000      0.43180700       1.8141230
       2339.0260      0.55959000      0.45055300       1.8156460
       2339.2670      0.58529000      0.47021700       1.8158090
       2339.5080      0.61174000      0.49044700       1.8147780
       2339.7490      0.63856000      0.51100200       1.8120640
       2339.9900      0.66560000      0.53171000       1.8084450
       2340.2310      0.69281000      0.55270700       1.8017380
       2340.4730      0.72003000      0.57337300       1.7990030
       2340.7140      0.74696000      0.59421000       1.7899320
       2340.9550      0.77346000      0.61469600       1.7808870
       2341.1960      0.79953000      0.63492300       1.7704530
       2341.4370      0.82502000      0.65479000       1.7587690
       2341.6780      0.84943000      0.67395600       1.7454850
       2341.9190      0.87224000      0.69201100       1.7310530
       2342.1600      0.89329000      0.70882400       1.7157510
       2342.4010      0.91309000      0.72472700       1.7002640
       2342.6420      0.93233000      0.74027100       1.6841690
       2342.8830      0.95098000      0.75545400       1.6672160
       2343.1240      0.96821000      0.76972300       1.6487590
       2343.3650      0.98340000      0.78254200       1.6297000
       2343.6060      0.99673000      0.79407300       1.6098470
       2343.8470       1.0085900      0.80449500       1.5902770
       2344.0880       1.0189900      0.81413600       1.5677650
       2344.3300       1.0278600      0.82196700       1.5527480
       2344.5710       1.0355200      0.82952800       1.5306810
       2344.8120       1.0420800      0.83617800       1.5100750
       2345.0530       1.0471100      0.84171500       1.4891120
       2345.2940       1.0505200      0.84604500       1.4683500
       2345.5350       1.0528400      0.84953600       1.4478240
       2345.7760       1.0541900      0.85231300       1.4272230
       2346.0170       1.0539300      0.85389500       1.4064370
       2346.2580       1.0519500      0.85413900       1.3861550
       2346.4990       1.0492600      0.85376200       1.3666460
       2346.7400       1.0463300      0.85318400       1.3472490
       2346.9810       1.0422100      0.85171800       1.3274410
       2347.2220       1.0360900      0.84870300       1.3078120
       2347.4630       1.0287500      0.84462200       1.2894040
       2347.7040       1.0212700      0.84049600       1.2699080
       2347.9460       1.0135400      0.83554000       1.2576340
       2348.1870       1.0051100      0.83031300       1.2415110
       2348.4270      0.99618000      0.82532600       1.2174010
       2348.6690      0.98689000      0.81880300       1.2084270
       2348.9100      0.97662000      0.81214500       1.1907790
       2349.1510      0.96521000      0.80435400       1.1758440
       2349.3920      0.95369000      0.79632900       1.1620170
       2349.6330      0.94276000      0.78866100       1.1489290
       2349.8740      0.93159000      0.78075700       1.1357000
       2350.1150      0.91937000      0.77193400       1.1230670
       2350.3560      0.90685000      0.76273500       1.1115970
       2350.5970      0.89509000      0.75401500       1.1011800
       2350.8380      0.88373000      0.74557400       1.0904910
       2351.0790      0.87186000      0.73663500       1.0804610
       2351.3200      0.85963000      0.72743100       1.0690100
       2351.5620      0.84786000      0.71804200       1.0668870
       2351.8020      0.83660000      0.70966800       1.0523680
       2352.0430      0.82538000      0.70095400       1.0440610
       2352.2850      0.81422000      0.69200200       1.0408870
       2352.5260      0.80324000      0.68342300       1.0319750
       2352.7670      0.79204000      0.67454400       1.0248010
       2353.0080      0.78047000      0.66528900       1.0183090
       2353.2490      0.76949000      0.65642900       1.0130810
       2353.4900      0.75989000      0.64865600       1.0081530
       2353.7310      0.75091000      0.64138800       1.0026140
       2353.9720      0.74114000      0.63344800      0.99666300
       2354.2130      0.73057000      0.62478900      0.99154600
       2354.4540      0.72053000      0.61650300      0.98760400
       2354.6950      0.71175000      0.60923200      0.98397700
       2354.9360      0.70362000      0.60249300      0.97995800
       2355.1770      0.69535000      0.59562300      0.97546900
       2355.4180      0.68671000      0.58841600      0.97122200
       2355.6590      0.67780000      0.58097600      0.96588700
       2355.9010      0.66901000      0.57351800      0.96652500
       2356.1420      0.66111000      0.56686600      0.96260400
       2356.3830      0.65442000      0.56120000      0.95987000
       2356.6240      0.64792000      0.55569300      0.95606600
       2356.8650      0.64033000      0.54925100      0.95198200
       2357.1060      0.63187000      0.54204400      0.94881400
       2357.3470      0.62414000      0.53543300      0.94685600
       2357.5880      0.61791000      0.53008400      0.94490900
       2357.8290      0.61220000      0.52517600      0.94200000
       2358.0700      0.60576000      0.51963200      0.93849300
       2358.3110      0.59849000      0.51336400      0.93533800
       2358.5520      0.59113000      0.50700600      0.93296700
       2358.7930      0.58443000      0.50120500      0.93119700
       2359.0340      0.57864000      0.49617300      0.92929900
       2359.2750      0.57338000      0.49158800      0.92690100
       2359.5160      0.56775000      0.48666000      0.92256900
       2359.7580      0.56106000      0.48084400      0.92263400
       2359.9990      0.55394000      0.47461800      0.91933400
       2360.2400      0.54784000      0.46928700      0.91815400
       2360.4810      0.54305000      0.46507300      0.91636300
       2360.7220      0.53823000      0.46081300      0.91353900
       2360.9630      0.53218000      0.45547300      0.91033800
       2361.2040      0.52529000      0.44940900      0.90803900
       2361.4450      0.51892000      0.44380500      0.90671500
       2361.6860      0.51366000      0.43915700      0.90541800
       2361.9270      0.50885000      0.43488600      0.90340700
       2362.1680      0.50357000      0.43018300      0.90079300
       2362.4090      0.49747000      0.42476100      0.89827900
       2362.6500      0.49095000      0.41897900      0.89638500
       2362.8910      0.48488000      0.41360300      0.89526200
       2363.1320      0.47976000      0.40902900      0.89321600
       2363.3740      0.47497000      0.40481400      0.89389700
       2363.6150      0.46938000      0.39980400      0.89133300
       2363.8550      0.46281000      0.39384000      0.88597800
       2364.0970      0.45642000      0.38828500      0.88875300
       2364.3380      0.45122000      0.38363300      0.88719900
       2364.5790      0.44668000      0.37957100      0.88604800
       2364.8200      0.44154000      0.37494600      0.88398800
       2365.0610      0.43547000      0.36951900      0.88242900
       2365.3020      0.42938000      0.36410000      0.88166500
       2365.5430      0.42409000      0.35939400      0.88130400
       2365.7840      0.41940000      0.35520300      0.88049500
       2366.0250      0.41453000      0.35083000      0.87918300
       2366.2660      0.40905000      0.34591500      0.87786400
       2366.5070      0.40325000      0.34074300      0.87707800
       2366.7480      0.39782000      0.33591800      0.87683300
       2366.9890      0.39311000      0.33172000      0.87651000
       2367.2300      0.38869000      0.32776200      0.87570100
       2367.4710      0.38383000      0.32336100      0.87375400
       2367.7130      0.37835000      0.31855600      0.87496400
       2367.9540      0.37296000      0.31372700      0.87383000
       2368.1950      0.36827000      0.30956300      0.87377000
       2368.4360      0.36394000      0.30568600      0.87308500
       2368.6770      0.35923000      0.30146500      0.87216200
       2368.9180      0.35400000      0.29679700      0.87143300
       2369.1590      0.34888000      0.29225400      0.87124900
       2369.4000      0.34423000      0.28812500      0.87106400
       2369.6410      0.33974000      0.28412500      0.87061300
       2369.8820      0.33498000      0.27988100      0.86999500
       2370.1230      0.33004000      0.27548900      0.86959700
       2370.3640      0.32521000      0.27120700      0.86933000
       2370.6050      0.32048000      0.26701000      0.86900100
       2370.8460      0.31567000      0.26274700      0.86866400
       2371.0870      0.31081000      0.25841500      0.86786800
       2371.3290      0.30603000      0.25428000      0.86941800
       2371.5700      0.30134000      0.25010100      0.86853100
       2371.8110      0.29653000      0.24585400      0.86832900
       2372.0520      0.29155000      0.24146600      0.86814300
       2372.2930      0.28656000      0.23708700      0.86828200
       2372.5340      0.28179000      0.23291200      0.86850900
       2372.7750      0.27718000      0.22887600      0.86867100
       2373.0160      0.27252000      0.22479100      0.86870400
       2373.2570      0.26765000      0.22053500      0.86879400
       2373.4980      0.26272000      0.21624100      0.86911300
       2373.7390      0.25799000      0.21213700      0.86960600
       2373.9800      0.25352000      0.20825800      0.87000600
       2374.2210      0.24902000      0.20434300      0.87019500
       2374.4620      0.24424000      0.20019400      0.87035300
       2374.7030      0.23932000      0.19594000      0.87078500
       2374.9440      0.23459000      0.19184800      0.87099900
       2375.1860      0.23012000      0.18806600      0.87283100
       2375.4270      0.22566000      0.18420000      0.87270000
       2375.6680      0.22099000      0.18018200      0.87308400
       2375.9090      0.21618000      0.17605400      0.87353500
       2376.1500      0.21141000      0.17197900      0.87419700
       2376.3910      0.20673000      0.16798700      0.87485600
       2376.6320      0.20207000      0.16401700      0.87551100
       2376.8730      0.19735000      0.16000300      0.87612800
       2377.1140      0.19252000      0.15590100      0.87677600
       2377.3550      0.18756000      0.15170100      0.87750800
       2377.5960      0.18254000      0.14746400      0.87840700
       2377.8370      0.17762000      0.14332800      0.87944200
       2378.0780      0.17281000      0.13928800      0.88041000
       2378.3190      0.16790000      0.13516900      0.88132000
       2378.5600      0.16272000      0.13081900      0.88196900
       2378.8020      0.15737000      0.12640700      0.88429000
       2379.0420      0.15210000      0.12198300      0.88452100
       2379.2830      0.14693000      0.11770900      0.88608200
       2379.5250      0.14169000      0.11340600      0.88823100
       2379.7660      0.13622000      0.10888600      0.88951200
       2380.0070      0.13060000      0.10427200      0.89133200
       2380.2480      0.12500000     0.099694000      0.89344700
       2380.4890      0.11952000     0.095234000      0.89580300
       2380.7300      0.11418000     0.090901000      0.89832200
       2380.9710      0.10891000     0.086636000      0.90095200
       2381.2120      0.10364000     0.082383000      0.90375400
       2381.4530     0.098380000     0.078153000      0.90681200
       2381.6940     0.093290000     0.074075000      0.91021500
       2381.9350     0.088540000     0.070284000      0.91385100
       2382.1760     0.084110000     0.066760000      0.91762300
       2382.4170     0.079920000     0.063434000      0.92150900
       2382.6580     0.076020000     0.060350000      0.92562400
       2382.8990     0.072590000     0.057646000      0.92979000
       2383.1410     0.069760000     0.055441000      0.93452400
       2383.3820     0.067470000     0.053653000      0.93856100
       2383.6230     0.065550000     0.052166000      0.94253700
       2383.8640     0.063850000     0.050848000      0.94627100
       2384.1050     0.062310000     0.049656000      0.94989800
       2384.3460     0.060970000     0.048625000      0.95339800
       2384.5870     0.059850000     0.047766000      0.95675900
       2384.8280     0.058890000     0.047032000      0.95990400
       2385.0690     0.057980000     0.046334000      0.96285600
       2385.3100     0.057040000     0.045610000      0.96567200
       2385.5510     0.056110000     0.044892000      0.96845600
       2385.7920     0.055300000     0.044267000      0.97119700
       2386.0330     0.054620000     0.043750000      0.97381100
       2386.2740     0.053990000     0.043266000      0.97627100
       2386.5150     0.053320000     0.042750000      0.97850300
       2386.7570     0.052590000     0.042186000      0.98108000
       2386.9980     0.051880000     0.041634000      0.98326700
       2387.2390     0.051260000     0.041154000      0.98553900
       2387.4800     0.050740000     0.040754000      0.98771100
       2387.7210     0.050230000     0.040360000      0.98977200
       2387.9620     0.049680000     0.039935000      0.99175300
       2388.2030     0.049070000     0.039458000      0.99371500
       2388.4440     0.048500000     0.039014000      0.99571200
       2388.6850     0.048030000     0.038651000      0.99766300
       2388.9260     0.047620000     0.038335000      0.99952100
       2389.1670     0.047180000     0.037992000       1.0012750
       2389.4080     0.046670000     0.037592000       1.0030030
       2389.6490     0.046150000     0.037183000       1.0047530
       2389.8900     0.045690000     0.036825000       1.0065040
       2390.1310     0.045310000     0.036531000       1.0082130
       2390.3720     0.044950000     0.036247000       1.0097360
       2390.6140     0.044550000     0.035940000       1.0116250
       2390.8540     0.044100000     0.035581000       1.0127500
       2391.0960     0.043670000     0.035246000       1.0146600
       2391.3370     0.043310000     0.034963000       1.0161120
       2391.5780     0.042990000     0.034714000       1.0176170
       2391.8190     0.042660000     0.034454000       1.0190280
       2392.0600     0.042270000     0.034146000       1.0204280
       2392.3010     0.041860000     0.033824000       1.0218410
       2392.5420     0.041480000     0.033524000       1.0232770
       2392.7830     0.041180000     0.033289000       1.0246980
       2393.0240     0.040920000     0.033085000       1.0260440
       2393.2650     0.040630000     0.032857000       1.0273270
       2393.5060     0.040280000     0.032580000       1.0285970
       2393.7470     0.039930000     0.032302000       1.0299010
       2393.9880     0.039630000     0.032066000       1.0312080
       2394.2290     0.039390000     0.031879000       1.0324810
       2394.4700     0.039180000     0.031713000       1.0336840
       2394.7110     0.038920000     0.031507000       1.0347560
       2394.9530     0.038610000     0.031262000       1.0361170
       2395.1940     0.038310000     0.031023000       1.0372140
       2395.4350     0.038050000     0.030817000       1.0383740
       2395.6760     0.037800000     0.030619000       1.0394980
       2395.9170     0.037540000     0.030413000       1.0405980
       2396.1580     0.037260000     0.030190000       1.0416960
       2396.3990     0.036990000     0.029975000       1.0428030
       2396.6400     0.036750000     0.029785000       1.0439120
       2396.8810     0.036560000     0.029635000       1.0449930
       2397.1220     0.036380000     0.029494000       1.0460210
       2397.3630     0.036170000     0.029327000       1.0470020
       2397.6040     0.035910000     0.029117000       1.0479830
       2397.8450     0.035640000     0.028902000       1.0489910
       2398.0860     0.035420000     0.028728000       1.0500150
       2398.3270     0.035240000     0.028585000       1.0509350
       2398.5690     0.035070000     0.028452000       1.0520680
       2398.8100     0.034850000     0.028276000       1.0529100
       2399.0510     0.034620000     0.028090000       1.0538440
       2399.2920     0.034390000     0.027906000       1.0547820
       2399.5330     0.034210000     0.027764000       1.0557330
       2399.7740     0.034050000     0.027638000       1.0566390
       2400.0150     0.033900000     0.027517000       1.0575210
       2400.2560     0.033720000     0.027372000       1.0583640
       2400.4970     0.033510000     0.027205000       1.0592220
       2400.7380     0.033310000     0.027044000       1.0600860
       2400.9790     0.033140000     0.026909000       1.0609530
       2401.2200     0.032990000     0.026789000       1.0617780
       2401.4610     0.032810000     0.026643000       1.0625770
       2401.7020     0.032610000     0.026483000       1.0633900
       2401.9430     0.032420000     0.026331000       1.0641460
       2402.1850     0.032250000     0.026196000       1.0651410
       2402.4260     0.032110000     0.026083000       1.0658760
       2402.6670     0.031960000     0.025963000       1.0666480
       2402.9080     0.031800000     0.025834000       1.0674120
       2403.1490     0.031640000     0.025705000       1.0681780
       2403.3900     0.031490000     0.025585000       1.0689400
       2403.6310     0.031350000     0.025472000       1.0696900
       2403.8720     0.031220000     0.025367000       1.0704250
       2404.1130     0.031080000     0.025256000       1.0711360
       2404.3540     0.030920000     0.025126000       1.0718340
       2404.5950     0.030730000     0.024972000       1.0725540
       2404.8360     0.030580000     0.024854000       1.0732970
       2405.0770     0.030470000     0.024765000       1.0740160
       2405.3180     0.030370000     0.024685000       1.0746940
       2405.5590     0.030240000     0.024579000       1.0753570
       2405.8000     0.030100000     0.024465000       1.0759590
       2406.0420     0.029960000     0.024354000       1.0768420
       2406.2820     0.029820000     0.024240000       1.0772180
       2406.5240     0.029690000     0.024137000       1.0780970
       2406.7650     0.029570000     0.024040000       1.0786710
       2407.0060     0.029440000     0.023933000       1.0792980
       2407.2470     0.029290000     0.023812000       1.0799190
       2407.4880     0.029140000     0.023692000       1.0805550
       2407.7290     0.029020000     0.023594000       1.0811970
       2407.9700     0.028920000     0.023513000       1.0818040
       2408.2110     0.028790000     0.023408000       1.0823930
       2408.4520     0.028640000     0.023287000       1.0829840
       2408.6930     0.028490000     0.023164000       1.0835980
       2408.9340     0.028370000     0.023068000       1.0842080
       2409.1750     0.028260000     0.022978000       1.0848030
       2409.4160     0.028150000     0.022889000       1.0853800
       2409.6570     0.028030000     0.022791000       1.0859490
       2409.8980     0.027910000     0.022695000       1.0865140
       2410.1390     0.027780000     0.022587000       1.0870210
       2410.3810     0.027650000     0.022484000       1.0877450
       2410.6220     0.027550000     0.022402000       1.0882640
       2410.8630     0.027470000     0.022337000       1.0888090
       2411.1040     0.027370000     0.022255000       1.0893230
       2411.3450     0.027230000     0.022143000       1.0898370
       2411.5860     0.027080000     0.022020000       1.0903830
       2411.8270     0.026970000     0.021929000       1.0909360
       2412.0680     0.026870000     0.021850000       1.0914680
       2412.3090     0.026760000     0.021760000       1.0919810
       2412.5500     0.026640000     0.021661000       1.0925040
       2412.7910     0.026530000     0.021573000       1.0930220
       2413.0320     0.026420000     0.021483000       1.0935390
       2413.2730     0.026320000     0.021400000       1.0940450
       2413.5140     0.026220000     0.021320000       1.0945500
       2413.7550     0.026120000     0.021238000       1.0949860
       2413.9970     0.026010000     0.021149000       1.0956180
       2414.2380     0.025900000     0.021060000       1.0960500
       2414.4790     0.025790000     0.020968000       1.0965420
       2414.7200     0.025690000     0.020889000       1.0970210
       2414.9610     0.025580000     0.020798000       1.0974930
       2415.2020     0.025460000     0.020699000       1.0979750
       2415.4430     0.025350000     0.020611000       1.0984670
       2415.6840     0.025260000     0.020538000       1.0989570
       2415.9250     0.025190000     0.020481000       1.0994250
       2416.1660     0.025100000     0.020406000       1.0998730
       2416.4070     0.024990000     0.020319000       1.1003260
       2416.6480     0.024880000     0.020227000       1.1007890
       2416.8890     0.024790000     0.020155000       1.1012550
       2417.1300     0.024700000     0.020081000       1.1017070
       2417.3710     0.024620000     0.020014000       1.1021180
       2417.6130     0.024540000     0.019949000       1.1026870
       2417.8540     0.024460000     0.019884000       1.1031210
       2418.0940     0.024350000     0.019793000       1.1033620
       2418.3360     0.024240000     0.019705000       1.1040020
       2418.5770     0.024170000     0.019647000       1.1044070
       2418.8180     0.024120000     0.019606000       1.1048560
       2419.0590     0.024070000     0.019567000       1.1052560
       2419.3000     0.023980000     0.019492000       1.1056610
       2419.5410     0.023890000     0.019419000       1.1060820
       2419.7820     0.023820000     0.019360000       1.1065020
       2420.0230     0.023740000     0.019295000       1.1069090
       2420.2640     0.023660000     0.019231000       1.1073230
       2420.5050     0.023590000     0.019171000       1.1077270
       2420.7460     0.023510000     0.019106000       1.1081310
       2420.9870     0.023430000     0.019040000       1.1085340
       2421.2280     0.023350000     0.018975000       1.1089410
       2421.4690     0.023280000     0.018919000       1.1093520
       2421.7100     0.023230000     0.018878000       1.1097140
       2421.9520     0.023190000     0.018846000       1.1102260
       2422.1930     0.023140000     0.018803000       1.1105530
       2422.4340     0.023080000     0.018754000       1.1109270
       2422.6750     0.023020000     0.018705000       1.1112940
       2422.9160     0.022950000     0.018646000       1.1116570
       2423.1570     0.022870000     0.018580000       1.1120330
       2423.3980     0.022800000     0.018525000       1.1124160
       2423.6390     0.022750000     0.018483000       1.1127980
       2423.8800     0.022710000     0.018450000       1.1131620
       2424.1210     0.022660000     0.018408000       1.1135140
       2424.3620     0.022600000     0.018358000       1.1138630
       2424.6030     0.022530000     0.018303000       1.1142130
       2424.8440     0.022460000     0.018243000       1.1145690
       2425.0850     0.022400000     0.018195000       1.1149330
       2425.3260     0.022360000     0.018162000       1.1152850
       2425.5670     0.022310000     0.018120000       1.1155780
       2425.8090     0.022250000     0.018072000       1.1160360
       2426.0500     0.022190000     0.018021000       1.1163320
       2426.2910     0.022130000     0.017973000       1.1166780
       2426.5320     0.022090000     0.017939000       1.1170200
       2426.7730     0.022050000     0.017907000       1.1173440
       2427.0140     0.021990000     0.017855000       1.1176670
       2427.2550     0.021930000     0.017808000       1.1180030
       2427.4960     0.021890000     0.017774000       1.1183350
       2427.7370     0.021850000     0.017741000       1.1186520
       2427.9780     0.021800000     0.017700000       1.1189640
       2428.2190     0.021740000     0.017650000       1.1192710
       2428.4600     0.021670000     0.017591000       1.1195900
       2428.7010     0.021610000     0.017544000       1.1199180
       2428.9420     0.021570000     0.017511000       1.1202400
       2429.1830     0.021530000     0.017477000       1.1205150
       2429.4250     0.021500000     0.017453000       1.1209370
       2429.6660     0.021470000     0.017427000       1.1212240
       2429.9060     0.021410000     0.017377000       1.1213480
       2430.1480     0.021340000     0.017320000       1.1218000
       2430.3890     0.021280000     0.017269000       1.1220620
       2430.6300     0.021230000     0.017229000       1.1223670
       2430.8710     0.021180000     0.017186000       1.1226550
       2431.1120     0.021120000     0.017137000       1.1229460
       2431.3530     0.021050000     0.017080000       1.1232390
       2431.5940     0.020980000     0.017023000       1.1235470
       2431.8350     0.020930000     0.016980000       1.1238600
       2432.0760     0.020900000     0.016955000       1.1241710
       2432.3170     0.020880000     0.016939000       1.1244540
       2432.5580     0.020840000     0.016905000       1.1247290
       2432.7990     0.020780000     0.016858000       1.1249640
       2433.0410     0.020720000     0.016807000       1.1254050
       2433.2810     0.020680000     0.016773000       1.1255500
       2433.5220     0.020650000     0.016747000       1.1258370
       2433.7640     0.020620000     0.016723000       1.1262230
       2434.0050     0.020580000     0.016691000       1.1264510
       2434.2460     0.020530000     0.016648000       1.1267310
       2434.4870     0.020500000     0.016624000       1.1270140
       2434.7280     0.020480000     0.016607000       1.1272810
       2434.9690     0.020450000     0.016580000       1.1275370
       2435.2100     0.020400000     0.016540000       1.1277920
       2435.4510     0.020340000     0.016491000       1.1280620
       2435.6920     0.020300000     0.016458000       1.1283430
       2435.9330     0.020280000     0.016440000       1.1286180
       2436.1740     0.020270000     0.016432000       1.1288690
       2436.4150     0.020230000     0.016398000       1.1291060
       2436.6560     0.020180000     0.016357000       1.1293520
       2436.8970     0.020120000     0.016307000       1.1296040
       2437.1380     0.020070000     0.016264000       1.1298370
       2437.3800     0.020040000     0.016241000       1.1302110
       2437.6210     0.020020000     0.016223000       1.1304250
       2437.8620     0.019990000     0.016197000       1.1306660
       2438.1030     0.019940000     0.016157000       1.1309070
       2438.3440     0.019890000     0.016115000       1.1311650
       2438.5850     0.019860000     0.016090000       1.1314310
       2438.8260     0.019840000     0.016073000       1.1316830
       2439.0670     0.019820000     0.016056000       1.1319280
       2439.3080     0.019790000     0.016030000       1.1321630
       2439.5490     0.019750000     0.015996000       1.1324100
       2439.7900     0.019720000     0.015971000       1.1326600
       2440.0310     0.019700000     0.015956000       1.1329070
       2440.2720     0.019680000     0.015938000       1.1331390
       2440.5130     0.019650000     0.015912000       1.1333730
       2440.7540     0.019620000     0.015886000       1.1336090
       2440.9950     0.019590000     0.015861000       1.1338180
       2441.2370     0.019580000     0.015854000       1.1341610
       2441.4780     0.019570000     0.015843000       1.1343560
       2441.7190     0.019570000     0.015842000       1.1345760
       2441.9600     0.019540000     0.015817000       1.1347820
       2442.2010     0.019500000     0.015786000       1.1350050
       2442.4420     0.019460000     0.015752000       1.1352390
       2442.6830     0.019450000     0.015741000       1.1354820
       2442.9240     0.019440000     0.015733000       1.1357070
       2443.1650     0.019430000     0.015725000       1.1359310
       2443.4060     0.019420000     0.015715000       1.1361440
       2443.6470     0.019400000     0.015699000       1.1363600
       2443.8880     0.019380000     0.015683000       1.1365760
       2444.1290     0.019360000     0.015665000       1.1367960
       2444.3700     0.019360000     0.015663000       1.1370210
       2444.6110     0.019370000     0.015670000       1.1371910
       2444.8530     0.019360000     0.015661000       1.1374800
       2445.0940     0.019330000     0.015636000       1.1376790
       2445.3340     0.019300000     0.015610000       1.1377500
       2445.5760     0.019290000     0.015601000       1.1381110
       2445.8170     0.019290000     0.015601000       1.1382760
       2446.0580     0.019280000     0.015591000       1.1384800
       2446.2990     0.019270000     0.015582000       1.1386830
       2446.5400     0.019270000     0.015583000       1.1388940
       2446.7810     0.019290000     0.015597000       1.1390850
       2447.0220     0.019290000     0.015596000       1.1392600
       2447.2630     0.019270000     0.015580000       1.1394350
       2447.5040     0.019240000     0.015554000       1.1396210
       2447.7450     0.019210000     0.015528000       1.1398180
       2447.9860     0.019200000     0.015518000       1.1400360
       2448.2270     0.019220000     0.015535000       1.1401970
       2448.4690     0.019240000     0.015550000       1.1405120
       2448.7090     0.019250000     0.015555000       1.1405290
       2448.9500     0.019220000     0.015531000       1.1406880
       2449.1920     0.019180000     0.015500000       1.1409720
       2449.4330     0.019170000     0.015490000       1.1411360
       2449.6740     0.019190000     0.015506000       1.1413170
       2449.9150     0.019190000     0.015504000       1.1414680
       2450.1560     0.019170000     0.015485000       1.1416270
       2450.3970     0.019130000     0.015454000       1.1417940
       2450.6380     0.019100000     0.015426000       1.1419840
       2450.8790     0.019090000     0.015419000       1.1421740
       2451.1200     0.019090000     0.015416000       1.1423550
       2451.3610     0.019090000     0.015417000       1.1425340
       2451.6020     0.019100000     0.015424000       1.1426990
       2451.8430     0.019090000     0.015414000       1.1428590
       2452.0840     0.019080000     0.015406000       1.1430300
       2452.3250     0.019090000     0.015411000       1.1431990
       2452.5660     0.019100000     0.015418000       1.1433140
       2452.8080     0.019090000     0.015411000       1.1435620
       2453.0490     0.019070000     0.015393000       1.1436760
       2453.2900     0.019050000     0.015376000       1.1438460
       2453.5310     0.019060000     0.015383000       1.1440130
       2453.7720     0.019070000     0.015389000       1.1441630
       2454.0130     0.019070000     0.015389000       1.1443080
       2454.2540     0.019060000     0.015378000       1.1444540
       2454.4950     0.019050000     0.015372000       1.1446090
       2454.7360     0.019050000     0.015370000       1.1447600
       2454.9770     0.019060000     0.015376000       1.1449110
       2455.2180     0.019070000     0.015384000       1.1450450
       2455.4590     0.019070000     0.015383000       1.1451700
       2455.7000     0.019050000     0.015365000       1.1452890
       2455.9410     0.019010000     0.015331000       1.1454280
       2456.1820     0.019000000     0.015322000       1.1455880
       2456.4230     0.019010000     0.015329000       1.1456880
       2456.6650     0.019010000     0.015327000       1.1459140
       2456.9060     0.018990000     0.015312000       1.1459960
       2457.1470     0.018960000     0.015286000       1.1461350
       2457.3880     0.018960000     0.015284000       1.1462810
       2457.6290     0.018970000     0.015291000       1.1464110
       2457.8700     0.018980000     0.015298000       1.1465260
       2458.1110     0.018970000     0.015288000       1.1466270
       2458.3520     0.018940000     0.015263000       1.1467360
       2458.5930     0.018900000     0.015230000       1.1468530
       2458.8340     0.018870000     0.015204000       1.1469850
       2459.0750     0.018850000     0.015187000       1.1471150
       2459.3160     0.018850000     0.015186000       1.1472420
       2459.5570     0.018840000     0.015177000       1.1473350
       2459.7980     0.018800000     0.015144000       1.1474400
       2460.0390     0.018750000     0.015101000       1.1475180
       2460.2810     0.018720000     0.015077000       1.1477930
       2460.5210     0.018720000     0.015076000       1.1477720
       2460.7620     0.018710000     0.015066000       1.1478740
       2461.0040     0.018680000     0.015042000       1.1480530
       2461.2450     0.018620000     0.014991000       1.1481130
       2461.4860     0.018560000     0.014941000       1.1482280
       2461.7270     0.018510000     0.014900000       1.1483510
       2461.9680     0.018480000     0.014874000       1.1484750
       2462.2090     0.018460000     0.014856000       1.1485830
       2462.4500     0.018420000     0.014822000       1.1486780
       2462.6910     0.018360000     0.014774000       1.1487790
       2462.9320     0.018290000     0.014716000       1.1488950
       2463.1730     0.018250000     0.014682000       1.1490320
       2463.4140     0.018230000     0.014666000       1.1491400
       2463.6550     0.018190000     0.014632000       1.1492330
       2463.8960     0.018120000     0.014576000       1.1493260
       2464.1370     0.018050000     0.014517000       1.1494480
       2464.3780     0.018000000     0.014475000       1.1495390
       2464.6200     0.017970000     0.014450000       1.1497530
       2464.8610     0.017930000     0.014417000       1.1498120
       2465.1020     0.017870000     0.014367000       1.1499130
       2465.3430     0.017800000     0.014309000       1.1500160
       2465.5840     0.017730000     0.014252000       1.1501380
       2465.8250     0.017670000     0.014202000       1.1502610
       2466.0660     0.017620000     0.014162000       1.1503900
       2466.3070     0.017580000     0.014127000       1.1505040
       2466.5480     0.017530000     0.014086000       1.1506210
       2466.7890     0.017480000     0.014047000       1.1507290
       2467.0300     0.017420000     0.013996000       1.1508450
       2467.2710     0.017380000     0.013963000       1.1509660
       2467.5120     0.017340000     0.013930000       1.1510630
       2467.7530     0.017270000     0.013874000       1.1511580
       2467.9940     0.017190000     0.013807000       1.1512410
       2468.2360     0.017130000     0.013757000       1.1514610
       2468.4770     0.017080000     0.013717000       1.1515540
       2468.7180     0.017050000     0.013691000       1.1516690
       2468.9590     0.017000000     0.013649000       1.1517660
       2469.2000     0.016940000     0.013600000       1.1518690
       2469.4410     0.016860000     0.013534000       1.1519790
       2469.6820     0.016800000     0.013485000       1.1521160
       2469.9230     0.016760000     0.013453000       1.1522330
       2470.1640     0.016720000     0.013418000       1.1523440
       2470.4050     0.016670000     0.013376000       1.1524350
       2470.6460     0.016580000     0.013304000       1.1525370
       2470.8870     0.016490000     0.013232000       1.1526610
       2471.1280     0.016420000     0.013174000       1.1528090
       2471.3690     0.016390000     0.013148000       1.1529440
       2471.6100     0.016360000     0.013124000       1.1530650
       2471.8510     0.016320000     0.013092000       1.1531270
       2472.0930     0.016250000     0.013032000       1.1533530
       2472.3330     0.016190000     0.012984000       1.1533300
       2472.5750     0.016150000     0.012950000       1.1535740
       2472.8160     0.016120000     0.012925000       1.1536510
       2473.0570     0.016080000     0.012893000       1.1537540
       2473.2980     0.016030000     0.012852000       1.1538450
       2473.5390     0.015960000     0.012794000       1.1539400
       2473.7800     0.015880000     0.012728000       1.1540530
       2474.0210     0.015820000     0.012679000       1.1541810
       2474.2620     0.015780000     0.012647000       1.1542920
       2474.5030     0.015720000     0.012597000       1.1543830
       2474.7440     0.015630000     0.012523000       1.1544880
       2474.9850     0.015540000     0.012449000       1.1546210
       2475.2260     0.015480000     0.012401000       1.1547670
       2475.4670     0.015450000     0.012376000       1.1549000
       2475.7080     0.015420000     0.012351000       1.1550070
       2475.9490     0.015370000     0.012310000       1.1551100
       2476.1900     0.015310000     0.012262000       1.1551830
       2476.4320     0.015240000     0.012205000       1.1553780
       2476.6730     0.015190000     0.012164000       1.1554710
       2476.9140     0.015150000     0.012131000       1.1555790
       2477.1550     0.015100000     0.012089000       1.1556680
       2477.3960     0.015010000     0.012015000       1.1557570
       2477.6370     0.014900000     0.011927000       1.1558800
       2477.8780     0.014810000     0.011854000       1.1560290
       2478.1190     0.014760000     0.011813000       1.1561890
       2478.3600     0.014740000     0.011795000       1.1563210
       2478.6010     0.014700000     0.011763000       1.1564330
       2478.8420     0.014640000     0.011714000       1.1565450
       2479.0830     0.014570000     0.011655000       1.1566770
       2479.3240     0.014530000     0.011622000       1.1568260
       2479.5650     0.014520000     0.011615000       1.1569500
       2479.8060     0.014490000     0.011589000       1.1570220
       2480.0480     0.014440000     0.011549000       1.1571980
       2480.2890     0.014370000     0.011492000       1.1572800
       2480.5300     0.014310000     0.011444000       1.1574080
       2480.7710     0.014260000     0.011402000       1.1575330
       2481.0120     0.014220000     0.011370000       1.1576580
       2481.2530     0.014170000     0.011329000       1.1577720
       2481.4940     0.014110000     0.011280000       1.1578930
       2481.7350     0.014040000     0.011222000       1.1580350
       2481.9760     0.014010000     0.011198000       1.1582000
       2482.2170     0.014020000     0.011206000       1.1583440
       2482.4580     0.014050000     0.011227000       1.1584500
       2482.6990     0.014030000     0.011212000       1.1585160
       2482.9400     0.013960000     0.011156000       1.1586020
       2483.1810     0.013890000     0.011097000       1.1587190
       2483.4220     0.013840000     0.011056000       1.1588280
       2483.6640     0.013820000     0.011039000       1.1590310
       2483.9050     0.013810000     0.011030000       1.1591090
       2484.1460     0.013770000     0.010997000       1.1591980
       2484.3870     0.013700000     0.010941000       1.1592970
       2484.6280     0.013620000     0.010875000       1.1594290
       2484.8690     0.013580000     0.010844000       1.1595890
       2485.1100     0.013580000     0.010843000       1.1597280
       2485.3510     0.013590000     0.010851000       1.1598420
       2485.5920     0.013570000     0.010834000       1.1599290
       2485.8330     0.013520000     0.010793000       1.1600390
       2486.0740     0.013490000     0.010768000       1.1601650
       2486.3150     0.013480000     0.010760000       1.1602830
       2486.5560     0.013470000     0.010750000       1.1603810
       2486.7970     0.013440000     0.010725000       1.1604750
       2487.0380     0.013400000     0.010693000       1.1605760
       2487.2790     0.013350000     0.010651000       1.1606590
       2487.5210     0.013320000     0.010627000       1.1608830
       2487.7610     0.013310000     0.010617000       1.1608700
       2488.0030     0.013290000     0.010600000       1.1610680
       2488.2440     0.013260000     0.010576000       1.1611310
       2488.4850     0.013200000     0.010527000       1.1612350
       2488.7260     0.013150000     0.010487000       1.1613670
       2488.9670     0.013140000     0.010477000       1.1615030
       2489.2080     0.013150000     0.010484000       1.1616200
       2489.4490     0.013150000     0.010485000       1.1617080
       2489.6900     0.013120000     0.010459000       1.1617960
       2489.9310     0.013080000     0.010426000       1.1618980
       2490.1720     0.013050000     0.010400000       1.1620150
       2490.4130     0.013040000     0.010393000       1.1621280
       2490.6540     0.013030000     0.010384000       1.1622230
       2490.8950     0.013010000     0.010366000       1.1623150
       2491.1360     0.012970000     0.010335000       1.1624030
       2491.3770     0.012920000     0.010294000       1.1625160
       2491.6180     0.012900000     0.010278000       1.1626190
       2491.8600     0.012910000     0.010285000       1.1628010
       2492.1010     0.012930000     0.010301000       1.1628580
       2492.3420     0.012900000     0.010275000       1.1629090
       2492.5830     0.012820000     0.010209000       1.1629990
       2492.8240     0.012760000     0.010161000       1.1631310
       2493.0650     0.012750000     0.010152000       1.1632750
       2493.3060     0.012780000     0.010176000       1.1633880
       2493.5470     0.012800000     0.010190000       1.1634630
       2493.7880     0.012770000     0.010166000       1.1635230
       2494.0290     0.012710000     0.010117000       1.1636170
       2494.2700     0.012670000     0.010084000       1.1637320
       2494.5110     0.012650000     0.010069000       1.1638550
       2494.7520     0.012660000     0.010076000       1.1639620
       2494.9930     0.012670000     0.010082000       1.1640510
       2495.2340     0.012660000     0.010074000       1.1640990
       2495.4760     0.012630000     0.010048000       1.1642480
       2495.7170     0.012600000     0.010024000       1.1643160
       2495.9580     0.012580000     0.010008000       1.1644130
       2496.1990     0.012570000    0.0099970000       1.1644990
       2496.4400     0.012540000    0.0099740000       1.1645770
       2496.6810     0.012490000    0.0099330000       1.1646700
       2496.9220     0.012460000    0.0099090000       1.1647850
       2497.1630     0.012450000    0.0099000000       1.1648930
       2497.4040     0.012460000    0.0099060000       1.1649910
       2497.6450     0.012450000    0.0098990000       1.1650590
       2497.8860     0.012410000    0.0098660000       1.1651400
       2498.1270     0.012370000    0.0098330000       1.1652350
       2498.3680     0.012340000    0.0098090000       1.1653470
       2498.6090     0.012340000    0.0098080000       1.1654500
       2498.8500     0.012340000    0.0098070000       1.1655170
       2499.0920     0.012330000    0.0097980000       1.1656500
       2499.3330     0.012280000    0.0097560000       1.1657310
       2499.5730     0.012240000    0.0097240000       1.1657590
       2499.8150     0.012240000    0.0097230000       1.1659630
       2500.0560     0.012260000    0.0097390000       1.1660370
       2500.2970     0.012280000    0.0097530000       1.1661050
       2500.5380     0.012250000    0.0097290000       1.1661590
       2500.7790     0.012200000    0.0096880000       1.1662460
       2501.0200     0.012170000    0.0096640000       1.1663540
       2501.2610     0.012170000    0.0096640000       1.1664570
       2501.5020     0.012180000    0.0096700000       1.1665390
       2501.7430     0.012170000    0.0096630000       1.1666030
       2501.9840     0.012130000    0.0096290000       1.1666710
       2502.2250     0.012080000    0.0095880000       1.1667650
       2502.4660     0.012050000    0.0095640000       1.1668800
       2502.7070     0.012060000    0.0095710000       1.1669850
       2502.9480     0.012070000    0.0095790000       1.1670680
       2503.1890     0.012070000    0.0095770000       1.1671100
       2503.4310     0.012030000    0.0095440000       1.1672420
       2503.6720     0.011990000    0.0095130000       1.1673220
       2503.9130     0.011990000    0.0095110000       1.1674340
       2504.1540     0.012020000    0.0095340000       1.1675210
       2504.3950     0.012030000    0.0095430000       1.1675770
       2504.6360     0.012010000    0.0095250000       1.1676290
       2504.8770     0.011960000    0.0094850000       1.1676990
       2505.1180     0.011920000    0.0094530000       1.1677940
       2505.3590     0.011900000    0.0094350000       1.1678970
       2505.6000     0.011910000    0.0094430000       1.1679960
       2505.8410     0.011920000    0.0094510000       1.1680610
       2506.0820     0.011900000    0.0094330000       1.1681210
       2506.3230     0.011860000    0.0094000000       1.1682000
       2506.5640     0.011840000    0.0093840000       1.1682960
       2506.8050     0.011840000    0.0093840000       1.1683830
       2507.0460     0.011850000    0.0093900000       1.1684270
       2507.2880     0.011820000    0.0093660000       1.1685380
       2507.5290     0.011770000    0.0093240000       1.1685940
       2507.7700     0.011730000    0.0092920000       1.1686910
       2508.0110     0.011720000    0.0092840000       1.1687970
       2508.2520     0.011730000    0.0092920000       1.1688800
       2508.4930     0.011730000    0.0092890000       1.1689510
       2508.7340     0.011710000    0.0092740000       1.1690170
       2508.9750     0.011680000    0.0092490000       1.1690950
       2509.2160     0.011650000    0.0092250000       1.1691830
       2509.4570     0.011640000    0.0092150000       1.1692840
       2509.6980     0.011650000    0.0092230000       1.1693710
       2509.9390     0.011660000    0.0092300000       1.1694420
       2510.1800     0.011650000    0.0092210000       1.1694980
       2510.4210     0.011620000    0.0091980000       1.1695710
       2510.6620     0.011600000    0.0091810000       1.1696330
       2510.9040     0.011600000    0.0091800000       1.1697780
       2511.1450     0.011610000    0.0091880000       1.1698410
       2511.3850     0.011590000    0.0091710000       1.1698030
       2511.6270     0.011530000    0.0091220000       1.1699470
       2511.8680     0.011480000    0.0090810000       1.1700320
       2512.1090     0.011480000    0.0090810000       1.1701430
       2512.3500     0.011500000    0.0090960000       1.1702270
       2512.5910     0.011510000    0.0091030000       1.1702930
       2512.8320     0.011500000    0.0090960000       1.1703520
       2513.0730     0.011470000    0.0090700000       1.1704220
       2513.3140     0.011460000    0.0090620000       1.1705150
       2513.5550     0.011470000    0.0090700000       1.1705870
       2513.7960     0.011480000    0.0090750000       1.1706490
       2514.0370     0.011470000    0.0090670000       1.1706870
       2514.2780     0.011410000    0.0090190000       1.1707220
       2514.5200     0.011360000    0.0089780000       1.1708870
       2514.7600     0.011330000    0.0089540000       1.1709170
       2515.0010     0.011360000    0.0089760000       1.1710110
       2515.2430     0.011370000    0.0089830000       1.1711250
       2515.4840     0.011350000    0.0089670000       1.1711590
       2515.7250     0.011310000    0.0089340000       1.1712310
       2515.9660     0.011280000    0.0089110000       1.1713260
       2516.2070     0.011290000    0.0089180000       1.1714320
       2516.4480     0.011330000    0.0089500000       1.1715040
       2516.6890     0.011350000    0.0089650000       1.1715500
       2516.9300     0.011340000    0.0089550000       1.1715790
       2517.1710     0.011280000    0.0089070000       1.1716310
       2517.4120     0.011230000    0.0088680000       1.1717190
       2517.6530     0.011220000    0.0088580000       1.1718250
       2517.8940     0.011250000    0.0088820000       1.1719000
       2518.1350     0.011250000    0.0088800000       1.1719450
       2518.3760     0.011220000    0.0088570000       1.1719910
       2518.6170     0.011160000    0.0088070000       1.1720490
       2518.8590     0.011150000    0.0087990000       1.1722160
       2519.1000     0.011170000    0.0088140000       1.1722810
       2519.3410     0.011200000    0.0088380000       1.1723410
       2519.5820     0.011190000    0.0088280000       1.1723770
       2519.8230     0.011160000    0.0088030000       1.1724360
       2520.0640     0.011120000    0.0087710000       1.1725080
       2520.3050     0.011100000    0.0087550000       1.1726040
       2520.5460     0.011110000    0.0087630000       1.1726900
       2520.7870     0.011130000    0.0087770000       1.1727550
       2521.0280     0.011120000    0.0087690000       1.1728090
       2521.2690     0.011100000    0.0087520000       1.1728800
       2521.5100     0.011090000    0.0087440000       1.1729680
       2521.7510     0.011130000    0.0087730000       1.1730500
       2521.9920     0.011160000    0.0087970000       1.1730880
       2522.2330     0.011160000    0.0087970000       1.1731180
       2522.4740     0.011120000    0.0087640000       1.1731300
       2522.7160     0.011080000    0.0087310000       1.1732660
       2522.9570     0.011080000    0.0087320000       1.1733220
       2523.1980     0.011100000    0.0087450000       1.1733830
       2523.4390     0.011110000    0.0087530000       1.1734100
       2523.6800     0.011070000    0.0087210000       1.1734300
       2523.9210     0.010990000    0.0086580000       1.1734770
       2524.1620     0.010920000    0.0086010000       1.1735720
       2524.4030     0.010900000    0.0085840000       1.1736830
       2524.6440     0.010920000    0.0086000000       1.1737760
       2524.8850     0.010940000    0.0086150000       1.1738300
       2525.1260     0.010920000    0.0085980000       1.1738800
       2525.3670     0.010890000    0.0085740000       1.1739490
       2525.6080     0.010870000    0.0085560000       1.1740320
       2525.8490     0.010880000    0.0085640000       1.1741190
       2526.0900     0.010900000    0.0085810000       1.1741570
       2526.3320     0.010890000    0.0085710000       1.1742590
       2526.5730     0.010870000    0.0085540000       1.1743270
       2526.8130     0.010860000    0.0085470000       1.1743240
       2527.0550     0.010870000    0.0085530000       1.1744780
       2527.2960     0.010900000    0.0085770000       1.1745180
       2527.5370     0.010920000    0.0085900000       1.1745490
       2527.7780     0.010890000    0.0085660000       1.1745740
       2528.0190     0.010840000    0.0085260000       1.1746300
       2528.2600     0.010800000    0.0084930000       1.1747110
       2528.5010     0.010800000    0.0084930000       1.1748100
       2528.7420     0.010840000    0.0085250000       1.1748760
       2528.9830     0.010860000    0.0085390000       1.1749050
       2529.2240     0.010830000    0.0085150000       1.1749280
       2529.4650     0.010770000    0.0084670000       1.1749880
       2529.7060     0.010740000    0.0084420000       1.1750610
       2529.9480     0.010760000    0.0084570000       1.1752230
       2530.1880     0.010790000    0.0084810000       1.1751980
       2530.4290     0.010790000    0.0084800000       1.1752290
       2530.6710     0.010760000    0.0084550000       1.1753230
       2530.9120     0.010720000    0.0084230000       1.1753650
       2531.1530     0.010700000    0.0084070000       1.1754490
       2531.3940     0.010720000    0.0084220000       1.1755190
       2531.6350     0.010730000    0.0084290000       1.1755600
       2531.8760     0.010710000    0.0084110000       1.1755960
       2532.1170     0.010660000    0.0083720000       1.1756560
       2532.3580     0.010640000    0.0083570000       1.1757460
       2532.5990     0.010660000    0.0083710000       1.1758230
       2532.8400     0.010690000    0.0083940000       1.1758740
       2533.0810     0.010690000    0.0083940000       1.1758950
       2533.3220     0.010640000    0.0083540000       1.1759290
       2533.5630     0.010580000    0.0083070000       1.1760020
       2533.8040     0.010570000    0.0082970000       1.1761040
       2534.0450     0.010600000    0.0083200000       1.1761640
       2534.2870     0.010640000    0.0083510000       1.1762690
       2534.5280     0.010650000    0.0083580000       1.1762660
       2534.7690     0.010610000    0.0083260000       1.1762990
       2535.0100     0.010570000    0.0082930000       1.1763630
       2535.2510     0.010560000    0.0082840000       1.1764440
       2535.4920     0.010580000    0.0083000000       1.1765120
       2535.7330     0.010610000    0.0083220000       1.1765500
       2535.9740     0.010590000    0.0083060000       1.1765620
       2536.2150     0.010530000    0.0082580000       1.1766110
       2536.4560     0.010490000    0.0082270000       1.1766880
       2536.6970     0.010490000    0.0082250000       1.1767760
       2536.9380     0.010520000    0.0082480000       1.1768320
       2537.1790     0.010530000    0.0082540000       1.1768640
       2537.4200     0.010500000    0.0082320000       1.1768810
       2537.6610     0.010430000    0.0081740000       1.1769360
       2537.9020     0.010390000    0.0081430000       1.1770040
       2538.1440     0.010380000    0.0081350000       1.1771540
       2538.3850     0.010420000    0.0081660000       1.1772100
       2538.6260     0.010440000    0.0081810000       1.1772460
       2538.8670     0.010430000    0.0081710000       1.1772800
       2539.1080     0.010390000    0.0081390000       1.1773330
       2539.3490     0.010370000    0.0081250000       1.1774140
       2539.5900     0.010380000    0.0081300000       1.1774850
       2539.8310     0.010400000    0.0081450000       1.1775480
       2540.0720     0.010410000    0.0081540000       1.1775860
       2540.3130     0.010390000    0.0081360000       1.1776330
       2540.5540     0.010380000    0.0081280000       1.1777040
       2540.7950     0.010400000    0.0081430000       1.1777670
       2541.0360     0.010420000    0.0081580000       1.1778100
       2541.2770     0.010430000    0.0081660000       1.1778390
       2541.5180     0.010400000    0.0081410000       1.1778470
       2541.7600     0.010370000    0.0081180000       1.1779790
       2542.0000     0.010360000    0.0081090000       1.1779670
       2542.2410     0.010370000    0.0081140000       1.1780290
       2542.4830     0.010380000    0.0081220000       1.1781210
       2542.7240     0.010370000    0.0081140000       1.1781320
       2542.9650     0.010330000    0.0080820000       1.1781740
       2543.2060     0.010300000    0.0080570000       1.1782450
       2543.4470     0.010300000    0.0080570000       1.1783250
       2543.6880     0.010340000    0.0080880000       1.1783850
       2543.9290     0.010360000    0.0081040000       1.1784030
       2544.1700     0.010340000    0.0080850000       1.1784200
       2544.4110     0.010280000    0.0080380000       1.1784610
       2544.6520     0.010250000    0.0080130000       1.1785460
       2544.8930     0.010260000    0.0080210000       1.1786160
       2545.1340     0.010280000    0.0080360000       1.1786720
       2545.3750     0.010290000    0.0080440000       1.1786960
       2545.6160     0.010260000    0.0080180000       1.1787310
       2545.8570     0.010230000    0.0079940000       1.1787700
       2546.0990     0.010220000    0.0079870000       1.1788940
       2546.3400     0.010240000    0.0080030000       1.1789330
       2546.5810     0.010260000    0.0080160000       1.1789660
       2546.8220     0.010250000    0.0080070000       1.1789850
       2547.0630     0.010200000    0.0079690000       1.1790190
       2547.3040     0.010150000    0.0079290000       1.1790940
       2547.5450     0.010160000    0.0079350000       1.1791880
       2547.7860     0.010210000    0.0079740000       1.1792410
       2548.0270     0.010230000    0.0079890000       1.1792550
       2548.2680     0.010200000    0.0079650000       1.1792710
       2548.5090     0.010150000    0.0079250000       1.1793160
       2548.7500     0.010120000    0.0079010000       1.1793870
       2548.9910     0.010120000    0.0079000000       1.1794540
       2549.2320     0.010130000    0.0079070000       1.1795070
       2549.4730     0.010130000    0.0079070000       1.1795270
       2549.7150     0.010110000    0.0078910000       1.1796180
       2549.9560     0.010080000    0.0078670000       1.1796550
       2550.1970     0.010070000    0.0078580000       1.1797320
       2550.4380     0.010100000    0.0078800000       1.1797980
       2550.6790     0.010130000    0.0079040000       1.1798330
       2550.9200     0.010130000    0.0079040000       1.1798500
       2551.1610     0.010090000    0.0078700000       1.1798790
       2551.4020     0.010050000    0.0078390000       1.1799510
       2551.6430     0.010060000    0.0078470000       1.1800290
       2551.8840     0.010090000    0.0078700000       1.1800790
       2552.1250     0.010110000    0.0078820000       1.1801100
       2552.3660     0.010100000    0.0078740000       1.1801370
       2552.6070     0.010080000    0.0078580000       1.1801820
       2552.8480     0.010080000    0.0078570000       1.1802300
       2553.0890     0.010080000    0.0078570000       1.1802710
       2553.3300     0.010080000    0.0078550000       1.1802870
       2553.5720     0.010070000    0.0078470000       1.1803660
       2553.8130     0.010030000    0.0078160000       1.1803740
       2554.0540    0.0099800000    0.0077750000       1.1804400
       2554.2950    0.0099800000    0.0077750000       1.1805190
       2554.5360     0.010000000    0.0077900000       1.1805790
       2554.7770     0.010030000    0.0078140000       1.1806170
       2555.0180     0.010020000    0.0078060000       1.1806290
       2555.2590    0.0099800000    0.0077740000       1.1806720
       2555.5000    0.0099600000    0.0077580000       1.1807340
       2555.7410    0.0099700000    0.0077650000       1.1807980
       2555.9820    0.0099900000    0.0077790000       1.1808340
       2556.2230    0.0099900000    0.0077770000       1.1808640
       2556.4640    0.0099700000    0.0077630000       1.1808870
       2556.7050    0.0099300000    0.0077290000       1.1809260
       2556.9460    0.0098900000    0.0076980000       1.1809730
       2557.1880    0.0098900000    0.0076980000       1.1811180
       2557.4280    0.0099100000    0.0077120000       1.1811000
       2557.6690    0.0099200000    0.0077190000       1.1811420
       2557.9110    0.0099100000    0.0077110000       1.1812220
       2558.1520    0.0098800000    0.0076870000       1.1812610
       2558.3930    0.0098900000    0.0076940000       1.1813350
       2558.6340    0.0099300000    0.0077250000       1.1813880
       2558.8750    0.0099700000    0.0077550000       1.1814050
       2559.1160    0.0099600000    0.0077460000       1.1814070
       2559.3570    0.0099200000    0.0077140000       1.1814310
       2559.5980    0.0098700000    0.0076770000       1.1814820
       2559.8390    0.0098600000    0.0076670000       1.1815560
       2560.0800    0.0098800000    0.0076830000       1.1816080
       2560.3210    0.0098900000    0.0076880000       1.1816430
       2560.5620    0.0098800000    0.0076820000       1.1816740
       2560.8030    0.0098600000    0.0076640000       1.1817150
       2561.0440    0.0098500000    0.0076570000       1.1817740
       2561.2850    0.0098700000    0.0076700000       1.1818090
       2561.5270    0.0099000000    0.0076930000       1.1818860
       2561.7680    0.0098900000    0.0076860000       1.1818750
       2562.0090    0.0098500000    0.0076540000       1.1818980
       2562.2500    0.0098000000    0.0076130000       1.1819510
       2562.4910    0.0097900000    0.0076060000       1.1820300
       2562.7320    0.0098200000    0.0076280000       1.1820890
       2562.9730    0.0098500000    0.0076520000       1.1821180
       2563.2140    0.0098500000    0.0076490000       1.1821300
       2563.4550    0.0098200000    0.0076250000       1.1821570
       2563.6960    0.0097900000    0.0076020000       1.1822030
       2563.9370    0.0097800000    0.0075930000       1.1822550
       2564.1780    0.0097800000    0.0075920000       1.1823040
       2564.4190    0.0097900000    0.0076000000       1.1823360
       2564.6600    0.0097700000    0.0075840000       1.1823570
       2564.9010    0.0097300000    0.0075520000       1.1823790
       2565.1430    0.0097000000    0.0075280000       1.1824970
       2565.3840    0.0097200000    0.0075430000       1.1825450
       2565.6250    0.0097400000    0.0075570000       1.1825790
       2565.8660    0.0097400000    0.0075570000       1.1826020
       2566.1070    0.0097000000    0.0075250000       1.1826340
       2566.3480    0.0096800000    0.0075090000       1.1827080
       2566.5890    0.0097000000    0.0075240000       1.1827670
       2566.8300    0.0097300000    0.0075470000       1.1828120
       2567.0710    0.0097500000    0.0075620000       1.1828260
       2567.3120    0.0097300000    0.0075460000       1.1828420
       2567.5530    0.0096900000    0.0075130000       1.1828760
       2567.7940    0.0096600000    0.0074900000       1.1829470
       2568.0350    0.0096800000    0.0075050000       1.1830140
       2568.2760    0.0097200000    0.0075340000       1.1830590
       2568.5170    0.0097600000    0.0075650000       1.1830700
       2568.7580    0.0097400000    0.0075480000       1.1830410
       2569.0000    0.0096800000    0.0075020000       1.1831330
       2569.2400    0.0096300000    0.0074620000       1.1831130
       2569.4820    0.0096400000    0.0074700000       1.1832570
       2569.7230    0.0096700000    0.0074920000       1.1832790
       2569.9640    0.0096900000    0.0075060000       1.1833020
       2570.2050    0.0096700000    0.0074910000       1.1833120
       2570.4460    0.0096300000    0.0074600000       1.1833510
       2570.6870    0.0096100000    0.0074430000       1.1834090
       2570.9280    0.0096200000    0.0074500000       1.1834670
       2571.1690    0.0096400000    0.0074640000       1.1835000
       2571.4100    0.0096300000    0.0074560000       1.1835190
       2571.6510    0.0095900000    0.0074240000       1.1835540
       2571.8920    0.0095600000    0.0074020000       1.1836280
       2572.1330    0.0095900000    0.0074250000       1.1837010
       2572.3740    0.0096400000    0.0074620000       1.1837380
       2572.6150    0.0096700000    0.0074850000       1.1837430
       2572.8560    0.0096500000    0.0074680000       1.1837440
       2573.0970    0.0096100000    0.0074360000       1.1837590
       2573.3390    0.0095900000    0.0074210000       1.1838610
       2573.5800    0.0096000000    0.0074290000       1.1838900
       2573.8210    0.0096100000    0.0074330000       1.1839180
       2574.0620    0.0096000000    0.0074270000       1.1839440
       2574.3030    0.0095800000    0.0074110000       1.1839730
       2574.5440    0.0095600000    0.0073940000       1.1840210
       2574.7850    0.0095600000    0.0073930000       1.1840720
       2575.0260    0.0095800000    0.0074070000       1.1841180
       2575.2670    0.0096000000    0.0074230000       1.1841360
       2575.5080    0.0095900000    0.0074140000       1.1841460
       2575.7490    0.0095500000    0.0073820000       1.1841630
       2575.9900    0.0095000000    0.0073430000       1.1842190
       2576.2310    0.0095000000    0.0073430000       1.1842890
       2576.4720    0.0095300000    0.0073650000       1.1843330
       2576.7130    0.0095400000    0.0073730000       1.1843320
       2576.9550    0.0095200000    0.0073560000       1.1844020
       2577.1960    0.0094900000    0.0073320000       1.1844280
       2577.4370    0.0094900000    0.0073310000       1.1844930
       2577.6780    0.0095300000    0.0073620000       1.1845320
       2577.9190    0.0095500000    0.0073770000       1.1845370
       2578.1600    0.0095300000    0.0073600000       1.1845370
       2578.4010    0.0094700000    0.0073150000       1.1845590
       2578.6420    0.0094200000    0.0072740000       1.1846230
       2578.8830    0.0094200000    0.0072740000       1.1847020
       2579.1240    0.0094600000    0.0073050000       1.1847560
       2579.3650    0.0095000000    0.0073340000       1.1847710
       2579.6060    0.0094900000    0.0073270000       1.1847680
       2579.8470    0.0094400000    0.0072870000       1.1847850
       2580.0880    0.0093900000    0.0072470000       1.1848490
       2580.3290    0.0094100000    0.0072640000       1.1849080
       2580.5710    0.0094500000    0.0072930000       1.1849790
       2580.8120    0.0094600000    0.0072980000       1.1849880
       2581.0520    0.0094200000    0.0072680000       1.1849260
       2581.2940    0.0093600000    0.0072210000       1.1850450
       2581.5350    0.0093500000    0.0072140000       1.1850980
       2581.7760    0.0093700000    0.0072270000       1.1851620
       2582.0170    0.0094100000    0.0072590000       1.1851960
       2582.2580    0.0094200000    0.0072650000       1.1852060
       2582.4990    0.0094000000    0.0072490000       1.1852270
       2582.7400    0.0093700000    0.0072260000       1.1852680
       2582.9810    0.0093700000    0.0072250000       1.1853310
       2583.2220    0.0094100000    0.0072550000       1.1853740
       2583.4630    0.0094400000    0.0072760000       1.1853800
       2583.7040    0.0094200000    0.0072600000       1.1853810
       2583.9450    0.0093800000    0.0072280000       1.1854090
       2584.1860    0.0093500000    0.0072070000       1.1854580
       2584.4270    0.0093600000    0.0072140000       1.1855100
       2584.6680    0.0093700000    0.0072210000       1.1855180
       2584.9100    0.0093700000    0.0072190000       1.1855950
       2585.1510    0.0093600000    0.0072120000       1.1855940
       2585.3920    0.0093300000    0.0071870000       1.1856340
       2585.6330    0.0093300000    0.0071870000       1.1856790
       2585.8740    0.0093300000    0.0071860000       1.1857180
       2586.1150    0.0093500000    0.0072000000       1.1857490
       2586.3560    0.0093400000    0.0071920000       1.1857570
       2586.5970    0.0093000000    0.0071620000       1.1857870
       2586.8380    0.0092700000    0.0071370000       1.1858440
       2587.0790    0.0092800000    0.0071450000       1.1859120
       2587.3200    0.0093200000    0.0071750000       1.1859570
       2587.5610    0.0093700000    0.0072120000       1.1859690
       2587.8020    0.0093600000    0.0072030000       1.1859510
       2588.0430    0.0093100000    0.0071650000       1.1859760
       2588.2840    0.0092900000    0.0071500000       1.1860180
       2588.5250    0.0092900000    0.0071480000       1.1860470
       2588.7670    0.0093100000    0.0071640000       1.1861170
       2589.0080    0.0093000000    0.0071550000       1.1861040
       2589.2490    0.0092600000    0.0071250000       1.1861180
       2589.4900    0.0092100000    0.0070840000       1.1861570
       2589.7310    0.0091800000    0.0070610000       1.1862210
       2589.9720    0.0091900000    0.0070680000       1.1862890
       2590.2130    0.0092300000    0.0070980000       1.1863220
       2590.4540    0.0092300000    0.0070960000       1.1863300
       2590.6950    0.0092000000    0.0070740000       1.1863550
       2590.9360    0.0091700000    0.0070490000       1.1864050
       2591.1770    0.0091800000    0.0070580000       1.1864680
       2591.4180    0.0092200000    0.0070860000       1.1865010
       2591.6590    0.0092400000    0.0071030000       1.1865040
       2591.9000    0.0092100000    0.0070790000       1.1864960
       2592.1410    0.0091400000    0.0070250000       1.1865130
       2592.3830    0.0091100000    0.0070000000       1.1866350
       2592.6240    0.0091300000    0.0070150000       1.1866850
       2592.8650    0.0091700000    0.0070430000       1.1867270
       2593.1060    0.0092000000    0.0070670000       1.1867420
       2593.3470    0.0091900000    0.0070600000       1.1867460
       2593.5880    0.0091600000    0.0070350000       1.1867780
       2593.8290    0.0091500000    0.0070270000       1.1868280
       2594.0700    0.0091700000    0.0070400000       1.1868780
       2594.3110    0.0092100000    0.0070720000       1.1869030
       2594.5520    0.0092200000    0.0070800000       1.1868900
       2594.7930    0.0091700000    0.0070400000       1.1868950
       2595.0340    0.0091300000    0.0070080000       1.1869440
       2595.2750    0.0091200000    0.0070010000       1.1869970
       2595.5160    0.0091400000    0.0070150000       1.1870480
       2595.7570    0.0091700000    0.0070380000       1.1870490
       2595.9990    0.0091600000    0.0070290000       1.1871010
       2596.2400    0.0091400000    0.0070120000       1.1871300
       2596.4800    0.0091300000    0.0070040000       1.1871020
       2596.7220    0.0091300000    0.0070040000       1.1872010
       2596.9630    0.0091500000    0.0070180000       1.1872100
       2597.2040    0.0091500000    0.0070190000       1.1872080
       2597.4450    0.0091000000    0.0069790000       1.1872140
       2597.6860    0.0090400000    0.0069330000       1.1872590
       2597.9270    0.0090200000    0.0069160000       1.1873370
       2598.1680    0.0090600000    0.0069470000       1.1873970
       2598.4090    0.0091000000    0.0069760000       1.1874130
       2598.6500    0.0091000000    0.0069760000       1.1874080
       2598.8910    0.0090500000    0.0069360000       1.1874250
       2599.1320    0.0090200000    0.0069130000       1.1874810
       2599.3730    0.0090300000    0.0069200000       1.1875330
       2599.6140    0.0090500000    0.0069360000       1.1875630
       2599.8550    0.0090600000    0.0069420000       1.1875780
       2600.0960    0.0090400000    0.0069270000       1.1875680
       2600.3380    0.0089900000    0.0068870000       1.1876470
       2600.5790    0.0089700000    0.0068720000       1.1876960
       2600.8200    0.0089900000    0.0068870000       1.1877550
       2601.0610    0.0090300000    0.0069170000       1.1877880
       2601.3020    0.0090500000    0.0069320000       1.1877940
       2601.5430    0.0090300000    0.0069160000       1.1878000
       2601.7840    0.0089900000    0.0068830000       1.1878410
       2602.0250    0.0090000000    0.0068900000       1.1879090
       2602.2660    0.0090500000    0.0069300000       1.1879450
       2602.5070    0.0090900000    0.0069600000       1.1879380
       2602.7480    0.0090700000    0.0069430000       1.1879180
       2602.9890    0.0090100000    0.0068960000       1.1879310
       2603.2300    0.0089600000    0.0068570000       1.1879840
       2603.4710    0.0089600000    0.0068570000       1.1880500
       2603.7120    0.0089900000    0.0068790000       1.1880900
       2603.9530    0.0090100000    0.0068920000       1.1880940
       2604.1950    0.0090200000    0.0068990000       1.1881570
       2604.4360    0.0090100000    0.0068940000       1.1881490
       2604.6770    0.0089900000    0.0068770000       1.1881780
       2604.9180    0.0090000000    0.0068850000       1.1882060
       2605.1590    0.0090000000    0.0068820000       1.1882140
       2605.4000    0.0089800000    0.0068660000       1.1882240
       2605.6410    0.0089300000    0.0068280000       1.1882400
       2605.8820    0.0088800000    0.0067880000       1.1882930
       2606.1230    0.0088700000    0.0067800000       1.1883630
       2606.3640    0.0089000000    0.0068040000       1.1884140
       2606.6050    0.0089200000    0.0068180000       1.1884350
       2606.8460    0.0089200000    0.0068180000       1.1884550
       2607.0870    0.0089000000    0.0068020000       1.1884810
       2607.3280    0.0089000000    0.0068010000       1.1885310
       2607.5690    0.0089200000    0.0068160000       1.1885500
       2607.8110    0.0089500000    0.0068380000       1.1886210
       2608.0520    0.0089700000    0.0068520000       1.1886030
       2608.2930    0.0089500000    0.0068380000       1.1886030
       2608.5340    0.0089100000    0.0068060000       1.1886190
       2608.7750    0.0088800000    0.0067830000       1.1886670
       2609.0160    0.0088900000    0.0067900000       1.1887150
       2609.2570    0.0089200000    0.0068110000       1.1887390
       2609.4980    0.0089200000    0.0068110000       1.1887360
       2609.7390    0.0088800000    0.0067790000       1.1887460
       2609.9800    0.0088300000    0.0067420000       1.1887890
       2610.2210    0.0088300000    0.0067390000       1.1888540
       2610.4620    0.0088600000    0.0067620000       1.1888930
       2610.7030    0.0088800000    0.0067770000       1.1889060
       2610.9440    0.0088700000    0.0067690000       1.1889120
       2611.1850    0.0088400000    0.0067450000       1.1889210
       2611.4270    0.0088200000    0.0067290000       1.1890230
       2611.6670    0.0088300000    0.0067360000       1.1890120
       2611.9080    0.0088600000    0.0067600000       1.1890350
       2612.1500    0.0088700000    0.0067660000       1.1890780
       2612.3910    0.0088400000    0.0067410000       1.1890610
       2612.6320    0.0087800000    0.0066970000       1.1890920
       2612.8730    0.0087500000    0.0066720000       1.1891550
       2613.1140    0.0087700000    0.0066870000       1.1892210
       2613.3550    0.0088100000    0.0067190000       1.1892540
       2613.5960    0.0088400000    0.0067400000       1.1892620
       2613.8370    0.0088300000    0.0067310000       1.1892600
       2614.0780    0.0088000000    0.0067080000       1.1892840
       2614.3190    0.0087800000    0.0066930000       1.1893210
       2614.5600    0.0087900000    0.0066990000       1.1893670
       2614.8010    0.0088100000    0.0067150000       1.1893820
       2615.0420    0.0088000000    0.0067050000       1.1893930
       2615.2830    0.0087800000    0.0066890000       1.1894120
       2615.5240    0.0087500000    0.0066670000       1.1894360
       2615.7660    0.0087600000    0.0066730000       1.1895310
       2616.0070    0.0088000000    0.0067020000       1.1895450
       2616.2480    0.0088200000    0.0067190000       1.1895300
       2616.4890    0.0087700000    0.0066790000       1.1895220
       2616.7300    0.0087100000    0.0066320000       1.1895570
       2616.9710    0.0086700000    0.0066010000       1.1896310
       2617.2120    0.0087100000    0.0066310000       1.1897040
       2617.4530    0.0087600000    0.0066690000       1.1897260
       2617.6940    0.0087800000    0.0066840000       1.1897300
       2617.9350    0.0087700000    0.0066750000       1.1897390
       2618.1760    0.0087600000    0.0066680000       1.1897650
       2618.4170    0.0087600000    0.0066680000       1.1897890
       2618.6580    0.0087700000    0.0066740000       1.1898090
       2618.8990    0.0087700000    0.0066730000       1.1898120
       2619.1400    0.0087400000    0.0066490000       1.1898170
       2619.3810    0.0086900000    0.0066120000       1.1898280
       2619.6230    0.0086600000    0.0065880000       1.1899250
       2619.8640    0.0086700000    0.0065950000       1.1899670
       2620.1050    0.0087000000    0.0066180000       1.1899970
       2620.3460    0.0087100000    0.0066240000       1.1900070
       2620.5870    0.0086900000    0.0066100000       1.1900220
       2620.8280    0.0086700000    0.0065910000       1.1900660
       2621.0690    0.0086900000    0.0066070000       1.1901160
       2621.3100    0.0087300000    0.0066370000       1.1901380
       2621.5510    0.0087500000    0.0066530000       1.1901290
       2621.7920    0.0087200000    0.0066270000       1.1901230
       2622.0330    0.0086800000    0.0065980000       1.1901460
       2622.2740    0.0086400000    0.0065670000       1.1901820
       2622.5150    0.0086300000    0.0065580000       1.1902430
       2622.7560    0.0086600000    0.0065810000       1.1902890
       2622.9970    0.0086900000    0.0066030000       1.1902910
       2623.2390    0.0087000000    0.0066100000       1.1903540
       2623.4790    0.0086800000    0.0065920000       1.1902920
       2623.7210    0.0086700000    0.0065870000       1.1903860
       2623.9620    0.0086800000    0.0065920000       1.1903960
       2624.2030    0.0087000000    0.0066080000       1.1904120
       2624.4440    0.0086900000    0.0065990000       1.1903980
       2624.6850    0.0086400000    0.0065600000       1.1904140
       2624.9260    0.0086000000    0.0065290000       1.1904530
       2625.1670    0.0085800000    0.0065140000       1.1905120
       2625.4080    0.0086100000    0.0065360000       1.1905640
       2625.6490    0.0086400000    0.0065580000       1.1905790
       2625.8900    0.0086400000    0.0065590000       1.1905860
       2626.1310    0.0086200000    0.0065420000       1.1905980
       2626.3720    0.0085900000    0.0065180000       1.1906340
       2626.6130    0.0085900000    0.0065190000       1.1906880
       2626.8540    0.0086300000    0.0065490000       1.1907210
       2627.0950    0.0086600000    0.0065700000       1.1907190
       2627.3360    0.0086400000    0.0065550000       1.1906960
       2627.5780    0.0086000000    0.0065230000       1.1907590
       2627.8190    0.0085800000    0.0065080000       1.1907910
       2628.0600    0.0086000000    0.0065220000       1.1908290
       2628.3010    0.0086200000    0.0065370000       1.1908440
       2628.5420    0.0086200000    0.0065360000       1.1908420
       2628.7830    0.0085800000    0.0065050000       1.1908530
       2629.0240    0.0085500000    0.0064820000       1.1908920
       2629.2650    0.0085400000    0.0064730000       1.1909400
       2629.5060    0.0085600000    0.0064890000       1.1909810
       2629.7470    0.0085800000    0.0065030000       1.1909970
       2629.9880    0.0085800000    0.0065020000       1.1910060
       2630.2290    0.0085500000    0.0064790000       1.1910220
       2630.4700    0.0085300000    0.0064640000       1.1910680
       2630.7110    0.0085500000    0.0064760000       1.1911150
       2630.9520    0.0085900000    0.0065090000       1.1911240
       2631.1940    0.0086100000    0.0065230000       1.1911500
       2631.4350    0.0085700000    0.0064900000       1.1911340
       2631.6760    0.0085300000    0.0064610000       1.1911690
       2631.9170    0.0085200000    0.0064530000       1.1912220
       2632.1580    0.0085600000    0.0064820000       1.1912630
       2632.3990    0.0085900000    0.0065050000       1.1912680
       2632.6400    0.0086000000    0.0065100000       1.1912620
       2632.8810    0.0085700000    0.0064880000       1.1912540
       2633.1220    0.0085200000    0.0064490000       1.1912720
       2633.3630    0.0084800000    0.0064180000       1.1913180
       2633.6040    0.0084800000    0.0064180000       1.1913750
       2633.8450    0.0085100000    0.0064390000       1.1914070
       2634.0860    0.0085200000    0.0064480000       1.1914150
       2634.3270    0.0085000000    0.0064310000       1.1914260
       2634.5680    0.0084800000    0.0064160000       1.1914630
       2634.8090    0.0084800000    0.0064160000       1.1914850
       2635.0510    0.0085000000    0.0064290000       1.1915620
       2635.2920    0.0085200000    0.0064450000       1.1915570
       2635.5330    0.0085100000    0.0064360000       1.1915650
       2635.7740    0.0084900000    0.0064220000       1.1915920
       2636.0150    0.0085000000    0.0064280000       1.1916290
       2636.2560    0.0085200000    0.0064420000       1.1916470
       2636.4970    0.0085300000    0.0064490000       1.1916570
       2636.7380    0.0085300000    0.0064490000       1.1916570
       2636.9790    0.0085000000    0.0064250000       1.1916600
       2637.2200    0.0084600000    0.0063940000       1.1916870
       2637.4610    0.0084400000    0.0063790000       1.1917350
       2637.7020    0.0084600000    0.0063930000       1.1917750
       2637.9430    0.0084800000    0.0064070000       1.1917870
       2638.1840    0.0084700000    0.0064000000       1.1917890
       2638.4250    0.0084300000    0.0063690000       1.1917920
       2638.6670    0.0084100000    0.0063530000       1.1918970
       2638.9070    0.0084200000    0.0063600000       1.1918730
       2639.1490    0.0084600000    0.0063910000       1.1919570
       2639.3900    0.0084700000    0.0063950000       1.1919350
       2639.6310    0.0084500000    0.0063820000       1.1919520
       2639.8720    0.0084300000    0.0063660000       1.1919710
       2640.1130    0.0084200000    0.0063570000       1.1920130
       2640.3540    0.0084400000    0.0063710000       1.1920500
       2640.5950    0.0084700000    0.0063960000       1.1920670
       2640.8360    0.0084800000    0.0064030000       1.1920590
       2641.0770    0.0084600000    0.0063850000       1.1920560
       2641.3180    0.0084100000    0.0063480000       1.1920720
       2641.5590    0.0083800000    0.0063230000       1.1921250
       2641.8000    0.0084000000    0.0063380000       1.1921740
       2642.0410    0.0084300000    0.0063610000       1.1921950
       2642.2820    0.0084400000    0.0063680000       1.1921950
       2642.5230    0.0084200000    0.0063520000       1.1922030
       2642.7640    0.0084000000    0.0063350000       1.1922180
       2643.0060    0.0084100000    0.0063420000       1.1922970
       2643.2470    0.0084300000    0.0063590000       1.1922940
       2643.4880    0.0084300000    0.0063580000       1.1922940
       2643.7290    0.0084100000    0.0063400000       1.1923000
       2643.9700    0.0083800000    0.0063190000       1.1923170
       2644.2110    0.0083500000    0.0062940000       1.1923510
       2644.4520    0.0083500000    0.0062950000       1.1923970
       2644.6930    0.0083700000    0.0063080000       1.1924190
       2644.9340    0.0083700000    0.0063100000       1.1924300
       2645.1750    0.0083500000    0.0062920000       1.1924360
       2645.4160    0.0083100000    0.0062610000       1.1924710
       2645.6570    0.0083000000    0.0062550000       1.1925270
       2645.8980    0.0083300000    0.0062770000       1.1925710
       2646.1390    0.0083700000    0.0063050000       1.1925860
       2646.3800    0.0083800000    0.0063120000       1.1925690
       2646.6220    0.0083600000    0.0062970000       1.1926170
       2646.8630    0.0083400000    0.0062820000       1.1926320
       2647.1040    0.0083500000    0.0062900000       1.1926620
       2647.3450    0.0083600000    0.0062950000       1.1926780
       2647.5860    0.0083700000    0.0063010000       1.1926920
       2647.8270    0.0083600000    0.0062930000       1.1926940
       2648.0680    0.0083300000    0.0062700000       1.1927170
       2648.3090    0.0083200000    0.0062620000       1.1927560
       2648.5500    0.0083400000    0.0062760000       1.1927920
       2648.7910    0.0083700000    0.0062990000       1.1928000
       2649.0320    0.0083700000    0.0062980000       1.1927890
       2649.2730    0.0083300000    0.0062670000       1.1927840
       2649.5140    0.0082700000    0.0062220000       1.1928180
       2649.7550    0.0082600000    0.0062140000       1.1928750
       2649.9960    0.0082800000    0.0062290000       1.1929100
       2650.2370    0.0082900000    0.0062350000       1.1929110
       2650.4790    0.0082800000    0.0062280000       1.1929850
       2650.7190    0.0082600000    0.0062130000       1.1929470
       2650.9610    0.0082800000    0.0062250000       1.1930530
       2651.2020    0.0083200000    0.0062560000       1.1930580
       2651.4430    0.0083500000    0.0062780000       1.1930620
       2651.6840    0.0083600000    0.0062850000       1.1930450
       2651.9250    0.0083200000    0.0062550000       1.1930330
       2652.1660    0.0082600000    0.0062090000       1.1930570
       2652.4070    0.0082300000    0.0061870000       1.1931180
       2652.6480    0.0082600000    0.0062090000       1.1931700
       2652.8890    0.0083000000    0.0062380000       1.1931880
       2653.1300    0.0083200000    0.0062510000       1.1931840
       2653.3710    0.0082900000    0.0062290000       1.1931840
       2653.6120    0.0082700000    0.0062140000       1.1932200
       2653.8530    0.0082800000    0.0062200000       1.1932480
       2654.0940    0.0083000000    0.0062350000       1.1932720
       2654.3350    0.0083200000    0.0062500000       1.1932510
       2654.5770    0.0083000000    0.0062330000       1.1932840
       2654.8180    0.0082600000    0.0062030000       1.1932770
       2655.0590    0.0082200000    0.0061720000       1.1933110
       2655.3000    0.0082100000    0.0061630000       1.1933550
       2655.5410    0.0082200000    0.0061710000       1.1933930
       2655.7820    0.0082400000    0.0061850000       1.1934140
       2656.0230    0.0082400000    0.0061860000       1.1934190
       2656.2640    0.0082100000    0.0061610000       1.1934360
       2656.5050    0.0082000000    0.0061540000       1.1934870
       2656.7460    0.0082300000    0.0061780000       1.1935200
       2656.9870    0.0082600000    0.0061990000       1.1935270
       2657.2280    0.0082600000    0.0061980000       1.1935170
       2657.4690    0.0082200000    0.0061670000       1.1935280
       2657.7100    0.0082000000    0.0061520000       1.1935660
       2657.9510    0.0082100000    0.0061580000       1.1936030
       2658.1920    0.0082300000    0.0061730000       1.1936080
       2658.4340    0.0082400000    0.0061810000       1.1936550
       2658.6750    0.0082300000    0.0061730000       1.1936400
       2658.9160    0.0082000000    0.0061490000       1.1936560
       2659.1570    0.0081800000    0.0061340000       1.1936910
       2659.3980    0.0081900000    0.0061410000       1.1937310
       2659.6390    0.0082200000    0.0061620000       1.1937460
       2659.8800    0.0082200000    0.0061610000       1.1937430
       2660.1210    0.0081900000    0.0061390000       1.1937470
       2660.3620    0.0081400000    0.0061010000       1.1937800
       2660.6030    0.0081400000    0.0061000000       1.1938440
       2660.8440    0.0081800000    0.0061300000       1.1938770
       2661.0850    0.0082100000    0.0061520000       1.1938850
       2661.3260    0.0082100000    0.0061520000       1.1938800
       2661.5670    0.0081900000    0.0061360000       1.1938950
       2661.8080    0.0081800000    0.0061280000       1.1939010
       2662.0500    0.0081700000    0.0061200000       1.1939680
       2662.2910    0.0081800000    0.0061260000       1.1939930
       2662.5310    0.0081800000    0.0061260000       1.1939550
       2662.7730    0.0081800000    0.0061250000       1.1940210
       2663.0140    0.0081500000    0.0061030000       1.1940260
       2663.2550    0.0081400000    0.0060950000       1.1940730
       2663.4960    0.0081600000    0.0061090000       1.1941170
       2663.7370    0.0082100000    0.0061450000       1.1941440
       2663.9780    0.0082400000    0.0061680000       1.1941350
       2664.2190    0.0082300000    0.0061590000       1.1941310
       2664.4600    0.0082100000    0.0061440000       1.1941500
       2664.7010    0.0082100000    0.0061440000       1.1941800
       2664.9420    0.0082300000    0.0061580000       1.1942050
       2665.1830    0.0082600000    0.0061800000       1.1942100
       2665.4240    0.0082600000    0.0061790000       1.1942000
       2665.6650    0.0082400000    0.0061640000       1.1942040
       2665.9060    0.0082200000    0.0061480000       1.1942220
       2666.1470    0.0082200000    0.0061480000       1.1942360
       2666.3890    0.0082400000    0.0061620000       1.1942930
       2666.6300    0.0082600000    0.0061770000       1.1942730
       2666.8710    0.0082400000    0.0061600000       1.1942540
       2667.1120    0.0081900000    0.0061230000       1.1942650
       2667.3530    0.0081600000    0.0060990000       1.1943010
       2667.5940    0.0081700000    0.0061070000       1.1943430
       2667.8350    0.0082000000    0.0061300000       1.1943470
       2668.0760    0.0081900000    0.0061210000       1.1943340
       2668.3170    0.0081500000    0.0060900000       1.1943340
       2668.5580    0.0081000000    0.0060520000       1.1943620
       2668.7990    0.0080800000    0.0060370000       1.1944060
       2669.0400    0.0080800000    0.0060370000       1.1944410
       2669.2810    0.0080900000    0.0060430000       1.1944690
       2669.5220    0.0081000000    0.0060510000       1.1944840
       2669.7630    0.0080900000    0.0060420000       1.1944780
       2670.0050    0.0080700000    0.0060260000       1.1945400
       2670.2460    0.0080600000    0.0060180000       1.1945580
       2670.4870    0.0080700000    0.0060250000       1.1945880
       2670.7280    0.0080800000    0.0060320000       1.1946020
       2670.9690    0.0080700000    0.0060260000       1.1946100
       2671.2100    0.0080400000    0.0060010000       1.1946360
       2671.4510    0.0080400000    0.0060020000       1.1946890
       2671.6920    0.0080800000    0.0060310000       1.1947220
       2671.9330    0.0081200000    0.0060590000       1.1947280
       2672.1740    0.0081300000    0.0060660000       1.1947170
       2672.4150    0.0081100000    0.0060520000       1.1947120
       2672.6560    0.0080800000    0.0060270000       1.1947240
       2672.8970    0.0080600000    0.0060120000       1.1947560
       2673.1380    0.0080600000    0.0060140000       1.1947840
       2673.3790    0.0080700000    0.0060200000       1.1947990
       2673.6200    0.0080600000    0.0060110000       1.1947930
       2673.8620    0.0080400000    0.0059970000       1.1948520
       2674.1030    0.0080200000    0.0059800000       1.1948730
       2674.3440    0.0080400000    0.0059960000       1.1949240
       2674.5850    0.0080900000    0.0060320000       1.1949370
       2674.8260    0.0081200000    0.0060520000       1.1949260
       2675.0670    0.0081000000    0.0060380000       1.1949040
       2675.3080    0.0080500000    0.0060010000       1.1949160
       2675.5490    0.0080200000    0.0059780000       1.1949530
       2675.7900    0.0080300000    0.0059850000       1.1950010
       2676.0310    0.0080700000    0.0060130000       1.1950140
       2676.2720    0.0080800000    0.0060200000       1.1950070
       2676.5130    0.0080600000    0.0060040000       1.1949960
       2676.7540    0.0080100000    0.0059660000       1.1950110
       2676.9950    0.0079800000    0.0059450000       1.1950510
       2677.2360    0.0079800000    0.0059450000       1.1950820
       2677.4780    0.0080100000    0.0059660000       1.1951440
       2677.7190    0.0080200000    0.0059710000       1.1951490
       2677.9590    0.0080100000    0.0059640000       1.1951020
       2678.2010    0.0079800000    0.0059420000       1.1951740
       2678.4420    0.0079800000    0.0059400000       1.1952040
       2678.6830    0.0080100000    0.0059630000       1.1952230
       2678.9240    0.0080100000    0.0059630000       1.1952210
       2679.1650    0.0079900000    0.0059490000       1.1952300
       2679.4060    0.0079600000    0.0059260000       1.1952540
       2679.6470    0.0079600000    0.0059250000       1.1953000
       2679.8880    0.0079900000    0.0059460000       1.1953260
       2680.1290    0.0080100000    0.0059610000       1.1953330
       2680.3700    0.0080100000    0.0059590000       1.1953310
       2680.6110    0.0079900000    0.0059430000       1.1953410
       2680.8520    0.0079700000    0.0059290000       1.1953620
       2681.0930    0.0079600000    0.0059200000       1.1953920
       2681.3340    0.0079700000    0.0059280000       1.1954240
       2681.5750    0.0079900000    0.0059430000       1.1954230
       2681.8170    0.0079900000    0.0059410000       1.1954620
       2682.0580    0.0079600000    0.0059200000       1.1954630
       2682.2990    0.0079500000    0.0059110000       1.1955010
       2682.5400    0.0079700000    0.0059250000       1.1955380
       2682.7810    0.0080100000    0.0059550000       1.1955520
       2683.0220    0.0080300000    0.0059680000       1.1955410
       2683.2630    0.0080100000    0.0059530000       1.1955310
       2683.5040    0.0079700000    0.0059230000       1.1955450
       2683.7450    0.0079500000    0.0059080000       1.1955810
       2683.9860    0.0079500000    0.0059080000       1.1956150
       2684.2270    0.0079700000    0.0059220000       1.1956470
       2684.4680    0.0080000000    0.0059440000       1.1956560
       2684.7090    0.0080000000    0.0059440000       1.1956510
       2684.9500    0.0079800000    0.0059280000       1.1956620
       2685.1910    0.0079700000    0.0059200000       1.1956780
       2685.4330    0.0080000000    0.0059410000       1.1957440
       2685.6740    0.0080300000    0.0059620000       1.1957210
       2685.9150    0.0080100000    0.0059480000       1.1957030
       2686.1560    0.0079600000    0.0059100000       1.1957110
       2686.3970    0.0079300000    0.0058870000       1.1957560
       2686.6380    0.0079500000    0.0059030000       1.1957990
       2686.8790    0.0079900000    0.0059300000       1.1958090
       2687.1200    0.0080000000    0.0059360000       1.1957970
       2687.3610    0.0079700000    0.0059150000       1.1957920
       2687.6020    0.0079300000    0.0058840000       1.1958070
       2687.8430    0.0079000000    0.0058620000       1.1958510
       2688.0840    0.0079200000    0.0058780000       1.1958930
       2688.3250    0.0079500000    0.0058980000       1.1959070
       2688.5660    0.0079700000    0.0059110000       1.1959050
       2688.8070    0.0079500000    0.0058970000       1.1958910
       2689.0480    0.0079000000    0.0058590000       1.1958990
       2689.2900    0.0078900000    0.0058530000       1.1959840
       2689.5310    0.0079200000    0.0058730000       1.1960010
       2689.7720    0.0079500000    0.0058960000       1.1960020
       2690.0130    0.0079400000    0.0058870000       1.1959870
       2690.2540    0.0079000000    0.0058570000       1.1959960
       2690.4950    0.0078700000    0.0058340000       1.1960290
       2690.7360    0.0078700000    0.0058330000       1.1960690
       2690.9770    0.0078900000    0.0058480000       1.1960950
       2691.2180    0.0079000000    0.0058530000       1.1961020
       2691.4590    0.0078900000    0.0058470000       1.1961170
       2691.7000    0.0078800000    0.0058400000       1.1961330
       2691.9410    0.0078700000    0.0058320000       1.1961650
       2692.1820    0.0078900000    0.0058460000       1.1961920
       2692.4230    0.0079100000    0.0058590000       1.1962060
       2692.6640    0.0079200000    0.0058680000       1.1961910
       2692.9060    0.0079000000    0.0058510000       1.1962450
       2693.1460    0.0078800000    0.0058350000       1.1962190
       2693.3870    0.0078800000    0.0058350000       1.1962550
       2693.6290    0.0079100000    0.0058570000       1.1963170
       2693.8700    0.0079300000    0.0058720000       1.1963040
       2694.1110    0.0079300000    0.0058710000       1.1963030
       2694.3520    0.0079100000    0.0058560000       1.1963080
       2694.5930    0.0079000000    0.0058480000       1.1963350
       2694.8340    0.0079100000    0.0058540000       1.1963560
       2695.0750    0.0079300000    0.0058670000       1.1963710
       2695.3160    0.0079400000    0.0058760000       1.1963650
       2695.5570    0.0079200000    0.0058600000       1.1963610
       2695.7980    0.0078900000    0.0058390000       1.1963730
       2696.0390    0.0078700000    0.0058220000       1.1964020
       2696.2800    0.0078800000    0.0058300000       1.1964340
       2696.5210    0.0079000000    0.0058450000       1.1964350
       2696.7620    0.0078800000    0.0058270000       1.1964290
       2697.0030    0.0078400000    0.0057980000       1.1964380
       2697.2450    0.0078200000    0.0057830000       1.1965180
       2697.4860    0.0078400000    0.0057980000       1.1965540
       2697.7270    0.0079000000    0.0058400000       1.1965710
       2697.9680    0.0079300000    0.0058620000       1.1965540
       2698.2090    0.0079200000    0.0058550000       1.1965330
       2698.4500    0.0078800000    0.0058240000       1.1965280
       2698.6910    0.0078300000    0.0057880000       1.1965500
       2698.9320    0.0078100000    0.0057720000       1.1965990
       2699.1730    0.0078400000    0.0057950000       1.1966370
       2699.4140    0.0078700000    0.0058150000       1.1966400
       2699.6550    0.0078700000    0.0058150000       1.1966330
       2699.8960    0.0078400000    0.0057910000       1.1966340
       2700.1370    0.0078100000    0.0057690000       1.1966680
       2700.3780    0.0078300000    0.0057820000       1.1966990
       2700.6190    0.0078400000    0.0057910000       1.1966870
       2700.8610    0.0078200000    0.0057740000       1.1967240
       2701.1020    0.0077800000    0.0057440000       1.1967360
       2701.3430    0.0077700000    0.0057370000       1.1967830
       2701.5840    0.0077900000    0.0057510000       1.1968250
       2701.8250    0.0078400000    0.0057870000       1.1968540
       2702.0660    0.0078800000    0.0058180000       1.1968440
       2702.3070    0.0078800000    0.0058170000       1.1968290
       2702.5480    0.0078600000    0.0058020000       1.1968280
       2702.7890    0.0078400000    0.0057850000       1.1968440
       2703.0300    0.0078400000    0.0057850000       1.1968700
       2703.2710    0.0078600000    0.0058000000       1.1968780
       2703.5120    0.0078600000    0.0057990000       1.1968660
       2703.7530    0.0078200000    0.0057680000       1.1968600
       2703.9940    0.0077700000    0.0057320000       1.1968890
       2704.2350    0.0077600000    0.0057250000       1.1969310
       2704.4760    0.0077700000    0.0057310000       1.1969470
       2704.7180    0.0077900000    0.0057450000       1.1970140
       2704.9580    0.0077800000    0.0057370000       1.1969520
       2705.2000    0.0077600000    0.0057220000       1.1970260
       2705.4410    0.0077500000    0.0057140000       1.1970470
       2705.6820    0.0077700000    0.0057300000       1.1970860
       2705.9230    0.0078100000    0.0057560000       1.1971040
       2706.1640    0.0078400000    0.0057800000       1.1971020
       2706.4050    0.0078400000    0.0057780000       1.1970900
       2706.6460    0.0078200000    0.0057640000       1.1970910
       2706.8870    0.0077900000    0.0057410000       1.1971110
       2707.1280    0.0078000000    0.0057490000       1.1971450
       2707.3690    0.0078200000    0.0057600000       1.1971500
       2707.6100    0.0078200000    0.0057600000       1.1971550
       2707.8510    0.0078000000    0.0057460000       1.1971580
       2708.0920    0.0077800000    0.0057310000       1.1971850
       2708.3330    0.0077900000    0.0057370000       1.1972150
       2708.5740    0.0078200000    0.0057590000       1.1972290
       2708.8150    0.0078300000    0.0057660000       1.1972050
       2709.0570    0.0078200000    0.0057570000       1.1972370
       2709.2980    0.0077800000    0.0057290000       1.1972250
       2709.5390    0.0077500000    0.0057050000       1.1972580
       2709.7800    0.0077500000    0.0057040000       1.1972960
       2710.0210    0.0077800000    0.0057270000       1.1973260
       2710.2620    0.0078100000    0.0057490000       1.1973200
       2710.5030    0.0078000000    0.0057420000       1.1973060
       2710.7440    0.0077600000    0.0057100000       1.1973060
       2710.9850    0.0077200000    0.0056800000       1.1973440
       2711.2260    0.0077300000    0.0056860000       1.1973890
       2711.4670    0.0077600000    0.0057090000       1.1974120
       2711.7080    0.0077800000    0.0057230000       1.1974110
       2711.9490    0.0077700000    0.0057150000       1.1974100
       2712.1900    0.0077500000    0.0057000000       1.1974230
       2712.4310    0.0077400000    0.0056920000       1.1974390
       2712.6730    0.0077600000    0.0057070000       1.1975020
       2712.9140    0.0077800000    0.0057210000       1.1974910
       2713.1550    0.0077800000    0.0057200000       1.1974910
       2713.3960    0.0077700000    0.0057120000       1.1974940
       2713.6370    0.0077500000    0.0056950000       1.1975080
       2713.8780    0.0077500000    0.0056960000       1.1975390
       2714.1190    0.0077700000    0.0057120000       1.1975490
       2714.3600    0.0077800000    0.0057170000       1.1975430
       2714.6010    0.0077500000    0.0056960000       1.1975310
       2714.8420    0.0077000000    0.0056580000       1.1975530
       2715.0830    0.0076800000    0.0056440000       1.1975970
       2715.3240    0.0077000000    0.0056560000       1.1976390
       2715.5650    0.0077400000    0.0056860000       1.1976520
       2715.8060    0.0077500000    0.0056940000       1.1976390
       2716.0470    0.0077200000    0.0056690000       1.1976200
       2716.2890    0.0076800000    0.0056400000       1.1976910
       2716.5300    0.0076900000    0.0056470000       1.1977220
       2716.7710    0.0077200000    0.0056700000       1.1977450
       2717.0120    0.0077500000    0.0056910000       1.1977490
       2717.2530    0.0077600000    0.0056970000       1.1977380
       2717.4940    0.0077300000    0.0056760000       1.1977340
       2717.7350    0.0077000000    0.0056530000       1.1977600
       2717.9760    0.0077000000    0.0056520000       1.1977970
       2718.2170    0.0077300000    0.0056730000       1.1978250
       2718.4580    0.0077600000    0.0056950000       1.1978240
       2718.6990    0.0077600000    0.0056940000       1.1978140
       2718.9400    0.0077300000    0.0056710000       1.1978160
       2719.1810    0.0077100000    0.0056570000       1.1978520
       2719.4220    0.0077400000    0.0056780000       1.1978780
       2719.6630    0.0077700000    0.0056990000       1.1978780
       2719.9040    0.0077700000    0.0057000000       1.1978470
       2720.1460    0.0077400000    0.0056760000       1.1978920
       2720.3860    0.0077000000    0.0056480000       1.1978440
       2720.6280    0.0076800000    0.0056330000       1.1979290
       2720.8690    0.0076900000    0.0056390000       1.1979490
       2721.1100    0.0077200000    0.0056610000       1.1979690
       2721.3510    0.0077400000    0.0056740000       1.1979640
       2721.5920    0.0077300000    0.0056670000       1.1979600
       2721.8330    0.0077100000    0.0056500000       1.1979700
       2722.0740    0.0077000000    0.0056430000       1.1979950
       2722.3150    0.0077200000    0.0056560000       1.1980170
       2722.5560    0.0077400000    0.0056720000       1.1980100
       2722.7970    0.0077200000    0.0056560000       1.1979960
       2723.0380    0.0076800000    0.0056260000       1.1980050
       2723.2790    0.0076500000    0.0056040000       1.1980380
       2723.5200    0.0076600000    0.0056120000       1.1980720
       2723.7610    0.0076800000    0.0056250000       1.1980810
       2724.0020    0.0076800000    0.0056260000       1.1980780
       2724.2430    0.0076500000    0.0056030000       1.1980670
       2724.4850    0.0076300000    0.0055870000       1.1981300
       2724.7260    0.0076200000    0.0055790000       1.1981430
       2724.9670    0.0076300000    0.0055870000       1.1981760
       2725.2080    0.0076500000    0.0056020000       1.1981820
       2725.4490    0.0076500000    0.0056010000       1.1981850
       2725.6900    0.0076300000    0.0055860000       1.1981880
       2725.9310    0.0076000000    0.0055620000       1.1982170
       2726.1720    0.0076100000    0.0055680000       1.1982620
       2726.4130    0.0076500000    0.0055980000       1.1982830
       2726.6540    0.0076700000    0.0056120000       1.1982720
       2726.8950    0.0076500000    0.0055970000       1.1982710
       2727.1360    0.0076300000    0.0055820000       1.1982880
       2727.3770    0.0076200000    0.0055740000       1.1983200
       2727.6180    0.0076500000    0.0055950000       1.1983490
       2727.8590    0.0076800000    0.0056170000       1.1983360
       2728.1010    0.0076900000    0.0056240000       1.1983610
       2728.3420    0.0076600000    0.0056030000       1.1983360
       2728.5830    0.0076200000    0.0055730000       1.1983570
       2728.8240    0.0076100000    0.0055640000       1.1983930
       2729.0650    0.0076300000    0.0055770000       1.1984290
       2729.3060    0.0076700000    0.0056070000       1.1984400
       2729.5470    0.0076800000    0.0056140000       1.1984240
       2729.7880    0.0076500000    0.0055910000       1.1984260
       2730.0290    0.0076400000    0.0055820000       1.1984590
       2730.2700    0.0076700000    0.0056040000       1.1984790
       2730.5110    0.0076900000    0.0056190000       1.1984740
       2730.7520    0.0076900000    0.0056180000       1.1984590
       2730.9930    0.0076500000    0.0055890000       1.1984500
       2731.2340    0.0076100000    0.0055590000       1.1984750
       2731.4750    0.0076000000    0.0055500000       1.1984970
       2731.7170    0.0076100000    0.0055580000       1.1985650
       2731.9580    0.0076400000    0.0055810000       1.1985810
       2732.1980    0.0076600000    0.0055940000       1.1985180
       2732.4400    0.0076300000    0.0055720000       1.1985560
       2732.6810    0.0075900000    0.0055410000       1.1985640
       2732.9220    0.0075800000    0.0055340000       1.1986060
       2733.1630    0.0076100000    0.0055550000       1.1986350
       2733.4040    0.0076400000    0.0055750000       1.1986340
       2733.6450    0.0076300000    0.0055670000       1.1986250
       2733.8860    0.0076000000    0.0055460000       1.1986400
       2734.1270    0.0075900000    0.0055390000       1.1986710
       2734.3680    0.0076100000    0.0055530000       1.1987020
       2734.6090    0.0076500000    0.0055820000       1.1987080
       2734.8500    0.0076600000    0.0055870000       1.1986930
       2735.0910    0.0076500000    0.0055810000       1.1986870
       2735.3320    0.0076200000    0.0055580000       1.1986800
       2735.5730    0.0075900000    0.0055350000       1.1987030
       2735.8140    0.0075800000    0.0055290000       1.1987140
       2736.0560    0.0075900000    0.0055360000       1.1987690
       2736.2970    0.0075900000    0.0055330000       1.1987530
       2736.5380    0.0075600000    0.0055120000       1.1987670
       2736.7790    0.0075400000    0.0054960000       1.1987950
       2737.0200    0.0075500000    0.0055040000       1.1988390
       2737.2610    0.0075900000    0.0055340000       1.1988500
       2737.5020    0.0076000000    0.0055390000       1.1988440
       2737.7430    0.0075900000    0.0055310000       1.1988420
       2737.9840    0.0075600000    0.0055100000       1.1988580
       2738.2250    0.0075600000    0.0055080000       1.1988900
       2738.4660    0.0075800000    0.0055230000       1.1989120
       2738.7070    0.0076000000    0.0055380000       1.1989160
       2738.9480    0.0076100000    0.0055430000       1.1989120
       2739.1890    0.0075900000    0.0055290000       1.1989010
       2739.4300    0.0075500000    0.0054970000       1.1989190
       2739.6710    0.0075400000    0.0054900000       1.1989450
       2739.9130    0.0075600000    0.0055040000       1.1990150
       2740.1540    0.0076000000    0.0055340000       1.1990110
       2740.3950    0.0076100000    0.0055400000       1.1989970
       2740.6360    0.0075900000    0.0055250000       1.1989970
       2740.8770    0.0075700000    0.0055100000       1.1990170
       2741.1180    0.0075800000    0.0055180000       1.1990480
       2741.3590    0.0076100000    0.0055400000       1.1990570
       2741.6000    0.0076300000    0.0055520000       1.1990520
       2741.8410    0.0076300000    0.0055510000       1.1990350
       2742.0820    0.0075900000    0.0055230000       1.1990300
       2742.3230    0.0075600000    0.0055000000       1.1990530
       2742.5640    0.0075500000    0.0054930000       1.1990830
       2742.8050    0.0075700000    0.0055060000       1.1991100
       2743.0460    0.0076000000    0.0055280000       1.1991120
       2743.2870    0.0076000000    0.0055290000       1.1990810
       2743.5290    0.0075600000    0.0054980000       1.1991120
       2743.7700    0.0075300000    0.0054750000       1.1991450
       2744.0100    0.0075400000    0.0054820000       1.1991280
       2744.2520    0.0075700000    0.0055040000       1.1991890
       2744.4930    0.0075800000    0.0055120000       1.1991600
       2744.7340    0.0075500000    0.0054890000       1.1991540
       2744.9750    0.0075200000    0.0054660000       1.1991680
       2745.2160    0.0075000000    0.0054510000       1.1991940
       2745.4570    0.0075000000    0.0054500000       1.1992210
       2745.6980    0.0075100000    0.0054570000       1.1992410
       2745.9390    0.0075200000    0.0054640000       1.1992490
       2746.1800    0.0075100000    0.0054570000       1.1992540
       2746.4210    0.0075000000    0.0054490000       1.1992720
       2746.6620    0.0075000000    0.0054490000       1.1992910
       2746.9030    0.0075100000    0.0054560000       1.1992950
       2747.1450    0.0075200000    0.0054630000       1.1993430
       2747.3850    0.0075000000    0.0054460000       1.1992990
       2747.6260    0.0074900000    0.0054390000       1.1993250
       2747.8680    0.0075000000    0.0054450000       1.1993850
       2748.1090    0.0075300000    0.0054670000       1.1993830
       2748.3500    0.0075400000    0.0054750000       1.1993710
       2748.5910    0.0075200000    0.0054600000       1.1993590
       2748.8320    0.0074800000    0.0054280000       1.1993700
       2749.0730    0.0074600000    0.0054150000       1.1994060
       2749.3140    0.0074700000    0.0054210000       1.1994340
       2749.5550    0.0074900000    0.0054360000       1.1994540
       2749.7960    0.0075100000    0.0054490000       1.1994530
       2750.0370    0.0075000000    0.0054420000       1.1994480
       2750.2780    0.0074700000    0.0054200000       1.1994560
       2750.5190    0.0074500000    0.0054050000       1.1994910
       2750.7600    0.0074700000    0.0054190000       1.1995280
       2751.0010    0.0075200000    0.0054540000       1.1995420
       2751.2420    0.0075500000    0.0054750000       1.1995070
       2751.4840    0.0075300000    0.0054620000       1.1995210
       2751.7250    0.0074900000    0.0054310000       1.1995070
       2751.9660    0.0074600000    0.0054090000       1.1995350
       2752.2070    0.0074700000    0.0054150000       1.1995610
       2752.4480    0.0074800000    0.0054220000       1.1995630
       2752.6890    0.0074600000    0.0054080000       1.1995660
       2752.9300    0.0074400000    0.0053930000       1.1995790
       2753.1710    0.0074100000    0.0053700000       1.1996040
       2753.4120    0.0074100000    0.0053700000       1.1996490
       2753.6530    0.0074400000    0.0053910000       1.1996780
       2753.8940    0.0074800000    0.0054190000       1.1996910
       2754.1350    0.0075000000    0.0054340000       1.1996770
       2754.3760    0.0074800000    0.0054190000       1.1996720
       2754.6170    0.0074600000    0.0054040000       1.1996900
       2754.8580    0.0074700000    0.0054120000       1.1997210
       2755.0990    0.0075100000    0.0054390000       1.1997120
       2755.3410    0.0075200000    0.0054450000       1.1997300
       2755.5820    0.0074900000    0.0054250000       1.1997040
       2755.8230    0.0074500000    0.0053930000       1.1997200
       2756.0640    0.0074400000    0.0053860000       1.1997600
       2756.3050    0.0074700000    0.0054070000       1.1997860
       2756.5460    0.0075000000    0.0054290000       1.1997880
       2756.7870    0.0075100000    0.0054350000       1.1997720
       2757.0280    0.0074800000    0.0054140000       1.1997670
       2757.2690    0.0074600000    0.0053990000       1.1997850
       2757.5100    0.0074600000    0.0053980000       1.1998060
       2757.7510    0.0074800000    0.0054120000       1.1998180
       2757.9920    0.0074900000    0.0054190000       1.1998070
       2758.2330    0.0074700000    0.0054050000       1.1997890
       2758.4740    0.0074100000    0.0053600000       1.1997900
       2758.7150    0.0073700000    0.0053310000       1.1998270
       2758.9570    0.0073900000    0.0053450000       1.1999000
       2759.1980    0.0074200000    0.0053650000       1.1999140
       2759.4380    0.0074300000    0.0053730000       1.1998570
       2759.6800    0.0074000000    0.0053510000       1.1999040
       2759.9210    0.0073700000    0.0053290000       1.1999160
       2760.1620    0.0073700000    0.0053270000       1.1999550
       2760.4030    0.0074000000    0.0053480000       1.1999820
       2760.6440    0.0074300000    0.0053720000       1.1999860
       2760.8850    0.0074400000    0.0053780000       1.1999740
       2761.1260    0.0074200000    0.0053630000       1.1999680
       2761.3670    0.0073900000    0.0053400000       1.1999800
       2761.6080    0.0073700000    0.0053260000       1.2000120
       2761.8490    0.0073900000    0.0053390000       1.2000480
       2762.0900    0.0074300000    0.0053690000       1.2000560
       2762.3310    0.0074400000    0.0053730000       1.2000290
       2762.5730    0.0074200000    0.0053590000       1.2000790
       2762.8130    0.0074100000    0.0053520000       1.2000510
       2763.0540    0.0074300000    0.0053670000       1.2000640
       2763.2960    0.0074400000    0.0053730000       1.2000910
       2763.5370    0.0074300000    0.0053660000       1.2000670
       2763.7780    0.0073900000    0.0053360000       1.2000680
       2764.0190    0.0073600000    0.0053140000       1.2000910
       2764.2600    0.0073400000    0.0052990000       1.2001240
       2764.5010    0.0073600000    0.0053130000       1.2001620
       2764.7420    0.0073900000    0.0053350000       1.2001720
       2764.9830    0.0074100000    0.0053470000       1.2001680
       2765.2240    0.0073900000    0.0053340000       1.2001610
       2765.4650    0.0073700000    0.0053190000       1.2001810
       2765.7060    0.0073700000    0.0053190000       1.2002040
       2765.9470    0.0074000000    0.0053390000       1.2002210
       2766.1880    0.0074100000    0.0053460000       1.2002030
       2766.4290    0.0073800000    0.0053230000       1.2001990
       2766.6700    0.0073400000    0.0052950000       1.2002040
       2766.9120    0.0073300000    0.0052870000       1.2002830
       2767.1530    0.0073600000    0.0053090000       1.2002970
       2767.3940    0.0073900000    0.0053290000       1.2003070
       2767.6350    0.0074100000    0.0053420000       1.2003020
       2767.8760    0.0074100000    0.0053430000       1.2003010
       2768.1170    0.0074100000    0.0053420000       1.2002990
       2768.3580    0.0074000000    0.0053350000       1.2003040
       2768.5990    0.0074000000    0.0053340000       1.2003100
       2768.8400    0.0074000000    0.0053340000       1.2003090
       2769.0810    0.0073800000    0.0053180000       1.2003010
       2769.3220    0.0073400000    0.0052890000       1.2003120
       2769.5630    0.0073100000    0.0052670000       1.2003440
       2769.8040    0.0073200000    0.0052750000       1.2003840
       2770.0450    0.0073500000    0.0052950000       1.2003940
       2770.2860    0.0073600000    0.0053020000       1.2003940
       2770.5270    0.0073500000    0.0052940000       1.2003780
       2770.7690    0.0073300000    0.0052800000       1.2004290
       2771.0100    0.0073300000    0.0052790000       1.2004350
       2771.2510    0.0073400000    0.0052850000       1.2004540
       2771.4920    0.0073500000    0.0052920000       1.2004590
       2771.7330    0.0073600000    0.0052990000       1.2004680
       2771.9740    0.0073600000    0.0053000000       1.2004570
       2772.2150    0.0073300000    0.0052780000       1.2004640
       2772.4560    0.0073200000    0.0052700000       1.2004830
       2772.6970    0.0073200000    0.0052690000       1.2005050
       2772.9380    0.0073400000    0.0052830000       1.2005150
       2773.1790    0.0073400000    0.0052820000       1.2005070
       2773.4200    0.0073100000    0.0052600000       1.2005100
       2773.6610    0.0072900000    0.0052440000       1.2005410
       2773.9020    0.0073100000    0.0052590000       1.2005670
       2774.1430    0.0073300000    0.0052730000       1.2005570
       2774.3850    0.0073300000    0.0052730000       1.2005910
       2774.6250    0.0072900000    0.0052420000       1.2005440
       2774.8660    0.0072600000    0.0052220000       1.2005760
       2775.1080    0.0072600000    0.0052210000       1.2006420
       2775.3490    0.0072800000    0.0052340000       1.2006580
       2775.5900    0.0073100000    0.0052560000       1.2006740
       2775.8310    0.0073400000    0.0052770000       1.2006660
       2776.0720    0.0073300000    0.0052690000       1.2006500
       2776.3130    0.0073000000    0.0052470000       1.2006550
       2776.5540    0.0072800000    0.0052320000       1.2006790
       2776.7950    0.0072900000    0.0052380000       1.2007070
       2777.0360    0.0073100000    0.0052540000       1.2007150
       2777.2770    0.0073100000    0.0052520000       1.2007090
       2777.5180    0.0072900000    0.0052370000       1.2007230
       2777.7590    0.0072900000    0.0052390000       1.2007390
       2778.0000    0.0072900000    0.0052370000       1.2007520
       2778.2410    0.0073000000    0.0052440000       1.2007620
       2778.4820    0.0072900000    0.0052360000       1.2007520
       2778.7240    0.0072800000    0.0052290000       1.2008060
       2778.9650    0.0072800000    0.0052270000       1.2008140
       2779.2060    0.0073000000    0.0052420000       1.2008410
       2779.4470    0.0073300000    0.0052640000       1.2008420
       2779.6880    0.0073500000    0.0052760000       1.2008390
       2779.9290    0.0073500000    0.0052770000       1.2008200
       2780.1700    0.0073100000    0.0052470000       1.2008160
       2780.4110    0.0072800000    0.0052250000       1.2008430
       2780.6520    0.0072800000    0.0052260000       1.2008800
       2780.8930    0.0073200000    0.0052530000       1.2009020
       2781.1340    0.0073500000    0.0052750000       1.2008940
       2781.3750    0.0073500000    0.0052740000       1.2008810
       2781.6160    0.0073300000    0.0052590000       1.2008790
       2781.8570    0.0073200000    0.0052510000       1.2008950
       2782.0980    0.0073300000    0.0052580000       1.2008940
       2782.3400    0.0073400000    0.0052640000       1.2009260
       2782.5810    0.0073300000    0.0052580000       1.2009080
       2782.8220    0.0073200000    0.0052500000       1.2009040
       2783.0630    0.0072800000    0.0052200000       1.2009020
       2783.3040    0.0072500000    0.0051980000       1.2009380
       2783.5450    0.0072600000    0.0052060000       1.2009660
       2783.7860    0.0072800000    0.0052190000       1.2009810
       2784.0270    0.0072900000    0.0052270000       1.2009760
       2784.2680    0.0072700000    0.0052120000       1.2009770
       2784.5090    0.0072500000    0.0051970000       1.2009950
       2784.7500    0.0072500000    0.0051960000       1.2010290
       2784.9910    0.0072900000    0.0052250000       1.2010480
       2785.2320    0.0073200000    0.0052450000       1.2010360
       2785.4730    0.0073200000    0.0052440000       1.2010130
       2785.7140    0.0072800000    0.0052150000       1.2010010
       2785.9550    0.0072400000    0.0051860000       1.2010030
       2786.1970    0.0072100000    0.0051650000       1.2010630
       2786.4380    0.0072100000    0.0051630000       1.2010870
       2786.6790    0.0072300000    0.0051780000       1.2011110
       2786.9200    0.0072500000    0.0051920000       1.2011170
       2787.1610    0.0072500000    0.0051920000       1.2011200
       2787.4020    0.0072500000    0.0051900000       1.2011360
       2787.6430    0.0072700000    0.0052040000       1.2011520
       2787.8840    0.0073000000    0.0052260000       1.2011520
       2788.1250    0.0073100000    0.0052340000       1.2011270
       2788.3660    0.0072800000    0.0052110000       1.2011110
       2788.6070    0.0072500000    0.0051890000       1.2011140
       2788.8480    0.0072200000    0.0051660000       1.2011210
       2789.0890    0.0071900000    0.0051440000       1.2011390
       2789.3300    0.0071700000    0.0051320000       1.2011610
       2789.5710    0.0071500000    0.0051150000       1.2011700
       2789.8130    0.0071400000    0.0051070000       1.2012540
       2790.0530    0.0071600000    0.0051210000       1.2012410
       2790.2940    0.0071900000    0.0051420000       1.2012610
       2790.5360    0.0072200000    0.0051640000       1.2012960
       2790.7770    0.0072300000    0.0051720000       1.2012740
       2791.0180    0.0072200000    0.0051620000       1.2012640
       2791.2590    0.0071800000    0.0051340000       1.2012700
       2791.5000    0.0071600000    0.0051180000       1.2013100
       2791.7410    0.0071900000    0.0051410000       1.2013470
       2791.9820    0.0072400000    0.0051750000       1.2013490
       2792.2230    0.0072500000    0.0051830000       1.2013230
       2792.4640    0.0072100000    0.0051530000       1.2013160
       2792.7050    0.0071900000    0.0051370000       1.2013460
       2792.9460    0.0072000000    0.0051450000       1.2013680
       2793.1870    0.0072200000    0.0051590000       1.2013790
       2793.4280    0.0072300000    0.0051660000       1.2013690
       2793.6690    0.0072100000    0.0051510000       1.2013700
       2793.9100    0.0072000000    0.0051430000       1.2013700
       2794.1520    0.0071900000    0.0051350000       1.2014210
       2794.3930    0.0072000000    0.0051430000       1.2014300
       2794.6340    0.0072200000    0.0051560000       1.2014360
       2794.8750    0.0072300000    0.0051630000       1.2014300
       2795.1160    0.0072100000    0.0051490000       1.2014250
       2795.3570    0.0071900000    0.0051350000       1.2014450
       2795.5980    0.0072000000    0.0051420000       1.2014650
       2795.8390    0.0072200000    0.0051550000       1.2014720
       2796.0800    0.0072300000    0.0051610000       1.2014640
       2796.3210    0.0072200000    0.0051530000       1.2014570
       2796.5620    0.0071900000    0.0051330000       1.2014560
       2796.8030    0.0071700000    0.0051160000       1.2014750
       2797.0440    0.0071600000    0.0051110000       1.2014910
       2797.2850    0.0071600000    0.0051090000       1.2015100
       2797.5260    0.0071700000    0.0051160000       1.2015050
       2797.7680    0.0071600000    0.0051070000       1.2015400
       2798.0090    0.0071400000    0.0050940000       1.2015420
       2798.2500    0.0071300000    0.0050850000       1.2015660
       2798.4910    0.0071400000    0.0050920000       1.2015980
       2798.7320    0.0071800000    0.0051210000       1.2016140
       2798.9730    0.0072100000    0.0051410000       1.2015980
       2799.2140    0.0071900000    0.0051270000       1.2015820
       2799.4550    0.0071600000    0.0051030000       1.2015950
       2799.6960    0.0071600000    0.0051040000       1.2016220
       2799.9370    0.0071800000    0.0051180000       1.2016300
       2800.1780    0.0071900000    0.0051250000       1.2016270
       2800.4190    0.0071800000    0.0051170000       1.2016160
       2800.6600    0.0071500000    0.0050950000       1.2016250
       2800.9010    0.0071400000    0.0050890000       1.2016390
       2801.1420    0.0071300000    0.0050800000       1.2016530
       2801.3830    0.0071300000    0.0050790000       1.2016560
       2801.6250    0.0071300000    0.0050780000       1.2017080
       2801.8650    0.0071100000    0.0050660000       1.2016570
       2802.1070    0.0070900000    0.0050500000       1.2017250
       2802.3480    0.0070900000    0.0050510000       1.2017480
       2802.5890    0.0071300000    0.0050760000       1.2017730
       2802.8300    0.0071600000    0.0050990000       1.2017690
       2803.0710    0.0071600000    0.0050990000       1.2017540
       2803.3120    0.0071300000    0.0050760000       1.2017590
       2803.5530    0.0071200000    0.0050690000       1.2017870
       2803.7940    0.0071400000    0.0050820000       1.2018140
       2804.0350    0.0071800000    0.0051100000       1.2018220
       2804.2760    0.0072000000    0.0051250000       1.2018080
       2804.5170    0.0072000000    0.0051240000       1.2017950
       2804.7580    0.0071800000    0.0051110000       1.2017860
       2804.9990    0.0071600000    0.0050960000       1.2017880
       2805.2400    0.0071400000    0.0050810000       1.2017960
       2805.4810    0.0071400000    0.0050790000       1.2018130
       2805.7220    0.0071400000    0.0050800000       1.2017960
       2805.9640    0.0071100000    0.0050570000       1.2018280
       2806.2050    0.0070700000    0.0050290000       1.2018370
       2806.4460    0.0070600000    0.0050210000       1.2018790
       2806.6870    0.0070900000    0.0050430000       1.2019100
       2806.9280    0.0071300000    0.0050700000       1.2019140
       2807.1690    0.0071400000    0.0050780000       1.2019000
       2807.4100    0.0071200000    0.0050630000       1.2018940
       2807.6510    0.0071000000    0.0050480000       1.2019090
       2807.8920    0.0071000000    0.0050470000       1.2019310
       2808.1330    0.0071200000    0.0050610000       1.2019460
       2808.3740    0.0071400000    0.0050750000       1.2019410
       2808.6150    0.0071400000    0.0050740000       1.2019280
       2808.8560    0.0071100000    0.0050540000       1.2019150
       2809.0970    0.0070700000    0.0050230000       1.2019300
       2809.3380    0.0070600000    0.0050150000       1.2019470
       2809.5800    0.0070700000    0.0050230000       1.2020010
       2809.8210    0.0070900000    0.0050370000       1.2019850
       2810.0620    0.0070600000    0.0050150000       1.2019730
       2810.3030    0.0070200000    0.0049870000       1.2019920
       2810.5440    0.0070000000    0.0049710000       1.2020260
       2810.7850    0.0070200000    0.0049850000       1.2020670
       2811.0260    0.0070500000    0.0050060000       1.2020710
       2811.2670    0.0070500000    0.0050040000       1.2020780
       2811.5080    0.0070500000    0.0050040000       1.2020890
       2811.7490    0.0070500000    0.0050040000       1.2021080
       2811.9900    0.0070700000    0.0050180000       1.2021220
       2812.2310    0.0070900000    0.0050310000       1.2021280
       2812.4720    0.0071100000    0.0050460000       1.2021190
       2812.7130    0.0070900000    0.0050310000       1.2020990
       2812.9540    0.0070400000    0.0049960000       1.2020990
       2813.1960    0.0070200000    0.0049810000       1.2021720
       2813.4370    0.0070500000    0.0050020000       1.2022140
       2813.6770    0.0071100000    0.0050440000       1.2021780
       2813.9190    0.0071400000    0.0050660000       1.2021930
       2814.1600    0.0071100000    0.0050440000       1.2021600
       2814.4010    0.0070800000    0.0050220000       1.2021720
       2814.6420    0.0070700000    0.0050150000       1.2021940
       2814.8830    0.0070900000    0.0050280000       1.2022090
       2815.1240    0.0071000000    0.0050350000       1.2022070
       2815.3650    0.0071000000    0.0050340000       1.2022030
       2815.6060    0.0070800000    0.0050190000       1.2022010
       2815.8470    0.0070600000    0.0050050000       1.2022190
       2816.0880    0.0070600000    0.0050050000       1.2022370
       2816.3290    0.0070700000    0.0050120000       1.2022510
       2816.5700    0.0070900000    0.0050240000       1.2022510
       2816.8110    0.0070800000    0.0050180000       1.2022390
       2817.0520    0.0070500000    0.0049940000       1.2022420
       2817.2930    0.0070300000    0.0049790000       1.2022610
       2817.5350    0.0070500000    0.0049950000       1.2023170
       2817.7760    0.0070700000    0.0050070000       1.2023060
       2818.0170    0.0070700000    0.0050080000       1.2022980
       2818.2580    0.0070400000    0.0049860000       1.2023030
       2818.4990    0.0070400000    0.0049860000       1.2023330
       2818.7400    0.0070600000    0.0050000000       1.2023430
       2818.9810    0.0070800000    0.0050130000       1.2023470
       2819.2220    0.0070900000    0.0050210000       1.2023360
       2819.4630    0.0070800000    0.0050130000       1.2023210
       2819.7040    0.0070400000    0.0049840000       1.2023160
       2819.9450    0.0070100000    0.0049620000       1.2023420
       2820.1860    0.0070100000    0.0049620000       1.2023640
       2820.4270    0.0070200000    0.0049680000       1.2023800
       2820.6680    0.0070300000    0.0049760000       1.2023750
       2820.9090    0.0070000000    0.0049540000       1.2023700
       2821.1500    0.0069700000    0.0049300000       1.2023810
       2821.3920    0.0069600000    0.0049240000       1.2024490
       2821.6330    0.0069900000    0.0049440000       1.2024700
       2821.8740    0.0070300000    0.0049730000       1.2024690
       2822.1150    0.0070300000    0.0049720000       1.2024560
       2822.3560    0.0070200000    0.0049640000       1.2024600
       2822.5970    0.0070100000    0.0049570000       1.2024680
       2822.8380    0.0070100000    0.0049570000       1.2024800
       2823.0790    0.0070100000    0.0049560000       1.2024880
       2823.3200    0.0070200000    0.0049630000       1.2024960
       2823.5610    0.0070100000    0.0049560000       1.2024860
       2823.8020    0.0069800000    0.0049340000       1.2024990
       2824.0430    0.0069700000    0.0049270000       1.2025230
       2824.2840    0.0069800000    0.0049320000       1.2025490
       2824.5250    0.0070100000    0.0049540000       1.2025610
       2824.7660    0.0070300000    0.0049670000       1.2025380
       2825.0080    0.0070100000    0.0049530000       1.2025570
       2825.2490    0.0069800000    0.0049310000       1.2025590
       2825.4900    0.0069700000    0.0049240000       1.2025820
       2825.7310    0.0069800000    0.0049310000       1.2026080
       2825.9720    0.0070100000    0.0049520000       1.2026120
       2826.2130    0.0070100000    0.0049520000       1.2026060
       2826.4540    0.0070000000    0.0049440000       1.2026060
       2826.6950    0.0069800000    0.0049300000       1.2026200
       2826.9360    0.0069800000    0.0049300000       1.2026420
       2827.1770    0.0070000000    0.0049420000       1.2026650
       2827.4180    0.0070400000    0.0049710000       1.2026660
       2827.6590    0.0070500000    0.0049760000       1.2026480
       2827.9000    0.0070500000    0.0049750000       1.2026360
       2828.1410    0.0070200000    0.0049560000       1.2026210
       2828.3820    0.0069900000    0.0049340000       1.2026160
       2828.6240    0.0069600000    0.0049120000       1.2026540
       2828.8650    0.0069300000    0.0048890000       1.2026800
       2829.1050    0.0069200000    0.0048830000       1.2026720
       2829.3470    0.0069500000    0.0049030000       1.2027520
       2829.5880    0.0070000000    0.0049380000       1.2027390
       2829.8290    0.0070100000    0.0049450000       1.2027220
       2830.0700    0.0070000000    0.0049380000       1.2027040
       2830.3110    0.0069600000    0.0049090000       1.2027000
       2830.5520    0.0069300000    0.0048870000       1.2027170
       2830.7930    0.0069000000    0.0048660000       1.2027400
       2831.0340    0.0069000000    0.0048640000       1.2027800
       2831.2750    0.0069200000    0.0048790000       1.2028050
       2831.5160    0.0069500000    0.0049010000       1.2028210
       2831.7570    0.0069700000    0.0049140000       1.2028130
       2831.9980    0.0069700000    0.0049120000       1.2028200
       2832.2390    0.0069800000    0.0049210000       1.2028220
       2832.4800    0.0069900000    0.0049260000       1.2028250
       2832.7210    0.0070000000    0.0049340000       1.2028010
       2832.9630    0.0069800000    0.0049180000       1.2028210
       2833.2040    0.0069500000    0.0048960000       1.2028110
       2833.4450    0.0069200000    0.0048740000       1.2028320
       2833.6860    0.0069200000    0.0048740000       1.2028570
       2833.9270    0.0069300000    0.0048810000       1.2028750
       2834.1680    0.0069500000    0.0048950000       1.2028770
       2834.4090    0.0069400000    0.0048880000       1.2028710
       2834.6500    0.0069200000    0.0048750000       1.2028760
       2834.8910    0.0068900000    0.0048530000       1.2028940
       2835.1320    0.0069000000    0.0048570000       1.2029340
       2835.3730    0.0069400000    0.0048860000       1.2029460
       2835.6140    0.0069600000    0.0049000000       1.2029300
       2835.8550    0.0069300000    0.0048790000       1.2029170
       2836.0960    0.0069000000    0.0048570000       1.2029380
       2836.3370    0.0069000000    0.0048560000       1.2029630
       2836.5780    0.0069200000    0.0048680000       1.2029770
       2836.8200    0.0069500000    0.0048920000       1.2030070
       2837.0610    0.0069500000    0.0048890000       1.2029860
       2837.3020    0.0069400000    0.0048830000       1.2029850
       2837.5430    0.0069100000    0.0048620000       1.2029890
       2837.7840    0.0069000000    0.0048530000       1.2030210
       2838.0250    0.0069200000    0.0048680000       1.2030480
       2838.2660    0.0069600000    0.0048960000       1.2030580
       2838.5070    0.0069900000    0.0049150000       1.2030440
       2838.7480    0.0069900000    0.0049160000       1.2030220
       2838.9890    0.0069500000    0.0048870000       1.2030100
       2839.2300    0.0069300000    0.0048720000       1.2030360
       2839.4710    0.0069400000    0.0048790000       1.2030440
       2839.7120    0.0069400000    0.0048790000       1.2030450
       2839.9530    0.0069300000    0.0048710000       1.2030380
       2840.1940    0.0069000000    0.0048490000       1.2030390
       2840.4360    0.0068900000    0.0048430000       1.2030890
       2840.6770    0.0068900000    0.0048430000       1.2031080
       2840.9170    0.0069000000    0.0048490000       1.2030750
       2841.1590    0.0069100000    0.0048550000       1.2031310
       2841.4000    0.0069300000    0.0048690000       1.2031120
       2841.6410    0.0069100000    0.0048550000       1.2031010
       2841.8820    0.0068800000    0.0048330000       1.2031070
       2842.1230    0.0068600000    0.0048190000       1.2031320
       2842.3640    0.0068700000    0.0048250000       1.2031510
       2842.6050    0.0068700000    0.0048250000       1.2031600
       2842.8460    0.0068700000    0.0048240000       1.2031690
       2843.0870    0.0068600000    0.0048170000       1.2031870
       2843.3280    0.0068800000    0.0048300000       1.2032090
       2843.5690    0.0069100000    0.0048510000       1.2032110
       2843.8100    0.0069200000    0.0048570000       1.2031820
       2844.0520    0.0068900000    0.0048360000       1.2032180
       2844.2920    0.0068700000    0.0048220000       1.2031870
       2844.5330    0.0068500000    0.0048080000       1.2032020
       2844.7750    0.0068500000    0.0048070000       1.2032620
       2845.0160    0.0068700000    0.0048210000       1.2032670
       2845.2570    0.0068900000    0.0048350000       1.2032730
       2845.4980    0.0069000000    0.0048420000       1.2032670
       2845.7390    0.0069000000    0.0048410000       1.2032650
       2845.9800    0.0068900000    0.0048320000       1.2032630
       2846.2210    0.0068800000    0.0048260000       1.2032760
       2846.4620    0.0068900000    0.0048310000       1.2032760
       2846.7030    0.0068700000    0.0048180000       1.2032730
       2846.9440    0.0068500000    0.0048040000       1.2032850
       2847.1850    0.0068400000    0.0047970000       1.2033020
       2847.4260    0.0068500000    0.0048020000       1.2033180
       2847.6670    0.0068600000    0.0048090000       1.2033150
       2847.9080    0.0068400000    0.0047940000       1.2033100
       2848.1490    0.0068100000    0.0047740000       1.2033100
       2848.3910    0.0067900000    0.0047580000       1.2033650
       2848.6320    0.0067900000    0.0047580000       1.2033860
       2848.8730    0.0068100000    0.0047730000       1.2034070
       2849.1140    0.0068300000    0.0047850000       1.2034150
       2849.3550    0.0068400000    0.0047920000       1.2034220
       2849.5960    0.0068500000    0.0047990000       1.2034230
       2849.8370    0.0068400000    0.0047910000       1.2034260
       2850.0780    0.0068400000    0.0047910000       1.2034470
       2850.3190    0.0068600000    0.0048060000       1.2034560
       2850.5600    0.0068800000    0.0048180000       1.2034560
       2850.8010    0.0068800000    0.0048190000       1.2034410
       2851.0420    0.0068500000    0.0047970000       1.2034420
       2851.2830    0.0068400000    0.0047900000       1.2034590
       2851.5240    0.0068400000    0.0047880000       1.2034700
       2851.7650    0.0068400000    0.0047880000       1.2034820
       2852.0060    0.0068400000    0.0047890000       1.2034830
       2852.2480    0.0068500000    0.0047950000       1.2035240
       2852.4890    0.0068600000    0.0048000000       1.2035190
       2852.7300    0.0068700000    0.0048080000       1.2035210
       2852.9710    0.0068700000    0.0048080000       1.2035170
       2853.2120    0.0068700000    0.0048070000       1.2035140
       2853.4530    0.0068500000    0.0047930000       1.2035070
       2853.6940    0.0068200000    0.0047710000       1.2035150
       2853.9350    0.0067900000    0.0047490000       1.2035390
       2854.1760    0.0067900000    0.0047500000       1.2035800
       2854.4170    0.0068300000    0.0047770000       1.2036010
       2854.6580    0.0068600000    0.0047980000       1.2035960
       2854.8990    0.0068600000    0.0047960000       1.2035810
       2855.1400    0.0068300000    0.0047750000       1.2035860
       2855.3810    0.0068200000    0.0047680000       1.2036100
       2855.6220    0.0068300000    0.0047750000       1.2036210
       2855.8640    0.0068600000    0.0047940000       1.2036760
       2856.1040    0.0068800000    0.0048090000       1.2036260
       2856.3450    0.0068800000    0.0048080000       1.2036160
       2856.5870    0.0068600000    0.0047940000       1.2036470
       2856.8280    0.0068500000    0.0047870000       1.2036530
       2857.0690    0.0068600000    0.0047940000       1.2036700
       2857.3100    0.0068900000    0.0048130000       1.2036740
       2857.5510    0.0069000000    0.0048210000       1.2036540
       2857.7920    0.0068700000    0.0047990000       1.2036400
       2858.0330    0.0068300000    0.0047720000       1.2036530
       2858.2740    0.0068200000    0.0047630000       1.2036840
       2858.5150    0.0068400000    0.0047780000       1.2037030
       2858.7560    0.0068500000    0.0047850000       1.2037030
       2858.9970    0.0068500000    0.0047830000       1.2037110
       2859.2380    0.0068600000    0.0047890000       1.2037180
       2859.4790    0.0068600000    0.0047910000       1.2037160
       2859.7200    0.0068500000    0.0047830000       1.2037190
       2859.9610    0.0068500000    0.0047810000       1.2037220
       2860.2030    0.0068600000    0.0047890000       1.2037590
       2860.4440    0.0068600000    0.0047880000       1.2037480
       2860.6850    0.0068600000    0.0047880000       1.2037540
       2860.9260    0.0068600000    0.0047860000       1.2037580
       2861.1670    0.0068700000    0.0047930000       1.2037700
       2861.4080    0.0068900000    0.0048080000       1.2037580
       2861.6490    0.0068700000    0.0047930000       1.2037410
       2861.8900    0.0068400000    0.0047710000       1.2037410
       2862.1310    0.0068100000    0.0047500000       1.2037570
       2862.3720    0.0068100000    0.0047500000       1.2037760
       2862.6130    0.0068000000    0.0047420000       1.2037780
       2862.8540    0.0067800000    0.0047280000       1.2037970
       2863.0950    0.0067800000    0.0047260000       1.2038190
       2863.3360    0.0067900000    0.0047340000       1.2038390
       2863.5770    0.0068000000    0.0047420000       1.2038330
       2863.8190    0.0068000000    0.0047410000       1.2038750
       2864.0600    0.0068100000    0.0047480000       1.2038790
       2864.3010    0.0068400000    0.0047670000       1.2038860
       2864.5420    0.0068500000    0.0047730000       1.2038710
       2864.7830    0.0068300000    0.0047600000       1.2038730
       2865.0240    0.0068300000    0.0047600000       1.2038850
       2865.2650    0.0068400000    0.0047660000       1.2038940
       2865.5060    0.0068600000    0.0047790000       1.2038900
       2865.7470    0.0068500000    0.0047730000       1.2038730
       2865.9880    0.0068200000    0.0047500000       1.2038760
       2866.2290    0.0068100000    0.0047430000       1.2038940
       2866.4700    0.0068100000    0.0047440000       1.2039020
       2866.7110    0.0068100000    0.0047440000       1.2039080
       2866.9520    0.0068100000    0.0047420000       1.2039070
       2867.1930    0.0068000000    0.0047340000       1.2039080
       2867.4340    0.0067800000    0.0047190000       1.2038980
       2867.6760    0.0067500000    0.0047000000       1.2039490
       2867.9170    0.0067500000    0.0046990000       1.2039640
       2868.1580    0.0067700000    0.0047110000       1.2039860
       2868.3990    0.0068000000    0.0047320000       1.2039880
       2868.6400    0.0068000000    0.0047330000       1.2039750
       2868.8810    0.0067800000    0.0047180000       1.2039720
       2869.1220    0.0067600000    0.0047040000       1.2039860
       2869.3630    0.0067600000    0.0047020000       1.2040020
       2869.6040    0.0067600000    0.0047020000       1.2040120
       2869.8450    0.0067500000    0.0046970000       1.2040220
       2870.0860    0.0067500000    0.0046950000       1.2040430
       2870.3270    0.0067700000    0.0047090000       1.2040580
       2870.5680    0.0067800000    0.0047160000       1.2040590
       2870.8090    0.0067900000    0.0047230000       1.2040660
       2871.0500    0.0068000000    0.0047290000       1.2040520
       2871.2920    0.0068000000    0.0047300000       1.2040880
       2871.5320    0.0067800000    0.0047140000       1.2040400
       2871.7730    0.0067600000    0.0047000000       1.2040630
       2872.0150    0.0067800000    0.0047150000       1.2041090
       2872.2560    0.0068000000    0.0047260000       1.2040940
       2872.4970    0.0068000000    0.0047270000       1.2040790
       2872.7380    0.0067600000    0.0046980000       1.2040670
       2872.9790    0.0067200000    0.0046700000       1.2040910
       2873.2200    0.0067100000    0.0046630000       1.2041220
       2873.4610    0.0067300000    0.0046760000       1.2041530
       2873.7020    0.0067600000    0.0046970000       1.2041580
       2873.9430    0.0067700000    0.0047020000       1.2041580
       2874.1840    0.0067800000    0.0047100000       1.2041560
       2874.4250    0.0067700000    0.0047030000       1.2041480
       2874.6660    0.0067500000    0.0046880000       1.2041550
       2874.9070    0.0067400000    0.0046810000       1.2041720
       2875.1480    0.0067500000    0.0046880000       1.2041870
       2875.3890    0.0067600000    0.0046950000       1.2041790
       2875.6310    0.0067600000    0.0046930000       1.2042090
       2875.8720    0.0067500000    0.0046870000       1.2042070
       2876.1130    0.0067600000    0.0046930000       1.2042160
       2876.3540    0.0067600000    0.0046920000       1.2042140
       2876.5950    0.0067500000    0.0046850000       1.2042160
       2876.8360    0.0067300000    0.0046700000       1.2042280
       2877.0770    0.0067300000    0.0046700000       1.2042530
       2877.3180    0.0067500000    0.0046830000       1.2042710
       2877.5590    0.0067800000    0.0047040000       1.2042740
       2877.8000    0.0067900000    0.0047100000       1.2042620
       2878.0410    0.0067900000    0.0047100000       1.2042550
       2878.2820    0.0067700000    0.0046970000       1.2042420
       2878.5230    0.0067300000    0.0046680000       1.2042490
       2878.7640    0.0067100000    0.0046540000       1.2042800
       2879.0050    0.0067300000    0.0046680000       1.2042990
       2879.2470    0.0067700000    0.0046940000       1.2043330
       2879.4880    0.0067800000    0.0047010000       1.2043080
       2879.7290    0.0067700000    0.0046920000       1.2043010
       2879.9700    0.0067500000    0.0046790000       1.2043050
       2880.2110    0.0067400000    0.0046720000       1.2043200
       2880.4520    0.0067500000    0.0046790000       1.2043330
       2880.6930    0.0067600000    0.0046860000       1.2043320
       2880.9340    0.0067600000    0.0046850000       1.2043310
       2881.1750    0.0067600000    0.0046830000       1.2043250
       2881.4160    0.0067300000    0.0046630000       1.2043210
       2881.6570    0.0067000000    0.0046420000       1.2043410
       2881.8980    0.0067000000    0.0046420000       1.2043680
       2882.1390    0.0067200000    0.0046560000       1.2043820
       2882.3800    0.0067300000    0.0046610000       1.2043780
       2882.6210    0.0067200000    0.0046540000       1.2043820
       2882.8620    0.0067100000    0.0046480000       1.2043810
       2883.1040    0.0067200000    0.0046530000       1.2044390
       2883.3440    0.0067300000    0.0046600000       1.2043870
       2883.5860    0.0067300000    0.0046590000       1.2044330
       2883.8270    0.0067300000    0.0046600000       1.2044240
       2884.0680    0.0067300000    0.0046580000       1.2044320
       2884.3090    0.0067400000    0.0046650000       1.2044360
       2884.5500    0.0067400000    0.0046640000       1.2044330
       2884.7910    0.0067400000    0.0046640000       1.2044370
       2885.0320    0.0067400000    0.0046650000       1.2044320
       2885.2730    0.0067300000    0.0046570000       1.2044260
       2885.5140    0.0067100000    0.0046430000       1.2044190
       2885.7550    0.0066700000    0.0046140000       1.2044230
       2885.9960    0.0066400000    0.0045930000       1.2044460
       2886.2370    0.0066300000    0.0045860000       1.2044710
       2886.4780    0.0066200000    0.0045790000       1.2044910
       2886.7190    0.0066200000    0.0045790000       1.2045230
       2886.9600    0.0066500000    0.0045990000       1.2045450
       2887.2010    0.0066800000    0.0046200000       1.2045400
       2887.4430    0.0067000000    0.0046320000       1.2045590
       2887.6840    0.0066800000    0.0046190000       1.2045430
       2887.9250    0.0066700000    0.0046120000       1.2045530
       2888.1660    0.0066600000    0.0046050000       1.2045660
       2888.4070    0.0066700000    0.0046100000       1.2045850
       2888.6480    0.0066800000    0.0046170000       1.2045930
       2888.8890    0.0066900000    0.0046240000       1.2046020
       2889.1300    0.0067000000    0.0046310000       1.2046030
       2889.3710    0.0067000000    0.0046300000       1.2046060
       2889.6120    0.0067000000    0.0046300000       1.2046150
       2889.8530    0.0067100000    0.0046350000       1.2046240
       2890.0940    0.0067300000    0.0046490000       1.2046310
       2890.3350    0.0067500000    0.0046630000       1.2046160
       2890.5760    0.0067300000    0.0046490000       1.2045980
       2890.8170    0.0067000000    0.0046280000       1.2045900
       2891.0590    0.0066800000    0.0046120000       1.2046360
       2891.3000    0.0066800000    0.0046140000       1.2046460
       2891.5410    0.0066900000    0.0046190000       1.2046530
       2891.7820    0.0066900000    0.0046200000       1.2046620
       2892.0230    0.0067000000    0.0046260000       1.2046680
       2892.2640    0.0067000000    0.0046250000       1.2046710
       2892.5050    0.0067000000    0.0046250000       1.2046800
       2892.7460    0.0067100000    0.0046320000       1.2046910
       2892.9870    0.0067300000    0.0046460000       1.2046880
       2893.2280    0.0067300000    0.0046450000       1.2046770
       2893.4690    0.0067200000    0.0046370000       1.2046720
       2893.7100    0.0067000000    0.0046230000       1.2046720
       2893.9510    0.0066900000    0.0046160000       1.2046830
       2894.1920    0.0066900000    0.0046150000       1.2046810
       2894.4330    0.0066600000    0.0045930000       1.2046710
       2894.6750    0.0066300000    0.0045730000       1.2047270
       2894.9160    0.0066400000    0.0045790000       1.2047610
       2895.1560    0.0066700000    0.0046010000       1.2047330
       2895.3980    0.0066900000    0.0046140000       1.2047700
       2895.6390    0.0066900000    0.0046130000       1.2047550
       2895.8800    0.0066900000    0.0046130000       1.2047630
       2896.1210    0.0067000000    0.0046190000       1.2047620
       2896.3620    0.0067000000    0.0046190000       1.2047610
       2896.6030    0.0067000000    0.0046180000       1.2047550
       2896.8440    0.0066800000    0.0046050000       1.2047540
       2897.0850    0.0066700000    0.0045980000       1.2047580
       2897.3260    0.0066500000    0.0045820000       1.2047600
       2897.5670    0.0066300000    0.0045680000       1.2047800
       2897.8080    0.0066300000    0.0045680000       1.2048000
       2898.0490    0.0066400000    0.0045750000       1.2048150
       2898.2900    0.0066500000    0.0045800000       1.2048190
       2898.5310    0.0066500000    0.0045820000       1.2048260
       2898.7720    0.0066500000    0.0045810000       1.2048200
       2899.0140    0.0066600000    0.0045870000       1.2048640
       2899.2550    0.0066800000    0.0046000000       1.2048500
       2899.4960    0.0066800000    0.0046000000       1.2048430
       2899.7370    0.0066700000    0.0045920000       1.2048380
       2899.9780    0.0066600000    0.0045850000       1.2048440
       2900.2190    0.0066500000    0.0045790000       1.2048430
       2900.4600    0.0066300000    0.0045630000       1.2048530
       2900.7010    0.0066300000    0.0045630000       1.2048720
       2900.9420    0.0066400000    0.0045700000       1.2048830
       2901.1830    0.0066600000    0.0045820000       1.2048820
       2901.4240    0.0066500000    0.0045760000       1.2048710
       2901.6650    0.0066300000    0.0045620000       1.2048730
       2901.9060    0.0066100000    0.0045490000       1.2048790
       2902.1470    0.0066000000    0.0045400000       1.2048940
       2902.3880    0.0066000000    0.0045400000       1.2049040
       2902.6290    0.0065900000    0.0045330000       1.2048990
       2902.8710    0.0065800000    0.0045260000       1.2049430
       2903.1120    0.0065800000    0.0045260000       1.2049460
       2903.3530    0.0065800000    0.0045260000       1.2049580
       2903.5940    0.0065900000    0.0045310000       1.2049710
       2903.8350    0.0066000000    0.0045380000       1.2049750
       2904.0760    0.0066000000    0.0045370000       1.2049770
       2904.3170    0.0065900000    0.0045320000       1.2049830
       2904.5580    0.0065900000    0.0045300000       1.2050000
       2904.7990    0.0066100000    0.0045440000       1.2050090
       2905.0400    0.0066200000    0.0045510000       1.2050030
       2905.2810    0.0066100000    0.0045430000       1.2049940
       2905.5220    0.0065800000    0.0045220000       1.2050010
       2905.7630    0.0065700000    0.0045150000       1.2050240
       2906.0040    0.0065800000    0.0045220000       1.2050400
       2906.2450    0.0065900000    0.0045280000       1.2050350
       2906.4870    0.0065900000    0.0045270000       1.2050720
       2906.7280    0.0065900000    0.0045270000       1.2050720
       2906.9690    0.0066000000    0.0045340000       1.2050890
       2907.2100    0.0066300000    0.0045540000       1.2050930
       2907.4510    0.0066400000    0.0045610000       1.2050830
       2907.6920    0.0066400000    0.0045590000       1.2050780
       2907.9330    0.0066300000    0.0045530000       1.2050770
       2908.1740    0.0066200000    0.0045460000       1.2050800
       2908.4150    0.0066100000    0.0045380000       1.2050910
       2908.6560    0.0066200000    0.0045440000       1.2051060
       2908.8970    0.0066400000    0.0045570000       1.2051090
       2909.1380    0.0066500000    0.0045650000       1.2050950
       2909.3790    0.0066200000    0.0045440000       1.2050810
       2909.6200    0.0065900000    0.0045230000       1.2050980
       2909.8610    0.0065900000    0.0045230000       1.2051100
       2910.1030    0.0066100000    0.0045350000       1.2051520
       2910.3440    0.0066300000    0.0045490000       1.2051520
       2910.5840    0.0066400000    0.0045550000       1.2051000
       2910.8260    0.0066300000    0.0045480000       1.2051260
       2911.0670    0.0066000000    0.0045280000       1.2051060
       2911.3080    0.0065600000    0.0044980000       1.2051200
       2911.5490    0.0065500000    0.0044910000       1.2051520
       2911.7900    0.0065700000    0.0045050000       1.2051700
       2912.0310    0.0065900000    0.0045190000       1.2051720
       2912.2720    0.0065900000    0.0045180000       1.2051590
       2912.5130    0.0065600000    0.0044970000       1.2051620
       2912.7540    0.0065500000    0.0044900000       1.2051860
       2912.9950    0.0065700000    0.0045040000       1.2052020
       2913.2360    0.0065900000    0.0045160000       1.2051990
       2913.4770    0.0066000000    0.0045220000       1.2051900
       2913.7180    0.0065800000    0.0045110000       1.2051720
       2913.9590    0.0065500000    0.0044880000       1.2051740
       2914.2000    0.0065200000    0.0044680000       1.2051660
       2914.4420    0.0064800000    0.0044390000       1.2052200
       2914.6830    0.0064800000    0.0044390000       1.2052470
       2914.9240    0.0065000000    0.0044530000       1.2052700
       2915.1650    0.0065300000    0.0044730000       1.2052780
       2915.4060    0.0065400000    0.0044790000       1.2052760
       2915.6470    0.0065500000    0.0044860000       1.2052840
       2915.8880    0.0065700000    0.0044990000       1.2052750
       2916.1290    0.0065600000    0.0044920000       1.2052630
       2916.3700    0.0065400000    0.0044790000       1.2052550
       2916.6110    0.0065000000    0.0044510000       1.2052620
       2916.8520    0.0064900000    0.0044420000       1.2052900
       2917.0930    0.0065000000    0.0044490000       1.2053060
       2917.3340    0.0065100000    0.0044560000       1.2053120
       2917.5750    0.0065100000    0.0044550000       1.2053120
       2917.8160    0.0065100000    0.0044550000       1.2053140
       2918.0570    0.0064900000    0.0044400000       1.2052980
       2918.2990    0.0064600000    0.0044200000       1.2053480
       2918.5400    0.0064600000    0.0044200000       1.2053630
       2918.7810    0.0064800000    0.0044330000       1.2053840
       2919.0220    0.0065100000    0.0044530000       1.2053810
       2919.2630    0.0065000000    0.0044450000       1.2053680
       2919.5040    0.0064700000    0.0044260000       1.2053810
       2919.7450    0.0064700000    0.0044260000       1.2054050
       2919.9860    0.0064900000    0.0044370000       1.2054190
       2920.2270    0.0065100000    0.0044500000       1.2054220
       2920.4680    0.0065100000    0.0044520000       1.2054150
       2920.7090    0.0065000000    0.0044440000       1.2054150
       2920.9500    0.0064900000    0.0044350000       1.2054220
       2921.1910    0.0064800000    0.0044300000       1.2054310
       2921.4320    0.0064700000    0.0044210000       1.2054440
       2921.6730    0.0064700000    0.0044230000       1.2054560
       2921.9150    0.0064900000    0.0044350000       1.2054950
       2922.1560    0.0065000000    0.0044420000       1.2054980
       2922.3960    0.0065000000    0.0044410000       1.2054630
       2922.6380    0.0065100000    0.0044470000       1.2055150
       2922.8790    0.0065300000    0.0044600000       1.2055050
       2923.1200    0.0065300000    0.0044620000       1.2054970
       2923.3610    0.0065100000    0.0044470000       1.2054950
       2923.6020    0.0065000000    0.0044390000       1.2055140
       2923.8430    0.0065100000    0.0044460000       1.2055320
       2924.0840    0.0065400000    0.0044660000       1.2055400
       2924.3250    0.0065500000    0.0044730000       1.2055250
       2924.5660    0.0065400000    0.0044650000       1.2055260
       2924.8070    0.0065400000    0.0044650000       1.2055220
       2925.0480    0.0065200000    0.0044520000       1.2055260
       2925.2890    0.0065100000    0.0044450000       1.2055270
       2925.5310    0.0065100000    0.0044440000       1.2055880
       2925.7710    0.0065500000    0.0044700000       1.2055620
       2926.0120    0.0065800000    0.0044900000       1.2055430
       2926.2540    0.0065700000    0.0044820000       1.2055490
       2926.4950    0.0065400000    0.0044620000       1.2055310
       2926.7360    0.0065100000    0.0044410000       1.2055380
       2926.9770    0.0065000000    0.0044340000       1.2055550
       2927.2180    0.0065000000    0.0044340000       1.2055600
       2927.4590    0.0064900000    0.0044270000       1.2055710
       2927.7000    0.0065000000    0.0044340000       1.2055760
       2927.9410    0.0064900000    0.0044260000       1.2055710
       2928.1820    0.0064700000    0.0044120000       1.2055740
       2928.4230    0.0064400000    0.0043910000       1.2055860
       2928.6640    0.0064300000    0.0043840000       1.2056160
       2928.9050    0.0064400000    0.0043910000       1.2056350
       2929.1460    0.0064500000    0.0043980000       1.2056490
       2929.3870    0.0064600000    0.0044030000       1.2056600
       2929.6280    0.0064800000    0.0044170000       1.2056670
       2929.8700    0.0065200000    0.0044430000       1.2056900
       2930.1110    0.0065200000    0.0044420000       1.2056590
       2930.3520    0.0065000000    0.0044290000       1.2056510
       2930.5930    0.0064700000    0.0044080000       1.2056550
       2930.8340    0.0064600000    0.0044000000       1.2056760
       2931.0750    0.0064600000    0.0044010000       1.2056850
       2931.3160    0.0064500000    0.0043930000       1.2057010
       2931.5570    0.0064600000    0.0044000000       1.2057240
       2931.7980    0.0064900000    0.0044200000       1.2057360
       2932.0390    0.0065100000    0.0044340000       1.2057260
       2932.2800    0.0065000000    0.0044260000       1.2057190
       2932.5210    0.0064900000    0.0044190000       1.2057280
       2932.7620    0.0064900000    0.0044190000       1.2057390
       2933.0030    0.0065000000    0.0044260000       1.2057470
       2933.2440    0.0065100000    0.0044310000       1.2057530
       2933.4850    0.0065300000    0.0044460000       1.2057440
       2933.7270    0.0065400000    0.0044510000       1.2057580
       2933.9680    0.0065300000    0.0044430000       1.2057380
       2934.2090    0.0065100000    0.0044310000       1.2057330
       2934.4500    0.0064900000    0.0044160000       1.2057380
       2934.6910    0.0064700000    0.0044040000       1.2057460
       2934.9320    0.0064600000    0.0043950000       1.2057640
       2935.1730    0.0064600000    0.0043950000       1.2057770
       2935.4140    0.0064600000    0.0043940000       1.2057980
       2935.6550    0.0064900000    0.0044150000       1.2058090
       2935.8960    0.0065000000    0.0044210000       1.2058000
       2936.1370    0.0064900000    0.0044140000       1.2058020
       2936.3780    0.0064900000    0.0044140000       1.2058140
       2936.6190    0.0065100000    0.0044270000       1.2058210
       2936.8600    0.0065300000    0.0044410000       1.2058140
       2937.1010    0.0065300000    0.0044390000       1.2057820
       2937.3430    0.0065000000    0.0044190000       1.2058150
       2937.5830    0.0064800000    0.0044050000       1.2057690
       2937.8250    0.0064600000    0.0043900000       1.2058160
       2938.0660    0.0064400000    0.0043780000       1.2058160
       2938.3070    0.0064200000    0.0043640000       1.2058370
       2938.5480    0.0064300000    0.0043700000       1.2058700
       2938.7890    0.0064700000    0.0043970000       1.2058810
       2939.0300    0.0064900000    0.0044090000       1.2058750
       2939.2710    0.0065000000    0.0044160000       1.2058710
       2939.5120    0.0065000000    0.0044170000       1.2058630
       2939.7530    0.0065000000    0.0044150000       1.2058590
       2939.9940    0.0064900000    0.0044090000       1.2058490
       2940.2350    0.0064600000    0.0043880000       1.2058500
       2940.4760    0.0064500000    0.0043810000       1.2058680
       2940.7170    0.0064600000    0.0043870000       1.2058740
       2940.9580    0.0064600000    0.0043870000       1.2058680
       2941.1990    0.0064400000    0.0043730000       1.2058650
       2941.4400    0.0064200000    0.0043580000       1.2058640
       2941.6820    0.0064100000    0.0043520000       1.2059070
       2941.9230    0.0064100000    0.0043520000       1.2059050
       2942.1640    0.0064000000    0.0043440000       1.2059130
       2942.4050    0.0064000000    0.0043430000       1.2059330
       2942.6460    0.0064200000    0.0043570000       1.2059410
       2942.8870    0.0064300000    0.0043630000       1.2059360
       2943.1280    0.0064200000    0.0043560000       1.2059290
       2943.3690    0.0064000000    0.0043410000       1.2059350
       2943.6100    0.0063900000    0.0043360000       1.2059490
       2943.8510    0.0063900000    0.0043360000       1.2059560
       2944.0920    0.0063800000    0.0043290000       1.2059630
       2944.3330    0.0063800000    0.0043270000       1.2059790
       2944.5740    0.0063900000    0.0043340000       1.2059910
       2944.8150    0.0064100000    0.0043470000       1.2059940
       2945.0560    0.0064100000    0.0043470000       1.2059720
       2945.2980    0.0063900000    0.0043330000       1.2060010
       2945.5390    0.0063800000    0.0043260000       1.2060000
       2945.7800    0.0063800000    0.0043240000       1.2060110
       2946.0210    0.0063800000    0.0043250000       1.2060170
       2946.2620    0.0063800000    0.0043240000       1.2060230
       2946.5030    0.0063800000    0.0043250000       1.2060260
       2946.7440    0.0063800000    0.0043230000       1.2060300
       2946.9850    0.0063800000    0.0043230000       1.2060280
       2947.2260    0.0063600000    0.0043080000       1.2060260
       2947.4670    0.0063400000    0.0042940000       1.2060380
       2947.7080    0.0063200000    0.0042820000       1.2060510
       2947.9490    0.0063100000    0.0042740000       1.2060760
       2948.1900    0.0063200000    0.0042810000       1.2060970
       2948.4310    0.0063300000    0.0042880000       1.2061140
       2948.6720    0.0063600000    0.0043070000       1.2061270
       2948.9130    0.0063800000    0.0043200000       1.2061110
       2949.1550    0.0063800000    0.0043200000       1.2061430
       2949.3960    0.0064000000    0.0043330000       1.2061390
       2949.6370    0.0064200000    0.0043470000       1.2061290
       2949.8780    0.0064200000    0.0043460000       1.2061110
       2950.1190    0.0064000000    0.0043320000       1.2061020
       2950.3600    0.0063800000    0.0043190000       1.2061060
       2950.6010    0.0063700000    0.0043120000       1.2061090
       2950.8420    0.0063600000    0.0043050000       1.2061140
       2951.0830    0.0063500000    0.0042980000       1.2061140
       2951.3240    0.0063300000    0.0042840000       1.2061230
       2951.5650    0.0063300000    0.0042830000       1.2061330
       2951.8060    0.0063200000    0.0042760000       1.2061340
       2952.0470    0.0063000000    0.0042620000       1.2061390
       2952.2880    0.0062800000    0.0042470000       1.2061580
       2952.5290    0.0062800000    0.0042480000       1.2061690
       2952.7710    0.0062900000    0.0042540000       1.2062170
       2953.0110    0.0062900000    0.0042530000       1.2061810
       2953.2520    0.0062700000    0.0042390000       1.2061950
       2953.4940    0.0062800000    0.0042450000       1.2062520
       2953.7350    0.0063100000    0.0042670000       1.2062510
       2953.9760    0.0063300000    0.0042810000       1.2062450
       2954.2170    0.0063300000    0.0042780000       1.2062320
       2954.4580    0.0063100000    0.0042660000       1.2062340
       2954.6990    0.0063000000    0.0042590000       1.2062410
       2954.9400    0.0062900000    0.0042500000       1.2062500
       2955.1810    0.0062800000    0.0042430000       1.2062680
       2955.4220    0.0062900000    0.0042500000       1.2062910
       2955.6630    0.0063200000    0.0042710000       1.2063020
       2955.9040    0.0063500000    0.0042890000       1.2062910
       2956.1450    0.0063400000    0.0042830000       1.2062740
       2956.3860    0.0063200000    0.0042690000       1.2062770
       2956.6270    0.0063200000    0.0042670000       1.2062840
       2956.8680    0.0063200000    0.0042680000       1.2062770
       2957.1100    0.0063200000    0.0042690000       1.2062980
       2957.3510    0.0063000000    0.0042540000       1.2062850
       2957.5920    0.0062900000    0.0042490000       1.2062900
       2957.8330    0.0062700000    0.0042330000       1.2062850
       2958.0740    0.0062400000    0.0042120000       1.2063010
       2958.3150    0.0062300000    0.0042070000       1.2063190
       2958.5560    0.0062300000    0.0042050000       1.2063320
       2958.7970    0.0062200000    0.0042000000       1.2063380
       2959.0380    0.0062000000    0.0041840000       1.2063540
       2959.2790    0.0062000000    0.0041830000       1.2063840
       2959.5200    0.0062200000    0.0041970000       1.2064060
       2959.7610    0.0062500000    0.0042170000       1.2064120
       2960.0020    0.0062600000    0.0042240000       1.2064000
       2960.2430    0.0062400000    0.0042090000       1.2063960
       2960.4840    0.0062200000    0.0041950000       1.2064040
       2960.7260    0.0062300000    0.0042010000       1.2064520
       2960.9670    0.0062400000    0.0042090000       1.2064500
       2961.2080    0.0062500000    0.0042160000       1.2064570
       2961.4490    0.0062600000    0.0042210000       1.2064590
       2961.6900    0.0062700000    0.0042280000       1.2064610
       2961.9310    0.0062700000    0.0042270000       1.2064490
       2962.1720    0.0062400000    0.0042060000       1.2064500
       2962.4130    0.0062200000    0.0041920000       1.2064690
       2962.6540    0.0062200000    0.0041920000       1.2064910
       2962.8950    0.0062300000    0.0041990000       1.2065060
       2963.1360    0.0062400000    0.0042060000       1.2065150
       2963.3770    0.0062500000    0.0042110000       1.2065220
       2963.6180    0.0062600000    0.0042180000       1.2065280
       2963.8590    0.0062700000    0.0042240000       1.2065250
       2964.1000    0.0062600000    0.0042180000       1.2065210
       2964.3410    0.0062400000    0.0042040000       1.2065200
       2964.5830    0.0062400000    0.0042040000       1.2065770
       2964.8230    0.0062500000    0.0042090000       1.2065390
       2965.0650    0.0062600000    0.0042170000       1.2065870
       2965.3060    0.0062700000    0.0042230000       1.2065780
       2965.5470    0.0062800000    0.0042280000       1.2065820
       2965.7880    0.0062800000    0.0042290000       1.2065790
       2966.0290    0.0062700000    0.0042220000       1.2065810
       2966.2700    0.0062600000    0.0042140000       1.2065950
       2966.5110    0.0062800000    0.0042270000       1.2066120
       2966.7520    0.0063000000    0.0042410000       1.2066030
       2966.9930    0.0062900000    0.0042330000       1.2065890
       2967.2340    0.0062500000    0.0042070000       1.2065920
       2967.4750    0.0062300000    0.0041940000       1.2066220
       2967.7160    0.0062500000    0.0042060000       1.2066450
       2967.9570    0.0062700000    0.0042190000       1.2066540
       2968.1980    0.0062900000    0.0042310000       1.2066540
       2968.4390    0.0062900000    0.0042320000       1.2066410
       2968.6810    0.0062900000    0.0042310000       1.2066710
       2968.9220    0.0062800000    0.0042250000       1.2066640
       2969.1630    0.0062800000    0.0042230000       1.2066810
       2969.4040    0.0063000000    0.0042370000       1.2066920
       2969.6450    0.0063200000    0.0042500000       1.2066870
       2969.8860    0.0063200000    0.0042500000       1.2066760
       2970.1270    0.0063000000    0.0042360000       1.2066720
       2970.3680    0.0062800000    0.0042220000       1.2066850
       2970.6090    0.0062800000    0.0042220000       1.2067020
       2970.8500    0.0062900000    0.0042290000       1.2067140
       2971.0910    0.0063000000    0.0042350000       1.2067190
       2971.3320    0.0063100000    0.0042400000       1.2067240
       2971.5730    0.0063200000    0.0042480000       1.2067210
       2971.8140    0.0063100000    0.0042390000       1.2067140
       2972.0550    0.0062900000    0.0042260000       1.2067280
       2972.2960    0.0063000000    0.0042340000       1.2067360
       2972.5380    0.0063200000    0.0042460000       1.2067660
       2972.7790    0.0063300000    0.0042520000       1.2067510
       2973.0200    0.0063200000    0.0042450000       1.2067460
       2973.2610    0.0063100000    0.0042380000       1.2067580
       2973.5020    0.0063200000    0.0042450000       1.2067660
       2973.7430    0.0063300000    0.0042510000       1.2067670
       2973.9840    0.0063300000    0.0042510000       1.2067580
       2974.2250    0.0063100000    0.0042370000       1.2067630
       2974.4660    0.0063100000    0.0042370000       1.2067720
       2974.7070    0.0063000000    0.0042300000       1.2067780
       2974.9480    0.0063000000    0.0042300000       1.2067900
       2975.1890    0.0063000000    0.0042290000       1.2068020
       2975.4300    0.0063200000    0.0042430000       1.2068160
       2975.6710    0.0063400000    0.0042550000       1.2068110
       2975.9120    0.0063500000    0.0042610000       1.2067980
       2976.1540    0.0063500000    0.0042610000       1.2068170
       2976.3950    0.0063500000    0.0042610000       1.2068130
       2976.6350    0.0063400000    0.0042540000       1.2067600
       2976.8770    0.0063100000    0.0042320000       1.2067950
       2977.1180    0.0062700000    0.0042060000       1.2067960
       2977.3590    0.0062600000    0.0041990000       1.2068300
       2977.6000    0.0062800000    0.0042130000       1.2068420
       2977.8410    0.0062900000    0.0042180000       1.2068500
       2978.0820    0.0063000000    0.0042250000       1.2068480
       2978.3230    0.0062900000    0.0042170000       1.2068500
       2978.5640    0.0062900000    0.0042170000       1.2068530
       2978.8050    0.0062700000    0.0042030000       1.2068580
       2979.0460    0.0062600000    0.0041980000       1.2068780
       2979.2870    0.0062700000    0.0042030000       1.2068950
       2979.5280    0.0062900000    0.0042170000       1.2069060
       2979.7690    0.0063000000    0.0042230000       1.2069020
       2980.0100    0.0063000000    0.0042210000       1.2069080
       2980.2510    0.0063100000    0.0042280000       1.2069080
       2980.4930    0.0063300000    0.0042420000       1.2069340
       2980.7340    0.0063300000    0.0042410000       1.2069120
       2980.9750    0.0063200000    0.0042340000       1.2069100
       2981.2160    0.0063000000    0.0042210000       1.2069130
       2981.4570    0.0063000000    0.0042200000       1.2069330
       2981.6980    0.0063200000    0.0042330000       1.2069360
       2981.9390    0.0063200000    0.0042330000       1.2069310
       2982.1800    0.0063100000    0.0042260000       1.2069320
       2982.4210    0.0063100000    0.0042250000       1.2069410
       2982.6620    0.0063100000    0.0042250000       1.2069430
       2982.9030    0.0063100000    0.0042230000       1.2069490
       2983.1440    0.0063100000    0.0042250000       1.2069540
       2983.3850    0.0063200000    0.0042310000       1.2069610
       2983.6260    0.0063400000    0.0042440000       1.2069520
       2983.8670    0.0063300000    0.0042370000       1.2069310
       2984.1080    0.0062900000    0.0042100000       1.2069130
       2984.3500    0.0062600000    0.0041890000       1.2069570
       2984.5910    0.0062500000    0.0041830000       1.2069580
       2984.8320    0.0062300000    0.0041680000       1.2069720
       2985.0730    0.0062300000    0.0041680000       1.2069980
       2985.3140    0.0062500000    0.0041820000       1.2070090
       2985.5550    0.0062600000    0.0041870000       1.2070070
       2985.7960    0.0062500000    0.0041810000       1.2070050
       2986.0370    0.0062300000    0.0041670000       1.2070130
       2986.2780    0.0062200000    0.0041590000       1.2070350
       2986.5190    0.0062300000    0.0041670000       1.2070570
       2986.7600    0.0062500000    0.0041790000       1.2070680
       2987.0010    0.0062700000    0.0041930000       1.2070760
       2987.2420    0.0062900000    0.0042060000       1.2070710
       2987.4830    0.0063000000    0.0042120000       1.2070630
       2987.7240    0.0062900000    0.0042050000       1.2070400
       2987.9660    0.0062600000    0.0041850000       1.2070740
       2988.2070    0.0062600000    0.0041840000       1.2070810
       2988.4480    0.0062700000    0.0041910000       1.2070900
       2988.6890    0.0062800000    0.0041980000       1.2070870
       2988.9300    0.0062700000    0.0041890000       1.2070820
       2989.1710    0.0062500000    0.0041770000       1.2070960
       2989.4120    0.0062600000    0.0041830000       1.2071130
       2989.6530    0.0062800000    0.0041950000       1.2071190
       2989.8940    0.0062900000    0.0042020000       1.2071140
       2990.1350    0.0062900000    0.0042010000       1.2071110
       2990.3760    0.0062900000    0.0042010000       1.2071080
       2990.6170    0.0062800000    0.0041930000       1.2071000
       2990.8580    0.0062500000    0.0041740000       1.2071010
       2991.0990    0.0062300000    0.0041590000       1.2071200
       2991.3400    0.0062400000    0.0041660000       1.2071340
       2991.5820    0.0062700000    0.0041850000       1.2071610
       2991.8230    0.0062700000    0.0041860000       1.2071460
       2992.0630    0.0062500000    0.0041720000       1.2071000
       2992.3050    0.0062200000    0.0041510000       1.2071360
       2992.5460    0.0061800000    0.0041250000       1.2071380
       2992.7870    0.0061500000    0.0041050000       1.2071650
       2993.0280    0.0061400000    0.0040970000       1.2072040
       2993.2690    0.0061700000    0.0041180000       1.2072430
       2993.5100    0.0062200000    0.0041500000       1.2072540
       2993.7510    0.0062500000    0.0041700000       1.2072490
       2993.9920    0.0062600000    0.0041760000       1.2072400
       2994.2330    0.0062600000    0.0041760000       1.2072410
       2994.4740    0.0062700000    0.0041820000       1.2072410
       2994.7150    0.0062700000    0.0041820000       1.2072340
       2994.9560    0.0062600000    0.0041750000       1.2072320
       2995.1970    0.0062500000    0.0041680000       1.2072350
       2995.4380    0.0062400000    0.0041610000       1.2072380
       2995.6790    0.0062200000    0.0041480000       1.2072350
       2995.9210    0.0062100000    0.0041400000       1.2072830
       2996.1620    0.0062200000    0.0041470000       1.2072960
       2996.4030    0.0062500000    0.0041660000       1.2073070
       2996.6440    0.0062700000    0.0041790000       1.2073020
       2996.8850    0.0062700000    0.0041790000       1.2072970
       2997.1260    0.0062700000    0.0041780000       1.2072990
       2997.3670    0.0062700000    0.0041780000       1.2072980
       2997.6080    0.0062600000    0.0041710000       1.2073000
       2997.8490    0.0062500000    0.0041640000       1.2073080
       2998.0900    0.0062500000    0.0041640000       1.2073230
       2998.3310    0.0062600000    0.0041700000       1.2073290
       2998.5720    0.0062600000    0.0041700000       1.2073370
       2998.8130    0.0062700000    0.0041770000       1.2073470
       2999.0540    0.0062900000    0.0041890000       1.2073570
       2999.2950    0.0063300000    0.0042150000       1.2073420
       2999.5370    0.0063400000    0.0042220000       1.2073380
       2999.7780    0.0063100000    0.0042000000       1.2073090
       3000.0190    0.0062700000    0.0041740000       1.2073100
       3000.2600    0.0062400000    0.0041540000       1.2073280
       3000.5010    0.0062500000    0.0041590000       1.2073510
       3000.7420    0.0062600000    0.0041670000       1.2073490
       3000.9830    0.0062500000    0.0041590000       1.2073530
       3001.2240    0.0062500000    0.0041600000       1.2073590
       3001.4650    0.0062400000    0.0041530000       1.2073570
       3001.7060    0.0062200000    0.0041390000       1.2073680
       3001.9470    0.0062200000    0.0041380000       1.2073930
       3002.1880    0.0062500000    0.0041580000       1.2074040
       3002.4290    0.0062700000    0.0041710000       1.2073930
       3002.6700    0.0062600000    0.0041640000       1.2073710
       3002.9110    0.0062100000    0.0041290000       1.2073690
       3003.1520    0.0061800000    0.0041100000       1.2073890
       3003.3940    0.0061800000    0.0041100000       1.2074420
       3003.6350    0.0062000000    0.0041230000       1.2074530
       3003.8760    0.0062200000    0.0041360000       1.2074560
       3004.1170    0.0062300000    0.0041410000       1.2074580
       3004.3580    0.0062300000    0.0041430000       1.2074560
       3004.5990    0.0062200000    0.0041350000       1.2074580
       3004.8400    0.0062100000    0.0041270000       1.2074690
       3005.0810    0.0062100000    0.0041270000       1.2074870
       3005.3220    0.0062200000    0.0041340000       1.2075010
       3005.5630    0.0062400000    0.0041470000       1.2075090
       3005.8040    0.0062500000    0.0041520000       1.2075080
       3006.0450    0.0062500000    0.0041520000       1.2075150
       3006.2860    0.0062600000    0.0041580000       1.2075230
       3006.5270    0.0062800000    0.0041720000       1.2075310
       3006.7680    0.0063000000    0.0041850000       1.2075110
       3007.0100    0.0063000000    0.0041850000       1.2075370
       3007.2500    0.0062900000    0.0041770000       1.2074900
       3007.4910    0.0062700000    0.0041630000       1.2074900
       3007.7330    0.0062500000    0.0041500000       1.2075250
       3007.9740    0.0062400000    0.0041440000       1.2075350
       3008.2150    0.0062600000    0.0041560000       1.2075480
       3008.4560    0.0062700000    0.0041630000       1.2075490
       3008.6970    0.0062800000    0.0041690000       1.2075490
       3008.9380    0.0062800000    0.0041690000       1.2075450
       3009.1790    0.0062800000    0.0041680000       1.2075470
       3009.4200    0.0062800000    0.0041680000       1.2075400
       3009.6610    0.0062600000    0.0041540000       1.2075380
       3009.9020    0.0062400000    0.0041420000       1.2075450
       3010.1430    0.0062300000    0.0041330000       1.2075610
       3010.3840    0.0062400000    0.0041400000       1.2075740
       3010.6250    0.0062400000    0.0041400000       1.2075750
       3010.8660    0.0062400000    0.0041400000       1.2075820
       3011.1070    0.0062400000    0.0041390000       1.2075780
       3011.3490    0.0062500000    0.0041460000       1.2076080
       3011.5900    0.0062400000    0.0041390000       1.2075920
       3011.8310    0.0062300000    0.0041320000       1.2076020
       3012.0720    0.0062300000    0.0041300000       1.2076040
       3012.3130    0.0062200000    0.0041250000       1.2076120
       3012.5540    0.0062100000    0.0041180000       1.2076140
       3012.7950    0.0061900000    0.0041040000       1.2076320
       3013.0360    0.0062000000    0.0041090000       1.2076550
       3013.2770    0.0062200000    0.0041230000       1.2076660
       3013.5180    0.0062300000    0.0041290000       1.2076620
       3013.7590    0.0062200000    0.0041220000       1.2076650
       3014.0000    0.0062100000    0.0041150000       1.2076790
       3014.2410    0.0062200000    0.0041220000       1.2077010
       3014.4820    0.0062500000    0.0041410000       1.2077070
       3014.7230    0.0062600000    0.0041490000       1.2077040
       3014.9640    0.0062700000    0.0041530000       1.2076940
       3015.2060    0.0062800000    0.0041600000       1.2077210
       3015.4470    0.0062800000    0.0041600000       1.2077030
       3015.6880    0.0062700000    0.0041530000       1.2077040
       3015.9290    0.0062600000    0.0041460000       1.2077100
       3016.1700    0.0062700000    0.0041520000       1.2077260
       3016.4110    0.0062900000    0.0041650000       1.2077220
       3016.6520    0.0062900000    0.0041650000       1.2077170
       3016.8930    0.0062900000    0.0041650000       1.2077110
       3017.1340    0.0062800000    0.0041570000       1.2077080
       3017.3750    0.0062700000    0.0041500000       1.2077050
       3017.6160    0.0062400000    0.0041300000       1.2077070
       3017.8570    0.0062200000    0.0041160000       1.2077260
       3018.0980    0.0062200000    0.0041160000       1.2077530
       3018.3390    0.0062600000    0.0041430000       1.2077680
       3018.5800    0.0062800000    0.0041560000       1.2077380
       3018.8220    0.0062600000    0.0041430000       1.2077540
       3019.0630    0.0062400000    0.0041280000       1.2077480
       3019.3040    0.0062300000    0.0041220000       1.2077590
       3019.5450    0.0062200000    0.0041150000       1.2077650
       3019.7860    0.0062100000    0.0041080000       1.2077820
       3020.0270    0.0062200000    0.0041150000       1.2077960
       3020.2680    0.0062300000    0.0041200000       1.2078010
       3020.5090    0.0062300000    0.0041190000       1.2078070
       3020.7500    0.0062300000    0.0041190000       1.2078200
       3020.9910    0.0062500000    0.0041330000       1.2078330
       3021.2320    0.0062800000    0.0041510000       1.2078320
       3021.4730    0.0063000000    0.0041640000       1.2078160
       3021.7140    0.0062800000    0.0041530000       1.2077900
       3021.9550    0.0062400000    0.0041250000       1.2077900
       3022.1960    0.0062200000    0.0041120000       1.2077930
       3022.4380    0.0062100000    0.0041040000       1.2078390
       3022.6780    0.0062000000    0.0040960000       1.2078110
       3022.9190    0.0061800000    0.0040830000       1.2078260
       3023.1610    0.0061800000    0.0040830000       1.2078790
       3023.4020    0.0062000000    0.0040970000       1.2078830
       3023.6430    0.0062100000    0.0041030000       1.2078900
       3023.8840    0.0062300000    0.0041150000       1.2078980
       3024.1250    0.0062500000    0.0041280000       1.2078930
       3024.3660    0.0062500000    0.0041270000       1.2078780
       3024.6070    0.0062200000    0.0041070000       1.2078730
       3024.8480    0.0061900000    0.0040880000       1.2078850
       3025.0890    0.0061700000    0.0040730000       1.2079120
       3025.3300    0.0061900000    0.0040870000       1.2079470
       3025.5710    0.0062300000    0.0041120000       1.2079560
       3025.8120    0.0062600000    0.0041320000       1.2079540
       3026.0530    0.0062800000    0.0041450000       1.2079400
       3026.2940    0.0062800000    0.0041440000       1.2079220
       3026.5350    0.0062500000    0.0041250000       1.2078990
       3026.7770    0.0062200000    0.0041030000       1.2079340
       3027.0180    0.0062000000    0.0040910000       1.2079410
       3027.2590    0.0062000000    0.0040910000       1.2079600
       3027.5000    0.0062000000    0.0040910000       1.2079670
       3027.7410    0.0062000000    0.0040900000       1.2079900
       3027.9820    0.0062300000    0.0041100000       1.2080020
       3028.2230    0.0062500000    0.0041230000       1.2080000
       3028.4640    0.0062600000    0.0041290000       1.2079880
       3028.7050    0.0062400000    0.0041150000       1.2079830
       3028.9460    0.0062300000    0.0041080000       1.2079950
       3029.1870    0.0062300000    0.0041080000       1.2080040
       3029.4280    0.0062400000    0.0041130000       1.2080100
       3029.6690    0.0062400000    0.0041130000       1.2080070
       3029.9100    0.0062300000    0.0041070000       1.2080090
       3030.1510    0.0062200000    0.0041000000       1.2080020
       3030.3930    0.0062000000    0.0040870000       1.2080370
       3030.6340    0.0061900000    0.0040800000       1.2080510
       3030.8750    0.0062100000    0.0040920000       1.2080730
       3031.1160    0.0062400000    0.0041120000       1.2080770
       3031.3570    0.0062500000    0.0041180000       1.2080620
       3031.5980    0.0062200000    0.0040980000       1.2080620
       3031.8390    0.0062100000    0.0040910000       1.2080850
       3032.0800    0.0062200000    0.0040980000       1.2081060
       3032.3210    0.0062500000    0.0041180000       1.2081190
       3032.5620    0.0062800000    0.0041360000       1.2081120
       3032.8030    0.0062800000    0.0041360000       1.2081020
       3033.0440    0.0062700000    0.0041290000       1.2081030
       3033.2850    0.0062700000    0.0041300000       1.2081060
       3033.5260    0.0062600000    0.0041210000       1.2081080
       3033.7670    0.0062600000    0.0041210000       1.2081270
       3034.0080    0.0062800000    0.0041340000       1.2081230
       3034.2500    0.0062900000    0.0041420000       1.2081600
       3034.4900    0.0063000000    0.0041470000       1.2081110
       3034.7320    0.0063100000    0.0041530000       1.2081470
       3034.9730    0.0063200000    0.0041580000       1.2081260
       3035.2140    0.0063100000    0.0041530000       1.2081090
       3035.4550    0.0062700000    0.0041250000       1.2080990
       3035.6960    0.0062300000    0.0041000000       1.2081180
       3035.9370    0.0062200000    0.0040920000       1.2081420
       3036.1780    0.0062300000    0.0040990000       1.2081690
       3036.4190    0.0062600000    0.0041190000       1.2081760
       3036.6600    0.0062700000    0.0041250000       1.2081700
       3036.9010    0.0062700000    0.0041250000       1.2081660
       3037.1420    0.0062600000    0.0041170000       1.2081620
       3037.3830    0.0062400000    0.0041040000       1.2081650
       3037.6240    0.0062200000    0.0040900000       1.2081770
       3037.8650    0.0062100000    0.0040840000       1.2081950
       3038.1060    0.0062100000    0.0040840000       1.2082140
       3038.3470    0.0062200000    0.0040890000       1.2082200
       3038.5890    0.0062300000    0.0040960000       1.2082610
       3038.8300    0.0062500000    0.0041070000       1.2082650
       3039.0710    0.0062800000    0.0041270000       1.2082720
       3039.3120    0.0063000000    0.0041400000       1.2082610
       3039.5530    0.0062900000    0.0041330000       1.2082540
       3039.7940    0.0062800000    0.0041260000       1.2082670
       3040.0350    0.0063000000    0.0041400000       1.2082810
       3040.2760    0.0063300000    0.0041590000       1.2082750
       3040.5170    0.0063300000    0.0041590000       1.2082570
       3040.7580    0.0063100000    0.0041450000       1.2082540
       3040.9990    0.0063000000    0.0041380000       1.2082580
       3041.2400    0.0062900000    0.0041310000       1.2082660
       3041.4810    0.0062900000    0.0041320000       1.2082730
       3041.7220    0.0062900000    0.0041300000       1.2082760
       3041.9630    0.0062900000    0.0041300000       1.2082700
       3042.2050    0.0062800000    0.0041240000       1.2082960
       3042.4460    0.0062600000    0.0041110000       1.2082960
       3042.6870    0.0062500000    0.0041030000       1.2083140
       3042.9280    0.0062600000    0.0041090000       1.2083440
       3043.1690    0.0063100000    0.0041420000       1.2083530
       3043.4100    0.0063300000    0.0041540000       1.2083330
       3043.6510    0.0063100000    0.0041420000       1.2083210
       3043.8920    0.0062800000    0.0041200000       1.2083310
       3044.1330    0.0062800000    0.0041210000       1.2083610
       3044.3740    0.0063100000    0.0041410000       1.2083740
       3044.6150    0.0063400000    0.0041600000       1.2083720
       3044.8560    0.0063500000    0.0041660000       1.2083570
       3045.0970    0.0063400000    0.0041590000       1.2083500
       3045.3380    0.0063200000    0.0041470000       1.2083460
       3045.5790    0.0063000000    0.0041320000       1.2083620
       3045.8200    0.0063100000    0.0041390000       1.2083720
       3046.0620    0.0063400000    0.0041580000       1.2084150
       3046.3020    0.0063600000    0.0041710000       1.2083520
       3046.5440    0.0063400000    0.0041580000       1.2083700
       3046.7850    0.0063000000    0.0041300000       1.2083650
       3047.0260    0.0062900000    0.0041240000       1.2083880
       3047.2670    0.0062900000    0.0041240000       1.2083970
       3047.5080    0.0062900000    0.0041220000       1.2084110
       3047.7490    0.0062900000    0.0041240000       1.2084230
       3047.9900    0.0063000000    0.0041290000       1.2084410
       3048.2310    0.0063300000    0.0041490000       1.2084510
       3048.4720    0.0063500000    0.0041620000       1.2084430
       3048.7130    0.0063500000    0.0041600000       1.2084350
       3048.9540    0.0063400000    0.0041540000       1.2084360
       3049.1950    0.0063400000    0.0041520000       1.2084400
       3049.4360    0.0063300000    0.0041470000       1.2084450
       3049.6770    0.0063300000    0.0041470000       1.2084560
       3049.9180    0.0063400000    0.0041530000       1.2084550
       3050.1600    0.0063600000    0.0041650000       1.2084830
       3050.4010    0.0063600000    0.0041660000       1.2084620
       3050.6420    0.0063400000    0.0041520000       1.2084630
       3050.8830    0.0063400000    0.0041510000       1.2084810
       3051.1240    0.0063700000    0.0041710000       1.2084830
       3051.3650    0.0063700000    0.0041700000       1.2084630
       3051.6060    0.0063400000    0.0041510000       1.2084570
       3051.8470    0.0063000000    0.0041240000       1.2084660
       3052.0880    0.0062900000    0.0041160000       1.2085020
       3052.3290    0.0063200000    0.0041360000       1.2085170
       3052.5700    0.0063300000    0.0041420000       1.2085170
       3052.8110    0.0063300000    0.0041420000       1.2085170
       3053.0520    0.0063200000    0.0041340000       1.2085220
       3053.2930    0.0063100000    0.0041280000       1.2085350
       3053.5340    0.0063100000    0.0041270000       1.2085590
       3053.7750    0.0063400000    0.0041470000       1.2085720
       3054.0170    0.0063900000    0.0041790000       1.2086020
       3054.2580    0.0064200000    0.0042000000       1.2085690
       3054.4990    0.0064100000    0.0041920000       1.2085440
       3054.7400    0.0063800000    0.0041730000       1.2085350
       3054.9810    0.0063500000    0.0041510000       1.2085440
       3055.2220    0.0063400000    0.0041460000       1.2085630
       3055.4630    0.0063400000    0.0041450000       1.2085730
       3055.7040    0.0063400000    0.0041450000       1.2085910
       3055.9450    0.0063600000    0.0041580000       1.2085970
       3056.1860    0.0063600000    0.0041560000       1.2085960
       3056.4270    0.0063500000    0.0041510000       1.2086070
       3056.6680    0.0063500000    0.0041510000       1.2086250
       3056.9090    0.0063800000    0.0041690000       1.2086440
       3057.1500    0.0064200000    0.0041960000       1.2086400
       3057.3910    0.0064300000    0.0042010000       1.2086110
       3057.6330    0.0064100000    0.0041880000       1.2086350
       3057.8740    0.0064100000    0.0041880000       1.2086380
       3058.1150    0.0064300000    0.0042010000       1.2086370
       3058.3560    0.0064300000    0.0042000000       1.2086270
       3058.5970    0.0064200000    0.0041930000       1.2086260
       3058.8380    0.0064100000    0.0041860000       1.2086300
       3059.0790    0.0064100000    0.0041860000       1.2086380
       3059.3200    0.0064100000    0.0041860000       1.2086380
       3059.5610    0.0064000000    0.0041790000       1.2086430
       3059.8020    0.0064000000    0.0041770000       1.2086550
       3060.0430    0.0064100000    0.0041850000       1.2086620
       3060.2840    0.0064100000    0.0041850000       1.2086590
       3060.5250    0.0064000000    0.0041780000       1.2086670
       3060.7660    0.0064100000    0.0041850000       1.2086800
       3061.0070    0.0064300000    0.0041970000       1.2086680
       3061.2490    0.0064300000    0.0041960000       1.2086840
       3061.4900    0.0064000000    0.0041750000       1.2086820
       3061.7300    0.0063800000    0.0041630000       1.2086760
       3061.9720    0.0064200000    0.0041890000       1.2087350
       3062.2130    0.0064600000    0.0042140000       1.2087180
       3062.4540    0.0064800000    0.0042280000       1.2086950
       3062.6950    0.0064500000    0.0042070000       1.2086680
       3062.9360    0.0064100000    0.0041810000       1.2086730
       3063.1770    0.0063800000    0.0041610000       1.2086830
       3063.4180    0.0063600000    0.0041470000       1.2087120
       3063.6590    0.0063800000    0.0041600000       1.2087380
       3063.9000    0.0064100000    0.0041800000       1.2087430
       3064.1410    0.0064200000    0.0041860000       1.2087280
       3064.3820    0.0063900000    0.0041660000       1.2087240
       3064.6230    0.0063700000    0.0041520000       1.2087420
       3064.8640    0.0063700000    0.0041520000       1.2087630
       3065.1050    0.0063900000    0.0041640000       1.2087780
       3065.3460    0.0064000000    0.0041700000       1.2087700
       3065.5880    0.0064000000    0.0041710000       1.2088060
       3065.8290    0.0064100000    0.0041770000       1.2088060
       3066.0700    0.0064300000    0.0041900000       1.2088110
       3066.3110    0.0064400000    0.0041960000       1.2088020
       3066.5520    0.0064300000    0.0041890000       1.2088000
       3066.7930    0.0064200000    0.0041820000       1.2088030
       3067.0340    0.0064000000    0.0041690000       1.2088110
       3067.2750    0.0063800000    0.0041560000       1.2088380
       3067.5160    0.0064000000    0.0041680000       1.2088790
       3067.7570    0.0064700000    0.0042130000       1.2089010
       3067.9980    0.0065400000    0.0042570000       1.2088830
       3068.2390    0.0065600000    0.0042710000       1.2088420
       3068.4800    0.0065200000    0.0042450000       1.2088100
       3068.7210    0.0064700000    0.0042120000       1.2088180
       3068.9620    0.0064600000    0.0042050000       1.2088390
       3069.2030    0.0064600000    0.0042050000       1.2088390
       3069.4450    0.0064600000    0.0042050000       1.2088800
       3069.6860    0.0064700000    0.0042120000       1.2088820
       3069.9270    0.0064900000    0.0042230000       1.2088850
       3070.1680    0.0064900000    0.0042230000       1.2088830
       3070.4090    0.0064900000    0.0042230000       1.2088920
       3070.6500    0.0065000000    0.0042290000       1.2089010
       3070.8910    0.0065200000    0.0042420000       1.2089050
       3071.1320    0.0065300000    0.0042470000       1.2088940
       3071.3730    0.0065100000    0.0042340000       1.2088920
       3071.6140    0.0065000000    0.0042260000       1.2089110
       3071.8550    0.0065200000    0.0042410000       1.2089290
       3072.0960    0.0065500000    0.0042590000       1.2089270
       3072.3370    0.0065600000    0.0042650000       1.2089180
       3072.5780    0.0065500000    0.0042600000       1.2089150
       3072.8190    0.0065600000    0.0042640000       1.2089130
       3073.0610    0.0065700000    0.0042710000       1.2089330
       3073.3020    0.0065600000    0.0042640000       1.2089280
       3073.5420    0.0065400000    0.0042510000       1.2088920
       3073.7840    0.0065300000    0.0042440000       1.2089540
       3074.0250    0.0065600000    0.0042640000       1.2089590
       3074.2660    0.0065900000    0.0042820000       1.2089610
       3074.5070    0.0066200000    0.0043010000       1.2089510
       3074.7480    0.0066300000    0.0043080000       1.2089280
       3074.9890    0.0066100000    0.0042940000       1.2089040
       3075.2300    0.0065600000    0.0042620000       1.2089010
       3075.4710    0.0065300000    0.0042410000       1.2089230
       3075.7120    0.0065300000    0.0042430000       1.2089510
       3075.9530    0.0065600000    0.0042610000       1.2089600
       3076.1940    0.0065700000    0.0042670000       1.2089530
       3076.4350    0.0065600000    0.0042600000       1.2089510
       3076.6760    0.0065500000    0.0042530000       1.2089620
       3076.9170    0.0065600000    0.0042600000       1.2089730
       3077.1580    0.0065700000    0.0042660000       1.2089660
       3077.4000    0.0065800000    0.0042730000       1.2089910
       3077.6410    0.0065700000    0.0042660000       1.2089780
       3077.8820    0.0065700000    0.0042650000       1.2089860
       3078.1230    0.0065700000    0.0042650000       1.2089900
       3078.3640    0.0065800000    0.0042700000       1.2089950
       3078.6050    0.0065800000    0.0042710000       1.2089930
       3078.8460    0.0065800000    0.0042690000       1.2089930
       3079.0870    0.0065700000    0.0042620000       1.2089950
       3079.3280    0.0065600000    0.0042550000       1.2090020
       3079.5690    0.0065500000    0.0042490000       1.2090190
       3079.8100    0.0065700000    0.0042620000       1.2090350
       3080.0510    0.0065900000    0.0042750000       1.2090350
       3080.2920    0.0066000000    0.0042810000       1.2090260
       3080.5330    0.0065800000    0.0042670000       1.2090220
       3080.7740    0.0065700000    0.0042610000       1.2090280
       3081.0160    0.0065800000    0.0042680000       1.2090660
       3081.2570    0.0065900000    0.0042720000       1.2090590
       3081.4980    0.0065900000    0.0042720000       1.2090650
       3081.7390    0.0066000000    0.0042780000       1.2090750
       3081.9800    0.0066200000    0.0042910000       1.2090790
       3082.2210    0.0066300000    0.0042980000       1.2090710
       3082.4620    0.0066200000    0.0042910000       1.2090720
       3082.7030    0.0066300000    0.0042970000       1.2090780
       3082.9440    0.0066300000    0.0042970000       1.2090750
       3083.1850    0.0066300000    0.0042960000       1.2090780
       3083.4260    0.0066200000    0.0042890000       1.2090840
       3083.6670    0.0066400000    0.0043010000       1.2091020
       3083.9080    0.0066700000    0.0043220000       1.2090920
       3084.1490    0.0066700000    0.0043200000       1.2090670
       3084.3900    0.0066200000    0.0042890000       1.2090560
       3084.6310    0.0065800000    0.0042610000       1.2090700
       3084.8730    0.0065700000    0.0042550000       1.2091320
       3085.1140    0.0066000000    0.0042740000       1.2091590
       3085.3550    0.0066500000    0.0043070000       1.2091700
       3085.5960    0.0067000000    0.0043380000       1.2091700
       3085.8370    0.0067400000    0.0043640000       1.2091490
       3086.0780    0.0067500000    0.0043690000       1.2091290
       3086.3190    0.0067500000    0.0043700000       1.2091070
       3086.5600    0.0067300000    0.0043560000       1.2090960
       3086.8010    0.0067300000    0.0043560000       1.2090900
       3087.0420    0.0067100000    0.0043440000       1.2090700
       3087.2830    0.0066700000    0.0043150000       1.2090630
       3087.5240    0.0066200000    0.0042840000       1.2090780
       3087.7650    0.0066000000    0.0042710000       1.2091070
       3088.0060    0.0066100000    0.0042760000       1.2091330
       3088.2470    0.0066300000    0.0042890000       1.2091390
       3088.4890    0.0066500000    0.0043020000       1.2091810
       3088.7290    0.0066600000    0.0043080000       1.2091430
       3088.9700    0.0066700000    0.0043140000       1.2091440
       3089.2120    0.0066700000    0.0043130000       1.2091710
       3089.4530    0.0066700000    0.0043140000       1.2091700
       3089.6940    0.0066900000    0.0043260000       1.2091780
       3089.9350    0.0067200000    0.0043460000       1.2091710
       3090.1760    0.0067300000    0.0043520000       1.2091450
       3090.4170    0.0067000000    0.0043320000       1.2091240
       3090.6580    0.0066600000    0.0043050000       1.2091270
       3090.8990    0.0066400000    0.0042920000       1.2091420
       3091.1400    0.0066300000    0.0042850000       1.2091520
       3091.3810    0.0066200000    0.0042780000       1.2091650
       3091.6220    0.0066200000    0.0042780000       1.2091800
       3091.8630    0.0066300000    0.0042830000       1.2091880
       3092.1040    0.0066300000    0.0042840000       1.2091900
       3092.3450    0.0066200000    0.0042770000       1.2091900
       3092.5860    0.0066000000    0.0042640000       1.2091960
       3092.8280    0.0066100000    0.0042700000       1.2092420
       3093.0690    0.0066100000    0.0042690000       1.2092410
       3093.3100    0.0066200000    0.0042760000       1.2092610
       3093.5510    0.0066400000    0.0042880000       1.2092720
       3093.7920    0.0066700000    0.0043070000       1.2092810
       3094.0330    0.0066900000    0.0043200000       1.2092720
       3094.2740    0.0066900000    0.0043190000       1.2092700
       3094.5150    0.0066900000    0.0043210000       1.2092750
       3094.7560    0.0067100000    0.0043320000       1.2092810
       3094.9970    0.0067300000    0.0043450000       1.2092690
       3095.2380    0.0067200000    0.0043370000       1.2092540
       3095.4790    0.0066900000    0.0043170000       1.2092540
       3095.7200    0.0066700000    0.0043040000       1.2092730
       3095.9610    0.0066800000    0.0043110000       1.2092930
       3096.2020    0.0067000000    0.0043240000       1.2092920
       3096.4440    0.0067200000    0.0043360000       1.2093210
       3096.6850    0.0067300000    0.0043430000       1.2093070
       3096.9260    0.0067300000    0.0043410000       1.2093010
       3097.1670    0.0067200000    0.0043340000       1.2093080
       3097.4080    0.0067300000    0.0043410000       1.2093200
       3097.6490    0.0067500000    0.0043540000       1.2093200
       3097.8900    0.0067600000    0.0043600000       1.2093110
       3098.1310    0.0067500000    0.0043520000       1.2093030
       3098.3720    0.0067300000    0.0043410000       1.2093100
       3098.6130    0.0067300000    0.0043410000       1.2093220
       3098.8540    0.0067400000    0.0043450000       1.2093280
       3099.0950    0.0067500000    0.0043500000       1.2093330
       3099.3360    0.0067500000    0.0043510000       1.2093330
       3099.5770    0.0067500000    0.0043510000       1.2093420
       3099.8180    0.0067700000    0.0043640000       1.2093470
       3100.0590    0.0067800000    0.0043700000       1.2093300
       3100.3010    0.0067800000    0.0043690000       1.2093560
       3100.5420    0.0067800000    0.0043700000       1.2093460
       3100.7830    0.0067900000    0.0043740000       1.2093450
       3101.0240    0.0067900000    0.0043750000       1.2093330
       3101.2650    0.0067600000    0.0043550000       1.2093270
       3101.5060    0.0067400000    0.0043420000       1.2093470
       3101.7470    0.0067500000    0.0043480000       1.2093600
       3101.9880    0.0067600000    0.0043530000       1.2093660
       3102.2290    0.0067600000    0.0043530000       1.2093660
       3102.4700    0.0067500000    0.0043480000       1.2093790
       3102.7110    0.0067700000    0.0043590000       1.2093920
       3102.9520    0.0067900000    0.0043720000       1.2093960
       3103.1930    0.0068100000    0.0043850000       1.2093890
       3103.4340    0.0068100000    0.0043840000       1.2093810
       3103.6750    0.0068100000    0.0043840000       1.2093680
       3103.9170    0.0068100000    0.0043840000       1.2094030
       3104.1570    0.0068000000    0.0043780000       1.2093550
       3104.3980    0.0067800000    0.0043640000       1.2093580
       3104.6400    0.0067700000    0.0043570000       1.2093930
       3104.8810    0.0067600000    0.0043500000       1.2093930
       3105.1220    0.0067600000    0.0043500000       1.2094040
       3105.3630    0.0067600000    0.0043490000       1.2094180
       3105.6040    0.0067900000    0.0043690000       1.2094290
       3105.8450    0.0068100000    0.0043800000       1.2094120
       3106.0860    0.0067900000    0.0043680000       1.2093990
       3106.3270    0.0067500000    0.0043410000       1.2093990
       3106.5680    0.0067200000    0.0043220000       1.2094300
       3106.8090    0.0067300000    0.0043290000       1.2094570
       3107.0500    0.0067500000    0.0043400000       1.2094790
       3107.2910    0.0067800000    0.0043600000       1.2094920
       3107.5320    0.0068100000    0.0043780000       1.2095000
       3107.7730    0.0068500000    0.0044050000       1.2094980
       3108.0140    0.0068700000    0.0044160000       1.2094740
       3108.2560    0.0068900000    0.0044280000       1.2094950
       3108.4970    0.0069000000    0.0044350000       1.2094660
       3108.7380    0.0069000000    0.0044340000       1.2094470
       3108.9790    0.0068700000    0.0044150000       1.2094230
       3109.2200    0.0068200000    0.0043820000       1.2094290
       3109.4610    0.0068000000    0.0043700000       1.2094520
       3109.7020    0.0068100000    0.0043760000       1.2094690
       3109.9430    0.0068200000    0.0043820000       1.2094710
       3110.1840    0.0068200000    0.0043810000       1.2094720
       3110.4250    0.0068100000    0.0043750000       1.2094730
       3110.6660    0.0068000000    0.0043680000       1.2094830
       3110.9070    0.0068000000    0.0043660000       1.2094920
       3111.1480    0.0067900000    0.0043600000       1.2095050
       3111.3890    0.0068000000    0.0043660000       1.2095280
       3111.6300    0.0068300000    0.0043870000       1.2095290
       3111.8720    0.0068600000    0.0044050000       1.2095530
       3112.1130    0.0068700000    0.0044110000       1.2095330
       3112.3540    0.0068700000    0.0044110000       1.2095280
       3112.5950    0.0068700000    0.0044100000       1.2095230
       3112.8360    0.0068600000    0.0044030000       1.2095200
       3113.0770    0.0068400000    0.0043900000       1.2095220
       3113.3180    0.0068200000    0.0043770000       1.2095440
       3113.5590    0.0068500000    0.0043950000       1.2095710
       3113.8000    0.0068900000    0.0044210000       1.2095680
       3114.0410    0.0069000000    0.0044280000       1.2095540
       3114.2820    0.0068900000    0.0044210000       1.2095430
       3114.5230    0.0068700000    0.0044060000       1.2095480
       3114.7640    0.0068700000    0.0044060000       1.2095660
       3115.0050    0.0068900000    0.0044190000       1.2095740
       3115.2460    0.0069100000    0.0044320000       1.2095720
       3115.4870    0.0069200000    0.0044380000       1.2095470
       3115.7290    0.0069000000    0.0044250000       1.2095720
       3115.9690    0.0068600000    0.0043990000       1.2095280
       3116.2110    0.0068400000    0.0043870000       1.2095960
       3116.4520    0.0068600000    0.0043990000       1.2096180
       3116.6930    0.0069200000    0.0044360000       1.2096320
       3116.9340    0.0069600000    0.0044620000       1.2096110
       3117.1750    0.0069600000    0.0044620000       1.2095890
       3117.4160    0.0069400000    0.0044490000       1.2095830
       3117.6570    0.0069400000    0.0044470000       1.2095900
       3117.8980    0.0069500000    0.0044550000       1.2095870
       3118.1390    0.0069500000    0.0044530000       1.2095750
       3118.3800    0.0069300000    0.0044390000       1.2095700
       3118.6210    0.0069100000    0.0044270000       1.2095740
       3118.8620    0.0068900000    0.0044140000       1.2095790
       3119.1030    0.0068700000    0.0044010000       1.2095980
       3119.3440    0.0068800000    0.0044070000       1.2096220
       3119.5850    0.0069100000    0.0044250000       1.2096350
       3119.8260    0.0069400000    0.0044440000       1.2096190
       3120.0680    0.0069400000    0.0044440000       1.2096320
       3120.3090    0.0069200000    0.0044310000       1.2096220
       3120.5500    0.0069200000    0.0044310000       1.2096330
       3120.7910    0.0069300000    0.0044370000       1.2096330
       3121.0320    0.0069300000    0.0044360000       1.2096300
       3121.2730    0.0069200000    0.0044290000       1.2096300
       3121.5140    0.0069100000    0.0044230000       1.2096370
       3121.7550    0.0069100000    0.0044220000       1.2096400
       3121.9960    0.0068900000    0.0044090000       1.2096460
       3122.2370    0.0068800000    0.0044030000       1.2096650
       3122.4780    0.0068800000    0.0044030000       1.2096820
       3122.7190    0.0068900000    0.0044080000       1.2097060
       3122.9600    0.0069200000    0.0044270000       1.2097240
       3123.2010    0.0069600000    0.0044520000       1.2097360
       3123.4420    0.0070100000    0.0044850000       1.2097220
       3123.6840    0.0070500000    0.0045100000       1.2097260
       3123.9250    0.0070500000    0.0045080000       1.2096790
       3124.1660    0.0070100000    0.0044830000       1.2096630
       3124.4070    0.0069800000    0.0044650000       1.2096690
       3124.6480    0.0069700000    0.0044570000       1.2096730
       3124.8890    0.0069500000    0.0044430000       1.2096800
       3125.1300    0.0069300000    0.0044320000       1.2096970
       3125.3710    0.0069300000    0.0044300000       1.2097280
       3125.6120    0.0069800000    0.0044620000       1.2097510
       3125.8530    0.0070200000    0.0044870000       1.2097370
       3126.0940    0.0070300000    0.0044930000       1.2097210
       3126.3350    0.0070100000    0.0044810000       1.2097060
       3126.5760    0.0069900000    0.0044660000       1.2097160
       3126.8170    0.0069900000    0.0044680000       1.2097270
       3127.0580    0.0070000000    0.0044720000       1.2097270
       3127.3000    0.0070200000    0.0044850000       1.2097600
       3127.5410    0.0070400000    0.0044980000       1.2097540
       3127.7810    0.0070400000    0.0044960000       1.2096940
       3128.0230    0.0070100000    0.0044770000       1.2097290
       3128.2640    0.0069800000    0.0044590000       1.2097270
       3128.5050    0.0069700000    0.0044510000       1.2097530
       3128.7460    0.0069900000    0.0044640000       1.2097710
       3128.9870    0.0070100000    0.0044770000       1.2097790
       3129.2280    0.0070300000    0.0044900000       1.2097790
       3129.4690    0.0070400000    0.0044960000       1.2097760
       3129.7100    0.0070500000    0.0045000000       1.2097720
       3129.9510    0.0070400000    0.0044950000       1.2097700
       3130.1920    0.0070400000    0.0044930000       1.2097780
       3130.4330    0.0070500000    0.0045010000       1.2097860
       3130.6740    0.0070700000    0.0045120000       1.2097810
       3130.9150    0.0070600000    0.0045060000       1.2097700
       3131.1560    0.0070400000    0.0044930000       1.2097760
       3131.3970    0.0070400000    0.0044910000       1.2097840
       3131.6390    0.0070700000    0.0045110000       1.2098270
       3131.8800    0.0071000000    0.0045300000       1.2098070
       3132.1210    0.0071100000    0.0045360000       1.2097910
       3132.3620    0.0071000000    0.0045300000       1.2097740
       3132.6030    0.0070800000    0.0045150000       1.2097670
       3132.8440    0.0070500000    0.0044970000       1.2097670
       3133.0850    0.0070200000    0.0044760000       1.2097810
       3133.3260    0.0070100000    0.0044700000       1.2098070
       3133.5670    0.0070200000    0.0044780000       1.2098280
       3133.8080    0.0070400000    0.0044890000       1.2098410
       3134.0490    0.0070600000    0.0045000000       1.2098530
       3134.2900    0.0070900000    0.0045200000       1.2098600
       3134.5310    0.0071200000    0.0045390000       1.2098520
       3134.7720    0.0071300000    0.0045450000       1.2098370
       3135.0130    0.0071200000    0.0045390000       1.2098310
       3135.2540    0.0071200000    0.0045390000       1.2098220
       3135.4960    0.0071300000    0.0045440000       1.2098500
       3135.7370    0.0071400000    0.0045490000       1.2098290
       3135.9780    0.0071200000    0.0045360000       1.2098150
       3136.2190    0.0070900000    0.0045180000       1.2098200
       3136.4600    0.0070800000    0.0045090000       1.2098320
       3136.7010    0.0070800000    0.0045090000       1.2098460
       3136.9420    0.0070800000    0.0045090000       1.2098530
       3137.1830    0.0070800000    0.0045110000       1.2098660
       3137.4240    0.0070900000    0.0045170000       1.2098690
       3137.6650    0.0070900000    0.0045150000       1.2098760
       3137.9060    0.0070900000    0.0045150000       1.2098850
       3138.1470    0.0071000000    0.0045200000       1.2099070
       3138.3880    0.0071400000    0.0045460000       1.2099160
       3138.6290    0.0071800000    0.0045700000       1.2099100
       3138.8700    0.0072000000    0.0045850000       1.2098710
       3139.1120    0.0071700000    0.0045640000       1.2098810
       3139.3530    0.0071500000    0.0045500000       1.2098770
       3139.5940    0.0071400000    0.0045450000       1.2098870
       3139.8350    0.0071500000    0.0045510000       1.2098930
       3140.0760    0.0071500000    0.0045490000       1.2098920
       3140.3170    0.0071500000    0.0045490000       1.2098980
       3140.5580    0.0071500000    0.0045490000       1.2099000
       3140.7990    0.0071500000    0.0045480000       1.2099060
       3141.0400    0.0071500000    0.0045480000       1.2099090
       3141.2810    0.0071500000    0.0045480000       1.2099180
       3141.5220    0.0071600000    0.0045540000       1.2099210
       3141.7630    0.0071500000    0.0045470000       1.2099210
       3142.0040    0.0071400000    0.0045410000       1.2099420
       3142.2450    0.0071700000    0.0045590000       1.2099650
       3142.4860    0.0072200000    0.0045910000       1.2099590
       3142.7280    0.0072600000    0.0046150000       1.2099650
       3142.9690    0.0072500000    0.0046090000       1.2099420
       3143.2090    0.0072300000    0.0045960000       1.2098940
       3143.4510    0.0072200000    0.0045890000       1.2099430
       3143.6920    0.0072300000    0.0045970000       1.2099330
       3143.9330    0.0072300000    0.0045950000       1.2099250
       3144.1740    0.0072200000    0.0045890000       1.2099230
       3144.4150    0.0072100000    0.0045820000       1.2099230
       3144.6560    0.0072000000    0.0045740000       1.2099270
       3144.8970    0.0071900000    0.0045670000       1.2099370
       3145.1380    0.0071900000    0.0045690000       1.2099500
       3145.3790    0.0072000000    0.0045750000       1.2099540
       3145.6200    0.0072000000    0.0045750000       1.2099540
       3145.8610    0.0071900000    0.0045660000       1.2099580
       3146.1020    0.0071800000    0.0045600000       1.2099780
       3146.3430    0.0072000000    0.0045730000       1.2100010
       3146.5840    0.0072500000    0.0046040000       1.2100080
       3146.8250    0.0072800000    0.0046240000       1.2099760
       3147.0670    0.0072700000    0.0046160000       1.2099890
       3147.3080    0.0072500000    0.0046040000       1.2099820
       3147.5490    0.0072600000    0.0046090000       1.2099930
       3147.7900    0.0072800000    0.0046210000       1.2099940
       3148.0310    0.0073000000    0.0046330000       1.2099820
       3148.2720    0.0072900000    0.0046260000       1.2099650
       3148.5130    0.0072700000    0.0046140000       1.2099580
       3148.7540    0.0072300000    0.0045900000       1.2099560
       3148.9950    0.0072000000    0.0045690000       1.2099850
       3149.2360    0.0072200000    0.0045820000       1.2100170
       3149.4770    0.0072700000    0.0046130000       1.2100260
       3149.7180    0.0073000000    0.0046310000       1.2100010
       3149.9590    0.0072700000    0.0046110000       1.2099820
       3150.2000    0.0072300000    0.0045870000       1.2099920
       3150.4410    0.0072200000    0.0045800000       1.2100220
       3150.6820    0.0072500000    0.0045980000       1.2100310
       3150.9240    0.0072800000    0.0046160000       1.2100650
       3151.1650    0.0073000000    0.0046300000       1.2100480
       3151.4060    0.0073000000    0.0046280000       1.2100450
       3151.6470    0.0073100000    0.0046360000       1.2100540
       3151.8880    0.0073300000    0.0046480000       1.2100540
       3152.1290    0.0073600000    0.0046660000       1.2100540
       3152.3700    0.0073900000    0.0046840000       1.2100280
       3152.6110    0.0073700000    0.0046720000       1.2099980
       3152.8520    0.0073200000    0.0046390000       1.2099840
       3153.0930    0.0072700000    0.0046070000       1.2100080
       3153.3340    0.0072800000    0.0046140000       1.2100360
       3153.5750    0.0073000000    0.0046250000       1.2100440
       3153.8160    0.0073100000    0.0046320000       1.2100390
       3154.0570    0.0072900000    0.0046190000       1.2100410
       3154.2980    0.0072900000    0.0046190000       1.2100520
       3154.5400    0.0073200000    0.0046370000       1.2100960
       3154.7810    0.0073600000    0.0046630000       1.2100890
       3155.0210    0.0073600000    0.0046610000       1.2100230
       3155.2630    0.0073400000    0.0046490000       1.2100640
       3155.5040    0.0073300000    0.0046410000       1.2100540
       3155.7450    0.0073200000    0.0046360000       1.2100670
       3155.9860    0.0073300000    0.0046410000       1.2100750
       3156.2270    0.0073500000    0.0046520000       1.2100800
       3156.4680    0.0073600000    0.0046580000       1.2100660
       3156.7090    0.0073300000    0.0046400000       1.2100600
       3156.9500    0.0073000000    0.0046200000       1.2100780
       3157.1910    0.0073100000    0.0046270000       1.2101150
       3157.4320    0.0073700000    0.0046640000       1.2101250
       3157.6730    0.0074100000    0.0046890000       1.2101070
       3157.9140    0.0074100000    0.0046900000       1.2100650
       3158.1560    0.0073700000    0.0046630000       1.2100930
       3158.3960    0.0073400000    0.0046440000       1.2100670
       3158.6370    0.0073400000    0.0046440000       1.2100840
       3158.8790    0.0073500000    0.0046490000       1.2101230
       3159.1200    0.0073600000    0.0046550000       1.2101190
       3159.3610    0.0073700000    0.0046610000       1.2101200
       3159.6020    0.0073700000    0.0046610000       1.2101170
       3159.8430    0.0073600000    0.0046540000       1.2101230
       3160.0840    0.0073600000    0.0046540000       1.2101400
       3160.3250    0.0073900000    0.0046720000       1.2101550
       3160.5660    0.0074200000    0.0046920000       1.2101430
       3160.8070    0.0074100000    0.0046840000       1.2101290
       3161.0480    0.0073900000    0.0046710000       1.2101380
       3161.2890    0.0074000000    0.0046770000       1.2101560
       3161.5300    0.0074300000    0.0046960000       1.2101590
       3161.7710    0.0074400000    0.0047020000       1.2101460
       3162.0120    0.0074300000    0.0046950000       1.2101410
       3162.2530    0.0074200000    0.0046880000       1.2101390
       3162.4950    0.0074300000    0.0046950000       1.2101800
       3162.7360    0.0074400000    0.0047010000       1.2101730
       3162.9770    0.0074600000    0.0047140000       1.2101800
       3163.2180    0.0074900000    0.0047310000       1.2101760
       3163.4590    0.0075100000    0.0047450000       1.2101570
       3163.7000    0.0074900000    0.0047310000       1.2101330
       3163.9410    0.0074600000    0.0047110000       1.2101380
       3164.1820    0.0074500000    0.0047050000       1.2101490
       3164.4230    0.0074600000    0.0047110000       1.2101570
       3164.6640    0.0074600000    0.0047100000       1.2101470
       3164.9050    0.0074300000    0.0046910000       1.2101520
       3165.1460    0.0074100000    0.0046780000       1.2101720
       3165.3870    0.0074200000    0.0046850000       1.2102080
       3165.6280    0.0074700000    0.0047170000       1.2102180
       3165.8690    0.0075000000    0.0047340000       1.2102160
       3166.1100    0.0075300000    0.0047530000       1.2101950
       3166.3520    0.0075300000    0.0047530000       1.2102140
       3166.5930    0.0075400000    0.0047580000       1.2102030
       3166.8340    0.0075500000    0.0047640000       1.2101990
       3167.0750    0.0075700000    0.0047770000       1.2101930
       3167.3160    0.0075800000    0.0047820000       1.2101680
       3167.5570    0.0075500000    0.0047640000       1.2101500
       3167.7980    0.0075100000    0.0047380000       1.2101480
       3168.0390    0.0074800000    0.0047190000       1.2101720
       3168.2800    0.0075000000    0.0047320000       1.2101940
       3168.5210    0.0075300000    0.0047500000       1.2101910
       3168.7620    0.0075300000    0.0047500000       1.2101730
       3169.0030    0.0075000000    0.0047280000       1.2101710
       3169.2440    0.0074800000    0.0047170000       1.2101840
       3169.4850    0.0074700000    0.0047100000       1.2102010
       3169.7260    0.0074800000    0.0047150000       1.2102110
       3169.9680    0.0075000000    0.0047270000       1.2102680
       3170.2080    0.0075400000    0.0047520000       1.2102350
       3170.4490    0.0075700000    0.0047710000       1.2102170
       3170.6910    0.0075600000    0.0047640000       1.2102330
       3170.9320    0.0075500000    0.0047570000       1.2102240
       3171.1730    0.0075500000    0.0047580000       1.2102300
       3171.4140    0.0075600000    0.0047630000       1.2102270
       3171.6550    0.0075500000    0.0047560000       1.2102220
       3171.8960    0.0075300000    0.0047440000       1.2102280
       3172.1370    0.0075200000    0.0047380000       1.2102480
       3172.3780    0.0075400000    0.0047490000       1.2102680
       3172.6190    0.0075700000    0.0047680000       1.2102770
       3172.8600    0.0076000000    0.0047870000       1.2102720
       3173.1010    0.0076100000    0.0047930000       1.2102620
       3173.3420    0.0076100000    0.0047930000       1.2102550
       3173.5830    0.0076000000    0.0047860000       1.2102560
       3173.8240    0.0076100000    0.0047910000       1.2102650
       3174.0650    0.0076200000    0.0047960000       1.2102560
       3174.3070    0.0076400000    0.0048100000       1.2102910
       3174.5480    0.0076500000    0.0048170000       1.2102670
       3174.7890    0.0076500000    0.0048150000       1.2102640
       3175.0300    0.0076500000    0.0048160000       1.2102620
       3175.2710    0.0076600000    0.0048220000       1.2102640
       3175.5120    0.0076700000    0.0048280000       1.2102500
       3175.7530    0.0076500000    0.0048140000       1.2102410
       3175.9940    0.0076300000    0.0048010000       1.2102500
       3176.2350    0.0076300000    0.0048010000       1.2102650
       3176.4760    0.0076500000    0.0048140000       1.2102710
       3176.7170    0.0076600000    0.0048200000       1.2102620
       3176.9580    0.0076500000    0.0048110000       1.2102590
       3177.1990    0.0076400000    0.0048050000       1.2102670
       3177.4400    0.0076400000    0.0048060000       1.2102800
       3177.6810    0.0076600000    0.0048170000       1.2102790
       3177.9230    0.0076800000    0.0048300000       1.2103100
       3178.1640    0.0077000000    0.0048410000       1.2102960
       3178.4050    0.0077100000    0.0048480000       1.2102830
       3178.6460    0.0076900000    0.0048350000       1.2102760
       3178.8870    0.0076800000    0.0048280000       1.2102910
       3179.1280    0.0077100000    0.0048460000       1.2103120
       3179.3690    0.0077700000    0.0048840000       1.2103020
       3179.6100    0.0077800000    0.0048910000       1.2102610
       3179.8510    0.0077400000    0.0048660000       1.2102340
       3180.0920    0.0076800000    0.0048270000       1.2102400
       3180.3330    0.0076700000    0.0048190000       1.2102770
       3180.5740    0.0077100000    0.0048450000       1.2102910
       3180.8150    0.0077400000    0.0048620000       1.2102780
       3181.0560    0.0077400000    0.0048630000       1.2102570
       3181.2970    0.0077100000    0.0048440000       1.2102390
       3181.5380    0.0076600000    0.0048100000       1.2102330
       3181.7800    0.0076300000    0.0047930000       1.2102980
       3182.0210    0.0076500000    0.0048050000       1.2103220
       3182.2620    0.0077100000    0.0048420000       1.2103360
       3182.5030    0.0077500000    0.0048660000       1.2103140
       3182.7440    0.0077400000    0.0048610000       1.2102920
       3182.9850    0.0077100000    0.0048400000       1.2102920
       3183.2260    0.0077100000    0.0048400000       1.2103150
       3183.4670    0.0077400000    0.0048600000       1.2103190
       3183.7080    0.0077600000    0.0048710000       1.2103060
       3183.9490    0.0077500000    0.0048640000       1.2102880
       3184.1900    0.0077200000    0.0048440000       1.2102900
       3184.4310    0.0077100000    0.0048380000       1.2103040
       3184.6720    0.0077100000    0.0048370000       1.2103150
       3184.9130    0.0077200000    0.0048440000       1.2103260
       3185.1540    0.0077300000    0.0048490000       1.2103190
       3185.3960    0.0077400000    0.0048560000       1.2103680
       3185.6360    0.0077500000    0.0048620000       1.2103250
       3185.8770    0.0077600000    0.0048660000       1.2103310
       3186.1190    0.0077800000    0.0048790000       1.2103680
       3186.3600    0.0078100000    0.0048980000       1.2103510
       3186.6010    0.0078200000    0.0049050000       1.2103300
       3186.8420    0.0078000000    0.0048920000       1.2103180
       3187.0830    0.0077900000    0.0048850000       1.2103230
       3187.3240    0.0078000000    0.0048890000       1.2103240
       3187.5650    0.0078000000    0.0048900000       1.2103160
       3187.8060    0.0077800000    0.0048770000       1.2103070
       3188.0470    0.0077500000    0.0048590000       1.2103170
       3188.2880    0.0077500000    0.0048580000       1.2103340
       3188.5290    0.0077600000    0.0048640000       1.2103440
       3188.7700    0.0077700000    0.0048700000       1.2103450
       3189.0110    0.0077700000    0.0048680000       1.2103440
       3189.2520    0.0077600000    0.0048630000       1.2103510
       3189.4930    0.0077600000    0.0048610000       1.2103520
       3189.7350    0.0077700000    0.0048680000       1.2104000
       3189.9760    0.0078000000    0.0048870000       1.2104000
       3190.2170    0.0078400000    0.0049120000       1.2103910
       3190.4580    0.0078400000    0.0049110000       1.2103670
       3190.6990    0.0078100000    0.0048910000       1.2103630
       3190.9400    0.0077900000    0.0048790000       1.2103860
       3191.1810    0.0078200000    0.0048980000       1.2104090
       3191.4220    0.0078600000    0.0049220000       1.2104050
       3191.6630    0.0078700000    0.0049270000       1.2103910
       3191.9040    0.0078600000    0.0049200000       1.2103920
       3192.1450    0.0078700000    0.0049280000       1.2103990
       3192.3860    0.0078800000    0.0049330000       1.2103970
       3192.6270    0.0078900000    0.0049390000       1.2104020
       3192.8680    0.0079100000    0.0049510000       1.2104010
       3193.1090    0.0079300000    0.0049630000       1.2103830
       3193.3510    0.0079400000    0.0049680000       1.2103980
       3193.5920    0.0079100000    0.0049510000       1.2103770
       3193.8330    0.0079000000    0.0049430000       1.2103980
       3194.0740    0.0079400000    0.0049680000       1.2104130
       3194.3150    0.0079900000    0.0049980000       1.2103950
       3194.5560    0.0079900000    0.0049990000       1.2103600
       3194.7970    0.0079500000    0.0049740000       1.2103400
       3195.0380    0.0079100000    0.0049480000       1.2103510
       3195.2790    0.0079100000    0.0049480000       1.2103690
       3195.5200    0.0079200000    0.0049530000       1.2103720
       3195.7610    0.0079200000    0.0049520000       1.2103750
       3196.0020    0.0079200000    0.0049520000       1.2103820
       3196.2430    0.0079300000    0.0049600000       1.2103890
       3196.4840    0.0079400000    0.0049640000       1.2103860
       3196.7250    0.0079500000    0.0049700000       1.2103980
       3196.9660    0.0079900000    0.0049940000       1.2103810
       3197.2080    0.0080100000    0.0050060000       1.2104050
       3197.4480    0.0080000000    0.0050000000       1.2103190
       3197.6900    0.0079500000    0.0049690000       1.2103530
       3197.9310    0.0079200000    0.0049490000       1.2103610
       3198.1720    0.0079400000    0.0049610000       1.2103800
       3198.4130    0.0079600000    0.0049740000       1.2103710
       3198.6540    0.0079500000    0.0049660000       1.2103550
       3198.8950    0.0079100000    0.0049420000       1.2103550
       3199.1360    0.0078900000    0.0049280000       1.2103780
       3199.3770    0.0079000000    0.0049340000       1.2104000
       3199.6180    0.0079200000    0.0049470000       1.2104140
       3199.8590    0.0079500000    0.0049640000       1.2104170
       3200.1000    0.0079700000    0.0049760000       1.2104080
       3200.3410    0.0079600000    0.0049710000       1.2103940
       3200.5820    0.0079300000    0.0049520000       1.2104010
       3200.8230    0.0079300000    0.0049520000       1.2104270
       3201.0640    0.0079700000    0.0049760000       1.2104460
       3201.3050    0.0080200000    0.0050070000       1.2104250
       3201.5470    0.0080300000    0.0050130000       1.2104320
       3201.7880    0.0080100000    0.0049990000       1.2104130
       3202.0290    0.0080100000    0.0049990000       1.2104230
       3202.2700    0.0080300000    0.0050110000       1.2104220
       3202.5110    0.0080400000    0.0050170000       1.2104130
       3202.7520    0.0080400000    0.0050170000       1.2104030
       3202.9930    0.0080300000    0.0050100000       1.2103960
       3203.2340    0.0080200000    0.0050030000       1.2103960
       3203.4750    0.0080100000    0.0049960000       1.2103970
       3203.7160    0.0080000000    0.0049910000       1.2104060
       3203.9570    0.0080100000    0.0049960000       1.2104130
       3204.1980    0.0080200000    0.0050020000       1.2104120
       3204.4390    0.0080100000    0.0049950000       1.2104030
       3204.6800    0.0079800000    0.0049760000       1.2104160
       3204.9210    0.0079900000    0.0049820000       1.2104350
       3205.1630    0.0080400000    0.0050130000       1.2104810
       3205.4040    0.0080800000    0.0050370000       1.2104530
       3205.6450    0.0080800000    0.0050370000       1.2104340
       3205.8860    0.0080600000    0.0050250000       1.2104330
       3206.1270    0.0080700000    0.0050300000       1.2104480
       3206.3680    0.0081000000    0.0050500000       1.2104470
       3206.6090    0.0081200000    0.0050610000       1.2104350
       3206.8500    0.0081300000    0.0050660000       1.2104230
       3207.0910    0.0081300000    0.0050660000       1.2104090
       3207.3320    0.0081200000    0.0050600000       1.2103990
       3207.5730    0.0081100000    0.0050530000       1.2103900
       3207.8140    0.0080900000    0.0050400000       1.2103860
       3208.0550    0.0080800000    0.0050330000       1.2103870
       3208.2960    0.0080600000    0.0050200000       1.2103830
       3208.5370    0.0080300000    0.0050020000       1.2103830
       3208.7790    0.0080200000    0.0049950000       1.2104370
       3209.0200    0.0080400000    0.0050080000       1.2104620
       3209.2600    0.0080800000    0.0050320000       1.2104190
       3209.5020    0.0081000000    0.0050440000       1.2104540
       3209.7430    0.0081000000    0.0050430000       1.2104300
       3209.9840    0.0080900000    0.0050360000       1.2104320
       3210.2250    0.0080900000    0.0050360000       1.2104360
       3210.4660    0.0081000000    0.0050420000       1.2104420
       3210.7070    0.0081100000    0.0050490000       1.2104360
       3210.9480    0.0081100000    0.0050470000       1.2104350
       3211.1890    0.0081100000    0.0050470000       1.2104300
       3211.4300    0.0080900000    0.0050350000       1.2104360
       3211.6710    0.0081000000    0.0050400000       1.2104510
       3211.9120    0.0081200000    0.0050520000       1.2104610
       3212.1530    0.0081600000    0.0050770000       1.2104550
       3212.3940    0.0081600000    0.0050780000       1.2104290
       3212.6350    0.0081400000    0.0050630000       1.2104200
       3212.8760    0.0081100000    0.0050440000       1.2104150
       3213.1180    0.0081200000    0.0050510000       1.2104720
       3213.3590    0.0081500000    0.0050690000       1.2104590
       3213.6000    0.0081700000    0.0050810000       1.2104540
       3213.8410    0.0081800000    0.0050870000       1.2104340
       3214.0820    0.0081600000    0.0050740000       1.2104200
       3214.3230    0.0081300000    0.0050540000       1.2104170
       3214.5640    0.0081000000    0.0050370000       1.2104360
       3214.8050    0.0081100000    0.0050410000       1.2104570
       3215.0460    0.0081300000    0.0050540000       1.2104720
       3215.2870    0.0081600000    0.0050730000       1.2104690
       3215.5280    0.0081600000    0.0050720000       1.2104630
       3215.7690    0.0081700000    0.0050770000       1.2104710
       3216.0100    0.0081900000    0.0050900000       1.2104710
       3216.2510    0.0082100000    0.0051020000       1.2104580
       3216.4920    0.0082000000    0.0050950000       1.2104420
       3216.7330    0.0081800000    0.0050820000       1.2104310
       3216.9750    0.0081700000    0.0050760000       1.2104730
       3217.2160    0.0081800000    0.0050810000       1.2104750
       3217.4570    0.0082000000    0.0050930000       1.2104790
       3217.6980    0.0082200000    0.0051050000       1.2104800
       3217.9390    0.0082400000    0.0051180000       1.2104720
       3218.1800    0.0082500000    0.0051230000       1.2104640
       3218.4210    0.0082600000    0.0051290000       1.2104540
       3218.6620    0.0082600000    0.0051280000       1.2104410
       3218.9030    0.0082500000    0.0051210000       1.2104300
       3219.1440    0.0082300000    0.0051100000       1.2104230
       3219.3850    0.0082000000    0.0050900000       1.2104210
       3219.6260    0.0081700000    0.0050710000       1.2104450
       3219.8670    0.0081900000    0.0050840000       1.2104730
       3220.1080    0.0082400000    0.0051130000       1.2104820
       3220.3490    0.0082800000    0.0051390000       1.2104490
       3220.5910    0.0082700000    0.0051320000       1.2104550
       3220.8320    0.0082400000    0.0051140000       1.2104360
       3221.0730    0.0082200000    0.0050990000       1.2104470
       3221.3140    0.0082300000    0.0051060000       1.2104650
       3221.5550    0.0082600000    0.0051240000       1.2104660
       3221.7960    0.0082800000    0.0051360000       1.2104530
       3222.0370    0.0082800000    0.0051350000       1.2104340
       3222.2780    0.0082500000    0.0051170000       1.2104200
       3222.5190    0.0082100000    0.0050920000       1.2104270
       3222.7600    0.0082000000    0.0050860000       1.2104500
       3223.0010    0.0082200000    0.0050970000       1.2104640
       3223.2420    0.0082400000    0.0051090000       1.2104600
       3223.4830    0.0082200000    0.0050970000       1.2104490
       3223.7240    0.0081900000    0.0050770000       1.2104690
       3223.9650    0.0082000000    0.0050830000       1.2104940
       3224.2070    0.0082600000    0.0051200000       1.2105510
       3224.4480    0.0083300000    0.0051620000       1.2105440
       3224.6880    0.0083700000    0.0051890000       1.2104730
       3224.9300    0.0083900000    0.0052000000       1.2104870
       3225.1710    0.0083800000    0.0051940000       1.2104470
       3225.4120    0.0083600000    0.0051810000       1.2104310
       3225.6530    0.0083400000    0.0051670000       1.2104230
       3225.8940    0.0083300000    0.0051610000       1.2104200
       3226.1350    0.0083200000    0.0051540000       1.2104080
       3226.3760    0.0082800000    0.0051280000       1.2103990
       3226.6170    0.0082400000    0.0051040000       1.2104200
       3226.8580    0.0082500000    0.0051100000       1.2104430
       3227.0990    0.0082700000    0.0051210000       1.2104440
       3227.3400    0.0082700000    0.0051210000       1.2104380
       3227.5810    0.0082500000    0.0051080000       1.2104360
       3227.8220    0.0082300000    0.0050950000       1.2104540
       3228.0630    0.0082500000    0.0051080000       1.2104760
       3228.3040    0.0082800000    0.0051260000       1.2104650
       3228.5460    0.0083000000    0.0051390000       1.2104900
       3228.7870    0.0083000000    0.0051380000       1.2104640
       3229.0280    0.0082900000    0.0051310000       1.2104570
       3229.2690    0.0082600000    0.0051120000       1.2104540
       3229.5100    0.0082400000    0.0050990000       1.2104780
       3229.7510    0.0082600000    0.0051120000       1.2104990
       3229.9920    0.0082900000    0.0051300000       1.2105020
       3230.2330    0.0083000000    0.0051340000       1.2104920
       3230.4740    0.0082800000    0.0051230000       1.2104970
       3230.7150    0.0082800000    0.0051230000       1.2105220
       3230.9560    0.0083300000    0.0051520000       1.2105440
       3231.1970    0.0083900000    0.0051890000       1.2105330
       3231.4380    0.0084100000    0.0052020000       1.2105060
       3231.6790    0.0084000000    0.0051950000       1.2104860
       3231.9200    0.0083900000    0.0051880000       1.2104840
       3232.1610    0.0083900000    0.0051880000       1.2104740
       3232.4030    0.0084100000    0.0052010000       1.2105080
       3232.6440    0.0084200000    0.0052060000       1.2104760
       3232.8850    0.0084100000    0.0051990000       1.2104660
       3233.1260    0.0083900000    0.0051860000       1.2104540
       3233.3670    0.0083600000    0.0051670000       1.2104700
       3233.6080    0.0083800000    0.0051790000       1.2104900
       3233.8490    0.0084200000    0.0052030000       1.2104910
       3234.0900    0.0084500000    0.0052220000       1.2104630
       3234.3310    0.0084200000    0.0052020000       1.2104320
       3234.5720    0.0083600000    0.0051660000       1.2104320
       3234.8130    0.0083300000    0.0051450000       1.2104650
       3235.0540    0.0083600000    0.0051640000       1.2104940
       3235.2950    0.0084000000    0.0051890000       1.2104970
       3235.5360    0.0084300000    0.0052080000       1.2104850
       3235.7770    0.0084400000    0.0052130000       1.2104580
       3236.0190    0.0084400000    0.0052130000       1.2104730
       3236.2600    0.0084100000    0.0051950000       1.2104610
       3236.5000    0.0083900000    0.0051810000       1.2104220
       3236.7420    0.0083900000    0.0051800000       1.2104770
       3236.9830    0.0083900000    0.0051800000       1.2104620
       3237.2240    0.0083700000    0.0051670000       1.2104700
       3237.4650    0.0083700000    0.0051670000       1.2104890
       3237.7060    0.0084000000    0.0051840000       1.2105110
       3237.9470    0.0084600000    0.0052230000       1.2105060
       3238.1880    0.0084800000    0.0052330000       1.2104720
       3238.4290    0.0084500000    0.0052160000       1.2104500
       3238.6700    0.0084100000    0.0051910000       1.2104560
       3238.9110    0.0084200000    0.0051960000       1.2104770
       3239.1520    0.0084500000    0.0052130000       1.2104720
       3239.3930    0.0084500000    0.0052130000       1.2104420
       3239.6350    0.0084200000    0.0051940000       1.2104780
       3239.8750    0.0083900000    0.0051750000       1.2104490
       3240.1160    0.0084000000    0.0051820000       1.2104700
       3240.3580    0.0084200000    0.0051940000       1.2105090
       3240.5990    0.0084400000    0.0052060000       1.2105000
       3240.8400    0.0084600000    0.0052180000       1.2104910
       3241.0810    0.0084500000    0.0052110000       1.2104780
       3241.3220    0.0084300000    0.0051980000       1.2104900
       3241.5630    0.0084400000    0.0052050000       1.2105120
       3241.8040    0.0084900000    0.0052330000       1.2105260
       3242.0450    0.0085500000    0.0052700000       1.2105120
       3242.2860    0.0085700000    0.0052830000       1.2104760
       3242.5270    0.0085500000    0.0052710000       1.2104430
       3242.7680    0.0085000000    0.0052390000       1.2104310
       3243.0090    0.0084700000    0.0052200000       1.2104480
       3243.2500    0.0084700000    0.0052200000       1.2104620
       3243.4910    0.0084900000    0.0052310000       1.2104770
       3243.7320    0.0085300000    0.0052560000       1.2104590
       3243.9740    0.0085400000    0.0052610000       1.2104690
       3244.2150    0.0085200000    0.0052490000       1.2104450
       3244.4560    0.0085100000    0.0052420000       1.2104470
       3244.6970    0.0085200000    0.0052480000       1.2104460
       3244.9380    0.0085300000    0.0052540000       1.2104290
       3245.1790    0.0085000000    0.0052340000       1.2104050
       3245.4200    0.0084400000    0.0051960000       1.2104110
       3245.6610    0.0084100000    0.0051790000       1.2104430
       3245.9020    0.0084300000    0.0051900000       1.2104740
       3246.1430    0.0084700000    0.0052150000       1.2104800
       3246.3840    0.0084900000    0.0052260000       1.2104740
       3246.6250    0.0085000000    0.0052320000       1.2104680
       3246.8660    0.0085000000    0.0052310000       1.2104630
       3247.1070    0.0085000000    0.0052320000       1.2104610
       3247.3480    0.0085000000    0.0052320000       1.2104590
       3247.5890    0.0085000000    0.0052310000       1.2104460
       3247.8310    0.0085000000    0.0052310000       1.2104810
       3248.0720    0.0085000000    0.0052310000       1.2104680
       3248.3130    0.0085000000    0.0052290000       1.2104720
       3248.5540    0.0085100000    0.0052350000       1.2104790
       3248.7950    0.0085300000    0.0052470000       1.2104810
       3249.0360    0.0085500000    0.0052600000       1.2104700
       3249.2770    0.0085400000    0.0052540000       1.2104550
       3249.5180    0.0085300000    0.0052460000       1.2104590
       3249.7590    0.0085400000    0.0052510000       1.2104650
       3250.0000    0.0085600000    0.0052630000       1.2104580
       3250.2410    0.0085500000    0.0052580000       1.2104400
       3250.4820    0.0085200000    0.0052390000       1.2104390
       3250.7230    0.0085100000    0.0052320000       1.2104560
       3250.9640    0.0085300000    0.0052450000       1.2104690
       3251.2050    0.0085600000    0.0052630000       1.2104540
       3251.4470    0.0085800000    0.0052740000       1.2104740
       3251.6880    0.0085900000    0.0052790000       1.2104570
       3251.9280    0.0085800000    0.0052730000       1.2103840
       3252.1700    0.0085300000    0.0052420000       1.2104130
       3252.4110    0.0084700000    0.0052050000       1.2104110
       3252.6520    0.0084400000    0.0051850000       1.2104500
       3252.8930    0.0084700000    0.0052040000       1.2104850
       3253.1340    0.0085100000    0.0052290000       1.2104890
       3253.3750    0.0085300000    0.0052400000       1.2104860
       3253.6160    0.0085400000    0.0052460000       1.2104860
       3253.8570    0.0085600000    0.0052580000       1.2104920
       3254.0980    0.0085900000    0.0052760000       1.2104810
       3254.3390    0.0085900000    0.0052750000       1.2104640
       3254.5800    0.0085800000    0.0052680000       1.2104630
       3254.8210    0.0085800000    0.0052680000       1.2104540
       3255.0630    0.0085900000    0.0052750000       1.2105040
       3255.3030    0.0086100000    0.0052860000       1.2104550
       3255.5440    0.0086300000    0.0052980000       1.2104470
       3255.7860    0.0086500000    0.0053100000       1.2104640
       3256.0270    0.0086500000    0.0053090000       1.2104220
       3256.2680    0.0086100000    0.0052850000       1.2104020
       3256.5090    0.0085700000    0.0052590000       1.2104030
       3256.7500    0.0085500000    0.0052470000       1.2104150
       3256.9910    0.0085400000    0.0052420000       1.2104160
       3257.2320    0.0085100000    0.0052230000       1.2104220
       3257.4730    0.0084900000    0.0052100000       1.2104460
       3257.7140    0.0085000000    0.0052140000       1.2104780
       3257.9550    0.0085500000    0.0052450000       1.2105020
       3258.1960    0.0086100000    0.0052820000       1.2104920
       3258.4370    0.0086300000    0.0052930000       1.2104650
       3258.6780    0.0086200000    0.0052870000       1.2104490
       3258.9190    0.0086100000    0.0052810000       1.2104390
       3259.1600    0.0085900000    0.0052680000       1.2104210
       3259.4020    0.0085700000    0.0052560000       1.2104620
       3259.6430    0.0085600000    0.0052490000       1.2104630
       3259.8840    0.0085800000    0.0052600000       1.2104820
       3260.1250    0.0086100000    0.0052790000       1.2104800
       3260.3660    0.0086200000    0.0052840000       1.2104750
       3260.6070    0.0086300000    0.0052900000       1.2104780
       3260.8480    0.0086600000    0.0053080000       1.2104760
       3261.0890    0.0086800000    0.0053200000       1.2104570
       3261.3300    0.0086800000    0.0053190000       1.2104390
       3261.5710    0.0086600000    0.0053080000       1.2104210
       3261.8120    0.0086300000    0.0052870000       1.2104210
       3262.0530    0.0086200000    0.0052820000       1.2104290
       3262.2940    0.0086100000    0.0052760000       1.2104340
       3262.5350    0.0086200000    0.0052800000       1.2104460
       3262.7760    0.0086400000    0.0052920000       1.2104430
       3263.0170    0.0086400000    0.0052910000       1.2104220
       3263.2590    0.0086300000    0.0052850000       1.2104570
       3263.5000    0.0086300000    0.0052850000       1.2104520
       3263.7410    0.0086500000    0.0052970000       1.2104540
       3263.9820    0.0086600000    0.0053030000       1.2104380
       3264.2230    0.0086400000    0.0052890000       1.2104280
       3264.4640    0.0086100000    0.0052720000       1.2104380
       3264.7050    0.0086100000    0.0052720000       1.2104620
       3264.9460    0.0086500000    0.0052940000       1.2104750
       3265.1870    0.0086800000    0.0053120000       1.2104690
       3265.4280    0.0087000000    0.0053250000       1.2104600
       3265.6690    0.0087000000    0.0053250000       1.2104420
       3265.9100    0.0086900000    0.0053170000       1.2104440
       3266.1510    0.0087000000    0.0053240000       1.2104440
       3266.3920    0.0087100000    0.0053300000       1.2104450
       3266.6330    0.0087400000    0.0053480000       1.2104230
       3266.8750    0.0087400000    0.0053480000       1.2104400
       3267.1150    0.0087000000    0.0053210000       1.2103790
       3267.3560    0.0086700000    0.0053020000       1.2103980
       3267.5980    0.0086900000    0.0053150000       1.2104520
       3267.8390    0.0087300000    0.0053400000       1.2104340
       3268.0800    0.0087400000    0.0053450000       1.2104070
       3268.3210    0.0087100000    0.0053260000       1.2103940
       3268.5620    0.0086900000    0.0053140000       1.2104030
       3268.8030    0.0087000000    0.0053190000       1.2104120
       3269.0440    0.0087200000    0.0053310000       1.2104090
       3269.2850    0.0087300000    0.0053370000       1.2103950
       3269.5260    0.0087200000    0.0053310000       1.2103770
       3269.7670    0.0086900000    0.0053120000       1.2103650
       3270.0080    0.0086500000    0.0052860000       1.2103700
       3270.2490    0.0086200000    0.0052680000       1.2103960
       3270.4900    0.0086400000    0.0052810000       1.2104310
       3270.7310    0.0087100000    0.0053220000       1.2104350
       3270.9720    0.0087400000    0.0053400000       1.2103910
       3271.2140    0.0087200000    0.0053270000       1.2104020
       3271.4550    0.0086800000    0.0053030000       1.2103870
       3271.6960    0.0086700000    0.0052950000       1.2104090
       3271.9370    0.0087000000    0.0053140000       1.2104190
       3272.1780    0.0087200000    0.0053260000       1.2104080
       3272.4190    0.0087200000    0.0053250000       1.2104010
       3272.6600    0.0087300000    0.0053310000       1.2103990
       3272.9010    0.0087400000    0.0053370000       1.2103850
       3273.1420    0.0087300000    0.0053310000       1.2103670
       3273.3830    0.0087000000    0.0053120000       1.2103550
       3273.6240    0.0086600000    0.0052880000       1.2103580
       3273.8650    0.0086300000    0.0052690000       1.2103730
       3274.1060    0.0086100000    0.0052550000       1.2104020
       3274.3470    0.0086400000    0.0052730000       1.2104450
       3274.5880    0.0087200000    0.0053210000       1.2104450
       3274.8300    0.0087900000    0.0053640000       1.2104560
       3275.0710    0.0088100000    0.0053750000       1.2103950
       3275.3120    0.0087600000    0.0053460000       1.2103630
       3275.5530    0.0087100000    0.0053150000       1.2103720
       3275.7940    0.0087200000    0.0053200000       1.2103950
       3276.0350    0.0087500000    0.0053380000       1.2103880
       3276.2760    0.0087500000    0.0053370000       1.2103730
       3276.5170    0.0087300000    0.0053250000       1.2103620
       3276.7580    0.0087000000    0.0053060000       1.2103690
       3276.9990    0.0087000000    0.0053050000       1.2103870
       3277.2400    0.0087200000    0.0053170000       1.2104020
       3277.4810    0.0087600000    0.0053420000       1.2104000
       3277.7220    0.0087800000    0.0053530000       1.2103800
       3277.9630    0.0087800000    0.0053520000       1.2103570
       3278.2040    0.0087400000    0.0053280000       1.2103460
       3278.4450    0.0087200000    0.0053160000       1.2103520
       3278.6870    0.0087500000    0.0053340000       1.2104090
       3278.9270    0.0087700000    0.0053460000       1.2103310
       3279.1690    0.0087600000    0.0053380000       1.2103610
       3279.4100    0.0087300000    0.0053200000       1.2103460
       3279.6510    0.0087200000    0.0053140000       1.2103600
       3279.8920    0.0087400000    0.0053260000       1.2103670
       3280.1330    0.0087600000    0.0053380000       1.2103560
       3280.3740    0.0087600000    0.0053370000       1.2103430
       3280.6150    0.0087500000    0.0053320000       1.2103270
       3280.8560    0.0087200000    0.0053110000       1.2103160
       3281.0970    0.0086800000    0.0052870000       1.2103190
       3281.3380    0.0086500000    0.0052670000       1.2103400
       3281.5790    0.0086500000    0.0052690000       1.2103640
       3281.8200    0.0086600000    0.0052730000       1.2103780
       3282.0610    0.0086700000    0.0052800000       1.2103960
       3282.3020    0.0086900000    0.0052920000       1.2104140
       3282.5430    0.0087500000    0.0053260000       1.2104350
       3282.7840    0.0088300000    0.0053760000       1.2104050
       3283.0260    0.0088600000    0.0053940000       1.2103950
       3283.2670    0.0088400000    0.0053810000       1.2103500
       3283.5080    0.0088100000    0.0053630000       1.2103400
       3283.7490    0.0088000000    0.0053550000       1.2103420
       3283.9900    0.0088100000    0.0053620000       1.2103390
       3284.2310    0.0088100000    0.0053620000       1.2103270
       3284.4720    0.0088100000    0.0053610000       1.2103150
       3284.7130    0.0087900000    0.0053490000       1.2102970
       3284.9540    0.0087500000    0.0053240000       1.2102930
       3285.1950    0.0087200000    0.0053040000       1.2103120
       3285.4360    0.0087400000    0.0053160000       1.2103380
       3285.6770    0.0087800000    0.0053410000       1.2103310
       3285.9180    0.0087900000    0.0053460000       1.2103070
       3286.1590    0.0087600000    0.0053270000       1.2102850
       3286.4000    0.0087100000    0.0052970000       1.2102830
       3286.6420    0.0087100000    0.0052970000       1.2103400
       3286.8830    0.0087200000    0.0053020000       1.2103360
       3287.1240    0.0087400000    0.0053140000       1.2103450
       3287.3650    0.0087600000    0.0053260000       1.2103400
       3287.6060    0.0087700000    0.0053310000       1.2103350
       3287.8470    0.0087800000    0.0053370000       1.2103320
       3288.0880    0.0087900000    0.0053440000       1.2103230
       3288.3290    0.0087900000    0.0053420000       1.2103150
       3288.5700    0.0088000000    0.0053480000       1.2103100
       3288.8110    0.0088000000    0.0053470000       1.2102900
       3289.0520    0.0087700000    0.0053290000       1.2102800
       3289.2930    0.0087500000    0.0053150000       1.2102860
       3289.5340    0.0087400000    0.0053100000       1.2102950
       3289.7750    0.0087500000    0.0053160000       1.2103030
       3290.0160    0.0087600000    0.0053220000       1.2102870
       3290.2580    0.0087600000    0.0053200000       1.2103210
       3290.4990    0.0087700000    0.0053260000       1.2103150
       3290.7400    0.0088000000    0.0053440000       1.2103120
       3290.9810    0.0088200000    0.0053560000       1.2102920
       3291.2220    0.0088200000    0.0053550000       1.2102680
       3291.4630    0.0087900000    0.0053370000       1.2102470
       3291.7040    0.0087500000    0.0053130000       1.2102410
       3291.9450    0.0087100000    0.0052880000       1.2102480
       3292.1860    0.0086900000    0.0052750000       1.2102760
       3292.4270    0.0087200000    0.0052930000       1.2102960
       3292.6680    0.0087500000    0.0053110000       1.2102890
       3292.9090    0.0087500000    0.0053100000       1.2102750
       3293.1500    0.0087300000    0.0052980000       1.2102780
       3293.3910    0.0087400000    0.0053040000       1.2102910
       3293.6320    0.0087700000    0.0053220000       1.2102900
       3293.8730    0.0087900000    0.0053330000       1.2102600
       3294.1150    0.0087900000    0.0053320000       1.2102900
       3294.3550    0.0087700000    0.0053210000       1.2102170
       3294.5970    0.0087600000    0.0053150000       1.2102620
       3294.8380    0.0087500000    0.0053080000       1.2102380
       3295.0790    0.0087300000    0.0052950000       1.2102350
       3295.3200    0.0087100000    0.0052820000       1.2102340
       3295.5610    0.0086900000    0.0052700000       1.2102420
       3295.8020    0.0086800000    0.0052640000       1.2102520
       3296.0430    0.0086800000    0.0052620000       1.2102660
       3296.2840    0.0087000000    0.0052740000       1.2102800
       3296.5250    0.0087300000    0.0052940000       1.2102750
       3296.7660    0.0087400000    0.0052990000       1.2102540
       3297.0070    0.0087100000    0.0052800000       1.2102390
       3297.2480    0.0086800000    0.0052610000       1.2102520
       3297.4890    0.0086900000    0.0052670000       1.2102700
       3297.7300    0.0087100000    0.0052780000       1.2102690
       3297.9710    0.0087200000    0.0052830000       1.2102640
       3298.2120    0.0087100000    0.0052780000       1.2102420
       3298.4540    0.0086900000    0.0052660000       1.2102840
       3298.6950    0.0087000000    0.0052700000       1.2102890
       3298.9360    0.0087300000    0.0052890000       1.2103000
       3299.1770    0.0087800000    0.0053180000       1.2102950
       3299.4180    0.0088200000    0.0053430000       1.2102660
       3299.6590    0.0088100000    0.0053370000       1.2102230
       3299.9000    0.0087600000    0.0053050000       1.2102000
       3300.1410    0.0087000000    0.0052690000       1.2102030
       3300.3820    0.0086700000    0.0052490000       1.2102310
       3300.6230    0.0086900000    0.0052620000       1.2102540
       3300.8640    0.0087100000    0.0052740000       1.2102540
       3301.1050    0.0087200000    0.0052800000       1.2102540
       3301.3460    0.0087300000    0.0052850000       1.2102510
       3301.5870    0.0087500000    0.0052960000       1.2102510
       3301.8280    0.0087700000    0.0053070000       1.2102220
       3302.0700    0.0087600000    0.0053010000       1.2102400
       3302.3110    0.0087400000    0.0052910000       1.2102170
       3302.5520    0.0087200000    0.0052780000       1.2102170
       3302.7930    0.0087200000    0.0052760000       1.2102240
       3303.0340    0.0087300000    0.0052820000       1.2102250
       3303.2750    0.0087400000    0.0052880000       1.2102180
       3303.5160    0.0087400000    0.0052880000       1.2102010
       3303.7570    0.0087100000    0.0052690000       1.2101840
       3303.9980    0.0086600000    0.0052380000       1.2101930
       3304.2390    0.0086500000    0.0052320000       1.2102280
       3304.4800    0.0087000000    0.0052620000       1.2102450
       3304.7210    0.0087500000    0.0052920000       1.2102250
       3304.9620    0.0087400000    0.0052860000       1.2101800
       3305.2030    0.0086600000    0.0052360000       1.2101700
       3305.4440    0.0086200000    0.0052110000       1.2101980
       3305.6860    0.0086500000    0.0052290000       1.2102670
       3305.9270    0.0087100000    0.0052660000       1.2102730
       3306.1670    0.0087500000    0.0052900000       1.2102000
       3306.4090    0.0087400000    0.0052830000       1.2102180
       3306.6500    0.0087100000    0.0052630000       1.2102020
       3306.8910    0.0087000000    0.0052580000       1.2102090
       3307.1320    0.0087000000    0.0052570000       1.2102210
       3307.3730    0.0087400000    0.0052830000       1.2102270
       3307.6140    0.0087700000    0.0052990000       1.2102020
       3307.8550    0.0087700000    0.0052990000       1.2101740
       3308.0960    0.0087300000    0.0052740000       1.2101500
       3308.3370    0.0086900000    0.0052490000       1.2101570
       3308.5780    0.0086800000    0.0052440000       1.2101680
       3308.8190    0.0086900000    0.0052500000       1.2101690
       3309.0600    0.0086800000    0.0052430000       1.2101540
       3309.3010    0.0086500000    0.0052240000       1.2101570
       3309.5420    0.0086400000    0.0052170000       1.2101700
       3309.7830    0.0086500000    0.0052220000       1.2101710
       3310.0250    0.0086700000    0.0052350000       1.2102070
       3310.2660    0.0086900000    0.0052460000       1.2101870
       3310.5070    0.0087000000    0.0052520000       1.2101710
       3310.7480    0.0086900000    0.0052450000       1.2101500
       3310.9890    0.0086500000    0.0052210000       1.2101370
       3311.2300    0.0086100000    0.0051960000       1.2101510
       3311.4710    0.0086100000    0.0051960000       1.2101700
       3311.7120    0.0086200000    0.0052020000       1.2101740
       3311.9530    0.0086200000    0.0052000000       1.2101760
       3312.1940    0.0086200000    0.0052000000       1.2101870
       3312.4350    0.0086400000    0.0052120000       1.2101950
       3312.6760    0.0086700000    0.0052300000       1.2101930
       3312.9170    0.0086900000    0.0052420000       1.2101710
       3313.1580    0.0086700000    0.0052290000       1.2101520
       3313.3990    0.0086500000    0.0052180000       1.2101540
       3313.6400    0.0086500000    0.0052170000       1.2101430
       3313.8820    0.0086600000    0.0052220000       1.2101740
       3314.1230    0.0086600000    0.0052210000       1.2101500
       3314.3640    0.0086500000    0.0052160000       1.2101440
       3314.6050    0.0086400000    0.0052090000       1.2101330
       3314.8460    0.0086100000    0.0051920000       1.2101310
       3315.0870    0.0086000000    0.0051840000       1.2101420
       3315.3280    0.0086100000    0.0051900000       1.2101500
       3315.5690    0.0086300000    0.0052020000       1.2101420
       3315.8100    0.0086200000    0.0051960000       1.2101170
       3316.0510    0.0085700000    0.0051650000       1.2101080
       3316.2920    0.0085300000    0.0051400000       1.2101300
       3316.5330    0.0085400000    0.0051470000       1.2101550
       3316.7740    0.0085600000    0.0051580000       1.2101530
       3317.0150    0.0085600000    0.0051580000       1.2101490
       3317.2560    0.0085400000    0.0051450000       1.2101310
       3317.4980    0.0085100000    0.0051270000       1.2101830
       3317.7390    0.0085200000    0.0051320000       1.2101990
       3317.9800    0.0085600000    0.0051560000       1.2102240
       3318.2210    0.0086300000    0.0051980000       1.2102250
       3318.4620    0.0086900000    0.0052330000       1.2101970
       3318.7030    0.0087000000    0.0052400000       1.2101460
       3318.9440    0.0086400000    0.0052020000       1.2101130
       3319.1850    0.0085800000    0.0051660000       1.2101250
       3319.4260    0.0085700000    0.0051600000       1.2101500
       3319.6670    0.0086000000    0.0051770000       1.2101620
       3319.9080    0.0086200000    0.0051890000       1.2101510
       3320.1490    0.0086200000    0.0051880000       1.2101410
       3320.3900    0.0086100000    0.0051830000       1.2101370
       3320.6310    0.0086200000    0.0051870000       1.2101380
       3320.8720    0.0086300000    0.0051940000       1.2101150
       3321.1140    0.0086300000    0.0051930000       1.2101440
       3321.3540    0.0086100000    0.0051800000       1.2100820
       3321.5950    0.0085800000    0.0051620000       1.2100780
       3321.8370    0.0085500000    0.0051440000       1.2101180
       3322.0780    0.0085500000    0.0051430000       1.2101270
       3322.3190    0.0085900000    0.0051670000       1.2101290
       3322.5600    0.0086100000    0.0051790000       1.2100970
       3322.8010    0.0085600000    0.0051490000       1.2100650
       3323.0420    0.0084900000    0.0051060000       1.2100740
       3323.2830    0.0084600000    0.0050870000       1.2101070
       3323.5240    0.0084800000    0.0051000000       1.2101380
       3323.7650    0.0085200000    0.0051230000       1.2101400
       3324.0060    0.0085300000    0.0051280000       1.2101320
       3324.2470    0.0085300000    0.0051280000       1.2101320
       3324.4880    0.0085400000    0.0051340000       1.2101330
       3324.7290    0.0085500000    0.0051390000       1.2101260
       3324.9700    0.0085600000    0.0051450000       1.2101220
       3325.2110    0.0085700000    0.0051500000       1.2100940
       3325.4530    0.0085600000    0.0051440000       1.2101120
       3325.6940    0.0085300000    0.0051260000       1.2100800
       3325.9350    0.0084700000    0.0050890000       1.2100900
       3326.1760    0.0084600000    0.0050820000       1.2101250
       3326.4170    0.0085000000    0.0051060000       1.2101500
       3326.6580    0.0085600000    0.0051420000       1.2101420
       3326.8990    0.0085700000    0.0051490000       1.2101120
       3327.1400    0.0085600000    0.0051410000       1.2100980
       3327.3810    0.0085500000    0.0051360000       1.2100920
       3327.6220    0.0085600000    0.0051410000       1.2100810
       3327.8630    0.0085400000    0.0051300000       1.2100520
       3328.1040    0.0084900000    0.0050980000       1.2100390
       3328.3450    0.0084300000    0.0050610000       1.2100460
       3328.5860    0.0083900000    0.0050370000       1.2100780
       3328.8270    0.0084000000    0.0050440000       1.2101140
       3329.0680    0.0084400000    0.0050680000       1.2101200
       3329.3100    0.0084900000    0.0050960000       1.2101510
       3329.5510    0.0085200000    0.0051150000       1.2101200
       3329.7920    0.0085200000    0.0051140000       1.2100920
       3330.0330    0.0084900000    0.0050950000       1.2100810
       3330.2740    0.0084800000    0.0050880000       1.2100830
       3330.5150    0.0084700000    0.0050820000       1.2100780
       3330.7560    0.0084500000    0.0050710000       1.2100790
       3330.9970    0.0084400000    0.0050640000       1.2100850
       3331.2380    0.0084400000    0.0050630000       1.2100950
       3331.4790    0.0084500000    0.0050700000       1.2100990
       3331.7200    0.0084600000    0.0050740000       1.2100970
       3331.9610    0.0084700000    0.0050800000       1.2100960
       3332.2020    0.0084800000    0.0050870000       1.2100870
       3332.4430    0.0084900000    0.0050910000       1.2100720
       3332.6840    0.0084700000    0.0050790000       1.2100390
       3332.9260    0.0084300000    0.0050550000       1.2100690
       3333.1670    0.0084100000    0.0050420000       1.2100720
       3333.4080    0.0084300000    0.0050540000       1.2100830
       3333.6490    0.0084400000    0.0050600000       1.2100670
       3333.8900    0.0084200000    0.0050470000       1.2100590
       3334.1310    0.0084000000    0.0050360000       1.2100600
       3334.3720    0.0083900000    0.0050300000       1.2100710
       3334.6130    0.0084100000    0.0050400000       1.2100730
       3334.8540    0.0084100000    0.0050390000       1.2100600
       3335.0950    0.0083900000    0.0050270000       1.2100520
       3335.3360    0.0083600000    0.0050090000       1.2100540
       3335.5770    0.0083500000    0.0050030000       1.2100680
       3335.8180    0.0083500000    0.0050020000       1.2100720
       3336.0590    0.0083500000    0.0050010000       1.2100820
       3336.3000    0.0083600000    0.0050070000       1.2100730
       3336.5420    0.0083600000    0.0050070000       1.2101160
       3336.7820    0.0083500000    0.0050020000       1.2100740
       3337.0230    0.0083600000    0.0050060000       1.2100920
       3337.2650    0.0084100000    0.0050360000       1.2101290
       3337.5060    0.0084500000    0.0050600000       1.2100860
       3337.7470    0.0084300000    0.0050470000       1.2100460
       3337.9880    0.0083700000    0.0050110000       1.2100310
       3338.2290    0.0083200000    0.0049800000       1.2100430
       3338.4700    0.0083000000    0.0049680000       1.2100700
       3338.7110    0.0083200000    0.0049790000       1.2100860
       3338.9520    0.0083300000    0.0049850000       1.2100900
       3339.1930    0.0083400000    0.0049910000       1.2100920
       3339.4340    0.0083400000    0.0049920000       1.2100910
       3339.6750    0.0083400000    0.0049900000       1.2100990
       3339.9160    0.0083600000    0.0050020000       1.2101160
       3340.1570    0.0084200000    0.0050380000       1.2101150
       3340.3980    0.0084700000    0.0050660000       1.2100830
       3340.6390    0.0084700000    0.0050660000       1.2100230
       3340.8810    0.0084100000    0.0050310000       1.2100250
       3341.1220    0.0083600000    0.0050000000       1.2100180
       3341.3630    0.0083500000    0.0049950000       1.2100240
       3341.6040    0.0083400000    0.0049880000       1.2100120
       3341.8450    0.0083000000    0.0049640000       1.2100060
       3342.0860    0.0082600000    0.0049390000       1.2100210
       3342.3270    0.0082600000    0.0049380000       1.2100520
       3342.5680    0.0083000000    0.0049630000       1.2100570
       3342.8090    0.0083100000    0.0049670000       1.2100370
       3343.0500    0.0082900000    0.0049550000       1.2100260
       3343.2910    0.0082600000    0.0049370000       1.2100250
       3343.5320    0.0082400000    0.0049250000       1.2100330
       3343.7730    0.0082200000    0.0049130000       1.2100470
       3344.0140    0.0082400000    0.0049230000       1.2100710
       3344.2550    0.0082800000    0.0049470000       1.2100690
       3344.4960    0.0083000000    0.0049600000       1.2100380
       3344.7380    0.0082800000    0.0049480000       1.2100410
       3344.9790    0.0082300000    0.0049170000       1.2100300
       3345.2200    0.0082200000    0.0049110000       1.2100500
       3345.4610    0.0082400000    0.0049220000       1.2100530
       3345.7020    0.0082400000    0.0049220000       1.2100390
       3345.9430    0.0082100000    0.0049030000       1.2100310
       3346.1840    0.0081700000    0.0048800000       1.2100440
       3346.4250    0.0081700000    0.0048790000       1.2100730
       3346.6660    0.0082000000    0.0048970000       1.2100830
       3346.9070    0.0082200000    0.0049070000       1.2100830
       3347.1480    0.0082400000    0.0049190000       1.2100790
       3347.3890    0.0082500000    0.0049260000       1.2100640
       3347.6300    0.0082300000    0.0049130000       1.2100490
       3347.8710    0.0082100000    0.0049010000       1.2100580
       3348.1120    0.0082200000    0.0049060000       1.2100550
       3348.3540    0.0082500000    0.0049230000       1.2100930
       3348.5940    0.0082400000    0.0049180000       1.2100080
       3348.8360    0.0081900000    0.0048880000       1.2100470
       3349.0770    0.0081600000    0.0048680000       1.2100560
       3349.3180    0.0081900000    0.0048850000       1.2100860
       3349.5590    0.0082400000    0.0049150000       1.2100760
       3349.8000    0.0082500000    0.0049220000       1.2100480
       3350.0410    0.0082200000    0.0049030000       1.2100240
       3350.2820    0.0081800000    0.0048800000       1.2100280
       3350.5230    0.0081700000    0.0048720000       1.2100340
       3350.7640    0.0081600000    0.0048670000       1.2100410
       3351.0050    0.0081700000    0.0048710000       1.2100440
       3351.2460    0.0081700000    0.0048720000       1.2100330
       3351.4870    0.0081400000    0.0048530000       1.2100200
       3351.7280    0.0080900000    0.0048230000       1.2100310
       3351.9690    0.0080700000    0.0048110000       1.2100640
       3352.2100    0.0081100000    0.0048340000       1.2100980
       3352.4510    0.0081800000    0.0048760000       1.2100780
       3352.6930    0.0081900000    0.0048820000       1.2100690
       3352.9340    0.0081300000    0.0048460000       1.2100390
       3353.1750    0.0080900000    0.0048200000       1.2100670
       3353.4160    0.0081100000    0.0048320000       1.2100980
       3353.6570    0.0081600000    0.0048630000       1.2101050
       3353.8980    0.0082000000    0.0048860000       1.2100890
       3354.1390    0.0082200000    0.0048970000       1.2100620
       3354.3800    0.0082000000    0.0048840000       1.2100310
       3354.6210    0.0081500000    0.0048550000       1.2100230
       3354.8620    0.0081200000    0.0048370000       1.2100350
       3355.1030    0.0081300000    0.0048410000       1.2100500
       3355.3440    0.0081500000    0.0048540000       1.2100400
       3355.5850    0.0081300000    0.0048410000       1.2100180
       3355.8260    0.0080800000    0.0048120000       1.2100190
       3356.0670    0.0080600000    0.0047980000       1.2100330
       3356.3090    0.0080800000    0.0048110000       1.2100830
       3356.5500    0.0081100000    0.0048290000       1.2100700
       3356.7910    0.0081200000    0.0048340000       1.2100530
       3357.0320    0.0081000000    0.0048210000       1.2100450
       3357.2730    0.0080900000    0.0048150000       1.2100500
       3357.5140    0.0080900000    0.0048150000       1.2100560
       3357.7550    0.0081100000    0.0048270000       1.2100560
       3357.9960    0.0081200000    0.0048320000       1.2100380
       3358.2370    0.0081000000    0.0048190000       1.2100180
       3358.4780    0.0080500000    0.0047900000       1.2100110
       3358.7190    0.0080000000    0.0047600000       1.2100310
       3358.9600    0.0080000000    0.0047600000       1.2100700
       3359.2010    0.0080600000    0.0047950000       1.2100870
       3359.4420    0.0081000000    0.0048180000       1.2100630
       3359.6830    0.0080900000    0.0048110000       1.2100410
       3359.9240    0.0080600000    0.0047930000       1.2100220
       3360.1660    0.0080500000    0.0047870000       1.2100750
       3360.4060    0.0080600000    0.0047930000       1.2100160
       3360.6480    0.0080500000    0.0047860000       1.2100510
       3360.8890    0.0080300000    0.0047750000       1.2100350
       3361.1300    0.0080100000    0.0047620000       1.2100430
       3361.3710    0.0080100000    0.0047620000       1.2100550
       3361.6120    0.0080200000    0.0047680000       1.2100630
       3361.8530    0.0080500000    0.0047840000       1.2100640
       3362.0940    0.0080700000    0.0047960000       1.2100430
       3362.3350    0.0080500000    0.0047840000       1.2100180
       3362.5760    0.0080000000    0.0047540000       1.2100070
       3362.8170    0.0079500000    0.0047250000       1.2100260
       3363.0580    0.0079500000    0.0047250000       1.2100560
       3363.2990    0.0079900000    0.0047480000       1.2100670
       3363.5400    0.0080100000    0.0047590000       1.2100460
       3363.7810    0.0079800000    0.0047420000       1.2100350
       3364.0220    0.0079600000    0.0047280000       1.2100340
       3364.2640    0.0079700000    0.0047330000       1.2100830
       3364.5050    0.0080000000    0.0047520000       1.2100710
       3364.7460    0.0080200000    0.0047630000       1.2100550
       3364.9870    0.0080100000    0.0047570000       1.2100290
       3365.2280    0.0079700000    0.0047330000       1.2100160
       3365.4690    0.0079200000    0.0047030000       1.2100210
       3365.7100    0.0078900000    0.0046850000       1.2100520
       3365.9510    0.0079200000    0.0047020000       1.2100810
       3366.1920    0.0079700000    0.0047320000       1.2100810
       3366.4330    0.0079900000    0.0047430000       1.2100530
       3366.6740    0.0079600000    0.0047240000       1.2100390
       3366.9150    0.0079400000    0.0047130000       1.2100430
       3367.1560    0.0079400000    0.0047110000       1.2100480
       3367.3970    0.0079400000    0.0047120000       1.2100370
       3367.6380    0.0079000000    0.0046880000       1.2100310
       3367.8790    0.0078600000    0.0046650000       1.2100400
       3368.1210    0.0078600000    0.0046640000       1.2101100
       3368.3620    0.0079300000    0.0047050000       1.2101290
       3368.6030    0.0080200000    0.0047580000       1.2101130
       3368.8440    0.0080700000    0.0047860000       1.2100600
       3369.0850    0.0080400000    0.0047680000       1.2099990
       3369.3260    0.0079500000    0.0047140000       1.2099680
       3369.5670    0.0078500000    0.0046550000       1.2099820
       3369.8080    0.0078100000    0.0046320000       1.2100280
       3370.0490    0.0078400000    0.0046490000       1.2100600
       3370.2900    0.0078800000    0.0046720000       1.2100560
       3370.5310    0.0078700000    0.0046660000       1.2100360
       3370.7720    0.0078300000    0.0046410000       1.2100390
       3371.0130    0.0078100000    0.0046290000       1.2100600
       3371.2540    0.0078200000    0.0046350000       1.2100810
       3371.4950    0.0078400000    0.0046470000       1.2100770
       3371.7370    0.0078500000    0.0046520000       1.2101130
       3371.9780    0.0078700000    0.0046640000       1.2101130
       3372.2190    0.0079100000    0.0046870000       1.2101140
       3372.4600    0.0079400000    0.0047050000       1.2101020
       3372.7010    0.0079700000    0.0047220000       1.2100860
       3372.9420    0.0079900000    0.0047340000       1.2100590
       3373.1830    0.0079900000    0.0047330000       1.2100200
       3373.4240    0.0079400000    0.0047040000       1.2099810
       3373.6650    0.0078600000    0.0046550000       1.2099700
       3373.9060    0.0077900000    0.0046130000       1.2099910
       3374.1470    0.0077800000    0.0046070000       1.2100260
       3374.3880    0.0078000000    0.0046180000       1.2100300
       3374.6290    0.0077800000    0.0046070000       1.2100240
       3374.8700    0.0077500000    0.0045880000       1.2100330
       3375.1110    0.0077400000    0.0045830000       1.2100600
       3375.3520    0.0077700000    0.0046000000       1.2100590
       3375.5940    0.0077800000    0.0046050000       1.2100930
       3375.8340    0.0077700000    0.0045990000       1.2100400
       3376.0760    0.0077600000    0.0045940000       1.2100860
       3376.3170    0.0077600000    0.0045930000       1.2100830
       3376.5580    0.0077700000    0.0045990000       1.2100880
       3376.7990    0.0077700000    0.0045990000       1.2100850
       3377.0400    0.0077700000    0.0045970000       1.2100890
       3377.2810    0.0077700000    0.0045980000       1.2100930
       3377.5220    0.0077700000    0.0045970000       1.2100960
       3377.7630    0.0077700000    0.0045960000       1.2101080
       3378.0040    0.0078000000    0.0046130000       1.2101210
       3378.2450    0.0078400000    0.0046380000       1.2101120
       3378.4860    0.0078500000    0.0046430000       1.2100880
       3378.7270    0.0078300000    0.0046310000       1.2100750
       3378.9680    0.0078100000    0.0046180000       1.2100760
       3379.2090    0.0078200000    0.0046240000       1.2100900
       3379.4500    0.0078500000    0.0046430000       1.2100670
       3379.6920    0.0078500000    0.0046410000       1.2100780
       3379.9330    0.0078400000    0.0046350000       1.2100540
       3380.1740    0.0078200000    0.0046230000       1.2100420
       3380.4150    0.0077900000    0.0046050000       1.2100380
       3380.6560    0.0077700000    0.0045930000       1.2100510
       3380.8970    0.0077900000    0.0046050000       1.2100640
       3381.1380    0.0078300000    0.0046270000       1.2100460
       3381.3790    0.0078100000    0.0046150000       1.2100050
       3381.6200    0.0077300000    0.0045680000       1.2099890
       3381.8610    0.0076600000    0.0045260000       1.2100160
       3382.1020    0.0076600000    0.0045250000       1.2100620
       3382.3430    0.0077100000    0.0045550000       1.2100740
       3382.5840    0.0077300000    0.0045660000       1.2100580
       3382.8250    0.0077100000    0.0045540000       1.2100460
       3383.0660    0.0076900000    0.0045410000       1.2100550
       3383.3070    0.0076900000    0.0045420000       1.2100540
       3383.5490    0.0077000000    0.0045470000       1.2100920
       3383.7900    0.0077200000    0.0045590000       1.2100820
       3384.0310    0.0077400000    0.0045710000       1.2100740
       3384.2720    0.0077500000    0.0045760000       1.2100530
       3384.5130    0.0077200000    0.0045590000       1.2100340
       3384.7540    0.0076900000    0.0045390000       1.2100360
       3384.9950    0.0076800000    0.0045340000       1.2100450
       3385.2360    0.0076900000    0.0045400000       1.2100410
       3385.4770    0.0076700000    0.0045270000       1.2100210
       3385.7180    0.0076100000    0.0044920000       1.2100230
       3385.9590    0.0075800000    0.0044730000       1.2100580
       3386.2000    0.0076200000    0.0044960000       1.2100860
       3386.4410    0.0076600000    0.0045200000       1.2100730
       3386.6820    0.0076500000    0.0045140000       1.2100520
       3386.9230    0.0076200000    0.0044950000       1.2100350
       3387.1650    0.0075900000    0.0044770000       1.2100710
       3387.4060    0.0075700000    0.0044650000       1.2100880
       3387.6460    0.0075700000    0.0044650000       1.2100690
       3387.8880    0.0075900000    0.0044770000       1.2101260
       3388.1290    0.0076200000    0.0044950000       1.2101190
       3388.3700    0.0076400000    0.0045050000       1.2101150
       3388.6110    0.0076500000    0.0045110000       1.2101170
       3388.8520    0.0076800000    0.0045290000       1.2101190
       3389.0930    0.0077300000    0.0045570000       1.2101030
       3389.3340    0.0077400000    0.0045630000       1.2100560
       3389.5750    0.0076800000    0.0045270000       1.2100250
       3389.8160    0.0076200000    0.0044910000       1.2100290
       3390.0570    0.0075900000    0.0044730000       1.2100520
       3390.2980    0.0076000000    0.0044810000       1.2100670
       3390.5390    0.0076100000    0.0044860000       1.2100630
       3390.7800    0.0076100000    0.0044840000       1.2100610
       3391.0210    0.0076100000    0.0044840000       1.2100580
       3391.2620    0.0076000000    0.0044790000       1.2100390
       3391.5040    0.0075800000    0.0044660000       1.2100680
       3391.7450    0.0075800000    0.0044650000       1.2100680
       3391.9860    0.0076000000    0.0044770000       1.2100620
       3392.2270    0.0075900000    0.0044700000       1.2100370
       3392.4680    0.0075300000    0.0044350000       1.2100260
       3392.7090    0.0074700000    0.0043990000       1.2100520
       3392.9500    0.0074700000    0.0044000000       1.2100950
       3393.1910    0.0075200000    0.0044280000       1.2101190
       3393.4320    0.0075700000    0.0044580000       1.2101120
       3393.6730    0.0075800000    0.0044630000       1.2100930
       3393.9140    0.0075800000    0.0044630000       1.2100900
       3394.1550    0.0075900000    0.0044700000       1.2100780
       3394.3960    0.0075800000    0.0044620000       1.2100630
       3394.6370    0.0075700000    0.0044550000       1.2100600
       3394.8780    0.0075600000    0.0044500000       1.2100430
       3395.1200    0.0075500000    0.0044430000       1.2100680
       3395.3610    0.0075400000    0.0044370000       1.2100510
       3395.6020    0.0075200000    0.0044250000       1.2100470
       3395.8430    0.0075100000    0.0044190000       1.2100470
       3396.0840    0.0074900000    0.0044080000       1.2100330
       3396.3250    0.0074300000    0.0043710000       1.2100330
       3396.5660    0.0073800000    0.0043400000       1.2100670
       3396.8070    0.0073800000    0.0043410000       1.2101190
       3397.0480    0.0074500000    0.0043820000       1.2101560
       3397.2890    0.0075400000    0.0044350000       1.2101510
       3397.5300    0.0075900000    0.0044640000       1.2101140
       3397.7710    0.0075900000    0.0044630000       1.2100790
       3398.0120    0.0075700000    0.0044520000       1.2100500
       3398.2530    0.0075300000    0.0044270000       1.2100340
       3398.4940    0.0075000000    0.0044100000       1.2100320
       3398.7350    0.0074700000    0.0043920000       1.2100190
       3398.9770    0.0074500000    0.0043800000       1.2100510
       3399.2180    0.0074200000    0.0043620000       1.2100400
       3399.4590    0.0073900000    0.0043450000       1.2100540
       3399.7000    0.0073800000    0.0043380000       1.2100780
       3399.9410    0.0074200000    0.0043600000       1.2100950
       3400.1820    0.0074400000    0.0043720000       1.2100740
       3400.4230    0.0074100000    0.0043530000       1.2100640
       3400.6640    0.0073700000    0.0043310000       1.2100770
       3400.9050    0.0073700000    0.0043310000       1.2101110
       3401.1460    0.0074300000    0.0043650000       1.2101290
       3401.3870    0.0074900000    0.0043990000       1.2101110
       3401.6280    0.0075000000    0.0044060000       1.2100740
       3401.8690    0.0074700000    0.0043880000       1.2100460
       3402.1100    0.0074300000    0.0043640000       1.2100390
       3402.3510    0.0074000000    0.0043470000       1.2100310
       3402.5930    0.0073800000    0.0043340000       1.2100770
       3402.8330    0.0073900000    0.0043390000       1.2100460
       3403.0740    0.0073900000    0.0043400000       1.2100260
       3403.3160    0.0073400000    0.0043100000       1.2100420
       3403.5570    0.0072900000    0.0042800000       1.2100480
       3403.7980    0.0072800000    0.0042730000       1.2100840
       3404.0390    0.0073200000    0.0042980000       1.2100990
       3404.2800    0.0073500000    0.0043150000       1.2100840
       3404.5210    0.0073300000    0.0043030000       1.2100600
       3404.7620    0.0072800000    0.0042710000       1.2100620
       3405.0030    0.0072500000    0.0042550000       1.2100860
       3405.2440    0.0072500000    0.0042550000       1.2101120
       3405.4850    0.0072800000    0.0042720000       1.2101310
       3405.7260    0.0073200000    0.0042950000       1.2101340
       3405.9670    0.0073500000    0.0043110000       1.2101180
       3406.2080    0.0073400000    0.0043060000       1.2100980
       3406.4490    0.0073100000    0.0042880000       1.2100940
       3406.6900    0.0073000000    0.0042810000       1.2101020
       3406.9320    0.0073300000    0.0043000000       1.2101370
       3407.1730    0.0073500000    0.0043090000       1.2101110
       3407.4140    0.0073400000    0.0043040000       1.2100970
       3407.6550    0.0073100000    0.0042870000       1.2100960
       3407.8960    0.0073200000    0.0042920000       1.2101150
       3408.1370    0.0073600000    0.0043160000       1.2101080
       3408.3780    0.0073800000    0.0043250000       1.2100810
       3408.6190    0.0073600000    0.0043140000       1.2100500
       3408.8600    0.0073100000    0.0042850000       1.2100320
       3409.1010    0.0072600000    0.0042560000       1.2100310
       3409.3420    0.0072200000    0.0042310000       1.2100380
       3409.5830    0.0071900000    0.0042130000       1.2100530
       3409.8240    0.0071700000    0.0042010000       1.2100680
       3410.0650    0.0071600000    0.0041950000       1.2100860
       3410.3060    0.0071500000    0.0041900000       1.2100940
       3410.5480    0.0071700000    0.0042010000       1.2101500
       3410.7890    0.0072200000    0.0042310000       1.2101440
       3411.0300    0.0072600000    0.0042530000       1.2101290
       3411.2710    0.0072600000    0.0042530000       1.2100940
       3411.5120    0.0072000000    0.0042170000       1.2100860
       3411.7530    0.0071800000    0.0042050000       1.2101100
       3411.9940    0.0072000000    0.0042170000       1.2101270
       3412.2350    0.0072400000    0.0042400000       1.2101200
       3412.4760    0.0072400000    0.0042390000       1.2100920
       3412.7170    0.0072000000    0.0042160000       1.2100790
       3412.9580    0.0071600000    0.0041910000       1.2100880
       3413.1990    0.0071500000    0.0041850000       1.2101090
       3413.4400    0.0071600000    0.0041910000       1.2101280
       3413.6810    0.0072100000    0.0042210000       1.2101380
       3413.9220    0.0072600000    0.0042500000       1.2101070
       3414.1630    0.0072500000    0.0042430000       1.2100500
       3414.4050    0.0071700000    0.0041960000       1.2100440
       3414.6460    0.0070800000    0.0041420000       1.2100540
       3414.8870    0.0070600000    0.0041310000       1.2100900
       3415.1280    0.0070700000    0.0041360000       1.2101070
       3415.3690    0.0070700000    0.0041360000       1.2101110
       3415.6100    0.0070500000    0.0041240000       1.2101220
       3415.8510    0.0070500000    0.0041240000       1.2101490
       3416.0920    0.0070900000    0.0041470000       1.2101710
       3416.3330    0.0071400000    0.0041760000       1.2101660
       3416.5740    0.0071700000    0.0041940000       1.2101510
       3416.8150    0.0071900000    0.0042050000       1.2101210
       3417.0560    0.0071600000    0.0041870000       1.2100910
       3417.2970    0.0071100000    0.0041570000       1.2100760
       3417.5380    0.0070500000    0.0041210000       1.2100890
       3417.7790    0.0070400000    0.0041150000       1.2101060
       3418.0210    0.0070500000    0.0041200000       1.2101550
       3418.2610    0.0070600000    0.0041270000       1.2101210
       3418.5020    0.0070500000    0.0041210000       1.2101230
       3418.7440    0.0070700000    0.0041320000       1.2101660
       3418.9850    0.0071100000    0.0041550000       1.2101430
       3419.2260    0.0071100000    0.0041550000       1.2101170
       3419.4670    0.0070700000    0.0041320000       1.2100910
       3419.7080    0.0070100000    0.0040950000       1.2101010
       3419.9490    0.0070000000    0.0040890000       1.2101240
       3420.1900    0.0070000000    0.0040890000       1.2101360
       3420.4310    0.0070100000    0.0040950000       1.2101450
       3420.6720    0.0070200000    0.0041010000       1.2101450
       3420.9130    0.0070300000    0.0041060000       1.2101430
       3421.1540    0.0070300000    0.0041060000       1.2101340
       3421.3950    0.0070200000    0.0040990000       1.2101280
       3421.6360    0.0070100000    0.0040930000       1.2101250
       3421.8770    0.0070000000    0.0040880000       1.2101190
       3422.1180    0.0069700000    0.0040700000       1.2100960
       3422.3600    0.0069100000    0.0040340000       1.2101350
       3422.6010    0.0068900000    0.0040230000       1.2101660
       3422.8420    0.0069400000    0.0040500000       1.2101980
       3423.0830    0.0070100000    0.0040920000       1.2101880
       3423.3240    0.0070200000    0.0040970000       1.2101450
       3423.5650    0.0069600000    0.0040620000       1.2101240
       3423.8060    0.0069000000    0.0040270000       1.2101380
       3424.0470    0.0068800000    0.0040150000       1.2101710
       3424.2880    0.0069000000    0.0040270000       1.2101980
       3424.5290    0.0069400000    0.0040500000       1.2102110
       3424.7700    0.0069900000    0.0040770000       1.2102020
       3425.0110    0.0070000000    0.0040840000       1.2101740
       3425.2520    0.0069600000    0.0040600000       1.2101550
       3425.4930    0.0069200000    0.0040370000       1.2101730
       3425.7340    0.0069400000    0.0040480000       1.2101870
       3425.9760    0.0069900000    0.0040760000       1.2102120
       3426.2170    0.0070100000    0.0040880000       1.2101710
       3426.4580    0.0069700000    0.0040650000       1.2101470
       3426.6990    0.0069300000    0.0040410000       1.2101520
       3426.9400    0.0069200000    0.0040340000       1.2101660
       3427.1810    0.0069300000    0.0040400000       1.2101750
       3427.4220    0.0069400000    0.0040470000       1.2101700
       3427.6630    0.0069400000    0.0040450000       1.2101660
       3427.9040    0.0069500000    0.0040520000       1.2101570
       3428.1450    0.0069300000    0.0040390000       1.2101340
       3428.3860    0.0068900000    0.0040150000       1.2101320
       3428.6270    0.0068600000    0.0039970000       1.2101380
       3428.8680    0.0068400000    0.0039870000       1.2101500
       3429.1090    0.0068200000    0.0039750000       1.2101520
       3429.3500    0.0067900000    0.0039560000       1.2101750
       3429.5910    0.0068000000    0.0039630000       1.2101990
       3429.8330    0.0068600000    0.0039970000       1.2102560
       3430.0730    0.0069300000    0.0040370000       1.2101870
       3430.3150    0.0069300000    0.0040360000       1.2101810
       3430.5560    0.0068800000    0.0040080000       1.2101480
       3430.7970    0.0068300000    0.0039770000       1.2101560
       3431.0380    0.0068200000    0.0039710000       1.2101770
       3431.2790    0.0068300000    0.0039790000       1.2101830
       3431.5200    0.0068400000    0.0039830000       1.2101800
       3431.7610    0.0068400000    0.0039820000       1.2101700
       3432.0020    0.0068100000    0.0039640000       1.2101640
       3432.2430    0.0067800000    0.0039480000       1.2101780
       3432.4840    0.0067900000    0.0039520000       1.2102000
       3432.7250    0.0068400000    0.0039800000       1.2102060
       3432.9660    0.0068700000    0.0039990000       1.2101740
       3433.2070    0.0068300000    0.0039740000       1.2101360
       3433.4480    0.0067500000    0.0039280000       1.2101370
       3433.6890    0.0067100000    0.0039060000       1.2101710
       3433.9300    0.0067400000    0.0039210000       1.2101900
       3434.1720    0.0067800000    0.0039450000       1.2102110
       3434.4130    0.0067800000    0.0039450000       1.2101810
       3434.6540    0.0067600000    0.0039330000       1.2101750
       3434.8950    0.0067500000    0.0039270000       1.2101710
       3435.1360    0.0067300000    0.0039140000       1.2101640
       3435.3770    0.0067000000    0.0038960000       1.2101670
       3435.6180    0.0066800000    0.0038850000       1.2101770
       3435.8590    0.0066700000    0.0038780000       1.2101860
       3436.1000    0.0066600000    0.0038720000       1.2101910
       3436.3410    0.0066400000    0.0038600000       1.2102050
       3436.5820    0.0066500000    0.0038670000       1.2102280
       3436.8230    0.0066900000    0.0038900000       1.2102300
       3437.0640    0.0067100000    0.0039010000       1.2102070
       3437.3050    0.0066700000    0.0038770000       1.2101800
       3437.5460    0.0065900000    0.0038300000       1.2101840
       3437.7880    0.0065700000    0.0038180000       1.2102600
       3438.0290    0.0066300000    0.0038530000       1.2102860
       3438.2700    0.0067000000    0.0038940000       1.2102790
       3438.5110    0.0067300000    0.0039110000       1.2102490
       3438.7520    0.0067100000    0.0038980000       1.2102210
       3438.9930    0.0066700000    0.0038750000       1.2102210
       3439.2340    0.0066600000    0.0038700000       1.2102340
       3439.4750    0.0066800000    0.0038810000       1.2102420
       3439.7160    0.0067100000    0.0038970000       1.2102250
       3439.9570    0.0066900000    0.0038860000       1.2101950
       3440.1980    0.0066300000    0.0038510000       1.2101820
       3440.4390    0.0065700000    0.0038160000       1.2102040
       3440.6800    0.0065800000    0.0038210000       1.2102400
       3440.9210    0.0066200000    0.0038440000       1.2102420
       3441.1620    0.0066300000    0.0038490000       1.2102190
       3441.4040    0.0066100000    0.0038370000       1.2102330
       3441.6450    0.0065900000    0.0038260000       1.2102430
       3441.8850    0.0066100000    0.0038370000       1.2102140
       3442.1270    0.0066200000    0.0038430000       1.2102300
       3442.3680    0.0066000000    0.0038300000       1.2101990
       3442.6090    0.0065500000    0.0038010000       1.2101880
       3442.8500    0.0064900000    0.0037670000       1.2101940
       3443.0910    0.0064400000    0.0037380000       1.2102190
       3443.3320    0.0064300000    0.0037310000       1.2102580
       3443.5730    0.0064600000    0.0037490000       1.2102830
       3443.8140    0.0064900000    0.0037660000       1.2102850
       3444.0550    0.0064900000    0.0037660000       1.2102780
       3444.2960    0.0064700000    0.0037520000       1.2102870
       3444.5370    0.0064700000    0.0037540000       1.2103150
       3444.7780    0.0065300000    0.0037870000       1.2103350
       3445.0190    0.0065900000    0.0038230000       1.2103130
       3445.2600    0.0065900000    0.0038220000       1.2102760
       3445.5010    0.0065500000    0.0037980000       1.2102510
       3445.7430    0.0065200000    0.0037800000       1.2102820
       3445.9840    0.0065100000    0.0037740000       1.2102810
       3446.2250    0.0065100000    0.0037740000       1.2102940
       3446.4660    0.0065400000    0.0037920000       1.2102970
       3446.7070    0.0065600000    0.0038030000       1.2102780
       3446.9480    0.0065500000    0.0037960000       1.2102540
       3447.1890    0.0065100000    0.0037730000       1.2102400
       3447.4300    0.0064700000    0.0037500000       1.2102440
       3447.6710    0.0064500000    0.0037380000       1.2102510
       3447.9120    0.0064300000    0.0037260000       1.2102520
       3448.1530    0.0063900000    0.0037030000       1.2102580
       3448.3940    0.0063600000    0.0036840000       1.2102880
       3448.6350    0.0063800000    0.0036970000       1.2103210
       3448.8760    0.0064200000    0.0037200000       1.2103280
       3449.1170    0.0064500000    0.0037370000       1.2103240
       3449.3580    0.0064600000    0.0037430000       1.2103010
       3449.6000    0.0064600000    0.0037410000       1.2103220
       3449.8410    0.0064700000    0.0037480000       1.2103020
       3450.0820    0.0064600000    0.0037400000       1.2102870
       3450.3230    0.0064400000    0.0037290000       1.2102790
       3450.5640    0.0064200000    0.0037170000       1.2102740
       3450.8050    0.0064000000    0.0037050000       1.2102680
       3451.0460    0.0063600000    0.0036810000       1.2102620
       3451.2870    0.0063100000    0.0036530000       1.2102790
       3451.5280    0.0063000000    0.0036470000       1.2103070
       3451.7690    0.0063200000    0.0036580000       1.2103190
       3452.0100    0.0063200000    0.0036570000       1.2103130
       3452.2510    0.0062900000    0.0036400000       1.2103180
       3452.4920    0.0062700000    0.0036280000       1.2103390
       3452.7330    0.0062800000    0.0036340000       1.2103650
       3452.9740    0.0063100000    0.0036510000       1.2103690
       3453.2160    0.0063400000    0.0036690000       1.2103970
       3453.4570    0.0063700000    0.0036850000       1.2103830
       3453.6980    0.0063900000    0.0036980000       1.2103690
       3453.9390    0.0063800000    0.0036900000       1.2103470
       3454.1800    0.0063500000    0.0036730000       1.2103520
       3454.4210    0.0063600000    0.0036780000       1.2103630
       3454.6620    0.0063900000    0.0036950000       1.2103590
       3454.9030    0.0064000000    0.0037020000       1.2103290
       3455.1440    0.0063500000    0.0036710000       1.2103050
       3455.3850    0.0062900000    0.0036370000       1.2103170
       3455.6260    0.0062800000    0.0036300000       1.2103440
       3455.8670    0.0063100000    0.0036480000       1.2103510
       3456.1080    0.0063100000    0.0036470000       1.2103340
       3456.3490    0.0062800000    0.0036310000       1.2103300
       3456.5900    0.0062500000    0.0036130000       1.2103280
       3456.8320    0.0062400000    0.0036060000       1.2103720
       3457.0730    0.0062600000    0.0036180000       1.2103850
       3457.3130    0.0062900000    0.0036350000       1.2103510
       3457.5550    0.0063100000    0.0036460000       1.2103610
       3457.7960    0.0062800000    0.0036290000       1.2103220
       3458.0370    0.0062100000    0.0035880000       1.2103120
       3458.2780    0.0061400000    0.0035470000       1.2103390
       3458.5190    0.0061400000    0.0035470000       1.2103820
       3458.7600    0.0061800000    0.0035710000       1.2103970
       3459.0010    0.0062000000    0.0035800000       1.2103830
       3459.2420    0.0061600000    0.0035580000       1.2103770
       3459.4830    0.0061300000    0.0035410000       1.2104010
       3459.7240    0.0061400000    0.0035470000       1.2104280
       3459.9650    0.0061800000    0.0035690000       1.2104450
       3460.2060    0.0062200000    0.0035920000       1.2104390
       3460.4470    0.0062300000    0.0035970000       1.2104270
       3460.6880    0.0062400000    0.0036030000       1.2104190
       3460.9290    0.0062400000    0.0036020000       1.2103940
       3461.1710    0.0062200000    0.0035900000       1.2104080
       3461.4120    0.0062000000    0.0035780000       1.2103940
       3461.6530    0.0061700000    0.0035600000       1.2103920
       3461.8940    0.0061300000    0.0035380000       1.2104020
       3462.1350    0.0061100000    0.0035250000       1.2104290
       3462.3760    0.0061300000    0.0035370000       1.2104660
       3462.6170    0.0062100000    0.0035830000       1.2104770
       3462.8580    0.0062600000    0.0036110000       1.2104400
       3463.0990    0.0062300000    0.0035940000       1.2104040
       3463.3400    0.0061700000    0.0035600000       1.2104020
       3463.5810    0.0061600000    0.0035540000       1.2104290
       3463.8220    0.0062000000    0.0035760000       1.2104290
       3464.0630    0.0062100000    0.0035810000       1.2104040
       3464.3040    0.0061700000    0.0035590000       1.2103770
       3464.5450    0.0061000000    0.0035170000       1.2103830
       3464.7860    0.0060700000    0.0035010000       1.2104060
       3465.0280    0.0060800000    0.0035060000       1.2104560
       3465.2690    0.0061300000    0.0035340000       1.2104660
       3465.5100    0.0061900000    0.0035680000       1.2104460
       3465.7510    0.0061900000    0.0035690000       1.2104030
       3465.9920    0.0061300000    0.0035350000       1.2103710
       3466.2330    0.0060500000    0.0034880000       1.2103770
       3466.4740    0.0060200000    0.0034700000       1.2104090
       3466.7150    0.0060400000    0.0034810000       1.2104250
       3466.9560    0.0060400000    0.0034820000       1.2104110
       3467.1970    0.0059900000    0.0034520000       1.2104050
       3467.4380    0.0059400000    0.0034230000       1.2104320
       3467.6790    0.0059400000    0.0034220000       1.2104700
       3467.9200    0.0059800000    0.0034440000       1.2104920
       3468.1610    0.0060200000    0.0034670000       1.2104940
       3468.4020    0.0060500000    0.0034840000       1.2104720
       3468.6440    0.0060400000    0.0034790000       1.2104690
       3468.8850    0.0059900000    0.0034500000       1.2104590
       3469.1250    0.0059400000    0.0034210000       1.2104480
       3469.3670    0.0059400000    0.0034210000       1.2105150
       3469.6080    0.0059900000    0.0034490000       1.2105230
       3469.8490    0.0060300000    0.0034720000       1.2105080
       3470.0900    0.0060100000    0.0034610000       1.2104830
       3470.3310    0.0059700000    0.0034370000       1.2104930
       3470.5720    0.0059800000    0.0034430000       1.2105130
       3470.8130    0.0060100000    0.0034590000       1.2105130
       3471.0540    0.0060200000    0.0034660000       1.2104940
       3471.2950    0.0059800000    0.0034430000       1.2104800
       3471.5360    0.0059500000    0.0034240000       1.2104970
       3471.7770    0.0059600000    0.0034300000       1.2105160
       3472.0180    0.0059900000    0.0034460000       1.2105110
       3472.2600    0.0060100000    0.0034580000       1.2105270
       3472.5000    0.0060000000    0.0034520000       1.2104730
       3472.7410    0.0059600000    0.0034280000       1.2104600
       3472.9830    0.0059100000    0.0034010000       1.2104910
       3473.2240    0.0058900000    0.0033890000       1.2105050
       3473.4650    0.0059100000    0.0034000000       1.2105280
       3473.7060    0.0059600000    0.0034270000       1.2105160
       3473.9470    0.0059400000    0.0034160000       1.2104820
       3474.1880    0.0058700000    0.0033760000       1.2104730
       3474.4290    0.0058100000    0.0033410000       1.2105070
       3474.6700    0.0058400000    0.0033590000       1.2105470
       3474.9110    0.0058900000    0.0033870000       1.2105410
       3475.1520    0.0059000000    0.0033920000       1.2105190
       3475.3930    0.0058600000    0.0033690000       1.2104950
       3475.6340    0.0058000000    0.0033340000       1.2105010
       3475.8750    0.0057600000    0.0033100000       1.2105180
       3476.1160    0.0057300000    0.0032930000       1.2105510
       3476.3570    0.0057500000    0.0033050000       1.2105750
       3476.5990    0.0057800000    0.0033220000       1.2106050
       3476.8400    0.0057900000    0.0033270000       1.2105960
       3477.0810    0.0057800000    0.0033210000       1.2106020
       3477.3220    0.0057800000    0.0033210000       1.2106240
       3477.5630    0.0058300000    0.0033490000       1.2106420
       3477.8040    0.0058800000    0.0033780000       1.2106250
       3478.0450    0.0058800000    0.0033790000       1.2105950
       3478.2860    0.0058400000    0.0033550000       1.2105810
       3478.5270    0.0058100000    0.0033370000       1.2105940
       3478.7680    0.0058200000    0.0033420000       1.2106060
       3479.0090    0.0058300000    0.0033470000       1.2106010
       3479.2500    0.0058100000    0.0033360000       1.2105940
       3479.4910    0.0057900000    0.0033250000       1.2106000
       3479.7320    0.0057700000    0.0033140000       1.2106050
       3479.9730    0.0057600000    0.0033060000       1.2106260
       3480.2140    0.0057800000    0.0033190000       1.2106360
       3480.4560    0.0058200000    0.0033410000       1.2106620
       3480.6970    0.0058500000    0.0033580000       1.2106340
       3480.9380    0.0058300000    0.0033470000       1.2106110
       3481.1790    0.0057900000    0.0033230000       1.2106090
       3481.4200    0.0057800000    0.0033160000       1.2106270
       3481.6610    0.0058000000    0.0033290000       1.2106290
       3481.9020    0.0058000000    0.0033280000       1.2106140
       3482.1430    0.0057700000    0.0033100000       1.2106030
       3482.3840    0.0057300000    0.0032880000       1.2106140
       3482.6250    0.0057300000    0.0032880000       1.2106270
       3482.8660    0.0057200000    0.0032820000       1.2106260
       3483.1070    0.0057000000    0.0032700000       1.2106310
       3483.3480    0.0056700000    0.0032520000       1.2106450
       3483.5890    0.0056700000    0.0032520000       1.2106750
       3483.8300    0.0056900000    0.0032640000       1.2106840
       3484.0720    0.0057200000    0.0032800000       1.2107210
       3484.3130    0.0057700000    0.0033090000       1.2107270
       3484.5530    0.0058300000    0.0033420000       1.2106810
       3484.7950    0.0058500000    0.0033540000       1.2106650
       3485.0360    0.0058000000    0.0033250000       1.2106190
       3485.2770    0.0057300000    0.0032840000       1.2106160
       3485.5180    0.0056900000    0.0032620000       1.2106370
       3485.7590    0.0057000000    0.0032670000       1.2106480
       3486.0000    0.0056900000    0.0032620000       1.2106370
       3486.2410    0.0056500000    0.0032380000       1.2106310
       3486.4820    0.0055900000    0.0032030000       1.2106450
       3486.7230    0.0055500000    0.0031810000       1.2106880
       3486.9640    0.0055800000    0.0031970000       1.2107370
       3487.2050    0.0056600000    0.0032430000       1.2107600
       3487.4460    0.0057400000    0.0032890000       1.2107330
       3487.6880    0.0057600000    0.0033000000       1.2107130
       3487.9280    0.0057000000    0.0032650000       1.2106520
       3488.1690    0.0056400000    0.0032310000       1.2106640
       3488.4110    0.0056300000    0.0032250000       1.2107100
       3488.6520    0.0056600000    0.0032420000       1.2107100
       3488.8930    0.0056700000    0.0032470000       1.2106940
       3489.1340    0.0056500000    0.0032370000       1.2106820
       3489.3750    0.0056300000    0.0032230000       1.2106750
       3489.6160    0.0056000000    0.0032070000       1.2106710
       3489.8570    0.0055600000    0.0031830000       1.2106690
       3490.0980    0.0055100000    0.0031540000       1.2106830
       3490.3390    0.0054800000    0.0031370000       1.2107110
       3490.5800    0.0054800000    0.0031370000       1.2107340
       3490.8210    0.0054700000    0.0031310000       1.2107480
       3491.0620    0.0054600000    0.0031260000       1.2107800
       3491.3030    0.0055000000    0.0031480000       1.2108080
       3491.5440    0.0055500000    0.0031770000       1.2108100
       3491.7850    0.0055700000    0.0031870000       1.2107850
       3492.0270    0.0055400000    0.0031690000       1.2108030
       3492.2680    0.0055300000    0.0031630000       1.2108250
       3492.5090    0.0055800000    0.0031930000       1.2108490
       3492.7500    0.0056500000    0.0032320000       1.2108380
       3492.9910    0.0056700000    0.0032440000       1.2108020
       3493.2320    0.0056500000    0.0032300000       1.2107860
       3493.4730    0.0056500000    0.0032310000       1.2107790
       3493.7140    0.0056400000    0.0032250000       1.2107570
       3493.9550    0.0056000000    0.0032020000       1.2107380
       3494.1960    0.0055300000    0.0031620000       1.2107390
       3494.4370    0.0054900000    0.0031390000       1.2107670
       3494.6780    0.0054800000    0.0031330000       1.2107910
       3494.9190    0.0054900000    0.0031380000       1.2108170
       3495.1600    0.0055200000    0.0031550000       1.2108330
       3495.4010    0.0055700000    0.0031840000       1.2108370
       3495.6420    0.0056000000    0.0032010000       1.2107970
       3495.8840    0.0055600000    0.0031770000       1.2107910
       3496.1250    0.0055000000    0.0031430000       1.2107900
       3496.3660    0.0054800000    0.0031320000       1.2108210
       3496.6070    0.0055100000    0.0031480000       1.2108400
       3496.8480    0.0055500000    0.0031710000       1.2108390
       3497.0890    0.0055600000    0.0031760000       1.2108170
       3497.3300    0.0055400000    0.0031640000       1.2108120
       3497.5710    0.0055300000    0.0031600000       1.2108100
       3497.8120    0.0055300000    0.0031580000       1.2108110
       3498.0530    0.0055400000    0.0031650000       1.2107990
       3498.2940    0.0055200000    0.0031530000       1.2107750
       3498.5350    0.0054700000    0.0031240000       1.2107530
       3498.7760    0.0053700000    0.0030660000       1.2107550
       3499.0170    0.0053000000    0.0030260000       1.2108050
       3499.2580    0.0053100000    0.0030320000       1.2108530
       3499.5000    0.0053700000    0.0030670000       1.2109050
       3499.7400    0.0054100000    0.0030890000       1.2108670
       3499.9810    0.0054000000    0.0030830000       1.2108540
       3500.2230    0.0053700000    0.0030660000       1.2108830
       3500.4640    0.0053800000    0.0030700000       1.2108980
       3500.7050    0.0054000000    0.0030820000       1.2109030
       3500.9460    0.0054100000    0.0030870000       1.2109030
       3501.1870    0.0054100000    0.0030880000       1.2109050
       3501.4280    0.0054200000    0.0030930000       1.2109090
       3501.6690    0.0054300000    0.0030980000       1.2109060
       3501.9100    0.0054300000    0.0030980000       1.2109030
       3502.1510    0.0054300000    0.0030980000       1.2109030
       3502.3920    0.0054400000    0.0031030000       1.2108980
       3502.6330    0.0054300000    0.0030970000       1.2108850
       3502.8740    0.0054000000    0.0030810000       1.2108830
       3503.1150    0.0053800000    0.0030690000       1.2108910
       3503.3560    0.0053900000    0.0030730000       1.2109070
       3503.5970    0.0054200000    0.0030920000       1.2108880
       3503.8390    0.0054000000    0.0030780000       1.2108760
       3504.0800    0.0053300000    0.0030390000       1.2108650
       3504.3210    0.0052800000    0.0030110000       1.2108860
       3504.5620    0.0052700000    0.0030040000       1.2109160
       3504.8030    0.0052900000    0.0030150000       1.2109280
       3505.0440    0.0052900000    0.0030140000       1.2109310
       3505.2850    0.0052900000    0.0030160000       1.2109330
       3505.5260    0.0052700000    0.0030020000       1.2109290
       3505.7670    0.0052400000    0.0029860000       1.2109440
       3506.0080    0.0052300000    0.0029790000       1.2109650
       3506.2490    0.0052500000    0.0029910000       1.2109840
       3506.4900    0.0052600000    0.0029980000       1.2109740
       3506.7310    0.0052200000    0.0029740000       1.2109730
       3506.9720    0.0051800000    0.0029500000       1.2110030
       3507.2130    0.0051900000    0.0029570000       1.2110490
       3507.4550    0.0052800000    0.0030080000       1.2110990
       3507.6960    0.0053700000    0.0030580000       1.2110750
       3507.9370    0.0054000000    0.0030760000       1.2110320
       3508.1780    0.0053700000    0.0030580000       1.2110020
       3508.4190    0.0053300000    0.0030360000       1.2109920
       3508.6600    0.0052900000    0.0030120000       1.2109970
       3508.9010    0.0052700000    0.0030010000       1.2110160
       3509.1420    0.0052800000    0.0030070000       1.2110330
       3509.3830    0.0053100000    0.0030230000       1.2110310
       3509.6240    0.0053000000    0.0030180000       1.2110120
       3509.8650    0.0052600000    0.0029940000       1.2110110
       3510.1060    0.0052300000    0.0029770000       1.2110290
       3510.3470    0.0052400000    0.0029810000       1.2110490
       3510.5880    0.0052500000    0.0029870000       1.2110480
       3510.8290    0.0052300000    0.0029770000       1.2110490
       3511.0700    0.0052100000    0.0029650000       1.2110540
       3511.3120    0.0052100000    0.0029640000       1.2111050
       3511.5520    0.0052400000    0.0029810000       1.2110820
       3511.7940    0.0052500000    0.0029870000       1.2111020
       3512.0350    0.0052300000    0.0029750000       1.2110950
       3512.2760    0.0052100000    0.0029650000       1.2111120
       3512.5170    0.0052100000    0.0029640000       1.2111350
       3512.7580    0.0052300000    0.0029740000       1.2111590
       3512.9990    0.0052600000    0.0029920000       1.2111820
       3513.2400    0.0053200000    0.0030250000       1.2111960
       3513.4810    0.0053700000    0.0030540000       1.2111950
       3513.7220    0.0054200000    0.0030830000       1.2111930
       3513.9630    0.0054800000    0.0031160000       1.2111830
       3514.2040    0.0055600000    0.0031610000       1.2111600
       3514.4450    0.0056200000    0.0031950000       1.2110930
       3514.6860    0.0055800000    0.0031710000       1.2110150
       3514.9270    0.0054700000    0.0031090000       1.2109770
       3515.1680    0.0053800000    0.0030590000       1.2109890
       3515.4090    0.0053600000    0.0030470000       1.2109970
       3515.6510    0.0053500000    0.0030410000       1.2110120
       3515.8920    0.0053200000    0.0030230000       1.2109940
       3516.1330    0.0052700000    0.0029960000       1.2109920
       3516.3740    0.0052300000    0.0029710000       1.2110040
       3516.6150    0.0052100000    0.0029600000       1.2110240
       3516.8560    0.0052100000    0.0029600000       1.2110350
       3517.0970    0.0052100000    0.0029590000       1.2110400
       3517.3380    0.0052200000    0.0029650000       1.2110380
       3517.5790    0.0052000000    0.0029540000       1.2110170
       3517.8200    0.0051400000    0.0029180000       1.2110140
       3518.0610    0.0050900000    0.0028910000       1.2110410
       3518.3020    0.0051000000    0.0028970000       1.2110730
       3518.5430    0.0051400000    0.0029180000       1.2110700
       3518.7840    0.0051300000    0.0029120000       1.2110460
       3519.0250    0.0050600000    0.0028740000       1.2110270
       3519.2670    0.0049900000    0.0028320000       1.2110740
       3519.5080    0.0049800000    0.0028270000       1.2111130
       3519.7490    0.0050100000    0.0028450000       1.2111390
       3519.9900    0.0050500000    0.0028660000       1.2111460
       3520.2310    0.0050700000    0.0028780000       1.2111340
       3520.4720    0.0050500000    0.0028660000       1.2111220
       3520.7130    0.0050200000    0.0028500000       1.2111270
       3520.9540    0.0050000000    0.0028370000       1.2111420
       3521.1950    0.0050100000    0.0028430000       1.2111630
       3521.4360    0.0050300000    0.0028540000       1.2111570
       3521.6770    0.0050100000    0.0028420000       1.2111510
       3521.9180    0.0049800000    0.0028250000       1.2111570
       3522.1590    0.0049600000    0.0028130000       1.2111820
       3522.4000    0.0049900000    0.0028310000       1.2112040
       3522.6410    0.0050200000    0.0028480000       1.2111890
       3522.8830    0.0050200000    0.0028480000       1.2111950
       3523.1240    0.0050000000    0.0028360000       1.2111770
       3523.3650    0.0049700000    0.0028180000       1.2111770
       3523.6060    0.0049400000    0.0028010000       1.2111840
       3523.8470    0.0049200000    0.0027890000       1.2111980
       3524.0880    0.0049100000    0.0027830000       1.2112100
       3524.3290    0.0049000000    0.0027780000       1.2112170
       3524.5700    0.0048700000    0.0027600000       1.2112250
       3524.8110    0.0048400000    0.0027430000       1.2112550
       3525.0520    0.0048600000    0.0027550000       1.2112920
       3525.2930    0.0049100000    0.0027830000       1.2113020
       3525.5340    0.0049300000    0.0027940000       1.2112900
       3525.7750    0.0049100000    0.0027820000       1.2112820
       3526.0160    0.0048700000    0.0027590000       1.2112980
       3526.2570    0.0048800000    0.0027650000       1.2113360
       3526.4980    0.0049300000    0.0027930000       1.2113410
       3526.7400    0.0049600000    0.0028100000       1.2113610
       3526.9800    0.0049700000    0.0028160000       1.2113210
       3527.2220    0.0049700000    0.0028160000       1.2113420
       3527.4630    0.0049700000    0.0028150000       1.2113330
       3527.7040    0.0049600000    0.0028100000       1.2113340
       3527.9450    0.0049600000    0.0028090000       1.2113430
       3528.1860    0.0049800000    0.0028200000       1.2113470
       3528.4270    0.0049900000    0.0028260000       1.2113370
       3528.6680    0.0049800000    0.0028190000       1.2113250
       3528.9090    0.0049500000    0.0028020000       1.2113280
       3529.1500    0.0049500000    0.0028020000       1.2113440
       3529.3910    0.0049700000    0.0028130000       1.2113430
       3529.6320    0.0049700000    0.0028130000       1.2113310
       3529.8730    0.0049500000    0.0028020000       1.2113210
       3530.1140    0.0049200000    0.0027850000       1.2113190
       3530.3550    0.0048900000    0.0027670000       1.2113250
       3530.5960    0.0048700000    0.0027560000       1.2113400
       3530.8370    0.0048700000    0.0027560000       1.2113470
       3531.0790    0.0048800000    0.0027610000       1.2113720
       3531.3200    0.0048900000    0.0027670000       1.2113590
       3531.5610    0.0048600000    0.0027500000       1.2113440
       3531.8020    0.0048100000    0.0027210000       1.2113550
       3532.0430    0.0047900000    0.0027100000       1.2113780
       3532.2840    0.0047900000    0.0027100000       1.2113970
       3532.5250    0.0047900000    0.0027100000       1.2114030
       3532.7660    0.0047700000    0.0026980000       1.2114200
       3533.0070    0.0047800000    0.0027040000       1.2114470
       3533.2480    0.0048200000    0.0027260000       1.2114650
       3533.4890    0.0048700000    0.0027540000       1.2114540
       3533.7300    0.0048600000    0.0027480000       1.2114270
       3533.9710    0.0048200000    0.0027250000       1.2114290
       3534.2120    0.0048100000    0.0027200000       1.2114440
       3534.4530    0.0048200000    0.0027250000       1.2114420
       3534.6950    0.0048200000    0.0027250000       1.2114530
       3534.9360    0.0047900000    0.0027080000       1.2114410
       3535.1770    0.0047600000    0.0026900000       1.2114550
       3535.4180    0.0047500000    0.0026840000       1.2114680
       3535.6590    0.0047300000    0.0026740000       1.2114840
       3535.9000    0.0047300000    0.0026720000       1.2115080
       3536.1410    0.0047600000    0.0026890000       1.2115340
       3536.3820    0.0048100000    0.0027180000       1.2115290
       3536.6230    0.0048100000    0.0027170000       1.2115110
       3536.8640    0.0047900000    0.0027050000       1.2115070
       3537.1050    0.0047700000    0.0026940000       1.2115190
       3537.3460    0.0047900000    0.0027050000       1.2115280
       3537.5870    0.0047900000    0.0027050000       1.2115150
       3537.8280    0.0047600000    0.0026890000       1.2115070
       3538.0690    0.0047100000    0.0026600000       1.2115130
       3538.3110    0.0047000000    0.0026530000       1.2115620
       3538.5520    0.0047100000    0.0026590000       1.2115850
       3538.7920    0.0047500000    0.0026820000       1.2115820
       3539.0340    0.0048000000    0.0027100000       1.2115970
       3539.2750    0.0048200000    0.0027200000       1.2115670
       3539.5160    0.0047900000    0.0027040000       1.2115380
       3539.7570    0.0047200000    0.0026630000       1.2115360
       3539.9980    0.0046700000    0.0026360000       1.2115670
       3540.2390    0.0046800000    0.0026410000       1.2116010
       3540.4800    0.0047100000    0.0026570000       1.2116160
       3540.7210    0.0047400000    0.0026740000       1.2116180
       3540.9620    0.0047400000    0.0026750000       1.2116070
       3541.2030    0.0047300000    0.0026690000       1.2116110
       3541.4440    0.0047300000    0.0026680000       1.2116140
       3541.6850    0.0047400000    0.0026730000       1.2116200
       3541.9260    0.0047500000    0.0026800000       1.2116060
       3542.1670    0.0047300000    0.0026680000       1.2115910
       3542.4080    0.0046900000    0.0026450000       1.2115700
       3542.6500    0.0046100000    0.0025990000       1.2115970
       3542.8910    0.0045700000    0.0025770000       1.2116350
       3543.1320    0.0045900000    0.0025880000       1.2116700
       3543.3730    0.0046200000    0.0026060000       1.2116830
       3543.6140    0.0046300000    0.0026110000       1.2116840
       3543.8550    0.0046300000    0.0026100000       1.2116960
       3544.0960    0.0046500000    0.0026220000       1.2117090
       3544.3370    0.0046800000    0.0026390000       1.2117060
       3544.5780    0.0046900000    0.0026440000       1.2116870
       3544.8190    0.0046500000    0.0026220000       1.2116740
       3545.0600    0.0046200000    0.0026030000       1.2116880
       3545.3010    0.0046100000    0.0025990000       1.2117000
       3545.5420    0.0046100000    0.0025990000       1.2117100
       3545.7830    0.0046200000    0.0026030000       1.2117080
       3546.0240    0.0046000000    0.0025930000       1.2117010
       3546.2650    0.0045700000    0.0025740000       1.2116920
       3546.5070    0.0045200000    0.0025470000       1.2117210
       3546.7480    0.0044900000    0.0025300000       1.2117420
       3546.9890    0.0044900000    0.0025290000       1.2117740
       3547.2300    0.0045200000    0.0025460000       1.2117890
       3547.4710    0.0045200000    0.0025460000       1.2117860
       3547.7120    0.0045000000    0.0025340000       1.2118000
       3547.9530    0.0045000000    0.0025350000       1.2118200
       3548.1940    0.0045200000    0.0025450000       1.2118350
       3548.4350    0.0045400000    0.0025560000       1.2118370
       3548.6760    0.0045400000    0.0025560000       1.2118330
       3548.9170    0.0045200000    0.0025440000       1.2118300
       3549.1580    0.0044900000    0.0025270000       1.2118440
       3549.3990    0.0044800000    0.0025210000       1.2118630
       3549.6400    0.0044700000    0.0025160000       1.2118860
       3549.8810    0.0045000000    0.0025320000       1.2119070
       3550.1230    0.0045400000    0.0025550000       1.2119250
       3550.3640    0.0045500000    0.0025600000       1.2119120
       3550.6040    0.0045200000    0.0025430000       1.2118850
       3550.8460    0.0045000000    0.0025320000       1.2119290
       3551.0870    0.0045200000    0.0025430000       1.2119420
       3551.3280    0.0045500000    0.0025590000       1.2119390
       3551.5690    0.0045300000    0.0025480000       1.2119250
       3551.8100    0.0044900000    0.0025270000       1.2119390
       3552.0510    0.0044900000    0.0025260000       1.2119630
       3552.2920    0.0045100000    0.0025370000       1.2119770
       3552.5330    0.0045300000    0.0025470000       1.2119760
       3552.7740    0.0045200000    0.0025410000       1.2119740
       3553.0150    0.0045100000    0.0025350000       1.2119830
       3553.2560    0.0045100000    0.0025350000       1.2119900
       3553.4970    0.0045000000    0.0025310000       1.2119850
       3553.7390    0.0044800000    0.0025180000       1.2120150
       3553.9790    0.0044700000    0.0025120000       1.2120130
       3554.2200    0.0044800000    0.0025180000       1.2120220
       3554.4620    0.0044600000    0.0025070000       1.2120440
       3554.7030    0.0044400000    0.0024960000       1.2120650
       3554.9440    0.0044700000    0.0025120000       1.2121040
       3555.1850    0.0045500000    0.0025580000       1.2121120
       3555.4260    0.0046000000    0.0025840000       1.2120810
       3555.6670    0.0045800000    0.0025750000       1.2120440
       3555.9080    0.0045100000    0.0025340000       1.2120310
       3556.1490    0.0044600000    0.0025060000       1.2120530
       3556.3900    0.0044500000    0.0025000000       1.2120710
       3556.6310    0.0044400000    0.0024940000       1.2120790
       3556.8720    0.0044100000    0.0024770000       1.2120860
       3557.1130    0.0043700000    0.0024550000       1.2121040
       3557.3540    0.0043300000    0.0024320000       1.2121360
       3557.5950    0.0043200000    0.0024260000       1.2121880
       3557.8360    0.0043700000    0.0024540000       1.2122370
       3558.0780    0.0044800000    0.0025160000       1.2122730
       3558.3190    0.0045500000    0.0025550000       1.2122360
       3558.5600    0.0045400000    0.0025500000       1.2122030
       3558.8010    0.0044900000    0.0025210000       1.2122020
       3559.0420    0.0044900000    0.0025200000       1.2122310
       3559.2830    0.0045300000    0.0025430000       1.2122330
       3559.5240    0.0045400000    0.0025490000       1.2122140
       3559.7650    0.0045000000    0.0025260000       1.2121970
       3560.0060    0.0044500000    0.0024990000       1.2122100
       3560.2470    0.0044300000    0.0024860000       1.2122270
       3560.4880    0.0044100000    0.0024750000       1.2122480
       3560.7290    0.0044100000    0.0024750000       1.2122670
       3560.9700    0.0044100000    0.0024750000       1.2122780
       3561.2110    0.0043900000    0.0024640000       1.2122830
       3561.4520    0.0043500000    0.0024400000       1.2123030
       3561.6930    0.0043100000    0.0024190000       1.2123400
       3561.9350    0.0043300000    0.0024290000       1.2124250
       3562.1760    0.0044300000    0.0024850000       1.2124620
       3562.4170    0.0045200000    0.0025350000       1.2124630
       3562.6580    0.0045700000    0.0025630000       1.2124530
       3562.8990    0.0046100000    0.0025840000       1.2124580
       3563.1400    0.0046900000    0.0026300000       1.2124550
       3563.3810    0.0047600000    0.0026700000       1.2124130
       3563.6220    0.0047700000    0.0026740000       1.2123550
       3563.8630    0.0047200000    0.0026460000       1.2123080
       3564.1040    0.0046400000    0.0026010000       1.2122830
       3564.3450    0.0045500000    0.0025510000       1.2122840
       3564.5860    0.0044800000    0.0025120000       1.2123070
       3564.8270    0.0044500000    0.0024950000       1.2123410
       3565.0680    0.0044600000    0.0024990000       1.2123620
       3565.3090    0.0044500000    0.0024940000       1.2123590
       3565.5510    0.0044200000    0.0024770000       1.2123850
       3565.7920    0.0044000000    0.0024650000       1.2124080
       3566.0320    0.0044100000    0.0024710000       1.2124090
       3566.2740    0.0044300000    0.0024810000       1.2124300
       3566.5150    0.0044100000    0.0024690000       1.2124180
       3566.7560    0.0043700000    0.0024480000       1.2124230
       3566.9970    0.0043300000    0.0024250000       1.2124420
       3567.2380    0.0043200000    0.0024200000       1.2124670
       3567.4790    0.0043100000    0.0024140000       1.2124790
       3567.7200    0.0042900000    0.0024030000       1.2124960
       3567.9610    0.0042700000    0.0023920000       1.2125150
       3568.2020    0.0042600000    0.0023850000       1.2125380
       3568.4430    0.0042400000    0.0023750000       1.2125590
       3568.6840    0.0042400000    0.0023740000       1.2125980
       3568.9250    0.0042800000    0.0023970000       1.2126130
       3569.1670    0.0043000000    0.0024070000       1.2126330
       3569.4070    0.0042800000    0.0023970000       1.2126060
       3569.6480    0.0042200000    0.0023630000       1.2126270
       3569.8900    0.0042200000    0.0023620000       1.2126970
       3570.1310    0.0042800000    0.0023950000       1.2127170
       3570.3720    0.0043200000    0.0024180000       1.2127140
       3570.6130    0.0043200000    0.0024180000       1.2126990
       3570.8540    0.0042800000    0.0023950000       1.2127000
       3571.0950    0.0042500000    0.0023780000       1.2127170
       3571.3360    0.0042200000    0.0023610000       1.2127410
       3571.5770    0.0042100000    0.0023560000       1.2127740
       3571.8180    0.0042200000    0.0023600000       1.2128020
       3572.0590    0.0042400000    0.0023720000       1.2128220
       3572.3000    0.0042400000    0.0023700000       1.2128300
       3572.5410    0.0042300000    0.0023650000       1.2128580
       3572.7820    0.0042500000    0.0023770000       1.2128840
       3573.0230    0.0042900000    0.0023980000       1.2129010
       3573.2640    0.0043200000    0.0024150000       1.2128830
       3573.5060    0.0042800000    0.0023930000       1.2128870
       3573.7470    0.0042300000    0.0023650000       1.2129040
       3573.9880    0.0042200000    0.0023600000       1.2129420
       3574.2290    0.0042500000    0.0023760000       1.2129650
       3574.4700    0.0042600000    0.0023810000       1.2129660
       3574.7110    0.0042400000    0.0023700000       1.2129750
       3574.9520    0.0042200000    0.0023600000       1.2129880
       3575.1930    0.0041900000    0.0023420000       1.2130050
       3575.4340    0.0041600000    0.0023250000       1.2130370
       3575.6750    0.0041500000    0.0023200000       1.2130770
       3575.9160    0.0041700000    0.0023300000       1.2131140
       3576.1570    0.0041900000    0.0023420000       1.2131360
       3576.3980    0.0042000000    0.0023470000       1.2131590
       3576.6390    0.0042200000    0.0023580000       1.2131820
       3576.8800    0.0042500000    0.0023740000       1.2131980
       3577.1210    0.0042700000    0.0023850000       1.2131910
       3577.3630    0.0042400000    0.0023690000       1.2132060
       3577.6040    0.0042000000    0.0023470000       1.2132260
       3577.8450    0.0042000000    0.0023460000       1.2132640
       3578.0860    0.0042300000    0.0023630000       1.2132850
       3578.3270    0.0042300000    0.0023620000       1.2132830
       3578.5680    0.0041800000    0.0023350000       1.2132970
       3578.8090    0.0041400000    0.0023130000       1.2133340
       3579.0500    0.0041300000    0.0023060000       1.2133840
       3579.2910    0.0041500000    0.0023170000       1.2134290
       3579.5320    0.0041800000    0.0023330000       1.2134690
       3579.7730    0.0042400000    0.0023680000       1.2135020
       3580.0140    0.0043100000    0.0024070000       1.2134980
       3580.2550    0.0043200000    0.0024120000       1.2134700
       3580.4960    0.0042600000    0.0023780000       1.2134550
       3580.7370    0.0041700000    0.0023280000       1.2134690
       3580.9790    0.0041100000    0.0022940000       1.2135410
       3581.2190    0.0041000000    0.0022870000       1.2135750
       3581.4600    0.0041100000    0.0022930000       1.2136170
       3581.7020    0.0041100000    0.0022930000       1.2136630
       3581.9430    0.0041000000    0.0022870000       1.2136900
       3582.1840    0.0040800000    0.0022760000       1.2137320
       3582.4250    0.0040800000    0.0022770000       1.2137850
       3582.6660    0.0041100000    0.0022920000       1.2138320
       3582.9070    0.0041500000    0.0023140000       1.2138680
       3583.1480    0.0041800000    0.0023310000       1.2138870
       3583.3890    0.0041800000    0.0023310000       1.2139040
       3583.6300    0.0041700000    0.0023260000       1.2139270
       3583.8710    0.0041500000    0.0023150000       1.2139530
       3584.1120    0.0041200000    0.0022970000       1.2139840
       3584.3530    0.0040800000    0.0022750000       1.2140330
       3584.5940    0.0040700000    0.0022700000       1.2140980
       3584.8350    0.0041100000    0.0022910000       1.2141560
       3585.0760    0.0041600000    0.0023190000       1.2141780
       3585.3180    0.0041600000    0.0023200000       1.2141990
       3585.5590    0.0041000000    0.0022860000       1.2142120
       3585.8000    0.0040300000    0.0022470000       1.2142660
       3586.0410    0.0039900000    0.0022240000       1.2143340
       3586.2820    0.0039700000    0.0022120000       1.2144110
       3586.5230    0.0039800000    0.0022180000       1.2144850
       3586.7640    0.0039900000    0.0022240000       1.2145450
       3587.0050    0.0039900000    0.0022240000       1.2146080
       3587.2460    0.0039900000    0.0022230000       1.2146720
       3587.4870    0.0039800000    0.0022180000       1.2147480
       3587.7280    0.0040100000    0.0022340000       1.2148290
       3587.9690    0.0040400000    0.0022510000       1.2148870
       3588.2100    0.0040400000    0.0022500000       1.2149440
       3588.4510    0.0040100000    0.0022340000       1.2150100
       3588.6920    0.0039800000    0.0022160000       1.2151000
       3588.9340    0.0039900000    0.0022220000       1.2152200
       3589.1750    0.0040200000    0.0022390000       1.2153160
       3589.4160    0.0040600000    0.0022610000       1.2154070
       3589.6570    0.0040800000    0.0022720000       1.2155000
       3589.8980    0.0041000000    0.0022840000       1.2156000
       3590.1390    0.0041200000    0.0022940000       1.2157110
       3590.3800    0.0041600000    0.0023160000       1.2158310
       3590.6210    0.0042100000    0.0023450000       1.2159550
       3590.8620    0.0042900000    0.0023880000       1.2160770
       3591.1030    0.0043600000    0.0024270000       1.2161900
       3591.3440    0.0044100000    0.0024560000       1.2163080
       3591.5850    0.0044600000    0.0024820000       1.2164510
       3591.8260    0.0045600000    0.0025380000       1.2166090
       3592.0670    0.0046900000    0.0026100000       1.2167520
       3592.3080    0.0048200000    0.0026830000       1.2168820
       3592.5490    0.0049100000    0.0027320000       1.2170070
       3592.7910    0.0050100000    0.0027880000       1.2172010
       3593.0310    0.0051600000    0.0028720000       1.2173410
       3593.2730    0.0053400000    0.0029720000       1.2175300
       3593.5140    0.0055000000    0.0030600000       1.2176750
       3593.7550    0.0056600000    0.0031500000       1.2178500
       3593.9960    0.0058400000    0.0032500000       1.2180250
       3594.2370    0.0060300000    0.0033550000       1.2182070
       3594.4780    0.0062200000    0.0034600000       1.2183900
       3594.7190    0.0064000000    0.0035610000       1.2185880
       3594.9600    0.0065800000    0.0036620000       1.2187950
       3595.2010    0.0067400000    0.0037500000       1.2190270
       3595.4420    0.0068900000    0.0038350000       1.2193010
       3595.6830    0.0070800000    0.0039390000       1.2196310
       3595.9240    0.0073500000    0.0040900000       1.2199910
       3596.1650    0.0076400000    0.0042520000       1.2203550
       3596.4060    0.0078900000    0.0043900000       1.2207650
       3596.6470    0.0081300000    0.0045250000       1.2212770
       3596.8880    0.0084400000    0.0046970000       1.2219050
       3597.1300    0.0088700000    0.0049370000       1.2227210
       3597.3710    0.0094500000    0.0052590000       1.2236810
       3597.6120     0.010340000    0.0057570000       1.2249390
       3597.8530     0.011900000    0.0066250000       1.2265450
       3598.0940     0.014670000    0.0081720000       1.2284680
       3598.3350     0.019340000     0.010779000       1.2304590
       3598.5760     0.026480000     0.014767000       1.2319370
       3598.8170     0.035970000     0.020072000       1.2319560
       3599.0580     0.046340000     0.025865000       1.2295490
       3599.2990     0.054810000     0.030589000       1.2244530
       3599.5400     0.058650000     0.032713000       1.2176180
       3599.7810     0.056980000     0.031750000       1.2108720
       3600.0220     0.051290000     0.028548000       1.2057570
       3600.2630     0.044060000     0.024500000       1.2027810
       3600.5040     0.037240000     0.020692000       1.2015160
       3600.7460     0.031690000     0.017599000       1.2015010
       3600.9870     0.027480000     0.015255000       1.2018340
       3601.2280     0.024360000     0.013520000       1.2024230
       3601.4690     0.022070000     0.012248000       1.2030400
       3601.7100     0.020380000     0.011308000       1.2036150
       3601.9510     0.019110000     0.010602000       1.2041020
       3602.1920     0.018100000     0.010041000       1.2045030
       3602.4330     0.017290000    0.0095910000       1.2048400
       3602.6740     0.016640000    0.0092300000       1.2051030
       3602.9150     0.016090000    0.0089230000       1.2052840
       3603.1560     0.015540000    0.0086180000       1.2053870
       3603.3970     0.014930000    0.0082780000       1.2054630
       3603.6380     0.014290000    0.0079220000       1.2055670
       3603.8790     0.013720000    0.0076060000       1.2057000
       3604.1200     0.013220000    0.0073280000       1.2058020
       3604.3620     0.012760000    0.0070730000       1.2059480
       3604.6030     0.012290000    0.0068130000       1.2060040
       3604.8440     0.011810000    0.0065440000       1.2060860
       3605.0850     0.011330000    0.0062770000       1.2061730
       3605.3260     0.010850000    0.0060110000       1.2062790
       3605.5670     0.010400000    0.0057610000       1.2064010
       3605.8080    0.0099800000    0.0055290000       1.2065290
       3606.0490    0.0095800000    0.0053070000       1.2066610
       3606.2900    0.0092000000    0.0050960000       1.2068090
       3606.5310    0.0088700000    0.0049130000       1.2069700
       3606.7720    0.0086100000    0.0047680000       1.2071230
       3607.0130    0.0083700000    0.0046350000       1.2072430
       3607.2540    0.0080900000    0.0044800000       1.2073470
       3607.4950    0.0077700000    0.0043030000       1.2074780
       3607.7360    0.0075000000    0.0041540000       1.2076480
       3607.9770    0.0073000000    0.0040420000       1.2078060
       3608.2190    0.0071500000    0.0039580000       1.2079970
       3608.4590    0.0070000000    0.0038750000       1.2080820
       3608.7010    0.0068400000    0.0037860000       1.2082550
       3608.9420    0.0067000000    0.0037080000       1.2083870
       3609.1830    0.0065800000    0.0036410000       1.2085370
       3609.4240    0.0065000000    0.0035960000       1.2086980
       3609.6650    0.0065000000    0.0035970000       1.2088490
       3609.9060    0.0065400000    0.0036200000       1.2089550
       3610.1470    0.0065600000    0.0036300000       1.2090170
       3610.3880    0.0065100000    0.0036010000       1.2090720
       3610.6290    0.0064500000    0.0035680000       1.2091450
       3610.8700    0.0064000000    0.0035400000       1.2092180
       3611.1110    0.0063600000    0.0035180000       1.2092840
       3611.3520    0.0062900000    0.0034790000       1.2093390
       3611.5930    0.0062000000    0.0034300000       1.2094150
       3611.8340    0.0061200000    0.0033850000       1.2095080
       3612.0750    0.0060900000    0.0033680000       1.2096200
       3612.3160    0.0061100000    0.0033790000       1.2097080
       3612.5580    0.0061600000    0.0034060000       1.2098100
       3612.7990    0.0062100000    0.0034350000       1.2098450
       3613.0400    0.0062100000    0.0034340000       1.2098720
       3613.2810    0.0061600000    0.0034060000       1.2099180
       3613.5220    0.0061400000    0.0033940000       1.2099990
       3613.7630    0.0061800000    0.0034160000       1.2100760
       3614.0040    0.0062600000    0.0034600000       1.2101280
       3614.2450    0.0063100000    0.0034880000       1.2101460
       3614.4860    0.0063300000    0.0034990000       1.2101790
       3614.7270    0.0063800000    0.0035270000       1.2102080
       3614.9680    0.0064400000    0.0035600000       1.2102240
       3615.2090    0.0065000000    0.0035930000       1.2102130
       3615.4500    0.0065100000    0.0035980000       1.2101860
       3615.6910    0.0064900000    0.0035860000       1.2101660
       3615.9320    0.0064500000    0.0035640000       1.2101360
       3616.1740    0.0063700000    0.0035200000       1.2101400
       3616.4150    0.0062600000    0.0034580000       1.2101380
       3616.6560    0.0061700000    0.0034090000       1.2101680
       3616.8970    0.0061000000    0.0033690000       1.2102000
       3617.1380    0.0060300000    0.0033310000       1.2102420
       3617.3790    0.0059900000    0.0033080000       1.2102940
       3617.6200    0.0059900000    0.0033070000       1.2103410
       3617.8610    0.0060100000    0.0033190000       1.2103650
       3618.1020    0.0060000000    0.0033140000       1.2103580
       3618.3430    0.0059200000    0.0032690000       1.2103560
       3618.5840    0.0058200000    0.0032130000       1.2103890
       3618.8250    0.0057500000    0.0031750000       1.2104480
       3619.0660    0.0057300000    0.0031630000       1.2105020
       3619.3070    0.0057100000    0.0031520000       1.2105470
       3619.5480    0.0056900000    0.0031410000       1.2105870
       3619.7900    0.0056800000    0.0031350000       1.2106580
       3620.0310    0.0056900000    0.0031400000       1.2107110
       3620.2710    0.0057100000    0.0031520000       1.2107290
       3620.5130    0.0057500000    0.0031730000       1.2108010
       3620.7540    0.0058000000    0.0032010000       1.2108220
       3620.9950    0.0058300000    0.0032160000       1.2108370
       3621.2360    0.0058300000    0.0032170000       1.2108660
       3621.4770    0.0058600000    0.0032340000       1.2109160
       3621.7180    0.0059600000    0.0032880000       1.2109650
       3621.9590    0.0061100000    0.0033710000       1.2109690
       3622.2000    0.0062200000    0.0034300000       1.2109270
       3622.4410    0.0062700000    0.0034590000       1.2108720
       3622.6820    0.0062700000    0.0034590000       1.2108150
       3622.9230    0.0062400000    0.0034420000       1.2107700
       3623.1640    0.0061900000    0.0034140000       1.2107260
       3623.4050    0.0061100000    0.0033690000       1.2106960
       3623.6460    0.0060300000    0.0033250000       1.2106780
       3623.8870    0.0059300000    0.0032710000       1.2106530
       3624.1290    0.0058100000    0.0032030000       1.2106770
       3624.3700    0.0057000000    0.0031420000       1.2106980
       3624.6110    0.0056200000    0.0030990000       1.2107380
       3624.8520    0.0055700000    0.0030700000       1.2107730
       3625.0930    0.0055100000    0.0030370000       1.2108060
       3625.3340    0.0054600000    0.0030090000       1.2108570
       3625.5750    0.0054500000    0.0030040000       1.2109090
       3625.8160    0.0054700000    0.0030150000       1.2109490
       3626.0570    0.0055000000    0.0030300000       1.2109640
       3626.2980    0.0054900000    0.0030260000       1.2109690
       3626.5390    0.0054700000    0.0030130000       1.2109780
       3626.7800    0.0054400000    0.0029960000       1.2109900
       3627.0210    0.0054000000    0.0029740000       1.2110010
       3627.2620    0.0053300000    0.0029360000       1.2110240
       3627.5030    0.0052800000    0.0029080000       1.2110700
       3627.7440    0.0052600000    0.0028970000       1.2111140
       3627.9860    0.0052700000    0.0029020000       1.2111790
       3628.2270    0.0052800000    0.0029080000       1.2112050
       3628.4680    0.0052900000    0.0029130000       1.2112400
       3628.7090    0.0053100000    0.0029240000       1.2112730
       3628.9500    0.0053400000    0.0029400000       1.2112930
       3629.1910    0.0053400000    0.0029400000       1.2113080
       3629.4320    0.0053300000    0.0029350000       1.2113320
       3629.6730    0.0053200000    0.0029290000       1.2113680
       3629.9140    0.0053400000    0.0029400000       1.2114080
       3630.1550    0.0053500000    0.0029460000       1.2114360
       3630.3960    0.0053600000    0.0029500000       1.2114810
       3630.6370    0.0053900000    0.0029670000       1.2115320
       3630.8780    0.0054500000    0.0030000000       1.2115880
       3631.1190    0.0055400000    0.0030480000       1.2116390
       3631.3600    0.0056700000    0.0031200000       1.2116810
       3631.6020    0.0058400000    0.0032140000       1.2117200
       3631.8430    0.0060100000    0.0033060000       1.2117130
       3632.0830    0.0061700000    0.0033950000       1.2116550
       3632.3250    0.0063300000    0.0034830000       1.2116450
       3632.5660    0.0065200000    0.0035870000       1.2115680
       3632.8070    0.0066900000    0.0036800000       1.2114350
       3633.0480    0.0067300000    0.0037020000       1.2112480
       3633.2890    0.0066000000    0.0036300000       1.2110710
       3633.5300    0.0063600000    0.0034970000       1.2109610
       3633.7710    0.0061200000    0.0033660000       1.2109170
       3634.0120    0.0059100000    0.0032490000       1.2109100
       3634.2530    0.0057500000    0.0031610000       1.2109270
       3634.4940    0.0056100000    0.0030840000       1.2109420
       3634.7350    0.0054900000    0.0030170000       1.2109690
       3634.9760    0.0053700000    0.0029520000       1.2109820
       3635.2180    0.0052400000    0.0028800000       1.2110530
       3635.4580    0.0051600000    0.0028360000       1.2110870
       3635.6990    0.0051200000    0.0028130000       1.2111440
       3635.9410    0.0051000000    0.0028020000       1.2112030
       3636.1820    0.0050700000    0.0027860000       1.2112310
       3636.4230    0.0050400000    0.0027700000       1.2112670
       3636.6640    0.0050300000    0.0027630000       1.2113100
       3636.9050    0.0050400000    0.0027690000       1.2113360
       3637.1460    0.0050200000    0.0027580000       1.2113570
       3637.3870    0.0050100000    0.0027530000       1.2113900
       3637.6280    0.0050200000    0.0027570000       1.2114160
       3637.8690    0.0050300000    0.0027630000       1.2114320
       3638.1100    0.0050200000    0.0027560000       1.2114420
       3638.3510    0.0050100000    0.0027520000       1.2114640
       3638.5920    0.0050100000    0.0027510000       1.2114760
       3638.8330    0.0050000000    0.0027450000       1.2114900
       3639.0740    0.0049800000    0.0027340000       1.2115000
       3639.3150    0.0049500000    0.0027170000       1.2115240
       3639.5570    0.0049700000    0.0027280000       1.2115740
       3639.7980    0.0050000000    0.0027450000       1.2115790
       3640.0390    0.0050100000    0.0027510000       1.2115670
       3640.2800    0.0049600000    0.0027220000       1.2115670
       3640.5210    0.0049300000    0.0027070000       1.2115960
       3640.7620    0.0049300000    0.0027060000       1.2116220
       3641.0030    0.0049500000    0.0027170000       1.2116320
       3641.2440    0.0049300000    0.0027040000       1.2116340
       3641.4850    0.0049100000    0.0026940000       1.2116550
       3641.7260    0.0049000000    0.0026880000       1.2116730
       3641.9670    0.0049100000    0.0026930000       1.2116920
       3642.2080    0.0049000000    0.0026880000       1.2116960
       3642.4490    0.0048900000    0.0026820000       1.2117160
       3642.6900    0.0048900000    0.0026820000       1.2117230
       3642.9310    0.0048700000    0.0026710000       1.2117380
       3643.1720    0.0048600000    0.0026640000       1.2117510
       3643.4140    0.0048700000    0.0026700000       1.2117980
       3643.6550    0.0049100000    0.0026930000       1.2117990
       3643.8960    0.0049300000    0.0027030000       1.2117850
       3644.1370    0.0049000000    0.0026870000       1.2117620
       3644.3780    0.0048300000    0.0026480000       1.2117650
       3644.6190    0.0047800000    0.0026200000       1.2117880
       3644.8600    0.0047500000    0.0026040000       1.2118170
       3645.1010    0.0047300000    0.0025930000       1.2118380
       3645.3420    0.0047000000    0.0025770000       1.2118680
       3645.5830    0.0047000000    0.0025760000       1.2119000
       3645.8240    0.0047000000    0.0025750000       1.2119250
       3646.0650    0.0047000000    0.0025750000       1.2119500
       3646.3060    0.0047000000    0.0025750000       1.2119800
       3646.5470    0.0047300000    0.0025920000       1.2120090
       3646.7880    0.0047600000    0.0026080000       1.2120120
       3647.0300    0.0047700000    0.0026130000       1.2120350
       3647.2710    0.0047600000    0.0026080000       1.2120390
       3647.5120    0.0047600000    0.0026070000       1.2120640
       3647.7530    0.0047900000    0.0026250000       1.2120840
       3647.9940    0.0048200000    0.0026400000       1.2120830
       3648.2350    0.0048100000    0.0026340000       1.2120830
       3648.4760    0.0048000000    0.0026290000       1.2120960
       3648.7170    0.0048000000    0.0026280000       1.2121120
       3648.9580    0.0048100000    0.0026350000       1.2121280
       3649.1990    0.0048200000    0.0026400000       1.2121350
       3649.4400    0.0048300000    0.0026440000       1.2121470
       3649.6810    0.0048500000    0.0026550000       1.2121500
       3649.9220    0.0048400000    0.0026510000       1.2121440
       3650.1630    0.0048200000    0.0026400000       1.2121530
       3650.4040    0.0048200000    0.0026380000       1.2121610
       3650.6460    0.0048300000    0.0026430000       1.2121910
       3650.8860    0.0048200000    0.0026380000       1.2121630
       3651.1270    0.0047800000    0.0026160000       1.2121730
       3651.3690    0.0047800000    0.0026150000       1.2122210
       3651.6100    0.0048200000    0.0026370000       1.2122230
       3651.8510    0.0048300000    0.0026430000       1.2122010
       3652.0920    0.0047700000    0.0026110000       1.2121750
       3652.3330    0.0046600000    0.0025500000       1.2121880
       3652.5740    0.0045900000    0.0025110000       1.2122410
       3652.8150    0.0045700000    0.0025000000       1.2123030
       3653.0560    0.0046000000    0.0025160000       1.2123630
       3653.2970    0.0046700000    0.0025540000       1.2124060
       3653.5380    0.0047600000    0.0026030000       1.2124180
       3653.7790    0.0048100000    0.0026300000       1.2124030
       3654.0200    0.0048200000    0.0026360000       1.2123940
       3654.2610    0.0048200000    0.0026350000       1.2123910
       3654.5020    0.0048300000    0.0026410000       1.2123970
       3654.7430    0.0048500000    0.0026520000       1.2123780
       3654.9850    0.0048200000    0.0026350000       1.2123770
       3655.2260    0.0047700000    0.0026080000       1.2123740
       3655.4670    0.0047300000    0.0025860000       1.2123910
       3655.7080    0.0047200000    0.0025790000       1.2124170
       3655.9490    0.0047200000    0.0025810000       1.2124250
       3656.1900    0.0046900000    0.0025630000       1.2124360
       3656.4310    0.0046800000    0.0025570000       1.2124640
       3656.6720    0.0046900000    0.0025630000       1.2124810
       3656.9130    0.0047000000    0.0025670000       1.2124900
       3657.1540    0.0046900000    0.0025630000       1.2124920
       3657.3950    0.0046700000    0.0025520000       1.2124970
       3657.6360    0.0046400000    0.0025350000       1.2125040
       3657.8770    0.0045900000    0.0025080000       1.2125170
       3658.1180    0.0045300000    0.0024740000       1.2125550
       3658.3590    0.0045300000    0.0024740000       1.2126180
       3658.6000    0.0045900000    0.0025080000       1.2126490
       3658.8420    0.0046500000    0.0025380000       1.2126690
       3659.0830    0.0046500000    0.0025390000       1.2126490
       3659.3240    0.0046000000    0.0025130000       1.2126570
       3659.5650    0.0045700000    0.0024950000       1.2126910
       3659.8060    0.0045800000    0.0025000000       1.2127330
       3660.0470    0.0046200000    0.0025220000       1.2127630
       3660.2880    0.0046600000    0.0025450000       1.2127730
       3660.5290    0.0046800000    0.0025540000       1.2127730
       3660.7700    0.0046800000    0.0025540000       1.2127740
       3661.0110    0.0046500000    0.0025390000       1.2127800
       3661.2520    0.0046300000    0.0025270000       1.2128120
       3661.4930    0.0046600000    0.0025420000       1.2128430
       3661.7340    0.0046900000    0.0025600000       1.2128500
       3661.9750    0.0046900000    0.0025590000       1.2128470
       3662.2160    0.0046600000    0.0025420000       1.2128540
       3662.4580    0.0046500000    0.0025360000       1.2129110
       3662.6980    0.0046800000    0.0025540000       1.2129160
       3662.9390    0.0047100000    0.0025690000       1.2129220
       3663.1810    0.0047100000    0.0025690000       1.2129460
       3663.4220    0.0047100000    0.0025690000       1.2129550
       3663.6630    0.0047200000    0.0025740000       1.2129730
       3663.9040    0.0047400000    0.0025850000       1.2129850
       3664.1450    0.0047500000    0.0025900000       1.2129890
       3664.3860    0.0047500000    0.0025910000       1.2129940
       3664.6270    0.0047400000    0.0025840000       1.2129930
       3664.8680    0.0046900000    0.0025580000       1.2130040
       3665.1090    0.0046600000    0.0025410000       1.2130420
       3665.3500    0.0046700000    0.0025470000       1.2130820
       3665.5910    0.0047100000    0.0025680000       1.2131050
       3665.8320    0.0047200000    0.0025730000       1.2131090
       3666.0730    0.0046900000    0.0025570000       1.2131280
       3666.3140    0.0046800000    0.0025500000       1.2131730
       3666.5550    0.0047200000    0.0025720000       1.2132220
       3666.7970    0.0048100000    0.0026210000       1.2132730
       3667.0380    0.0049000000    0.0026710000       1.2132750
       3667.2790    0.0049800000    0.0027140000       1.2132670
       3667.5200    0.0050500000    0.0027520000       1.2132460
       3667.7610    0.0050900000    0.0027740000       1.2132040
       3668.0020    0.0050700000    0.0027630000       1.2131630
       3668.2430    0.0050300000    0.0027400000       1.2131450
       3668.4840    0.0050000000    0.0027240000       1.2131320
       3668.7250    0.0049500000    0.0026960000       1.2131110
       3668.9660    0.0048600000    0.0026470000       1.2131070
       3669.2070    0.0047700000    0.0025980000       1.2131320
       3669.4480    0.0047200000    0.0025700000       1.2131760
       3669.6890    0.0047100000    0.0025640000       1.2132150
       3669.9300    0.0047100000    0.0025640000       1.2132460
       3670.1710    0.0047200000    0.0025700000       1.2132650
       3670.4130    0.0047400000    0.0025810000       1.2132990
       3670.6540    0.0047600000    0.0025920000       1.2132920
       3670.8950    0.0047400000    0.0025810000       1.2132760
       3671.1360    0.0046700000    0.0025420000       1.2132760
       3671.3770    0.0046000000    0.0025050000       1.2132990
       3671.6180    0.0045400000    0.0024720000       1.2133380
       3671.8590    0.0045200000    0.0024600000       1.2133880
       3672.1000    0.0045200000    0.0024610000       1.2134280
       3672.3410    0.0045400000    0.0024700000       1.2134600
       3672.5820    0.0045500000    0.0024750000       1.2134740
       3672.8230    0.0045200000    0.0024600000       1.2134860
       3673.0640    0.0044700000    0.0024310000       1.2135150
       3673.3050    0.0044400000    0.0024150000       1.2135720
       3673.5460    0.0044700000    0.0024310000       1.2136260
       3673.7870    0.0045200000    0.0024590000       1.2136530
       3674.0280    0.0045300000    0.0024640000       1.2136580
       3674.2700    0.0045300000    0.0024640000       1.2137060
       3674.5100    0.0045400000    0.0024690000       1.2137000
       3674.7520    0.0045500000    0.0024760000       1.2137440
       3674.9930    0.0045500000    0.0024760000       1.2137500
       3675.2340    0.0045500000    0.0024740000       1.2137730
       3675.4750    0.0045500000    0.0024740000       1.2137840
       3675.7160    0.0045200000    0.0024580000       1.2137970
       3675.9570    0.0044800000    0.0024360000       1.2138240
       3676.1980    0.0044600000    0.0024240000       1.2138690
       3676.4390    0.0044800000    0.0024360000       1.2139020
       3676.6800    0.0044800000    0.0024360000       1.2139090
       3676.9210    0.0044200000    0.0024030000       1.2139210
       3677.1620    0.0043400000    0.0023590000       1.2139700
       3677.4030    0.0043100000    0.0023440000       1.2140460
       3677.6440    0.0043400000    0.0023590000       1.2141140
       3677.8850    0.0043900000    0.0023850000       1.2141630
       3678.1260    0.0044300000    0.0024070000       1.2141910
       3678.3680    0.0044600000    0.0024240000       1.2142370
       3678.6090    0.0044900000    0.0024390000       1.2142550
       3678.8500    0.0045000000    0.0024450000       1.2142780
       3679.0910    0.0045100000    0.0024490000       1.2143010
       3679.3320    0.0045000000    0.0024440000       1.2143230
       3679.5730    0.0044800000    0.0024330000       1.2143510
       3679.8140    0.0044400000    0.0024120000       1.2143920
       3680.0550    0.0044300000    0.0024060000       1.2144630
       3680.2960    0.0044900000    0.0024390000       1.2145230
       3680.5370    0.0045600000    0.0024760000       1.2145470
       3680.7780    0.0045800000    0.0024870000       1.2145480
       3681.0190    0.0045300000    0.0024610000       1.2145640
       3681.2600    0.0044900000    0.0024380000       1.2146160
       3681.5010    0.0044900000    0.0024380000       1.2146750
       3681.7420    0.0045100000    0.0024480000       1.2147240
       3681.9830    0.0045200000    0.0024530000       1.2147620
       3682.2250    0.0045300000    0.0024590000       1.2148260
       3682.4660    0.0045300000    0.0024600000       1.2148640
       3682.7070    0.0045300000    0.0024590000       1.2149240
       3682.9480    0.0045500000    0.0024700000       1.2149880
       3683.1890    0.0046000000    0.0024960000       1.2150570
       3683.4300    0.0046800000    0.0025400000       1.2151040
       3683.6710    0.0047300000    0.0025660000       1.2151280
       3683.9120    0.0047300000    0.0025670000       1.2151570
       3684.1530    0.0047200000    0.0025610000       1.2152150
       3684.3940    0.0047600000    0.0025830000       1.2152830
       3684.6350    0.0048100000    0.0026090000       1.2153360
       3684.8760    0.0048500000    0.0026310000       1.2153870
       3685.1170    0.0048800000    0.0026470000       1.2154480
       3685.3580    0.0049400000    0.0026800000       1.2155220
       3685.5990    0.0050300000    0.0027280000       1.2155850
       3685.8410    0.0051600000    0.0027980000       1.2156660
       3686.0820    0.0053000000    0.0028750000       1.2156960
       3686.3230    0.0054500000    0.0029550000       1.2157150
       3686.5640    0.0055700000    0.0030210000       1.2157050
       3686.8050    0.0056500000    0.0030640000       1.2156920
       3687.0460    0.0057100000    0.0030960000       1.2156830
       3687.2870    0.0057800000    0.0031340000       1.2156730
       3687.5280    0.0058300000    0.0031620000       1.2156310
       3687.7690    0.0058000000    0.0031440000       1.2155820
       3688.0100    0.0057000000    0.0030900000       1.2155610
       3688.2510    0.0056000000    0.0030350000       1.2155820
       3688.4920    0.0055300000    0.0029980000       1.2156120
       3688.7330    0.0054600000    0.0029600000       1.2156420
       3688.9740    0.0053800000    0.0029160000       1.2156790
       3689.2150    0.0053000000    0.0028710000       1.2157320
       3689.4560    0.0052300000    0.0028350000       1.2157850
       3689.6980    0.0051600000    0.0027960000       1.2158660
       3689.9380    0.0050600000    0.0027420000       1.2159090
       3690.1800    0.0049900000    0.0027040000       1.2160350
       3690.4210    0.0049500000    0.0026820000       1.2161350
       3690.6620    0.0049500000    0.0026820000       1.2162440
       3690.9030    0.0049600000    0.0026880000       1.2163400
       3691.1440    0.0049900000    0.0027030000       1.2164360
       3691.3850    0.0050300000    0.0027250000       1.2165130
       3691.6260    0.0050400000    0.0027300000       1.2165730
       3691.8670    0.0049900000    0.0027020000       1.2166430
       3692.1080    0.0049400000    0.0026760000       1.2167490
       3692.3490    0.0049300000    0.0026700000       1.2168640
       3692.5900    0.0049500000    0.0026810000       1.2169740
       3692.8310    0.0049500000    0.0026810000       1.2170660
       3693.0720    0.0049200000    0.0026650000       1.2171780
       3693.3130    0.0049100000    0.0026580000       1.2173020
       3693.5540    0.0049100000    0.0026580000       1.2174370
       3693.7950    0.0049200000    0.0026640000       1.2175650
       3694.0370    0.0049300000    0.0026690000       1.2177320
       3694.2780    0.0049800000    0.0026950000       1.2178840
       3694.5190    0.0050500000    0.0027330000       1.2180320
       3694.7600    0.0051100000    0.0027660000       1.2181730
       3695.0010    0.0051600000    0.0027930000       1.2183280
       3695.2420    0.0052400000    0.0028360000       1.2184990
       3695.4830    0.0053600000    0.0029020000       1.2186600
       3695.7240    0.0054700000    0.0029610000       1.2188030
       3695.9650    0.0055500000    0.0030040000       1.2189540
       3696.2060    0.0056300000    0.0030470000       1.2191320
       3696.4470    0.0057800000    0.0031270000       1.2193260
       3696.6880    0.0059700000    0.0032300000       1.2194870
       3696.9290    0.0061300000    0.0033180000       1.2196270
       3697.1700    0.0062600000    0.0033880000       1.2197620
       3697.4110    0.0063400000    0.0034310000       1.2199000
       3697.6530    0.0064000000    0.0034630000       1.2201050
       3697.8940    0.0064900000    0.0035110000       1.2203140
       3698.1350    0.0066400000    0.0035930000       1.2205450
       3698.3760    0.0068400000    0.0037000000       1.2207670
       3698.6170    0.0070400000    0.0038080000       1.2209710
       3698.8580    0.0072100000    0.0039010000       1.2211820
       3699.0990    0.0073800000    0.0039930000       1.2214180
       3699.3400    0.0076000000    0.0041110000       1.2216760
       3699.5810    0.0078600000    0.0042520000       1.2219240
       3699.8220    0.0081200000    0.0043920000       1.2221690
       3700.0630    0.0083800000    0.0045340000       1.2224210
       3700.3040    0.0086600000    0.0046850000       1.2226810
       3700.5450    0.0089400000    0.0048360000       1.2229340
       3700.7860    0.0091800000    0.0049660000       1.2232100
       3701.0270    0.0094400000    0.0051060000       1.2235120
       3701.2690    0.0097400000    0.0052690000       1.2238880
       3701.5100     0.010100000    0.0054630000       1.2242420
       3701.7500     0.010460000    0.0056590000       1.2245420
       3701.9920     0.010830000    0.0058580000       1.2249820
       3702.2330     0.011250000    0.0060860000       1.2253840
       3702.4740     0.011710000    0.0063350000       1.2258110
       3702.7150     0.012160000    0.0065800000       1.2262550
       3702.9560     0.012610000    0.0068230000       1.2267620
       3703.1970     0.013140000    0.0071100000       1.2273380
       3703.4380     0.013780000    0.0074560000       1.2279540
       3703.6790     0.014480000    0.0078360000       1.2285960
       3703.9200     0.015200000    0.0082250000       1.2293010
       3704.1610     0.015990000    0.0086550000       1.2301160
       3704.4020     0.016940000    0.0091700000       1.2310530
       3704.6430     0.018130000    0.0098160000       1.2321080
       3704.8840     0.019580000     0.010603000       1.2332620
       3705.1250     0.021340000     0.011558000       1.2345510
       3705.3660     0.023500000     0.012731000       1.2359440
       3705.6080     0.026160000     0.014177000       1.2376370
       3705.8490     0.029520000     0.016002000       1.2394150
       3706.0900     0.033950000     0.018413000       1.2414510
       3706.3310     0.039960000     0.021683000       1.2435880
       3706.5720     0.048070000     0.026098000       1.2455700
       3706.8130     0.058720000     0.031900000       1.2468850
       3707.0540     0.071890000     0.039075000       1.2467960
       3707.2950     0.086810000     0.047204000       1.2444320
       3707.5360      0.10156000     0.055231000       1.2390780
       3707.7770      0.11333000     0.061614000       1.2307240
       3708.0180      0.11948000     0.064913000       1.2203670
       3708.2590      0.11900000     0.064581000       1.2097530
       3708.5000      0.11285000     0.061163000       1.2004530
       3708.7410      0.10311000     0.055805000       1.1933950
       3708.9820     0.092010000     0.049732000       1.1885940
       3709.2240     0.081220000     0.043851000       1.1861620
       3709.4650     0.071550000     0.038594000       1.1846590
       3709.7060     0.063150000     0.034037000       1.1841380
       3709.9470     0.055910000     0.030116000       1.1841310
       3710.1880     0.049670000     0.026740000       1.1844670
       3710.4290     0.044260000     0.023819000       1.1849800
       3710.6700     0.039450000     0.021223000       1.1856100
       3710.9110     0.035120000     0.018888000       1.1863640
       3711.1520     0.031260000     0.016807000       1.1872440
       3711.3930     0.027880000     0.014987000       1.1882170
       3711.6340     0.024940000     0.013404000       1.1892420
       3711.8750     0.022400000     0.012038000       1.1903110
       3712.1160     0.020280000     0.010897000       1.1914070
       3712.3570     0.018580000    0.0099840000       1.1924800
       3712.5980     0.017230000    0.0092580000       1.1934830
       3712.8390     0.016140000    0.0086710000       1.1943890
       3713.0810     0.015270000    0.0082050000       1.1952940
       3713.3220     0.014570000    0.0078280000       1.1960250
       3713.5630     0.013950000    0.0074960000       1.1966920
       3713.8040     0.013380000    0.0071900000       1.1973090
       3714.0450     0.012890000    0.0069250000       1.1979010
       3714.2860     0.012500000    0.0067150000       1.1984560
       3714.5270     0.012190000    0.0065500000       1.1989520
       3714.7680     0.011900000    0.0063940000       1.1993960
       3715.0090     0.011630000    0.0062480000       1.1998180
       3715.2500     0.011410000    0.0061300000       1.2002220
       3715.4910     0.011250000    0.0060450000       1.2005920
       3715.7320     0.011130000    0.0059780000       1.2009160
       3715.9730     0.011010000    0.0059140000       1.2012020
       3716.2140     0.010880000    0.0058450000       1.2014540
       3716.4550     0.010720000    0.0057580000       1.2016760
       3716.6970     0.010550000    0.0056670000       1.2019530
       3716.9380     0.010410000    0.0055910000       1.2021940
       3717.1780     0.010310000    0.0055380000       1.2023720
       3717.4200     0.010240000    0.0054980000       1.2026240
       3717.6610     0.010150000    0.0054500000       1.2027890
       3717.9020     0.010060000    0.0054020000       1.2029720
       3718.1430     0.010010000    0.0053750000       1.2031340
       3718.3840    0.0099500000    0.0053420000       1.2032700
       3718.6250    0.0098700000    0.0052990000       1.2033880
       3718.8660    0.0097400000    0.0052300000       1.2035070
       3719.1070    0.0096300000    0.0051700000       1.2036450
       3719.3480    0.0095400000    0.0051220000       1.2037700
       3719.5890    0.0094500000    0.0050730000       1.2038890
       3719.8300    0.0093500000    0.0050190000       1.2040060
       3720.0710    0.0092700000    0.0049760000       1.2041330
       3720.3120    0.0092300000    0.0049540000       1.2042440
       3720.5530    0.0091900000    0.0049320000       1.2043310
       3720.7940    0.0091200000    0.0048950000       1.2043930
       3721.0360    0.0090400000    0.0048500000       1.2044990
       3721.2770    0.0089400000    0.0047960000       1.2045580
       3721.5180    0.0088300000    0.0047370000       1.2046390
       3721.7590    0.0087200000    0.0046780000       1.2047230
       3722.0000    0.0086300000    0.0046290000       1.2048210
       3722.2410    0.0085800000    0.0046020000       1.2049090
       3722.4820    0.0085300000    0.0045750000       1.2049750
       3722.7230    0.0084500000    0.0045320000       1.2050300
       3722.9640    0.0083500000    0.0044790000       1.2050930
       3723.2050    0.0082500000    0.0044250000       1.2051610
       3723.4460    0.0081500000    0.0043710000       1.2052370
       3723.6870    0.0080700000    0.0043280000       1.2053220
       3723.9280    0.0080300000    0.0043070000       1.2053980
       3724.1690    0.0079900000    0.0042830000       1.2054460
       3724.4100    0.0079100000    0.0042410000       1.2054830
       3724.6510    0.0077700000    0.0041650000       1.2055160
       3724.8930    0.0076200000    0.0040850000       1.2056320
       3725.1340    0.0075400000    0.0040410000       1.2057310
       3725.3750    0.0075300000    0.0040360000       1.2058260
       3725.6160    0.0075200000    0.0040300000       1.2058810
       3725.8570    0.0074700000    0.0040030000       1.2059360
       3726.0980    0.0074200000    0.0039760000       1.2059990
       3726.3390    0.0073900000    0.0039600000       1.2060640
       3726.5800    0.0073700000    0.0039500000       1.2061150
       3726.8210    0.0073400000    0.0039330000       1.2061580
       3727.0620    0.0073000000    0.0039110000       1.2061990
       3727.3030    0.0072600000    0.0038890000       1.2062390
       3727.5440    0.0072000000    0.0038580000       1.2062690
       3727.7850    0.0071200000    0.0038130000       1.2063130
       3728.0260    0.0070600000    0.0037810000       1.2063720
       3728.2670    0.0070300000    0.0037650000       1.2064110
       3728.5090    0.0069800000    0.0037380000       1.2064670
       3728.7500    0.0069000000    0.0036960000       1.2064980
       3728.9910    0.0068200000    0.0036510000       1.2065520
       3729.2320    0.0067600000    0.0036200000       1.2066200
       3729.4730    0.0067300000    0.0036030000       1.2066820
       3729.7140    0.0067100000    0.0035930000       1.2067410
       3729.9550    0.0067000000    0.0035880000       1.2067880
       3730.1960    0.0066900000    0.0035820000       1.2068320
       3730.4370    0.0066800000    0.0035750000       1.2068650
       3730.6780    0.0066500000    0.0035600000       1.2068980
       3730.9190    0.0066200000    0.0035430000       1.2069280
       3731.1600    0.0065800000    0.0035220000       1.2069610
       3731.4010    0.0065300000    0.0034950000       1.2069870
       3731.6420    0.0064500000    0.0034520000       1.2070340
       3731.8830    0.0064100000    0.0034290000       1.2070950
       3732.1250    0.0064300000    0.0034400000       1.2071930
       3732.3650    0.0064800000    0.0034670000       1.2071890
       3732.6060    0.0064700000    0.0034620000       1.2071920
       3732.8480    0.0064100000    0.0034300000       1.2072330
       3733.0890    0.0063700000    0.0034080000       1.2072710
       3733.3300    0.0063700000    0.0034070000       1.2073080
       3733.5710    0.0063600000    0.0034020000       1.2073330
       3733.8120    0.0063400000    0.0033910000       1.2073520
       3734.0530    0.0063000000    0.0033690000       1.2073770
       3734.2940    0.0062700000    0.0033530000       1.2074110
       3734.5350    0.0062400000    0.0033370000       1.2074420
       3734.7760    0.0062200000    0.0033260000       1.2074830
       3735.0170    0.0062300000    0.0033310000       1.2075170
       3735.2580    0.0062400000    0.0033360000       1.2075360
       3735.4990    0.0062300000    0.0033310000       1.2075430
       3735.7400    0.0061900000    0.0033090000       1.2075570
       3735.9810    0.0061700000    0.0032970000       1.2075860
       3736.2220    0.0061700000    0.0032980000       1.2075910
       3736.4640    0.0061400000    0.0032810000       1.2076080
       3736.7050    0.0060600000    0.0032380000       1.2076060
       3736.9460    0.0059800000    0.0031950000       1.2076390
       3737.1870    0.0059200000    0.0031640000       1.2076830
       3737.4280    0.0058900000    0.0031470000       1.2077310
       3737.6690    0.0058700000    0.0031360000       1.2077790
       3737.9100    0.0058900000    0.0031460000       1.2078290
       3738.1510    0.0059300000    0.0031690000       1.2078500
       3738.3920    0.0059400000    0.0031730000       1.2078480
       3738.6330    0.0058900000    0.0031460000       1.2078560
       3738.8740    0.0058600000    0.0031300000       1.2078970
       3739.1150    0.0058900000    0.0031450000       1.2079240
       3739.3560    0.0059100000    0.0031560000       1.2079170
       3739.5970    0.0058500000    0.0031240000       1.2078990
       3739.8380    0.0057500000    0.0030710000       1.2079180
       3740.0800    0.0057000000    0.0030440000       1.2079910
       3740.3210    0.0057100000    0.0030500000       1.2080350
       3740.5620    0.0057400000    0.0030650000       1.2080570
       3740.8030    0.0057500000    0.0030690000       1.2080730
       3741.0440    0.0057600000    0.0030740000       1.2080790
       3741.2850    0.0057400000    0.0030630000       1.2080810
       3741.5260    0.0057000000    0.0030420000       1.2080880
       3741.7670    0.0056500000    0.0030150000       1.2081140
       3742.0080    0.0056400000    0.0030100000       1.2081440
       3742.2490    0.0056300000    0.0030040000       1.2081630
       3742.4900    0.0056100000    0.0029930000       1.2081780
       3742.7310    0.0055700000    0.0029720000       1.2082050
       3742.9720    0.0055700000    0.0029730000       1.2082450
       3743.2130    0.0055900000    0.0029820000       1.2082630
       3743.4540    0.0055900000    0.0029820000       1.2082790
       3743.6950    0.0055800000    0.0029770000       1.2082910
       3743.9370    0.0056000000    0.0029870000       1.2083490
       3744.1770    0.0056600000    0.0030190000       1.2083210
       3744.4190    0.0056800000    0.0030300000       1.2083180
       3744.6600    0.0056200000    0.0029980000       1.2082900
       3744.9010    0.0055600000    0.0029650000       1.2083040
       3745.1420    0.0055300000    0.0029490000       1.2083230
       3745.3830    0.0055100000    0.0029380000       1.2083360
       3745.6240    0.0054700000    0.0029170000       1.2083470
       3745.8650    0.0054300000    0.0028950000       1.2083750
       3746.1060    0.0054300000    0.0028940000       1.2084080
       3746.3470    0.0054400000    0.0029010000       1.2084230
       3746.5880    0.0054300000    0.0028940000       1.2084330
       3746.8290    0.0054200000    0.0028890000       1.2084550
       3747.0700    0.0054400000    0.0029000000       1.2084750
       3747.3110    0.0054700000    0.0029150000       1.2084720
       3747.5520    0.0054500000    0.0029050000       1.2084570
       3747.7930    0.0054100000    0.0028830000       1.2084650
       3748.0340    0.0054000000    0.0028780000       1.2084750
       3748.2760    0.0054100000    0.0028820000       1.2084980
       3748.5170    0.0054000000    0.0028760000       1.2084780
       3748.7580    0.0053500000    0.0028500000       1.2084740
       3748.9990    0.0053100000    0.0028280000       1.2084810
       3749.2400    0.0052600000    0.0028020000       1.2084890
       3749.4810    0.0052100000    0.0027750000       1.2085080
       3749.7220    0.0051600000    0.0027490000       1.2085390
       3749.9630    0.0051600000    0.0027480000       1.2085860
       3750.2040    0.0052100000    0.0027750000       1.2086080
       3750.4450    0.0052400000    0.0027900000       1.2086010
       3750.6860    0.0052300000    0.0027850000       1.2085910
       3750.9270    0.0052100000    0.0027740000       1.2085880
       3751.1680    0.0051800000    0.0027580000       1.2085870
       3751.4090    0.0051500000    0.0027420000       1.2085900
       3751.6500    0.0051100000    0.0027200000       1.2085900
       3751.8920    0.0050800000    0.0027040000       1.2086240
       3752.1330    0.0050600000    0.0026930000       1.2086320
       3752.3740    0.0050500000    0.0026890000       1.2086450
       3752.6150    0.0050400000    0.0026820000       1.2086470
       3752.8560    0.0050200000    0.0026720000       1.2086520
       3753.0970    0.0049900000    0.0026560000       1.2086500
       3753.3380    0.0049400000    0.0026290000       1.2086590
       3753.5790    0.0049000000    0.0026070000       1.2086810
       3753.8200    0.0048900000    0.0026010000       1.2087070
       3754.0610    0.0048900000    0.0026010000       1.2087170
       3754.3020    0.0048700000    0.0025900000       1.2087220
       3754.5430    0.0048300000    0.0025690000       1.2087370
       3754.7840    0.0048200000    0.0025650000       1.2087690
       3755.0250    0.0048600000    0.0025850000       1.2087830
       3755.2660    0.0048900000    0.0026010000       1.2087650
       3755.5070    0.0048500000    0.0025790000       1.2087280
       3755.7490    0.0047700000    0.0025370000       1.2087390
       3755.9900    0.0046800000    0.0024890000       1.2087480
       3756.2310    0.0046200000    0.0024570000       1.2087920
       3756.4720    0.0046100000    0.0024510000       1.2088340
       3756.7130    0.0046400000    0.0024670000       1.2088720
       3756.9540    0.0046900000    0.0024940000       1.2088730
       3757.1950    0.0046900000    0.0024930000       1.2088570
       3757.4360    0.0046500000    0.0024710000       1.2088490
       3757.6770    0.0046000000    0.0024440000       1.2088630
       3757.9180    0.0045800000    0.0024340000       1.2088860
       3758.1590    0.0045800000    0.0024340000       1.2088980
       3758.4000    0.0045600000    0.0024240000       1.2088990
       3758.6410    0.0045300000    0.0024070000       1.2089150
       3758.8820    0.0045300000    0.0024070000       1.2089340
       3759.1230    0.0045400000    0.0024120000       1.2089290
       3759.3650    0.0045100000    0.0023960000       1.2089390
       3759.6050    0.0044500000    0.0023630000       1.2089270
       3759.8470    0.0044400000    0.0023580000       1.2089800
       3760.0880    0.0044600000    0.0023690000       1.2089850
       3760.3290    0.0044600000    0.0023690000       1.2089760
       3760.5700    0.0044200000    0.0023470000       1.2089740
       3760.8110    0.0043900000    0.0023320000       1.2089860
       3761.0520    0.0043800000    0.0023250000       1.2089970
       3761.2930    0.0043700000    0.0023200000       1.2089960
       3761.5340    0.0043300000    0.0022990000       1.2089930
       3761.7750    0.0042900000    0.0022760000       1.2090030
       3762.0160    0.0042600000    0.0022600000       1.2090150
       3762.2570    0.0042200000    0.0022400000       1.2090170
       3762.4980    0.0041500000    0.0022040000       1.2090360
       3762.7390    0.0041200000    0.0021870000       1.2090760
       3762.9800    0.0041400000    0.0021970000       1.2091090
       3763.2210    0.0041800000    0.0022190000       1.2091090
       3763.4620    0.0041600000    0.0022080000       1.2090830
       3763.7040    0.0041000000    0.0021760000       1.2090940
       3763.9450    0.0040400000    0.0021430000       1.2091020
       3764.1860    0.0039900000    0.0021180000       1.2091260
       3764.4270    0.0039600000    0.0021010000       1.2091520
       3764.6680    0.0039400000    0.0020900000       1.2091790
       3764.9090    0.0039400000    0.0020900000       1.2092040
       3765.1500    0.0039400000    0.0020900000       1.2092080
       3765.3910    0.0039000000    0.0020670000       1.2092130
       3765.6320    0.0038500000    0.0020410000       1.2092390
       3765.8730    0.0038300000    0.0020300000       1.2092770
       3766.1140    0.0038500000    0.0020420000       1.2093050
       3766.3550    0.0038600000    0.0020460000       1.2093080
       3766.5960    0.0038300000    0.0020310000       1.2093170
       3766.8370    0.0038100000    0.0020190000       1.2093370
       3767.0780    0.0037900000    0.0020100000       1.2093540
       3767.3200    0.0037900000    0.0020090000       1.2093910
       3767.5610    0.0037900000    0.0020090000       1.2094030
       3767.8020    0.0038000000    0.0020140000       1.2094220
       3768.0430    0.0038100000    0.0020200000       1.2094200
       3768.2840    0.0037700000    0.0019980000       1.2094220
       3768.5250    0.0037300000    0.0019770000       1.2094480
       3768.7660    0.0037300000    0.0019760000       1.2094860
       3769.0070    0.0037700000    0.0019980000       1.2095040
       3769.2480    0.0037800000    0.0020030000       1.2094980
       3769.4890    0.0037500000    0.0019870000       1.2094970
       3769.7300    0.0037100000    0.0019650000       1.2095180
       3769.9710    0.0037100000    0.0019660000       1.2095470
       3770.2120    0.0037200000    0.0019710000       1.2095600
       3770.4530    0.0037200000    0.0019700000       1.2095710
       3770.6940    0.0037100000    0.0019640000       1.2095790
       3770.9360    0.0037100000    0.0019650000       1.2096090
       3771.1770    0.0037100000    0.0019650000       1.2096150
       3771.4170    0.0036900000    0.0019540000       1.2096090
       3771.6590    0.0036800000    0.0019490000       1.2096480
       3771.9000    0.0036900000    0.0019530000       1.2096610
       3772.1410    0.0036900000    0.0019530000       1.2096700
       3772.3820    0.0036800000    0.0019480000       1.2096860
       3772.6230    0.0036800000    0.0019480000       1.2097050
       3772.8640    0.0037000000    0.0019580000       1.2097280
       3773.1050    0.0037400000    0.0019790000       1.2097300
       3773.3460    0.0037300000    0.0019740000       1.2097190
       3773.5870    0.0037000000    0.0019590000       1.2097280
       3773.8280    0.0036900000    0.0019540000       1.2097500
       3774.0690    0.0037200000    0.0019690000       1.2097640
       3774.3100    0.0037300000    0.0019740000       1.2097560
       3774.5510    0.0037100000    0.0019630000       1.2097540
       3774.7920    0.0036800000    0.0019480000       1.2097600
       3775.0330    0.0036600000    0.0019370000       1.2097740
       3775.2750    0.0036600000    0.0019360000       1.2098020
       3775.5160    0.0036600000    0.0019360000       1.2098110
       3775.7570    0.0036700000    0.0019400000       1.2098180
       3775.9980    0.0036600000    0.0019350000       1.2098200
       3776.2390    0.0036300000    0.0019200000       1.2098270
       3776.4800    0.0036100000    0.0019080000       1.2098530
       3776.7210    0.0036300000    0.0019190000       1.2098770
       3776.9620    0.0036600000    0.0019350000       1.2098810
       3777.2030    0.0036600000    0.0019350000       1.2098680
       3777.4440    0.0036100000    0.0019090000       1.2098650
       3777.6850    0.0035600000    0.0018810000       1.2098900
       3777.9260    0.0035500000    0.0018770000       1.2099300
       3778.1670    0.0035800000    0.0018930000       1.2099560
       3778.4080    0.0036100000    0.0019080000       1.2099670
       3778.6490    0.0036300000    0.0019190000       1.2099720
       3778.8900    0.0036400000    0.0019240000       1.2099640
       3779.1320    0.0036200000    0.0019130000       1.2099730
       3779.3730    0.0035800000    0.0018930000       1.2099830
       3779.6140    0.0035700000    0.0018870000       1.2100160
       3779.8550    0.0036100000    0.0019080000       1.2100430
       3780.0960    0.0036500000    0.0019290000       1.2100420
       3780.3370    0.0036500000    0.0019280000       1.2100360
       3780.5780    0.0036300000    0.0019180000       1.2100440
       3780.8190    0.0036300000    0.0019170000       1.2100660
       3781.0600    0.0036600000    0.0019330000       1.2100810
       3781.3010    0.0036800000    0.0019450000       1.2100820
       3781.5420    0.0036900000    0.0019490000       1.2100820
       3781.7830    0.0037000000    0.0019540000       1.2100880
       3782.0240    0.0037200000    0.0019650000       1.2100830
       3782.2650    0.0037100000    0.0019590000       1.2100720
       3782.5060    0.0036900000    0.0019480000       1.2100710
       3782.7480    0.0036800000    0.0019430000       1.2100920
       3782.9890    0.0036900000    0.0019480000       1.2100960
       3783.2290    0.0036800000    0.0019430000       1.2100670
       3783.4710    0.0036300000    0.0019160000       1.2100860
       3783.7120    0.0036000000    0.0019000000       1.2101080
       3783.9530    0.0036100000    0.0019050000       1.2101310
       3784.1940    0.0036200000    0.0019110000       1.2101380
       3784.4350    0.0036100000    0.0019050000       1.2101490
       3784.6760    0.0036200000    0.0019100000       1.2101720
       3784.9170    0.0036600000    0.0019310000       1.2101820
       3785.1580    0.0036900000    0.0019470000       1.2101710
       3785.3990    0.0036700000    0.0019370000       1.2101530
       3785.6400    0.0036300000    0.0019160000       1.2101620
       3785.8810    0.0036300000    0.0019160000       1.2101810
       3786.1220    0.0036500000    0.0019250000       1.2101840
       3786.3630    0.0036400000    0.0019200000       1.2101740
       3786.6040    0.0036000000    0.0018990000       1.2101770
       3786.8450    0.0035700000    0.0018820000       1.2101930
       3787.0870    0.0035700000    0.0018830000       1.2102330
       3787.3280    0.0035900000    0.0018930000       1.2102440
       3787.5690    0.0036100000    0.0019030000       1.2102600
       3787.8100    0.0036500000    0.0019260000       1.2102640
       3788.0510    0.0036800000    0.0019400000       1.2102490
       3788.2920    0.0036700000    0.0019340000       1.2102270
       3788.5330    0.0036200000    0.0019080000       1.2102200
       3788.7740    0.0035800000    0.0018870000       1.2102340
       3789.0150    0.0035600000    0.0018770000       1.2102530
       3789.2560    0.0035600000    0.0018770000       1.2102700
       3789.4970    0.0035600000    0.0018770000       1.2102800
       3789.7380    0.0035700000    0.0018810000       1.2102920
       3789.9790    0.0035700000    0.0018820000       1.2102870
       3790.2200    0.0035300000    0.0018610000       1.2102910
       3790.4610    0.0035000000    0.0018450000       1.2103120
       3790.7030    0.0035100000    0.0018490000       1.2103590
       3790.9440    0.0035600000    0.0018750000       1.2103710
       3791.1850    0.0035800000    0.0018870000       1.2103640
       3791.4260    0.0035700000    0.0018810000       1.2103640
       3791.6670    0.0035600000    0.0018750000       1.2103800
       3791.9080    0.0035800000    0.0018860000       1.2103990
       3792.1490    0.0036100000    0.0019020000       1.2104000
       3792.3900    0.0036100000    0.0019020000       1.2103950
       3792.6310    0.0036000000    0.0018950000       1.2104050
       3792.8720    0.0036200000    0.0019060000       1.2104230
       3793.1130    0.0036500000    0.0019220000       1.2104220
       3793.3540    0.0036600000    0.0019270000       1.2104170
       3793.5950    0.0036600000    0.0019280000       1.2104140
       3793.8360    0.0036600000    0.0019280000       1.2104130
       3794.0770    0.0036600000    0.0019260000       1.2104100
       3794.3180    0.0036400000    0.0019170000       1.2104100
       3794.5600    0.0036500000    0.0019210000       1.2104390
       3794.8010    0.0036900000    0.0019420000       1.2104340
       3795.0420    0.0037100000    0.0019530000       1.2104070
       3795.2830    0.0036600000    0.0019260000       1.2103740
       3795.5240    0.0035600000    0.0018730000       1.2103830
       3795.7650    0.0035200000    0.0018520000       1.2104310
       3796.0060    0.0035500000    0.0018690000       1.2104660
       3796.2470    0.0036000000    0.0018940000       1.2104730
       3796.4880    0.0036100000    0.0018990000       1.2104640
       3796.7290    0.0036000000    0.0018940000       1.2104660
       3796.9700    0.0035900000    0.0018880000       1.2104700
       3797.2110    0.0035800000    0.0018830000       1.2104830
       3797.4520    0.0035800000    0.0018830000       1.2104980
       3797.6930    0.0036100000    0.0019000000       1.2105160
       3797.9340    0.0036500000    0.0019210000       1.2105000
       3798.1760    0.0036400000    0.0019140000       1.2104990
       3798.4170    0.0036200000    0.0019040000       1.2105000
       3798.6570    0.0036100000    0.0018990000       1.2104910
       3798.8990    0.0036200000    0.0019030000       1.2105110
       3799.1400    0.0036100000    0.0018980000       1.2104990
       3799.3810    0.0035700000    0.0018760000       1.2105020
       3799.6220    0.0035400000    0.0018600000       1.2105280
       3799.8630    0.0035500000    0.0018670000       1.2105560
       3800.1040    0.0035800000    0.0018820000       1.2105720
       3800.3450    0.0036100000    0.0018970000       1.2105850
       3800.5860    0.0036600000    0.0019240000       1.2105940
       3800.8270    0.0037200000    0.0019550000       1.2105760
       3801.0680    0.0037300000    0.0019600000       1.2105410
       3801.3090    0.0036900000    0.0019390000       1.2105160
       3801.5500    0.0036400000    0.0019120000       1.2105120
       3801.7920    0.0036200000    0.0019020000       1.2105370
       3802.0320    0.0036000000    0.0018910000       1.2105200
       3802.2730    0.0035600000    0.0018710000       1.2105260
       3802.5150    0.0035300000    0.0018540000       1.2105630
       3802.7560    0.0035500000    0.0018650000       1.2105860
       3802.9970    0.0035800000    0.0018810000       1.2105850
       3803.2380    0.0035700000    0.0018750000       1.2105780
       3803.4790    0.0035400000    0.0018590000       1.2105860
       3803.7200    0.0035300000    0.0018530000       1.2106120
       3803.9610    0.0035600000    0.0018700000       1.2106350
       3804.2020    0.0036000000    0.0018900000       1.2106390
       3804.4430    0.0036300000    0.0019060000       1.2106360
       3804.6840    0.0036500000    0.0019170000       1.2106230
       3804.9250    0.0036500000    0.0019160000       1.2106060
       3805.1660    0.0036200000    0.0019010000       1.2105950
       3805.4070    0.0035900000    0.0018850000       1.2106020
       3805.6480    0.0035900000    0.0018840000       1.2106130
       3805.8890    0.0036000000    0.0018890000       1.2106040
       3806.1310    0.0035700000    0.0018730000       1.2106040
       3806.3720    0.0035200000    0.0018460000       1.2106180
       3806.6130    0.0035300000    0.0018520000       1.2106500
       3806.8540    0.0035800000    0.0018790000       1.2106520
       3807.0950    0.0035900000    0.0018830000       1.2106250
       3807.3360    0.0035300000    0.0018510000       1.2106130
       3807.5770    0.0034700000    0.0018210000       1.2106350
       3807.8180    0.0034700000    0.0018200000       1.2106690
       3808.0590    0.0035000000    0.0018360000       1.2106830
       3808.3000    0.0035100000    0.0018410000       1.2106820
       3808.5410    0.0035000000    0.0018360000       1.2106850
       3808.7820    0.0034900000    0.0018300000       1.2106950
       3809.0230    0.0034800000    0.0018250000       1.2107100
       3809.2640    0.0034900000    0.0018290000       1.2107330
       3809.5050    0.0035300000    0.0018510000       1.2107510
       3809.7460    0.0035900000    0.0018830000       1.2107420
       3809.9880    0.0036100000    0.0018930000       1.2107220
       3810.2290    0.0035600000    0.0018670000       1.2106960
       3810.4700    0.0035000000    0.0018350000       1.2107100
       3810.7110    0.0034900000    0.0018300000       1.2107450
       3810.9520    0.0035400000    0.0018550000       1.2107630
       3811.1930    0.0035700000    0.0018710000       1.2107540
       3811.4340    0.0035700000    0.0018710000       1.2107450
       3811.6750    0.0035600000    0.0018660000       1.2107400
       3811.9160    0.0035400000    0.0018550000       1.2107400
       3812.1570    0.0035200000    0.0018440000       1.2107510
       3812.3980    0.0035200000    0.0018430000       1.2107700
       3812.6390    0.0035500000    0.0018610000       1.2107850
       3812.8800    0.0035900000    0.0018820000       1.2107730
       3813.1210    0.0035900000    0.0018810000       1.2107490
       3813.3620    0.0035400000    0.0018550000       1.2107270
       3813.6040    0.0034800000    0.0018220000       1.2107560
       3813.8440    0.0034500000    0.0018080000       1.2107640
       3814.0850    0.0034400000    0.0018000000       1.2107930
       3814.3270    0.0034600000    0.0018110000       1.2108360
       3814.5680    0.0035000000    0.0018330000       1.2108520
       3814.8090    0.0035600000    0.0018640000       1.2108570
       3815.0500    0.0036000000    0.0018840000       1.2108390
       3815.2910    0.0036000000    0.0018840000       1.2108220
       3815.5320    0.0035800000    0.0018740000       1.2108140
       3815.7730    0.0035600000    0.0018640000       1.2108170
       3816.0140    0.0035500000    0.0018580000       1.2108250
       3816.2550    0.0035500000    0.0018580000       1.2108390
       3816.4960    0.0035800000    0.0018740000       1.2108510
       3816.7370    0.0036200000    0.0018940000       1.2108410
       3816.9780    0.0036200000    0.0018940000       1.2108170
       3817.2190    0.0035800000    0.0018730000       1.2108050
       3817.4600    0.0035400000    0.0018520000       1.2108130
       3817.7010    0.0035300000    0.0018470000       1.2108290
       3817.9430    0.0035500000    0.0018580000       1.2108460
       3818.1840    0.0035400000    0.0018510000       1.2108350
       3818.4250    0.0035200000    0.0018420000       1.2108450
       3818.6660    0.0035100000    0.0018360000       1.2108570
       3818.9070    0.0035300000    0.0018460000       1.2108770
       3819.1480    0.0035600000    0.0018630000       1.2108720
       3819.3890    0.0035600000    0.0018610000       1.2108650
       3819.6300    0.0035500000    0.0018570000       1.2108620
       3819.8710    0.0035300000    0.0018460000       1.2108650
       3820.1120    0.0035200000    0.0018400000       1.2108780
       3820.3530    0.0035300000    0.0018450000       1.2108940
       3820.5940    0.0035600000    0.0018610000       1.2108990
       3820.8350    0.0035800000    0.0018720000       1.2108880
       3821.0760    0.0035600000    0.0018620000       1.2108690
       3821.3170    0.0035100000    0.0018340000       1.2108710
       3821.5590    0.0035000000    0.0018290000       1.2109110
       3821.8000    0.0035300000    0.0018440000       1.2109230
       3822.0410    0.0035500000    0.0018560000       1.2109210
       3822.2820    0.0035500000    0.0018540000       1.2109200
       3822.5230    0.0035500000    0.0018540000       1.2109300
       3822.7640    0.0035700000    0.0018660000       1.2109430
       3823.0050    0.0036200000    0.0018910000       1.2109390
       3823.2460    0.0036400000    0.0019020000       1.2109170
       3823.4870    0.0036300000    0.0018960000       1.2108910
       3823.7280    0.0035700000    0.0018650000       1.2108740
       3823.9690    0.0035000000    0.0018280000       1.2108920
       3824.2100    0.0034800000    0.0018180000       1.2109330
       3824.4510    0.0035300000    0.0018430000       1.2109660
       3824.6920    0.0036000000    0.0018800000       1.2109660
       3824.9330    0.0036400000    0.0019010000       1.2109410
       3825.1740    0.0036200000    0.0018900000       1.2109110
       3825.4160    0.0035900000    0.0018740000       1.2109290
       3825.6560    0.0035900000    0.0018740000       1.2109110
       3825.8980    0.0035900000    0.0018750000       1.2109230
       3826.1390    0.0035800000    0.0018690000       1.2109100
       3826.3800    0.0035600000    0.0018590000       1.2109090
       3826.6210    0.0035500000    0.0018520000       1.2109080
       3826.8620    0.0035300000    0.0018420000       1.2109060
       3827.1030    0.0035000000    0.0018260000       1.2109050
       3827.3440    0.0034600000    0.0018050000       1.2109170
       3827.5850    0.0034400000    0.0017950000       1.2109420
       3827.8260    0.0034500000    0.0018000000       1.2109640
       3828.0670    0.0034700000    0.0018110000       1.2109760
       3828.3080    0.0034900000    0.0018210000       1.2109860
       3828.5490    0.0035300000    0.0018420000       1.2109890
       3828.7900    0.0035600000    0.0018570000       1.2109660
       3829.0310    0.0035300000    0.0018410000       1.2109410
       3829.2720    0.0034700000    0.0018100000       1.2109380
       3829.5130    0.0034200000    0.0017840000       1.2109520
       3829.7550    0.0034000000    0.0017730000       1.2109930
       3829.9960    0.0034100000    0.0017780000       1.2110170
       3830.2370    0.0034400000    0.0017940000       1.2110390
       3830.4780    0.0034900000    0.0018190000       1.2110460
       3830.7190    0.0035200000    0.0018350000       1.2110350
       3830.9600    0.0035100000    0.0018310000       1.2110250
       3831.2010    0.0034900000    0.0018200000       1.2110340
       3831.4420    0.0035100000    0.0018300000       1.2110560
       3831.6830    0.0035600000    0.0018560000       1.2110560
       3831.9240    0.0035800000    0.0018660000       1.2110400
       3832.1650    0.0035700000    0.0018610000       1.2110300
       3832.4060    0.0035700000    0.0018600000       1.2110340
       3832.6470    0.0035900000    0.0018720000       1.2110290
       3832.8880    0.0035900000    0.0018720000       1.2110110
       3833.1290    0.0035600000    0.0018550000       1.2109930
       3833.3710    0.0035200000    0.0018330000       1.2110160
       3833.6120    0.0035300000    0.0018390000       1.2110310
       3833.8530    0.0035500000    0.0018500000       1.2110270
       3834.0940    0.0035500000    0.0018500000       1.2110200
       3834.3350    0.0035400000    0.0018450000       1.2110140
       3834.5760    0.0035300000    0.0018390000       1.2110130
       3834.8170    0.0035200000    0.0018340000       1.2110070
       3835.0580    0.0034800000    0.0018120000       1.2110030
       3835.2990    0.0034400000    0.0017930000       1.2110240
       3835.5400    0.0034500000    0.0017970000       1.2110460
       3835.7810    0.0034700000    0.0018060000       1.2110560
       3836.0220    0.0034800000    0.0018110000       1.2110560
       3836.2630    0.0034700000    0.0018060000       1.2110630
       3836.5040    0.0034900000    0.0018170000       1.2110780
       3836.7450    0.0035200000    0.0018320000       1.2110700
       3836.9870    0.0035300000    0.0018380000       1.2110730
       3837.2280    0.0035200000    0.0018330000       1.2110590
       3837.4690    0.0035100000    0.0018270000       1.2110640
       3837.7100    0.0035200000    0.0018330000       1.2110640
       3837.9510    0.0035200000    0.0018330000       1.2110560
       3838.1920    0.0035100000    0.0018270000       1.2110500
       3838.4330    0.0035000000    0.0018210000       1.2110500
       3838.6740    0.0034900000    0.0018160000       1.2110420
       3838.9150    0.0034500000    0.0017950000       1.2110360
       3839.1560    0.0034000000    0.0017700000       1.2110470
       3839.3970    0.0033700000    0.0017530000       1.2110760
       3839.6380    0.0033900000    0.0017630000       1.2111090
       3839.8790    0.0034300000    0.0017840000       1.2111200
       3840.1200    0.0034500000    0.0017950000       1.2111200
       3840.3610    0.0034700000    0.0018050000       1.2111270
       3840.6020    0.0035100000    0.0018250000       1.2111170
       3840.8440    0.0035200000    0.0018310000       1.2111120
       3841.0840    0.0034900000    0.0018150000       1.2110760
       3841.3260    0.0034600000    0.0017990000       1.2111000
       3841.5670    0.0034600000    0.0017990000       1.2111020
       3841.8080    0.0034500000    0.0017940000       1.2111020
       3842.0490    0.0034400000    0.0017880000       1.2111100
       3842.2900    0.0034400000    0.0017880000       1.2111200
       3842.5310    0.0034600000    0.0017990000       1.2111250
       3842.7720    0.0034700000    0.0018040000       1.2111080
       3843.0130    0.0034200000    0.0017780000       1.2110960
       3843.2540    0.0033600000    0.0017470000       1.2111190
       3843.4950    0.0033600000    0.0017460000       1.2111620
       3843.7360    0.0034200000    0.0017770000       1.2111900
       3843.9770    0.0034900000    0.0018140000       1.2111880
       3844.2180    0.0035300000    0.0018340000       1.2111690
       3844.4590    0.0035500000    0.0018450000       1.2111450
       3844.7000    0.0035400000    0.0018390000       1.2111140
       3844.9410    0.0034900000    0.0018130000       1.2110880
       3845.1830    0.0034200000    0.0017760000       1.2111000
       3845.4240    0.0033800000    0.0017550000       1.2111190
       3845.6650    0.0033700000    0.0017500000       1.2111340
       3845.9060    0.0033500000    0.0017400000       1.2111460
       3846.1470    0.0033300000    0.0017290000       1.2111660
       3846.3880    0.0033300000    0.0017300000       1.2111990
       3846.6290    0.0033800000    0.0017550000       1.2112200
       3846.8700    0.0034100000    0.0017710000       1.2112200
       3847.1110    0.0034200000    0.0017750000       1.2112290
       3847.3520    0.0034600000    0.0017960000       1.2112470
       3847.5930    0.0035300000    0.0018330000       1.2112460
       3847.8340    0.0035900000    0.0018630000       1.2112170
       3848.0750    0.0035900000    0.0018640000       1.2111740
       3848.3160    0.0035400000    0.0018370000       1.2111480
       3848.5570    0.0034900000    0.0018120000       1.2111410
       3848.7990    0.0034500000    0.0017910000       1.2111570
       3849.0400    0.0034200000    0.0017740000       1.2111690
       3849.2810    0.0034200000    0.0017760000       1.2111900
       3849.5220    0.0034500000    0.0017900000       1.2111940
       3849.7630    0.0034500000    0.0017910000       1.2111810
       3850.0040    0.0034100000    0.0017700000       1.2111800
       3850.2450    0.0033900000    0.0017580000       1.2112050
       3850.4860    0.0034200000    0.0017740000       1.2112270
       3850.7270    0.0034600000    0.0017950000       1.2112210
       3850.9680    0.0034500000    0.0017900000       1.2112040
       3851.2090    0.0034100000    0.0017690000       1.2112120
       3851.4500    0.0034200000    0.0017740000       1.2112400
       3851.6910    0.0034700000    0.0018000000       1.2112430
       3851.9320    0.0034900000    0.0018090000       1.2112280
       3852.1730    0.0034700000    0.0018000000       1.2112120
       3852.4150    0.0034500000    0.0017880000       1.2112370
       3852.6560    0.0034800000    0.0018040000       1.2112490
       3852.8960    0.0035000000    0.0018140000       1.2112260
       3853.1380    0.0035100000    0.0018200000       1.2112390
       3853.3790    0.0035300000    0.0018300000       1.2112280
       3853.6200    0.0035500000    0.0018400000       1.2112100
       3853.8610    0.0035300000    0.0018290000       1.2111810
       3854.1020    0.0034700000    0.0017990000       1.2111700
       3854.3430    0.0034200000    0.0017720000       1.2111830
       3854.5840    0.0034100000    0.0017680000       1.2112030
       3854.8250    0.0034200000    0.0017720000       1.2112090
       3855.0660    0.0034100000    0.0017670000       1.2112070
       3855.3070    0.0033900000    0.0017560000       1.2112190
       3855.5480    0.0034000000    0.0017620000       1.2112290
       3855.7890    0.0034000000    0.0017610000       1.2112330
       3856.0300    0.0034100000    0.0017670000       1.2112400
       3856.2710    0.0034200000    0.0017710000       1.2112410
       3856.5120    0.0034400000    0.0017820000       1.2112330
       3856.7540    0.0034300000    0.0017770000       1.2112260
       3856.9950    0.0033900000    0.0017550000       1.2112190
       3857.2360    0.0033600000    0.0017400000       1.2112360
       3857.4770    0.0033700000    0.0017450000       1.2112510
       3857.7180    0.0033700000    0.0017450000       1.2112530
       3857.9590    0.0033600000    0.0017400000       1.2112630
       3858.2000    0.0033600000    0.0017400000       1.2112840
       3858.4410    0.0034200000    0.0017710000       1.2113020
       3858.6820    0.0034800000    0.0018020000       1.2112770
       3858.9230    0.0034700000    0.0017960000       1.2112430
       3859.1640    0.0034200000    0.0017700000       1.2112270
       3859.4050    0.0033700000    0.0017440000       1.2112320
       3859.6460    0.0033400000    0.0017280000       1.2112470
       3859.8870    0.0033200000    0.0017190000       1.2112620
       3860.1280    0.0033100000    0.0017130000       1.2112860
       3860.3690    0.0033400000    0.0017290000       1.2113030
       3860.6110    0.0033700000    0.0017440000       1.2113160
       3860.8520    0.0033800000    0.0017490000       1.2113130
       3861.0930    0.0033900000    0.0017530000       1.2113240
       3861.3340    0.0034400000    0.0017800000       1.2113340
       3861.5750    0.0035000000    0.0018100000       1.2113110
       3861.8160    0.0035000000    0.0018110000       1.2112700
       3862.0570    0.0034300000    0.0017730000       1.2112450
       3862.2980    0.0033700000    0.0017430000       1.2112650
       3862.5390    0.0033700000    0.0017430000       1.2112840
       3862.7800    0.0033800000    0.0017470000       1.2112880
       3863.0210    0.0033700000    0.0017420000       1.2112900
       3863.2620    0.0033700000    0.0017420000       1.2113030
       3863.5030    0.0033900000    0.0017530000       1.2113080
       3863.7440    0.0034100000    0.0017630000       1.2113000
       3863.9850    0.0034000000    0.0017570000       1.2112850
       3864.2270    0.0033900000    0.0017530000       1.2112960
       3864.4680    0.0033800000    0.0017470000       1.2112870
       3864.7080    0.0033500000    0.0017320000       1.2112690
       3864.9500    0.0033100000    0.0017110000       1.2112900
       3865.1910    0.0032900000    0.0016990000       1.2113150
       3865.4320    0.0033300000    0.0017210000       1.2113350
       3865.6730    0.0033600000    0.0017360000       1.2113220
       3865.9140    0.0033400000    0.0017250000       1.2113110
       3866.1550    0.0033100000    0.0017110000       1.2113170
       3866.3960    0.0033000000    0.0017060000       1.2113330
       3866.6370    0.0033200000    0.0017150000       1.2113400
       3866.8780    0.0033100000    0.0017090000       1.2113370
       3867.1190    0.0033000000    0.0017040000       1.2113510
       3867.3600    0.0033100000    0.0017100000       1.2113590
       3867.6010    0.0033200000    0.0017150000       1.2113550
       3867.8430    0.0033000000    0.0017030000       1.2113670
       3868.0830    0.0032700000    0.0016890000       1.2113750
       3868.3240    0.0032900000    0.0016980000       1.2114050
       3868.5660    0.0033400000    0.0017250000       1.2114350
       3868.8070    0.0033900000    0.0017500000       1.2114260
       3869.0480    0.0034100000    0.0017610000       1.2114250
       3869.2890    0.0034500000    0.0017810000       1.2114270
       3869.5300    0.0035100000    0.0018120000       1.2114160
       3869.7710    0.0035400000    0.0018270000       1.2113770
       3870.0120    0.0035100000    0.0018120000       1.2113440
       3870.2530    0.0034600000    0.0017850000       1.2113300
       3870.4940    0.0034200000    0.0017640000       1.2113390
       3870.7350    0.0034100000    0.0017590000       1.2113460
       3870.9760    0.0034000000    0.0017550000       1.2113540
       3871.2170    0.0034100000    0.0017600000       1.2113580
       3871.4580    0.0034200000    0.0017650000       1.2113540
       3871.6990    0.0034200000    0.0017650000       1.2113400
       3871.9400    0.0033800000    0.0017440000       1.2113250
       3872.1820    0.0033400000    0.0017230000       1.2113510
       3872.4230    0.0033400000    0.0017220000       1.2113640
       3872.6640    0.0033400000    0.0017220000       1.2113720
       3872.9050    0.0033400000    0.0017230000       1.2113850
       3873.1460    0.0033600000    0.0017330000       1.2113980
       3873.3870    0.0034000000    0.0017520000       1.2114020
       3873.6280    0.0034300000    0.0017690000       1.2113910
       3873.8690    0.0034400000    0.0017740000       1.2113720
       3874.1100    0.0034200000    0.0017630000       1.2113570
       3874.3510    0.0034000000    0.0017540000       1.2113560
       3874.5920    0.0033900000    0.0017480000       1.2113500
       3874.8330    0.0033700000    0.0017360000       1.2113490
       3875.0740    0.0033500000    0.0017270000       1.2113540
       3875.3150    0.0033500000    0.0017270000       1.2113600
       3875.5560    0.0033500000    0.0017270000       1.2113520
       3875.7970    0.0033200000    0.0017110000       1.2113410
       3876.0390    0.0032800000    0.0016900000       1.2113620
       3876.2800    0.0032700000    0.0016850000       1.2113800
       3876.5210    0.0032900000    0.0016940000       1.2113900
       3876.7620    0.0032900000    0.0016950000       1.2113880
       3877.0030    0.0032700000    0.0016850000       1.2113920
       3877.2440    0.0032700000    0.0016840000       1.2114090
       3877.4850    0.0032900000    0.0016940000       1.2114150
       3877.7260    0.0033000000    0.0016990000       1.2114120
       3877.9670    0.0032800000    0.0016900000       1.2114080
       3878.2080    0.0032600000    0.0016800000       1.2114210
       3878.4490    0.0032700000    0.0016850000       1.2114350
       3878.6900    0.0032800000    0.0016900000       1.2114380
       3878.9310    0.0032700000    0.0016840000       1.2114440
       3879.1720    0.0032700000    0.0016840000       1.2114640
       3879.4130    0.0033000000    0.0016980000       1.2114810
       3879.6550    0.0033600000    0.0017290000       1.2115060
       3879.8960    0.0034300000    0.0017660000       1.2114930
       3880.1360    0.0034700000    0.0017860000       1.2114450
       3880.3780    0.0034600000    0.0017810000       1.2114210
       3880.6190    0.0034000000    0.0017500000       1.2113940
       3880.8600    0.0033300000    0.0017150000       1.2113990
       3881.1010    0.0033000000    0.0016980000       1.2114300
       3881.3420    0.0033400000    0.0017180000       1.2114540
       3881.5830    0.0033800000    0.0017390000       1.2114430
       3881.8240    0.0033700000    0.0017330000       1.2114270
       3882.0650    0.0033400000    0.0017190000       1.2114270
       3882.3060    0.0033300000    0.0017130000       1.2114410
       3882.5470    0.0033500000    0.0017240000       1.2114450
       3882.7880    0.0033500000    0.0017230000       1.2114430
       3883.0290    0.0033600000    0.0017290000       1.2114420
       3883.2710    0.0033700000    0.0017330000       1.2114480
       3883.5110    0.0033600000    0.0017280000       1.2114230
       3883.7520    0.0033200000    0.0017070000       1.2114190
       3883.9940    0.0032900000    0.0016920000       1.2114570
       3884.2350    0.0033300000    0.0017130000       1.2114780
       3884.4760    0.0033900000    0.0017430000       1.2114730
       3884.7170    0.0034100000    0.0017530000       1.2114480
       3884.9580    0.0033900000    0.0017420000       1.2114330
       3885.1990    0.0033800000    0.0017370000       1.2114350
       3885.4400    0.0034000000    0.0017480000       1.2114220
       3885.6810    0.0033700000    0.0017320000       1.2113920
       3885.9220    0.0033000000    0.0016970000       1.2113850
       3886.1630    0.0032300000    0.0016600000       1.2114030
       3886.4040    0.0032200000    0.0016550000       1.2114420
       3886.6450    0.0032500000    0.0016700000       1.2114560
       3886.8860    0.0032700000    0.0016800000       1.2114590
       3887.1270    0.0032700000    0.0016810000       1.2114530
       3887.3680    0.0032600000    0.0016750000       1.2114520
       3887.6100    0.0032500000    0.0016700000       1.2114610
       3887.8510    0.0032100000    0.0016500000       1.2114640
       3888.0920    0.0031900000    0.0016390000       1.2114950
       3888.3330    0.0032300000    0.0016600000       1.2115250
       3888.5740    0.0032800000    0.0016850000       1.2115260
       3888.8150    0.0033000000    0.0016950000       1.2115250
       3889.0560    0.0033200000    0.0017050000       1.2115260
       3889.2970    0.0033500000    0.0017210000       1.2115260
       3889.5380    0.0033800000    0.0017360000       1.2115120
       3889.7790    0.0033800000    0.0017360000       1.2114940
       3890.0200    0.0033600000    0.0017250000       1.2114860
       3890.2610    0.0033500000    0.0017210000       1.2114910
       3890.5020    0.0033600000    0.0017260000       1.2114880
       3890.7430    0.0033600000    0.0017250000       1.2114780
       3890.9840    0.0033400000    0.0017140000       1.2114740
       3891.2250    0.0033400000    0.0017140000       1.2114760
       3891.4670    0.0033400000    0.0017140000       1.2114760
       3891.7080    0.0033100000    0.0016990000       1.2114640
       3891.9490    0.0032600000    0.0016730000       1.2114690
       3892.1900    0.0032400000    0.0016630000       1.2115020
       3892.4310    0.0032700000    0.0016780000       1.2115200
       3892.6720    0.0033000000    0.0016930000       1.2115300
       3892.9130    0.0033300000    0.0017090000       1.2115260
       3893.1540    0.0033400000    0.0017140000       1.2115230
       3893.3950    0.0033600000    0.0017240000       1.2115150
       3893.6360    0.0033500000    0.0017190000       1.2115040
       3893.8770    0.0033300000    0.0017080000       1.2115080
       3894.1180    0.0033400000    0.0017130000       1.2115230
       3894.3590    0.0033800000    0.0017330000       1.2115220
       3894.6000    0.0034000000    0.0017440000       1.2115060
       3894.8410    0.0033900000    0.0017390000       1.2114830
       3895.0830    0.0033700000    0.0017280000       1.2114920
       3895.3230    0.0033500000    0.0017190000       1.2114700
       3895.5640    0.0033200000    0.0017030000       1.2114700
       3895.8060    0.0032900000    0.0016860000       1.2114950
       3896.0470    0.0033000000    0.0016920000       1.2115210
       3896.2880    0.0033600000    0.0017230000       1.2115240
       3896.5290    0.0033900000    0.0017380000       1.2115030
       3896.7700    0.0033800000    0.0017320000       1.2114810
       3897.0110    0.0033500000    0.0017180000       1.2114770
       3897.2520    0.0033500000    0.0017170000       1.2114760
       3897.4930    0.0033400000    0.0017120000       1.2114620
       3897.7340    0.0032900000    0.0016860000       1.2114520
       3897.9750    0.0032400000    0.0016600000       1.2114740
       3898.2160    0.0032500000    0.0016640000       1.2115010
       3898.4570    0.0032800000    0.0016800000       1.2115090
       3898.6980    0.0032900000    0.0016850000       1.2115020
       3898.9390    0.0032800000    0.0016800000       1.2115080
       3899.1800    0.0033100000    0.0016950000       1.2115120
       3899.4220    0.0033400000    0.0017110000       1.2115060
       3899.6630    0.0033200000    0.0017000000       1.2114770
       3899.9040    0.0032600000    0.0016700000       1.2114760
       3900.1450    0.0032400000    0.0016600000       1.2115030
       3900.3860    0.0032800000    0.0016810000       1.2115150
       3900.6270    0.0033000000    0.0016910000       1.2115020
       3900.8680    0.0033000000    0.0016900000       1.2114870
       3901.1090    0.0032700000    0.0016740000       1.2114760
       3901.3500    0.0032500000    0.0016640000       1.2114770
       3901.5910    0.0032100000    0.0016440000       1.2114700
       3901.8320    0.0031600000    0.0016170000       1.2114890
       3902.0730    0.0031500000    0.0016120000       1.2115190
       3902.3140    0.0031800000    0.0016280000       1.2115420
       3902.5550    0.0032100000    0.0016440000       1.2115360
       3902.7960    0.0031900000    0.0016320000       1.2115330
       3903.0380    0.0031900000    0.0016330000       1.2115660
       3903.2790    0.0032300000    0.0016530000       1.2115800
       3903.5200    0.0032900000    0.0016830000       1.2115770
       3903.7610    0.0033200000    0.0016990000       1.2115560
       3904.0020    0.0033200000    0.0016980000       1.2115380
       3904.2430    0.0033200000    0.0016990000       1.2115250
       3904.4840    0.0033000000    0.0016880000       1.2115010
       3904.7250    0.0032400000    0.0016580000       1.2114960
       3904.9660    0.0032000000    0.0016370000       1.2115150
       3905.2070    0.0032100000    0.0016420000       1.2115380
       3905.4480    0.0032400000    0.0016570000       1.2115370
       3905.6890    0.0032400000    0.0016560000       1.2115240
       3905.9300    0.0032000000    0.0016370000       1.2115210
       3906.1710    0.0031800000    0.0016260000       1.2115380
       3906.4120    0.0031800000    0.0016270000       1.2115520
       3906.6530    0.0031900000    0.0016320000       1.2115600
       3906.8950    0.0032100000    0.0016410000       1.2115850
       3907.1350    0.0032500000    0.0016620000       1.2115710
       3907.3770    0.0032800000    0.0016770000       1.2115660
       3907.6180    0.0032600000    0.0016660000       1.2115440
       3907.8590    0.0032300000    0.0016510000       1.2115450
       3908.1000    0.0032200000    0.0016450000       1.2115570
       3908.3410    0.0032400000    0.0016560000       1.2115630
       3908.5820    0.0032500000    0.0016610000       1.2115510
       3908.8230    0.0032200000    0.0016460000       1.2115430
       3909.0640    0.0032000000    0.0016350000       1.2115530
       3909.3050    0.0031900000    0.0016310000       1.2115630
       3909.5460    0.0031900000    0.0016300000       1.2115760
       3909.7870    0.0032000000    0.0016350000       1.2115920
       3910.0280    0.0032500000    0.0016600000       1.2116090
       3910.2690    0.0033200000    0.0016970000       1.2115930
       3910.5100    0.0033400000    0.0017070000       1.2115490
       3910.7510    0.0032800000    0.0016750000       1.2115140
       3910.9920    0.0032000000    0.0016340000       1.2115140
       3911.2340    0.0031600000    0.0016130000       1.2115510
       3911.4750    0.0031700000    0.0016180000       1.2115710
       3911.7160    0.0031800000    0.0016230000       1.2115770
       3911.9570    0.0031900000    0.0016290000       1.2115890
       3912.1980    0.0032100000    0.0016390000       1.2115890
       3912.4390    0.0032200000    0.0016440000       1.2115870
       3912.6800    0.0032100000    0.0016390000       1.2115810
       3912.9210    0.0032000000    0.0016340000       1.2115950
       3913.1620    0.0032300000    0.0016480000       1.2116040
       3913.4030    0.0032600000    0.0016630000       1.2115990
       3913.6440    0.0032600000    0.0016640000       1.2115800
       3913.8850    0.0032300000    0.0016490000       1.2115820
       3914.1260    0.0032400000    0.0016530000       1.2115920
       3914.3670    0.0032600000    0.0016640000       1.2115870
       3914.6080    0.0032500000    0.0016580000       1.2115670
       3914.8500    0.0032100000    0.0016380000       1.2115820
       3915.0910    0.0032000000    0.0016330000       1.2115990
       3915.3320    0.0032400000    0.0016520000       1.2116170
       3915.5730    0.0032800000    0.0016740000       1.2116030
       3915.8140    0.0032700000    0.0016670000       1.2115890
       3916.0550    0.0032600000    0.0016620000       1.2115930
       3916.2960    0.0032700000    0.0016670000       1.2115990
       3916.5370    0.0032800000    0.0016740000       1.2115970
       3916.7780    0.0032900000    0.0016790000       1.2115990
       3917.0190    0.0033200000    0.0016940000       1.2115990
       3917.2600    0.0033700000    0.0017190000       1.2115850
       3917.5010    0.0033900000    0.0017280000       1.2115430
       3917.7420    0.0033400000    0.0017030000       1.2115050
       3917.9830    0.0032600000    0.0016620000       1.2114920
       3918.2240    0.0032000000    0.0016310000       1.2115040
       3918.4660    0.0031800000    0.0016210000       1.2115260
       3918.7070    0.0031500000    0.0016060000       1.2115330
       3918.9480    0.0031400000    0.0016010000       1.2115500
       3919.1890    0.0031400000    0.0016010000       1.2115630
       3919.4300    0.0031500000    0.0016060000       1.2115740
       3919.6710    0.0031600000    0.0016100000       1.2115780
       3919.9120    0.0031600000    0.0016100000       1.2115890
       3920.1530    0.0032000000    0.0016310000       1.2116000
       3920.3940    0.0032400000    0.0016510000       1.2115830
       3920.6350    0.0032400000    0.0016510000       1.2115620
       3920.8760    0.0032200000    0.0016410000       1.2115440
       3921.1170    0.0031900000    0.0016250000       1.2115320
       3921.3580    0.0031400000    0.0015990000       1.2115230
       3921.5990    0.0030700000    0.0015640000       1.2115350
       3921.8400    0.0030300000    0.0015430000       1.2115700
       3922.0810    0.0030500000    0.0015540000       1.2116070
       3922.3230    0.0031100000    0.0015840000       1.2116350
       3922.5630    0.0031600000    0.0016090000       1.2116100
       3922.8050    0.0031700000    0.0016140000       1.2116020
       3923.0460    0.0031500000    0.0016030000       1.2115910
       3923.2870    0.0031300000    0.0015940000       1.2115860
       3923.5280    0.0030900000    0.0015730000       1.2115920
       3923.7690    0.0030700000    0.0015630000       1.2116190
       3924.0100    0.0031100000    0.0015830000       1.2116480
       3924.2510    0.0031700000    0.0016140000       1.2116420
       3924.4920    0.0031800000    0.0016190000       1.2116210
       3924.7330    0.0031500000    0.0016030000       1.2116140
       3924.9740    0.0031400000    0.0015980000       1.2116360
       3925.2150    0.0031900000    0.0016230000       1.2116430
       3925.4560    0.0032200000    0.0016390000       1.2116280
       3925.6970    0.0032200000    0.0016390000       1.2116050
       3925.9380    0.0031900000    0.0016230000       1.2115960
       3926.1790    0.0031700000    0.0016140000       1.2115920
       3926.4200    0.0031400000    0.0015970000       1.2115880
       3926.6620    0.0031100000    0.0015820000       1.2116110
       3926.9030    0.0031000000    0.0015770000       1.2116330
       3927.1440    0.0031500000    0.0016010000       1.2116510
       3927.3850    0.0031800000    0.0016180000       1.2116380
       3927.6260    0.0031700000    0.0016120000       1.2116280
       3927.8670    0.0031600000    0.0016070000       1.2116380
       3928.1080    0.0031800000    0.0016180000       1.2116430
       3928.3490    0.0031900000    0.0016230000       1.2116380
       3928.5900    0.0031900000    0.0016210000       1.2116410
       3928.8310    0.0032100000    0.0016320000       1.2116560
       3929.0720    0.0032800000    0.0016680000       1.2116510
       3929.3130    0.0033200000    0.0016880000       1.2116100
       3929.5540    0.0032800000    0.0016670000       1.2115670
       3929.7950    0.0032000000    0.0016260000       1.2115590
       3930.0360    0.0031600000    0.0016070000       1.2115730
       3930.2780    0.0031600000    0.0016070000       1.2115920
       3930.5190    0.0031600000    0.0016050000       1.2115840
       3930.7600    0.0031300000    0.0015910000       1.2115780
       3931.0010    0.0030900000    0.0015690000       1.2115890
       3931.2420    0.0030800000    0.0015650000       1.2116100
       3931.4830    0.0030800000    0.0015650000       1.2116210
       3931.7240    0.0030800000    0.0015640000       1.2116390
       3931.9650    0.0031000000    0.0015750000       1.2116590
       3932.2060    0.0031500000    0.0016010000       1.2116670
       3932.4470    0.0031800000    0.0016150000       1.2116550
       3932.6880    0.0031900000    0.0016200000       1.2116510
       3932.9290    0.0032000000    0.0016250000       1.2116470
       3933.1700    0.0032200000    0.0016360000       1.2116430
       3933.4110    0.0032300000    0.0016400000       1.2116270
       3933.6520    0.0032200000    0.0016360000       1.2116160
       3933.8940    0.0032100000    0.0016300000       1.2116200
       3934.1350    0.0032100000    0.0016290000       1.2116220
       3934.3750    0.0032100000    0.0016300000       1.2116010
       3934.6170    0.0032100000    0.0016300000       1.2116150
       3934.8580    0.0032200000    0.0016350000       1.2116000
       3935.0990    0.0032100000    0.0016290000       1.2115870
       3935.3400    0.0031800000    0.0016140000       1.2115720
       3935.5810    0.0031200000    0.0015840000       1.2115760
       3935.8220    0.0030900000    0.0015690000       1.2116030
       3936.0630    0.0031200000    0.0015830000       1.2116310
       3936.3040    0.0031700000    0.0016090000       1.2116290
       3936.5450    0.0031900000    0.0016180000       1.2116190
       3936.7860    0.0032100000    0.0016290000       1.2116050
       3937.0270    0.0032000000    0.0016230000       1.2115780
       3937.2680    0.0031500000    0.0015980000       1.2115630
       3937.5090    0.0030900000    0.0015670000       1.2115710
       3937.7500    0.0030700000    0.0015570000       1.2116010
       3937.9910    0.0031100000    0.0015780000       1.2116120
       3938.2330    0.0031300000    0.0015880000       1.2116020
       3938.4740    0.0030800000    0.0015620000       1.2115840
       3938.7150    0.0030200000    0.0015310000       1.2116080
       3938.9560    0.0030300000    0.0015360000       1.2116510
       3939.1970    0.0031000000    0.0015710000       1.2116700
       3939.4380    0.0031500000    0.0015980000       1.2116580
       3939.6790    0.0031600000    0.0016030000       1.2116460
       3939.9200    0.0031800000    0.0016130000       1.2116420
       3940.1610    0.0032000000    0.0016210000       1.2116280
       3940.4020    0.0032000000    0.0016220000       1.2116110
       3940.6430    0.0031700000    0.0016080000       1.2115970
       3940.8840    0.0031600000    0.0016010000       1.2116030
       3941.1250    0.0031700000    0.0016060000       1.2115960
       3941.3660    0.0031500000    0.0015970000       1.2115800
       3941.6070    0.0031000000    0.0015710000       1.2115760
       3941.8480    0.0030700000    0.0015560000       1.2115960
       3942.0900    0.0030900000    0.0015650000       1.2116210
       3942.3310    0.0031100000    0.0015750000       1.2116210
       3942.5720    0.0031200000    0.0015820000       1.2116170
       3942.8130    0.0031300000    0.0015850000       1.2116150
       3943.0540    0.0031400000    0.0015910000       1.2116070
       3943.2950    0.0031300000    0.0015860000       1.2115960
       3943.5360    0.0031100000    0.0015760000       1.2115920
       3943.7770    0.0031000000    0.0015700000       1.2115990
       3944.0180    0.0031100000    0.0015760000       1.2115980
       3944.2590    0.0031100000    0.0015740000       1.2115850
       3944.5000    0.0030700000    0.0015560000       1.2115740
       3944.7410    0.0030200000    0.0015290000       1.2115860
       3944.9820    0.0030100000    0.0015240000       1.2116120
       3945.2230    0.0030300000    0.0015340000       1.2116280
       3945.4640    0.0030500000    0.0015450000       1.2116330
       3945.7060    0.0030800000    0.0015590000       1.2116460
       3945.9470    0.0031100000    0.0015740000       1.2116380
       3946.1880    0.0031300000    0.0015850000       1.2116200
       3946.4290    0.0031100000    0.0015730000       1.2116010
       3946.6700    0.0030800000    0.0015590000       1.2116020
       3946.9110    0.0030700000    0.0015540000       1.2116070
       3947.1520    0.0030700000    0.0015540000       1.2116050
       3947.3930    0.0030400000    0.0015380000       1.2116020
       3947.6340    0.0030200000    0.0015280000       1.2116230
       3947.8750    0.0030400000    0.0015370000       1.2116410
       3948.1160    0.0030800000    0.0015580000       1.2116450
       3948.3570    0.0030900000    0.0015640000       1.2116290
       3948.5980    0.0030700000    0.0015540000       1.2116320
       3948.8390    0.0030900000    0.0015630000       1.2116470
       3949.0800    0.0031500000    0.0015930000       1.2116380
       3949.3220    0.0031700000    0.0016030000       1.2116110
       3949.5630    0.0031200000    0.0015770000       1.2115850
       3949.8030    0.0030500000    0.0015430000       1.2115750
       3950.0450    0.0030300000    0.0015320000       1.2116160
       3950.2860    0.0030500000    0.0015430000       1.2116320
       3950.5270    0.0031000000    0.0015670000       1.2116360
       3950.7680    0.0031300000    0.0015820000       1.2116160
       3951.0090    0.0031300000    0.0015830000       1.2115890
       3951.2500    0.0030600000    0.0015480000       1.2115590
       3951.4910    0.0029600000    0.0014960000       1.2115810
       3951.7320    0.0029300000    0.0014820000       1.2116380
       3951.9730    0.0030100000    0.0015210000       1.2116890
       3952.2140    0.0031300000    0.0015830000       1.2116850
       3952.4550    0.0031900000    0.0016130000       1.2116450
       3952.6960    0.0031800000    0.0016070000       1.2116080
       3952.9370    0.0031500000    0.0015910000       1.2115900
       3953.1780    0.0031100000    0.0015720000       1.2115840
       3953.4190    0.0030900000    0.0015610000       1.2115910
       3953.6610    0.0031000000    0.0015670000       1.2116130
       3953.9020    0.0031500000    0.0015920000       1.2116040
       3954.1430    0.0031700000    0.0016020000       1.2115650
       3954.3840    0.0031100000    0.0015700000       1.2115280
       3954.6250    0.0030100000    0.0015200000       1.2115310
       3954.8660    0.0029700000    0.0015000000       1.2115630
       3955.1070    0.0029700000    0.0015000000       1.2115820
       3955.3480    0.0029700000    0.0015000000       1.2115940
       3955.5890    0.0029600000    0.0014950000       1.2116100
       3955.8300    0.0029900000    0.0015100000       1.2116360
       3956.0710    0.0030500000    0.0015390000       1.2116400
       3956.3120    0.0031000000    0.0015650000       1.2116210
       3956.5530    0.0030800000    0.0015550000       1.2115910
       3956.7940    0.0030500000    0.0015400000       1.2115970
       3957.0350    0.0030600000    0.0015450000       1.2115970
       3957.2760    0.0030600000    0.0015440000       1.2115880
       3957.5180    0.0030500000    0.0015390000       1.2115930
       3957.7590    0.0030400000    0.0015340000       1.2115900
       3958.0000    0.0030300000    0.0015290000       1.2115920
       3958.2410    0.0030300000    0.0015290000       1.2115980
       3958.4820    0.0030300000    0.0015290000       1.2116020
       3958.7230    0.0030500000    0.0015390000       1.2116140
       3958.9640    0.0031000000    0.0015630000       1.2116070
       3959.2050    0.0031200000    0.0015740000       1.2115760
       3959.4460    0.0030700000    0.0015480000       1.2115470
       3959.6870    0.0030100000    0.0015170000       1.2115530
       3959.9280    0.0029800000    0.0015030000       1.2115750
       3960.1690    0.0030000000    0.0015140000       1.2115940
       3960.4100    0.0030200000    0.0015230000       1.2115950
       3960.6510    0.0030400000    0.0015340000       1.2116000
       3960.8920    0.0030700000    0.0015480000       1.2115880
       3961.1340    0.0030900000    0.0015580000       1.2115810
       3961.3750    0.0030700000    0.0015470000       1.2115590
       3961.6150    0.0030400000    0.0015330000       1.2115450
       3961.8570    0.0030300000    0.0015280000       1.2115610
       3962.0980    0.0030500000    0.0015370000       1.2115580
       3962.3390    0.0030500000    0.0015360000       1.2115350
       3962.5800    0.0030100000    0.0015170000       1.2115240
       3962.8210    0.0029700000    0.0014970000       1.2115210
       3963.0620    0.0029400000    0.0014820000       1.2115290
       3963.3030    0.0029100000    0.0014670000       1.2115320
       3963.5440    0.0028800000    0.0014520000       1.2115510
       3963.7850    0.0028800000    0.0014520000       1.2115720
       3964.0260    0.0029100000    0.0014660000       1.2115850
       3964.2670    0.0029200000    0.0014710000       1.2115800
       3964.5080    0.0029100000    0.0014660000       1.2115830
       3964.7500    0.0029200000    0.0014710000       1.2116110
       3964.9900    0.0029700000    0.0014970000       1.2116000
       3965.2310    0.0029800000    0.0015010000       1.2115720
       3965.4730    0.0029400000    0.0014810000       1.2115720
       3965.7140    0.0028900000    0.0014560000       1.2115750
       3965.9550    0.0028700000    0.0014450000       1.2116090
       3966.1960    0.0029000000    0.0014610000       1.2116380
       3966.4370    0.0029600000    0.0014910000       1.2116560
       3966.6780    0.0030300000    0.0015250000       1.2116550
       3966.9190    0.0031000000    0.0015610000       1.2116380
       3967.1600    0.0031200000    0.0015710000       1.2115960
       3967.4010    0.0030900000    0.0015550000       1.2115750
       3967.6420    0.0030600000    0.0015410000       1.2115720
       3967.8830    0.0030700000    0.0015460000       1.2115780
       3968.1240    0.0030900000    0.0015550000       1.2115650
       3968.3650    0.0030900000    0.0015560000       1.2115500
       3968.6060    0.0030700000    0.0015450000       1.2115370
       3968.8470    0.0030700000    0.0015450000       1.2115320
       3969.0890    0.0030600000    0.0015400000       1.2115260
       3969.3300    0.0030400000    0.0015290000       1.2115180
       3969.5710    0.0030200000    0.0015190000       1.2115160
       3969.8120    0.0030300000    0.0015250000       1.2115210
       3970.0530    0.0030400000    0.0015300000       1.2114930
       3970.2940    0.0029800000    0.0015000000       1.2114680
       3970.5350    0.0028800000    0.0014490000       1.2114720
       3970.7760    0.0028300000    0.0014230000       1.2115250
       3971.0170    0.0028700000    0.0014440000       1.2115650
       3971.2580    0.0029400000    0.0014790000       1.2115790
       3971.4990    0.0029900000    0.0015040000       1.2115690
       3971.7400    0.0030300000    0.0015240000       1.2115560
       3971.9810    0.0030400000    0.0015290000       1.2115280
       3972.2220    0.0030200000    0.0015190000       1.2115120
       3972.4630    0.0029900000    0.0015040000       1.2115030
       3972.7040    0.0029800000    0.0014990000       1.2115050
       3972.9460    0.0029800000    0.0014970000       1.2115090
       3973.1870    0.0029700000    0.0014930000       1.2115060
       3973.4280    0.0029600000    0.0014880000       1.2115060
       3973.6690    0.0029800000    0.0014980000       1.2115130
       3973.9100    0.0030100000    0.0015130000       1.2114920
       3974.1510    0.0029900000    0.0015040000       1.2114580
       3974.3920    0.0028900000    0.0014520000       1.2114380
       3974.6330    0.0028100000    0.0014130000       1.2114780
       3974.8740    0.0028100000    0.0014120000       1.2115170
       3975.1150    0.0028600000    0.0014370000       1.2115490
       3975.3560    0.0029100000    0.0014620000       1.2115450
       3975.5970    0.0029400000    0.0014760000       1.2115500
       3975.8380    0.0029800000    0.0014970000       1.2115410
       3976.0790    0.0030100000    0.0015120000       1.2115270
       3976.3200    0.0030100000    0.0015110000       1.2114960
       3976.5620    0.0029800000    0.0014970000       1.2115040
       3976.8020    0.0029700000    0.0014920000       1.2114930
       3977.0430    0.0029900000    0.0015020000       1.2114960
       3977.2850    0.0029900000    0.0015020000       1.2114920
       3977.5260    0.0030000000    0.0015070000       1.2114910
       3977.7670    0.0030100000    0.0015110000       1.2114750
       3978.0080    0.0030200000    0.0015160000       1.2114670
       3978.2490    0.0030000000    0.0015070000       1.2114370
       3978.4900    0.0029500000    0.0014810000       1.2114370
       3978.7310    0.0029200000    0.0014660000       1.2114460
       3978.9720    0.0029300000    0.0014700000       1.2114660
       3979.2130    0.0029600000    0.0014850000       1.2114630
       3979.4540    0.0029800000    0.0014960000       1.2114570
       3979.6950    0.0029800000    0.0014960000       1.2114340
       3979.9360    0.0029600000    0.0014860000       1.2114240
       3980.1770    0.0029200000    0.0014650000       1.2114130
       3980.4180    0.0028900000    0.0014500000       1.2114330
       3980.6590    0.0029000000    0.0014550000       1.2114440
       3980.9010    0.0029500000    0.0014790000       1.2114610
       3981.1420    0.0029700000    0.0014900000       1.2114280
       3981.3830    0.0029400000    0.0014760000       1.2114150
       3981.6240    0.0029000000    0.0014550000       1.2114110
       3981.8650    0.0028900000    0.0014490000       1.2114320
       3982.1060    0.0029000000    0.0014560000       1.2114380
       3982.3470    0.0029300000    0.0014700000       1.2114470
       3982.5880    0.0029500000    0.0014800000       1.2114380
       3982.8290    0.0029800000    0.0014950000       1.2114340
       3983.0700    0.0029700000    0.0014890000       1.2114090
       3983.3110    0.0029500000    0.0014800000       1.2114220
       3983.5520    0.0029700000    0.0014890000       1.2114270
       3983.7930    0.0030300000    0.0015190000       1.2114360
       3984.0340    0.0030800000    0.0015450000       1.2113980
       3984.2750    0.0030800000    0.0015440000       1.2113670
       3984.5170    0.0030500000    0.0015300000       1.2113460
       3984.7580    0.0030300000    0.0015180000       1.2113400
       3984.9990    0.0030200000    0.0015140000       1.2113220
       3985.2400    0.0030000000    0.0015050000       1.2113130
       3985.4810    0.0029600000    0.0014830000       1.2112950
       3985.7220    0.0029300000    0.0014690000       1.2113150
       3985.9630    0.0029400000    0.0014740000       1.2113110
       3986.2040    0.0029500000    0.0014780000       1.2113160
       3986.4450    0.0029600000    0.0014820000       1.2112990
       3986.6860    0.0029600000    0.0014820000       1.2112960
       3986.9270    0.0029400000    0.0014740000       1.2112680
       3987.1680    0.0028900000    0.0014470000       1.2112750
       3987.4090    0.0028700000    0.0014380000       1.2112870
       3987.6500    0.0029000000    0.0014530000       1.2113140
       3987.8910    0.0029600000    0.0014830000       1.2112990
       3988.1320    0.0029800000    0.0014930000       1.2112740
       3988.3740    0.0029500000    0.0014770000       1.2112580
       3988.6150    0.0029400000    0.0014720000       1.2112740
       3988.8560    0.0029900000    0.0014960000       1.2112650
       3989.0970    0.0030300000    0.0015170000       1.2112470
       3989.3380    0.0030300000    0.0015180000       1.2111970
       3989.5790    0.0029800000    0.0014920000       1.2111770
       3989.8200    0.0029300000    0.0014660000       1.2111630
       3990.0610    0.0029100000    0.0014560000       1.2111760
       3990.3020    0.0028900000    0.0014470000       1.2111660
       3990.5430    0.0028900000    0.0014460000       1.2111860
       3990.7840    0.0029200000    0.0014620000       1.2111750
       3991.0250    0.0029500000    0.0014770000       1.2111690
       3991.2660    0.0029500000    0.0014760000       1.2111320
       3991.5070    0.0029400000    0.0014710000       1.2111310
       3991.7480    0.0029400000    0.0014710000       1.2110960
       3991.9900    0.0029200000    0.0014600000       1.2110990
       3992.2300    0.0028800000    0.0014410000       1.2110610
       3992.4710    0.0028500000    0.0014250000       1.2110730
       3992.7130    0.0028300000    0.0014160000       1.2110740
       3992.9540    0.0028400000    0.0014220000       1.2110930
       3993.1950    0.0028600000    0.0014300000       1.2110740
       3993.4360    0.0028900000    0.0014440000       1.2110910
       3993.6770    0.0029400000    0.0014700000       1.2110600
       3993.9180    0.0029800000    0.0014900000       1.2110450
       3994.1590    0.0029800000    0.0014910000       1.2109870     
       3994.4000    0.0029600000    0.0014800000       1.2109760
       3994.6410    0.0029400000    0.0014690000       1.2109370
       3994.8820    0.0029400000    0.0014710000       1.2109390
       3995.1230    0.0029200000    0.0014610000       1.2108840
       3995.3640    0.0028800000    0.0014400000       1.2108970
       3995.6050    0.0028900000    0.0014450000       1.2108700
       3995.8460    0.0029200000    0.0014600000       1.2108740
       3996.0870    0.0029300000    0.0014640000       1.2108060
       3996.3290    0.0029100000    0.0014540000       1.2108130
       3996.5700    0.0029000000    0.0014490000       1.2107590
       3996.8110    0.0029200000    0.0014590000       1.2107670
       3997.0520    0.0029300000    0.0014640000       1.2106870
       3997.2930    0.0029100000    0.0014540000       1.2106850
       3997.5340    0.0029000000    0.0014490000       1.2106140
       3997.7750    0.0029300000    0.0014640000       1.2106270
       3998.0160    0.0029700000    0.0014830000       1.2105110
       3998.2570    0.0029600000    0.0014780000       1.2104880
       3998.4980    0.0029200000    0.0014580000       1.2103470
       3998.7390    0.0028900000    0.0014430000       1.2103510
       3998.9800    0.0028500000    0.0014230000       1.2101690
       3999.2210    0.0028100000    0.0014030000       1.2101960
       3999.4620    0.0028200000    0.0014080000       1.2099230
       3999.7030    0.0028900000    0.0014440000       1.2099460
       3999.9450    0.0029600000    0.0014790000       1.2089960
       4000.1860       0.0000000  -1.0000000e-06       1.2089750
