600.003700 -0.000667 
600.244800 0.000666 
600.485800 0.000333 
600.726900 -0.001332 
600.968000 -0.002662 
601.209000 -0.002329 
601.450100 -0.000998 
601.691200 0.000332 
601.932300 0.000665 
602.173300 0.000664 
602.414400 0.001328 
602.655400 0.003982 
602.896500 0.007962 
603.137500 0.010943 
603.378600 0.008950 
603.619600 0.002319 
603.860700 -0.003643 
604.101800 -0.003311 
604.342800 0.001986 
604.583900 0.006616 
604.825000 0.006944 
605.066000 0.005950 
605.307100 0.007269 
605.548200 0.011560 
605.789200 0.015187 
606.030300 0.016171 
606.271400 0.016164 
606.512400 0.017477 
606.753500 0.018789 
606.994500 0.018452 
607.235600 0.016468 
607.476600 0.014815 
607.717700 0.015797 
607.958800 0.018751 
608.199800 0.022032 
608.440900 0.024653 
608.681900 0.026286 
608.923000 0.026276 
609.164100 0.025609 
609.405200 0.023630 
609.646200 0.021324 
609.887300 0.019020 
610.128400 0.016062 
610.369400 0.013762 
610.610500 0.013429 
610.851500 0.015716 
611.092600 0.019964 
611.333600 0.023228 
611.574700 0.025181 
611.815800 0.027132 
612.056800 0.030389 
612.297900 0.032664 
612.538900 0.030692 
612.780000 0.024805 
613.021100 0.018923 
613.262100 0.017285 
613.503200 0.020212 
613.744300 0.024766 
613.985400 0.029642 
614.226400 0.034515 
614.467500 0.040360 
614.708500 0.046201 
614.949600 0.050085 
615.190600 0.050391 
615.431700 0.047771 
615.672800 0.044829 
615.913800 0.044487 
616.154900 0.045443 
616.395900 0.045425 
616.637000 0.044110 
616.878100 0.042472 
617.119100 0.041159 
617.360200 0.037579 
617.601300 0.031412 
617.842300 0.025897 
618.083400 0.025563 
618.324500 0.031375 
618.565500 0.038476 
618.806600 0.042340 
619.047600 0.041354 
619.288700 0.038108 
619.529800 0.036156 
619.770800 0.038079 
620.011900 0.042902 
620.252900 0.048045 
620.494000 0.051249 
620.735000 0.053163 
620.976100 0.053786 
621.217200 0.052156 
621.458300 0.047630 
621.699300 0.042464 
621.940400 0.040840 
622.181500 0.044039 
622.422500 0.048520 
622.663600 0.051392 
622.904600 0.051693 
623.145700 0.049427 
623.386800 0.046199 
623.627800 0.043936 
623.868900 0.044561 
624.109900 0.047748 
624.351000 0.050613 
624.592000 0.051233 
624.833100 0.050574 
625.074200 0.050874 
625.315200 0.052773 
625.556300 0.054352 
625.797400 0.055289 
626.038500 0.056546 
626.279500 0.058440 
626.520600 0.059695 
626.761600 0.058715 
627.002700 0.056459 
627.243800 0.056437 
627.484800 0.060559 
627.725900 0.065634 
627.966900 0.067519 
628.208000 0.063992 
628.449000 0.057602 
628.690100 0.053126 
628.931200 0.053106 
629.172200 0.056900 
629.413300 0.060691 
629.654400 0.063209 
629.895400 0.064773 
630.136500 0.065700 
630.377600 0.065992 
630.618600 0.066284 
630.859700 0.066259 
631.100800 0.067184 
631.341800 0.068426 
631.582900 0.068716 
631.823900 0.066474 
632.065000 0.063285 
632.306000 0.061679 
632.547100 0.062604 
632.788200 0.065425 
633.029200 0.067927 
633.270300 0.068849 
633.511400 0.068191 
633.752400 0.065956 
633.993500 0.064039 
634.234600 0.064014 
634.475600 0.065881 
634.716700 0.068377 
634.957800 0.069296 
635.198800 0.068640 
635.439900 0.068614 
635.680900 0.069532 
635.922000 0.070763 
636.163000 0.072623 
636.404100 0.076052 
636.645100 0.082306 
636.886200 0.088556 
637.127300 0.090092 
637.368300 0.086292 
637.609400 0.080300 
637.850500 0.077761 
638.091600 0.079926 
638.332600 0.083969 
638.573700 0.085816 
638.814800 0.085784 
639.055800 0.085752 
639.296900 0.086971 
639.537900 0.086625 
639.779000 0.082528 
640.020000 0.076560 
640.261100 0.073720 
640.502200 0.077751 
640.743200 0.086150 
640.984300 0.092982 
641.225300 0.095442 
641.466400 0.094783 
641.707500 0.093812 
641.948500 0.093777 
642.189600 0.093742 
642.430700 0.093707 
642.671800 0.093360 
642.912800 0.093325 
643.153900 0.093601 
643.394900 0.095431 
643.636000 0.098503 
643.877000 0.101572 
644.118100 0.103708 
644.359100 0.103359 
644.600200 0.101148 
644.841300 0.098629 
645.082300 0.097352 
645.323400 0.098245 
645.564500 0.100067 
645.805500 0.101269 
646.046600 0.100922 
646.287700 0.099027 
646.528700 0.096825 
646.769800 0.095552 
647.010900 0.096134 
647.251900 0.099189 
647.493000 0.102858 
647.734000 0.104055 
647.975100 0.101856 
648.216200 0.099041 
648.457200 0.099004 
648.698300 0.101126 
648.939300 0.103245 
649.180400 0.103515 
649.421400 0.103477 
649.662500 0.104978 
649.903600 0.107093 
650.144700 0.108284 
650.385700 0.107013 
650.626800 0.103592 
650.867900 0.100174 
651.108900 0.099523 
651.350000 0.102556 
651.591000 0.107429 
651.832100 0.110151 
652.073100 0.108883 
652.314200 0.107004 
652.555300 0.106964 
652.796300 0.109069 
653.037400 0.111173 
653.278400 0.112050 
653.519500 0.113845 
653.760600 0.116556 
654.001600 0.119572 
654.242700 0.121056 
654.483800 0.121011 
654.724900 0.120050 
654.965900 0.118785 
655.207000 0.116604 
655.448000 0.115036 
655.689100 0.114994 
655.930200 0.115561 
656.171200 0.116128 
656.412300 0.115476 
656.653300 0.114825 
656.894400 0.115391 
657.135400 0.118088 
657.376500 0.122000 
657.617600 0.125301 
657.858600 0.127991 
658.099700 0.130375 
658.340800 0.133669 
658.581800 0.136657 
658.822900 0.136304 
659.064000 0.132005 
659.305000 0.125587 
659.546100 0.120992 
659.787100 0.119736 
660.028200 0.121207 
660.269300 0.123586 
660.510300 0.125358 
660.751400 0.126523 
660.992400 0.127989 
661.233500 0.130362 
661.474500 0.132734 
661.715600 0.132383 
661.956700 0.129314 
662.197800 0.125944 
662.438800 0.124993 
662.679900 0.127060 
662.921000 0.128824 
663.162000 0.129682 
663.403100 0.129936 
663.644200 0.131396 
663.885200 0.133457 
664.126300 0.134011 
664.367300 0.133661 
664.608400 0.133913 
664.849400 0.135670 
665.090500 0.139229 
665.331500 0.143087 
665.572600 0.146040 
665.813700 0.146287 
666.054700 0.143532 
666.295800 0.139578 
666.536900 0.136827 
666.778000 0.135877 
667.019000 0.137028 
667.260100 0.138477 
667.501100 0.139326 
667.742200 0.139575 
667.983300 0.139524 
668.224300 0.140073 
668.465400 0.141219 
668.706400 0.143860 
668.947500 0.147097 
669.188500 0.150032 
669.429600 0.151173 
669.670700 0.150223 
669.911700 0.148378 
670.152800 0.146235 
670.393900 0.144691 
670.634900 0.144341 
670.876000 0.146078 
671.117100 0.149005 
671.358200 0.151335 
671.599200 0.150387 
671.840300 0.147356 
672.081300 0.145221 
672.322400 0.146656 
672.563400 0.150469 
672.804500 0.154874 
673.045500 0.158087 
673.286600 0.160110 
673.527700 0.160647 
673.768700 0.158808 
674.009800 0.155487 
674.250900 0.153059 
674.491900 0.153301 
674.733000 0.156210 
674.974100 0.158821 
675.215100 0.159653 
675.456200 0.158411 
675.697300 0.158355 
675.938300 0.160666 
676.179400 0.164158 
676.420400 0.166465 
676.661500 0.166110 
676.902500 0.164869 
677.143600 0.165401 
677.384700 0.167704 
677.625700 0.169710 
677.866800 0.170535 
678.107800 0.170769 
678.348900 0.171298 
678.590000 0.171532 
678.831100 0.170587 
679.072100 0.168171 
679.313200 0.166933 
679.554300 0.167757 
679.795300 0.170051 
680.036400 0.170873 
680.277400 0.169343 
680.518500 0.166050 
680.759500 0.163347 
681.000600 0.163583 
681.241700 0.165874 
681.482700 0.168163 
681.723800 0.169570 
681.964800 0.169803 
682.205900 0.171502 
682.447000 0.174373 
682.688000 0.177534 
682.929100 0.178935 
683.170200 0.178286 
683.411300 0.177053 
683.652300 0.176991 
683.893400 0.178098 
684.134400 0.179205 
684.375500 0.179141 
684.616500 0.178202 
684.857600 0.178431 
685.098700 0.180412 
685.339700 0.182683 
685.580800 0.183786 
685.821800 0.183430 
686.062900 0.183074 
686.304000 0.183884 
686.545000 0.184984 
686.786100 0.185211 
687.027200 0.183981 
687.268200 0.183335 
687.509300 0.184143 
687.750400 0.184951 
687.991400 0.185467 
688.232500 0.185984 
688.473500 0.187952 
688.714600 0.191371 
688.955700 0.194207 
689.196700 0.194719 
689.437800 0.192331 
689.678800 0.189074 
689.919900 0.186688 
690.160900 0.186333 
690.402000 0.187427 
690.643100 0.188810 
690.884200 0.190191 
691.125200 0.191572 
691.366300 0.193530 
691.607400 0.195487 
691.848400 0.196575 
692.089500 0.196506 
692.330500 0.194994 
692.571600 0.192615 
692.812700 0.190528 
693.053700 0.189307 
693.294800 0.189241 
693.535800 0.191194 
693.776900 0.194875 
694.017900 0.199130 
694.259000 0.201654 
694.500100 0.201296 
694.741100 0.199211 
694.982200 0.197127 
695.223300 0.196771 
695.464400 0.197278 
695.705400 0.198072 
695.946500 0.198578 
696.187500 0.199084 
696.428600 0.199877 
696.669700 0.201530 
696.910700 0.203756 
697.151800 0.205120 
697.392800 0.205336 
697.633900 0.204692 
697.874900 0.204621 
698.116000 0.205696 
698.357100 0.206485 
698.598100 0.206700 
698.839200 0.206915 
699.080300 0.207988 
699.321400 0.209346 
699.562400 0.210703 
699.803500 0.210916 
700.044500 0.209701 
700.285600 0.208486 
700.526700 0.207844 
700.767700 0.208914 
701.008800 0.210839 
701.249800 0.211907 
701.490900 0.210979 
701.731900 0.208912 
701.973000 0.208270 
702.214100 0.209338 
702.455100 0.210690 
702.696200 0.211471 
702.937300 0.211683 
703.178300 0.213033 
703.419400 0.215519 
703.660500 0.217719 
703.901500 0.218212 
704.142600 0.217286 
704.383700 0.216927 
704.624700 0.217988 
704.865800 0.219616 
705.106800 0.220676 
705.347900 0.220884 
705.588900 0.221092 
705.830000 0.221300 
706.071000 0.220658 
706.312100 0.218600 
706.553200 0.215978 
706.794300 0.214773 
707.035300 0.215265 
707.276400 0.217454 
707.517500 0.219924 
707.758500 0.221827 
707.999600 0.223164 
708.240700 0.223653 
708.481700 0.224141 
708.722800 0.224629 
708.963800 0.225117 
709.204900 0.225887 
709.445900 0.226092 
709.687000 0.226015 
709.928100 0.225093 
710.169100 0.223890 
710.410200 0.223251 
710.651200 0.224301 
710.892300 0.226757 
711.133400 0.229212 
711.374500 0.230540 
711.615500 0.231024 
711.856600 0.230383 
712.097700 0.228901 
712.338700 0.227139 
712.579800 0.226782 
712.820800 0.228388 
713.061900 0.230555 
713.302900 0.232159 
713.544000 0.232361 
713.785000 0.232283 
714.026100 0.232484 
714.267200 0.232406 
714.508200 0.232048 
714.749300 0.231690 
714.990400 0.231891 
715.231400 0.232932 
715.472500 0.234810 
715.713600 0.236128 
715.954700 0.236328 
716.195700 0.235969 
716.436800 0.236169 
716.677800 0.236647 
716.918900 0.236568 
717.159900 0.235373 
717.401000 0.234179 
717.642100 0.233821 
717.883100 0.234579 
718.124200 0.235335 
718.365200 0.235256 
718.606300 0.234899 
718.847400 0.234820 
719.088400 0.235298 
719.329500 0.236053 
719.570600 0.236252 
719.811600 0.236173 
720.052700 0.236094 
720.293800 0.236848 
720.534800 0.237879 
720.775900 0.238909 
721.016900 0.239384 
721.258000 0.239859 
721.499000 0.240610 
721.740100 0.241361 
721.981200 0.241835 
722.222200 0.241477 
722.463300 0.241673 
722.704300 0.242700 
722.945400 0.243172 
723.186500 0.243091 
723.427600 0.242180 
723.668600 0.241271 
723.909700 0.241190 
724.150800 0.241386 
724.391800 0.241858 
724.632900 0.242882 
724.873900 0.243904 
725.115000 0.244927 
725.356100 0.245121 
725.597100 0.244764 
725.838200 0.244407 
726.079200 0.244051 
726.320300 0.243419 
726.561300 0.243338 
726.802400 0.243532 
727.043500 0.244552 
727.284500 0.245846 
727.525600 0.246589 
727.766700 0.246782 
728.007800 0.246701 
728.248800 0.247168 
728.489900 0.247361 
728.730900 0.247279 
728.972000 0.247472 
729.213000 0.247939 
729.454100 0.248679 
729.695200 0.249145 
729.936200 0.248789 
730.177300 0.248159 
730.418300 0.247803 
730.659400 0.248269 
730.900500 0.249008 
731.141500 0.249473 
731.382600 0.249391 
731.623700 0.249308 
731.864700 0.249500 
732.105800 0.249964 
732.346900 0.250974 
732.587900 0.251437 
732.829000 0.251355 
733.070100 0.251272 
733.311100 0.251462 
733.552200 0.251925 
733.793200 0.252387 
734.034300 0.252577 
734.275300 0.252766 
734.516400 0.252683 
734.757400 0.252873 
734.998500 0.252790 
735.239600 0.252707 
735.480700 0.253168 
735.721700 0.253357 
735.962800 0.254089 
736.203900 0.254821 
736.444900 0.255824 
736.686000 0.255740 
736.927000 0.254571 
737.168100 0.253131 
737.409200 0.253319 
737.650200 0.254321 
737.891300 0.255322 
738.132300 0.255781 
738.373400 0.255697 
738.614400 0.255885 
738.855500 0.255801 
739.096600 0.255447 
739.337600 0.254552 
739.578700 0.254469 
739.819800 0.255197 
740.060900 0.255925 
740.301900 0.255842 
740.543000 0.255488 
740.784100 0.255135 
741.025100 0.255862 
741.266200 0.257128 
741.507200 0.258393 
741.748300 0.258578 
741.989300 0.257686 
742.230400 0.257063 
742.471400 0.256710 
742.712500 0.257165 
742.953600 0.257620 
743.194600 0.257537 
743.435700 0.257991 
743.676800 0.258715 
743.917800 0.259706 
744.158900 0.260159 
744.400000 0.259538 
744.641000 0.258380 
744.882100 0.257490 
745.123200 0.257407 
745.364200 0.257861 
745.605300 0.258582 
745.846300 0.259035 
746.087400 0.259219 
746.328400 0.259671 
746.569500 0.259855 
746.810600 0.260039 
747.051600 0.259955 
747.292700 0.259871 
747.533800 0.259520 
747.774800 0.258901 
748.015900 0.258283 
748.257000 0.257933 
748.498000 0.257583 
748.739100 0.257500 
748.980200 0.258218 
749.221200 0.259202 
749.462300 0.260453 
749.703300 0.260903 
749.944400 0.260553 
750.185400 0.260736 
750.426500 0.261451 
750.667600 0.262167 
750.908600 0.262349 
751.149700 0.261732 
751.390700 0.261116 
751.631800 0.261032 
751.872900 0.261214 
752.114000 0.261131 
752.355000 0.260781 
752.596100 0.260432 
752.837200 0.260614 
753.078200 0.261062 
753.319300 0.260978 
753.560300 0.260629 
753.801400 0.260546 
754.042400 0.260993 
754.283500 0.261440 
754.524600 0.261887 
754.765600 0.261538 
755.006700 0.261455 
755.247700 0.261106 
755.488800 0.261288 
755.729900 0.261734 
755.970900 0.261915 
756.212000 0.261831 
756.453100 0.261748 
756.694200 0.261400 
756.935200 0.261317 
757.176300 0.261498 
757.417300 0.261415 
757.658400 0.261595 
757.899400 0.262304 
758.140500 0.263276 
758.381600 0.264247 
758.622600 0.264427 
758.863700 0.264079 
759.104700 0.263468 
759.345800 0.263121 
759.586900 0.263301 
759.827900 0.263217 
760.069000 0.262871 
760.310100 0.262261 
760.551100 0.262178 
760.792200 0.262621 
761.033300 0.263326 
761.274300 0.263243 
761.515400 0.262372 
761.756400 0.261238 
761.997500 0.260893 
762.238600 0.261335 
762.479600 0.262040 
762.720700 0.262481 
762.961700 0.263185 
763.202800 0.263888 
763.443800 0.264067 
763.684900 0.263983 
763.926000 0.263376 
764.167100 0.262770 
764.408100 0.262425 
764.649200 0.262866 
764.890300 0.263567 
765.131300 0.264007 
765.372400 0.263401 
765.613400 0.262535 
765.854500 0.261930 
766.095600 0.262369 
766.336600 0.262548 
766.577700 0.262726 
766.818700 0.262904 
767.059800 0.263343 
767.300800 0.263782 
767.541900 0.264220 
767.783000 0.264137 
768.024000 0.263533 
768.265100 0.262930 
768.506200 0.262587 
768.747300 0.263025 
768.988300 0.263203 
769.229400 0.262860 
769.470400 0.261738 
769.711500 0.261137 
769.952600 0.261575 
770.193600 0.262272 
770.434700 0.262709 
770.675700 0.262886 
770.916800 0.263323 
771.157800 0.263759 
771.398900 0.263677 
771.640000 0.262817 
771.881000 0.261957 
772.122100 0.261099 
772.363200 0.261017 
772.604200 0.261712 
772.845300 0.262148 
773.086400 0.262325 
773.327400 0.261985 
773.568500 0.261903 
773.809600 0.261822 
774.050600 0.261998 
774.291700 0.261917 
774.532700 0.261835 
774.773800 0.261754 
775.014800 0.262447 
775.255900 0.263139 
775.496900 0.263573 
775.738000 0.263233 
775.979100 0.262894 
776.220200 0.262039 
776.461200 0.261185 
776.702300 0.260589 
776.943400 0.260251 
777.184400 0.259655 
777.425500 0.259317 
777.666600 0.259237 
777.907600 0.259414 
778.148700 0.259848 
778.389700 0.259767 
778.630800 0.259687 
778.871800 0.259606 
779.112900 0.260296 
779.354000 0.260985 
779.595000 0.261161 
779.836100 0.260824 
780.077100 0.260487 
780.318200 0.260407 
780.559300 0.260326 
780.800400 0.260246 
781.041400 0.260165 
781.282500 0.260085 
781.523600 0.260261 
781.764600 0.260436 
782.005700 0.260356 
782.246700 0.259765 
782.487800 0.259173 
782.728800 0.258838 
782.969900 0.258758 
783.210900 0.258934 
783.452000 0.258854 
783.693100 0.258775 
783.934100 0.258185 
784.175200 0.257595 
784.416300 0.257771 
784.657300 0.258202 
784.898400 0.258377 
785.139500 0.258043 
785.380600 0.257455 
785.621600 0.257376 
785.862700 0.257551 
786.103700 0.257472 
786.344800 0.257393 
786.585800 0.257315 
786.826900 0.257236 
787.068000 0.257157 
787.309000 0.257078 
787.550100 0.256492 
787.791100 0.255652 
788.032200 0.255573 
788.273300 0.256003 
788.514300 0.256939 
788.755400 0.257367 
788.996500 0.257035 
789.237500 0.255943 
789.478600 0.255105 
789.719700 0.254774 
789.960700 0.254443 
790.201800 0.254365 
790.442800 0.254288 
790.683900 0.254716 
790.924900 0.255144 
791.166000 0.255319 
791.407100 0.254736 
791.648100 0.253901 
791.889200 0.253318 
792.130200 0.252989 
792.371300 0.253417 
792.612400 0.253592 
792.853500 0.253515 
793.094500 0.253185 
793.335600 0.253109 
793.576700 0.253788 
793.817700 0.254215 
794.058800 0.254389 
794.299800 0.253808 
794.540900 0.253228 
794.782000 0.252900 
795.023000 0.252823 
795.264100 0.252495 
795.505100 0.252167 
795.746200 0.251839 
795.987200 0.251763 
796.228300 0.251435 
796.469400 0.250857 
796.710400 0.250279 
796.951500 0.249952 
797.192600 0.250128 
797.433700 0.250805 
797.674700 0.251230 
797.915800 0.251154 
798.156800 0.250577 
798.397900 0.249750 
798.638900 0.249675 
798.880000 0.249850 
799.121100 0.250025 
799.362100 0.249699 
799.603200 0.249124 
799.844200 0.248548 
800.085300 0.248474 
800.326400 0.248399 
800.567400 0.248074 
800.808500 0.247250 
801.049600 0.246926 
801.290600 0.246852 
801.531700 0.247277 
801.772800 0.247452 
802.013800 0.247627 
802.254900 0.247552 
802.496000 0.247229 
802.737000 0.247154 
802.978100 0.247080 
803.219100 0.246508 
803.460200 0.245687 
803.701200 0.245116 
803.942300 0.244794 
804.183300 0.245218 
804.424400 0.245393 
804.665500 0.245071 
804.906600 0.244749 
805.147600 0.244179 
805.388700 0.243857 
805.629800 0.243536 
805.870800 0.243215 
806.111900 0.243142 
806.352900 0.243318 
806.594000 0.243741 
806.835100 0.244164 
807.076100 0.243843 
807.317200 0.243275 
807.558200 0.242955 
807.799300 0.242882 
808.040300 0.243057 
808.281400 0.242985 
808.522500 0.242170 
808.763500 0.241109 
809.004600 0.240543 
809.245700 0.240224 
809.486800 0.240399 
809.727800 0.240081 
809.968900 0.239762 
810.210000 0.239691 
810.451000 0.239620 
810.692100 0.240042 
810.933100 0.239724 
811.174200 0.239159 
811.415200 0.238349 
811.656300 0.237785 
811.897300 0.237961 
812.138400 0.237890 
812.379500 0.237574 
812.620500 0.237011 
812.861600 0.236695 
813.102700 0.236624 
813.343800 0.236554 
813.584800 0.236238 
813.825900 0.235923 
814.066900 0.235361 
814.308000 0.235046 
814.549100 0.234977 
814.790100 0.234662 
815.031200 0.234347 
815.272200 0.234278 
815.513300 0.234208 
815.754300 0.234384 
815.995400 0.234560 
816.236500 0.234246 
816.477500 0.233687 
816.718600 0.232883 
816.959700 0.232570 
817.200700 0.232501 
817.441800 0.232677 
817.682900 0.232364 
817.924000 0.231806 
818.165000 0.231494 
818.406100 0.231425 
818.647100 0.231357 
818.888200 0.231289 
819.129200 0.231221 
819.370300 0.230909 
819.611300 0.230597 
819.852400 0.230285 
820.093500 0.229730 
820.334500 0.229419 
820.575600 0.228864 
820.816700 0.228553 
821.057700 0.228486 
821.298800 0.228419 
821.539900 0.228108 
821.780900 0.227555 
822.022000 0.226758 
822.263100 0.226448 
822.504100 0.226382 
822.745200 0.226072 
822.986200 0.226006 
823.227300 0.225697 
823.468300 0.225388 
823.709400 0.224837 
823.950500 0.224285 
824.191500 0.223734 
824.432600 0.223426 
824.673600 0.223119 
824.914700 0.223296 
825.155800 0.223473 
825.396900 0.223408 
825.637900 0.223100 
825.879000 0.222551 
826.120100 0.222244 
826.361100 0.222421 
826.602200 0.222356 
826.843200 0.222533 
827.084300 0.222226 
827.325300 0.221920 
827.566400 0.221372 
827.807500 0.220824 
828.048500 0.220035 
828.289600 0.219488 
828.530600 0.219183 
828.771700 0.218878 
829.012800 0.218814 
829.253800 0.218510 
829.494900 0.217964 
829.736000 0.217419 
829.977100 0.217355 
830.218100 0.217533 
830.459200 0.217470 
830.700200 0.217166 
830.941300 0.216381 
831.182300 0.216078 
831.423400 0.216015 
831.664500 0.215952 
831.905500 0.215649 
832.146600 0.215106 
832.387600 0.214564 
832.628700 0.214501 
832.869800 0.214199 
833.110800 0.213897 
833.351900 0.213115 
833.593000 0.212334 
833.834000 0.212033 
834.075100 0.211971 
834.316200 0.212150 
834.557200 0.211849 
834.798300 0.211069 
835.039300 0.210290 
835.280400 0.209989 
835.521500 0.209929 
835.762500 0.209868 
836.003600 0.209808 
836.244600 0.209269 
836.485700 0.209209 
836.726700 0.208909 
836.967800 0.208849 
837.208900 0.208550 
837.450000 0.208012 
837.691000 0.207475 
837.932100 0.207177 
838.173200 0.206878 
838.414200 0.206342 
838.655300 0.205567 
838.896300 0.205031 
839.137400 0.204972 
839.378500 0.205152 
839.619500 0.205569 
839.860600 0.205272 
840.101600 0.204737 
840.342700 0.203726 
840.583700 0.203430 
840.824800 0.203134 
841.065900 0.203076 
841.306900 0.202780 
841.548000 0.202246 
841.789100 0.201951 
842.030200 0.201655 
842.271200 0.201123 
842.512300 0.200591 
842.753300 0.200059 
842.994400 0.199764 
843.235500 0.199944 
843.476500 0.199887 
843.717600 0.199593 
843.958600 0.199299 
844.199700 0.198768 
844.440700 0.198475 
844.681800 0.198418 
844.922900 0.197888 
845.163900 0.197595 
845.405000 0.197065 
845.646100 0.196773 
845.887100 0.196717 
846.128200 0.196661 
846.369300 0.196368 
846.610300 0.196076 
846.851400 0.195548 
847.092500 0.195020 
847.333500 0.194492 
847.574600 0.193965 
847.815600 0.193438 
848.056700 0.193383 
848.297700 0.193328 
848.538800 0.193509 
848.779900 0.193454 
849.020900 0.192693 
849.262000 0.191931 
849.503100 0.191171 
849.744100 0.190881 
849.985200 0.190827 
850.226300 0.190538 
850.467300 0.190013 
850.708400 0.189489 
850.949500 0.188965 
851.190500 0.188912 
851.431600 0.188858 
851.672600 0.188335 
851.913700 0.187812 
852.154700 0.187525 
852.395800 0.187472 
852.636800 0.187184 
852.877900 0.186897 
853.119000 0.186141 
853.360000 0.185854 
853.601100 0.185567 
853.842200 0.185514 
854.083300 0.185228 
854.324300 0.184707 
854.565400 0.183719 
854.806500 0.183433 
855.047500 0.183148 
855.288600 0.183330 
855.529600 0.183045 
855.770700 0.182526 
856.011700 0.182007 
856.252800 0.181722 
856.493900 0.181437 
856.734900 0.181153 
856.976000 0.180402 
857.217000 0.179884 
857.458100 0.179601 
857.699200 0.179317 
857.940200 0.179033 
858.181300 0.178517 
858.422400 0.178234 
858.663500 0.177951 
858.904500 0.177901 
859.145600 0.177851 
859.386600 0.177569 
859.627700 0.177053 
859.868700 0.176306 
860.109800 0.175792 
860.350800 0.175510 
860.591900 0.174996 
860.833000 0.174482 
861.074000 0.173969 
861.315100 0.173688 
861.556200 0.173407 
861.797200 0.173359 
862.038300 0.172846 
862.279400 0.172102 
862.520400 0.171822 
862.761500 0.171542 
863.002600 0.171494 
863.243600 0.171446 
863.484700 0.170935 
863.725700 0.170656 
863.966800 0.170377 
864.207900 0.170098 
864.448900 0.169819 
864.690000 0.169078 
864.931000 0.168568 
865.172100 0.167828 
865.413100 0.167550 
865.654200 0.167272 
865.895300 0.166764 
866.136400 0.166256 
866.377400 0.165978 
866.618500 0.165932 
866.859600 0.165886 
867.100600 0.165609 
867.341700 0.164872 
867.582700 0.164134 
867.823800 0.163628 
868.064800 0.163582 
868.305900 0.163537 
868.547000 0.163031 
868.788000 0.162525 
869.029100 0.161790 
869.270100 0.161515 
869.511200 0.161240 
869.752300 0.160965 
869.993300 0.160461 
870.234400 0.159957 
870.475500 0.159453 
870.716600 0.159179 
870.957600 0.158906 
871.198700 0.158402 
871.439700 0.157900 
871.680800 0.157397 
871.921900 0.157354 
872.162900 0.157081 
872.404000 0.156808 
872.645000 0.156077 
872.886100 0.155347 
873.127100 0.155075 
873.368200 0.155032 
873.609300 0.154760 
873.850300 0.154489 
874.091400 0.153760 
874.332500 0.153260 
874.573500 0.152989 
874.814600 0.152947 
875.055700 0.152905 
875.296700 0.152405 
875.537800 0.151907 
875.778800 0.151636 
876.019900 0.151366 
876.261000 0.150868 
876.502000 0.150142 
876.743100 0.149645 
876.984100 0.149376 
877.225200 0.149335 
877.466200 0.149066 
877.707300 0.148569 
877.948400 0.147845 
878.189500 0.147121 
878.430500 0.146853 
878.671600 0.146813 
878.912700 0.146772 
879.153700 0.146277 
879.394800 0.145555 
879.635900 0.145060 
879.876900 0.144793 
880.118000 0.144299 
880.359000 0.143578 
880.600100 0.142857 
880.841100 0.142137 
881.082200 0.142098 
881.323200 0.142286 
881.564300 0.142247 
881.805400 0.141755 
882.046400 0.141262 
882.287500 0.140770 
882.528600 0.140505 
882.769700 0.140240 
883.010700 0.139749 
883.251800 0.139258 
883.492800 0.138767 
883.733900 0.138277 
883.975000 0.138013 
884.216000 0.137523 
884.457100 0.136807 
884.698100 0.136318 
884.939200 0.136055 
885.180200 0.136018 
885.421300 0.135980 
885.662400 0.135492 
885.903400 0.135003 
886.144500 0.134515 
886.385600 0.134253 
886.626600 0.133991 
886.867700 0.133278 
887.108800 0.132565 
887.349900 0.132079 
887.590900 0.131817 
887.832000 0.131782 
888.073000 0.131521 
888.314100 0.130810 
888.555100 0.130324 
888.796200 0.129839 
889.037200 0.129353 
889.278300 0.129093 
889.519400 0.128834 
889.760400 0.128124 
890.001500 0.127865 
890.242600 0.128055 
890.483600 0.128020 
890.724700 0.127761 
890.965800 0.126829 
891.206800 0.125897 
891.447900 0.125414 
891.689000 0.125156 
891.930000 0.124898 
892.171100 0.124416 
892.412100 0.123934 
892.653200 0.123452 
892.894200 0.123195 
893.135300 0.122714 
893.376400 0.122457 
893.617400 0.121976 
893.858500 0.121719 
894.099500 0.121463 
894.340600 0.121207 
894.581700 0.120727 
894.822800 0.120247 
895.063800 0.119545 
895.304900 0.119066 
895.546000 0.118810 
895.787000 0.118332 
896.028100 0.117853 
896.269100 0.117375 
896.510200 0.117121 
896.751200 0.116866 
896.992300 0.116835 
897.233400 0.116358 
897.474400 0.115658 
897.715500 0.114736 
897.956500 0.114037 
898.197600 0.113783 
898.438700 0.113530 
898.679700 0.113055 
898.920800 0.112579 
899.161900 0.112104 
899.403000 0.111852 
899.644000 0.111822 
899.885100 0.111348 
900.126100 0.110873 
900.367200 0.109955 
900.608200 0.109482 
900.849300 0.109230 
901.090400 0.108979 
901.331400 0.108728 
901.572500 0.108255 
901.813500 0.108005 
902.054600 0.107754 
902.295700 0.107504 
902.536700 0.107032 
902.777800 0.106338 
903.018900 0.105867 
903.259900 0.105396 
903.501000 0.105147 
903.742100 0.104897 
903.983100 0.104427 
904.224200 0.103957 
904.465200 0.103487 
904.706300 0.103238 
904.947400 0.102768 
905.188400 0.102299 
905.429500 0.101609 
905.670500 0.100920 
905.911600 0.100672 
906.152600 0.100645 
906.393700 0.100619 
906.634800 0.100151 
906.875900 0.099242 
907.116900 0.098554 
907.358000 0.098307 
907.599100 0.098061 
907.840100 0.098035 
908.081200 0.097568 
908.322200 0.097102 
908.563300 0.096856 
908.804400 0.096610 
909.045400 0.095925 
909.286500 0.095459 
909.527500 0.094774 
909.768600 0.094530 
910.009600 0.094285 
910.250700 0.093820 
910.491800 0.093136 
910.732800 0.092453 
910.973900 0.091989 
911.215000 0.091746 
911.456100 0.091502 
911.697100 0.091039 
911.938200 0.090576 
912.179200 0.090114 
912.420300 0.089652 
912.661400 0.089409 
912.902400 0.089166 
913.143500 0.088486 
913.384500 0.087805 
913.625600 0.087344 
913.866600 0.087321 
914.107700 0.087079 
914.348800 0.086838 
914.589800 0.086378 
914.830900 0.085699 
915.072000 0.085239 
915.313000 0.084998 
915.554100 0.084757 
915.795200 0.084298 
916.036200 0.083621 
916.277300 0.083163 
916.518400 0.082923 
916.759400 0.082683 
917.000500 0.082225 
917.241500 0.081767 
917.482600 0.081309 
917.723600 0.080852 
917.964700 0.080613 
918.205800 0.080156 
918.446800 0.079482 
918.687900 0.079026 
918.929000 0.078787 
919.170000 0.078549 
919.411100 0.078311 
919.652200 0.077856 
919.893200 0.077183 
920.134300 0.076728 
920.375400 0.076491 
920.616400 0.076253 
920.857500 0.075799 
921.098500 0.075128 
921.339600 0.074674 
921.580600 0.074437 
921.821700 0.074201 
922.062700 0.073965 
922.303800 0.073512 
922.544900 0.073059 
922.785900 0.072606 
923.027000 0.072371 
923.268100 0.072352 
923.509200 0.071683 
923.750200 0.071015 
923.991300 0.070347 
924.232400 0.070112 
924.473400 0.070094 
924.714500 0.069859 
924.955500 0.069193 
925.196600 0.068526 
925.437600 0.068076 
925.678700 0.067842 
925.919800 0.067608 
926.160800 0.067159 
926.401900 0.066494 
926.642900 0.065829 
926.884000 0.065380 
927.125100 0.065148 
927.366100 0.065131 
927.607200 0.064683 
927.848300 0.064019 
928.089400 0.063571 
928.330400 0.063340 
928.571500 0.063108 
928.812500 0.062661 
929.053600 0.061999 
929.294600 0.061552 
929.535700 0.061321 
929.776700 0.061305 
930.017800 0.060859 
930.258900 0.060198 
930.499900 0.059538 
930.741000 0.059093 
930.982100 0.059077 
931.223100 0.059062 
931.464200 0.058617 
931.705300 0.058173 
931.946400 0.057514 
932.187400 0.057070 
932.428500 0.056841 
932.669500 0.056397 
932.910600 0.055954 
933.151600 0.055511 
933.392700 0.055282 
933.633800 0.055054 
933.874800 0.054825 
934.115900 0.054383 
934.356900 0.053513 
934.598000 0.053071 
934.839100 0.052629 
935.080100 0.052402 
935.321200 0.051961 
935.562300 0.051520 
935.803300 0.050865 
936.044400 0.050639 
936.285500 0.050412 
936.526500 0.050185 
936.767600 0.049746 
937.008600 0.049306 
937.249700 0.049080 
937.490700 0.049067 
937.731800 0.049055 
937.972900 0.048615 
938.213900 0.048177 
938.455000 0.047525 
938.696000 0.047300 
938.937100 0.047075 
939.178200 0.046849 
939.419300 0.046412 
939.660300 0.045761 
939.901400 0.045324 
940.142500 0.045100 
940.383500 0.044875 
940.624600 0.044439 
940.865600 0.044002 
941.106700 0.043566 
941.347800 0.043342 
941.588800 0.043119 
941.829900 0.042683 
942.070900 0.042035 
942.312000 0.041388 
942.553000 0.041165 
942.794100 0.041154 
943.035200 0.040932 
943.276200 0.040709 
943.517300 0.040063 
943.758400 0.039629 
943.999500 0.039407 
944.240500 0.039397 
944.481600 0.039175 
944.722600 0.038530 
944.963700 0.038097 
945.204700 0.037875 
945.445800 0.037654 
945.686900 0.037222 
945.927900 0.036578 
946.169000 0.036146 
946.410000 0.035714 
946.651100 0.035705 
946.892200 0.035696 
947.133200 0.035264 
947.374300 0.034833 
947.615400 0.034402 
947.856400 0.034182 
948.097500 0.034174 
948.338600 0.033954 
948.579600 0.033313 
948.820700 0.032672 
949.061800 0.032242 
949.302800 0.032024 
949.543900 0.031805 
949.784900 0.031376 
950.026000 0.031157 
950.267000 0.030728 
950.508100 0.030720 
950.749100 0.030502 
950.990200 0.030284 
951.231300 0.029856 
951.472400 0.029428 
951.713400 0.029000 
951.954500 0.028993 
952.195600 0.028776 
952.436600 0.028558 
952.677700 0.028131 
952.918700 0.027704 
953.159800 0.027488 
953.400900 0.027271 
953.641900 0.027054 
953.883000 0.026628 
954.124000 0.026412 
954.365100 0.025986 
954.606100 0.025770 
954.847200 0.025554 
955.088300 0.025129 
955.329300 0.024704 
955.570400 0.024488 
955.811500 0.024273 
956.052600 0.024266 
956.293600 0.023842 
956.534700 0.023418 
956.775800 0.023203 
957.016800 0.023197 
957.257900 0.023191 
957.498900 0.022768 
957.740000 0.022135 
957.981000 0.021712 
958.222100 0.021498 
958.463100 0.021284 
958.704200 0.021070 
958.945300 0.020856 
959.186300 0.020434 
959.427400 0.020012 
959.668500 0.019799 
959.909500 0.019794 
960.150600 0.019372 
960.391700 0.019159 
960.632700 0.018738 
960.873800 0.018525 
961.114900 0.018520 
961.355900 0.018516 
961.597000 0.018095 
961.838000 0.017882 
962.079100 0.017462 
962.320100 0.017250 
962.561200 0.017038 
962.802300 0.016826 
963.043300 0.016614 
963.284400 0.016195 
963.525500 0.015983 
963.766500 0.015771 
964.007600 0.015560 
964.248700 0.015349 
964.489700 0.015138 
964.730800 0.014926 
964.971900 0.014715 
965.212900 0.014505 
965.454000 0.014087 
965.695000 0.013876 
965.936100 0.013666 
966.177100 0.013455 
966.418200 0.013452 
966.659300 0.013241 
966.900300 0.012824 
967.141400 0.012614 
967.382400 0.012405 
967.623500 0.012402 
967.864600 0.012192 
968.105700 0.011776 
968.346700 0.011360 
968.587800 0.011150 
968.828900 0.011147 
969.069900 0.011145 
969.311000 0.010936 
969.552000 0.010727 
969.793100 0.010518 
970.034100 0.010515 
970.275200 0.010512 
970.516300 0.010510 
970.757300 0.010095 
970.998400 0.009475 
971.239400 0.009061 
971.480500 0.009058 
971.721600 0.009056 
971.962600 0.008848 
972.203700 0.008434 
972.444800 0.008432 
972.685900 0.008430 
972.926900 0.008428 
973.168000 0.008426 
973.409000 0.008013 
973.650100 0.007600 
973.891100 0.007598 
974.132200 0.007597 
974.373300 0.007595 
974.614300 0.007388 
974.855400 0.006975 
975.096400 0.006563 
975.337500 0.006562 
975.578600 0.006560 
975.819600 0.006354 
976.060700 0.006147 
976.301800 0.005736 
976.542800 0.005530 
976.783900 0.005528 
977.025000 0.005527 
977.266000 0.005526 
977.507100 0.005320 
977.748100 0.004909 
977.989200 0.004908 
978.230300 0.004907 
978.471300 0.004906 
978.712400 0.004700 
978.953400 0.004495 
979.194500 0.004493 
979.435500 0.004492 
979.676600 0.004287 
979.917700 0.004082 
980.158800 0.003877 
980.399800 0.003876 
980.640900 0.003875 
980.882000 0.003874 
981.123000 0.003465 
981.364100 0.003261 
981.605100 0.002852 
981.846200 0.002852 
982.087300 0.002851 
982.328300 0.002647 
982.569400 0.002443 
982.810400 0.002238 
983.051500 0.002238 
983.292500 0.002237 
983.533600 0.002237 
983.774700 0.002236 
984.015700 0.001829 
984.256800 0.001829 
984.497900 0.001625 
984.739000 0.001625 
984.980000 0.001421 
985.221100 0.001218 
985.462100 0.001015 
985.703200 0.001217 
985.944300 0.001420 
986.185300 0.001622 
986.426400 0.001419 
986.667400 0.001014 
986.908500 0.000811 
987.149500 0.000810 
987.390600 0.000810 
987.631700 0.000810 
987.872700 0.000810 
988.113800 0.000810 
988.354900 0.000809 
988.595900 0.000607 
988.837000 0.000405 
989.078100 0.000202 
989.319100 0.000000 
989.560200 0.000000 
989.801300 0.000000 
990.042300 -0.000202 
990.283400 -0.000404 
990.524400 -0.000404 
990.765500 -0.000404 
991.006500 -0.000404 
991.247600 -0.000404 
991.488600 -0.000403 
991.729700 -0.000403 
991.970800 -0.000403 
992.211900 -0.000403 
992.452900 -0.000403 
992.694000 -0.000604 
992.935100 -0.001007 
993.176100 -0.001208 
993.417200 -0.001208 
993.658300 -0.001208 
993.899300 -0.001006 
994.140400 -0.001006 
994.381400 -0.001207 
994.622500 -0.001206 
994.863500 -0.001407 
995.104600 -0.001407 
995.345700 -0.001407 
995.586700 -0.001607 
995.827800 -0.001607 
996.068800 -0.001606 
996.309900 -0.001204 
996.551000 -0.001204 
996.792100 -0.001204 
997.033100 -0.001605 
997.274200 -0.001805 
997.515300 -0.001804 
997.756300 -0.001604 
997.997400 -0.001603 
998.238400 -0.001803 
998.479500 -0.001803 
998.720500 -0.001802 
998.961600 -0.001802 
999.202600 -0.001801 
999.443700 -0.001801 
999.684800 -0.001801 
999.925800 -0.001800 
1000.167000 -0.001800 
1000.408000 -0.001799 
1000.649000 -0.001799 
1000.890000 -0.001798 
1001.131000 -0.001798 
1001.372000 -0.001798 
1001.613000 -0.001597 
1001.854000 -0.001597 
1002.095000 -0.001597 
1002.336000 -0.001596 
1002.578000 -0.001795 
1002.819000 -0.001795 
1003.060000 -0.001795 
1003.301000 -0.001794 
1003.542000 -0.001794 
1003.783000 -0.001793 
1004.024000 -0.001793 
1004.265000 -0.001792 
1004.506000 -0.001593 
1004.747000 -0.001592 
1004.988000 -0.001592 
1005.229000 -0.001592 
1005.470000 -0.001392 
1005.711000 -0.001193 
1005.952000 -0.001193 
1006.193000 -0.001391 
1006.435000 -0.001391 
1006.676000 -0.001192 
1006.917000 -0.000993 
1007.158000 -0.000993 
1007.399000 -0.000993 
1007.640000 -0.000992 
1007.881000 -0.000794 
1008.122000 -0.000595 
1008.363000 -0.000397 
1008.604000 -0.000397 
1008.845000 -0.000198 
1009.086000 -0.000198 
1009.327000 0.000198 
1009.568000 0.000396 
1009.809000 0.000396 
1010.050000 0.000396 
1010.292000 0.000396 
1010.533000 0.000396 
1010.774000 0.000396 
1011.015000 0.000396 
1011.256000 0.000396 
1011.497000 0.000395 
1011.738000 0.000395 
1011.979000 0.000593 
1012.220000 0.000790 
1012.461000 0.000593 
1012.702000 0.000395 
1012.943000 0.000395 
1013.184000 0.000592 
1013.425000 0.000987 
1013.666000 0.001381 
1013.907000 0.001578 
1014.148000 0.001380 
1014.390000 0.001380 
1014.631000 0.001380 
1014.872000 0.001182 
1015.113000 0.001182 
1015.354000 0.001182 
1015.595000 0.001182 
1015.836000 0.001378 
1016.077000 0.001772 
1016.318000 0.001968 
1016.559000 0.001967 
1016.800000 0.001967 
1017.041000 0.001966 
1017.282000 0.001966 
1017.523000 0.001966 
1017.764000 0.002162 
1018.005000 0.002161 
1018.247000 0.001964 
1018.488000 0.001964 
1018.729000 0.001963 
1018.970000 0.001963 
1019.211000 0.001766 
1019.452000 0.001569 
1019.693000 0.001569 
1019.934000 0.001373 
1020.175000 0.001372 
1020.416000 0.001176 
1020.657000 0.000980 
1020.898000 0.000980 
1021.139000 0.000979 
1021.380000 0.001175 
1021.621000 0.001370 
1021.862000 0.001370 
1022.104000 0.001370 
1022.345000 0.001174 
1022.586000 0.001173 
1022.827000 0.000978 
1023.068000 0.000782 
1023.309000 0.000782 
1023.550000 0.000977 
1023.791000 0.001172 
1024.032000 0.001172 
1024.273000 0.001172 
1024.514000 0.000976 
1024.755000 0.000586 
1024.996000 0.000390 
1025.237000 0.000195 
1025.478000 0.000000 
1025.719000 0.000000 
1025.961000 0.000000 
1026.202000 0.000195 
1026.443000 0.000585 
1026.684000 0.000779 
1026.925000 0.000584 
1027.166000 0.000389 
1027.407000 0.000195 
1027.648000 0.000000 
1027.889000 -0.000195 
1028.130000 -0.000195 
1028.371000 0.000000 
1028.612000 0.000000 
1028.853000 0.000000 
1029.094000 0.000194 
1029.335000 0.000194 
1029.577000 0.000194 
1029.818000 0.000000 
1030.059000 0.000000 
1030.300000 0.000000 
1030.541000 0.000194 
1030.782000 0.000194 
1031.023000 0.000000 
1031.264000 -0.000194 
1031.505000 -0.000194 
1031.746000 0.000000 
1031.987000 0.000000 
1032.228000 0.000000 
1032.469000 0.000000 
1032.710000 -0.000194 
1032.951000 -0.000387 
1033.192000 -0.000581 
1033.433000 -0.000774 
1033.675000 -0.000967 
1033.916000 -0.000774 
1034.157000 -0.000580 
1034.398000 -0.000580 
1034.639000 -0.000773 
1034.880000 -0.000966 
1035.121000 -0.000966 
1035.362000 -0.000773 
1035.603000 -0.000579 
1035.844000 -0.000579 
1036.085000 -0.000579 
1036.326000 -0.000579 
1036.567000 -0.000579 
1036.808000 -0.000579 
1037.049000 -0.000579 
1037.291000 -0.000578 
1037.531000 -0.000578 
1037.773000 -0.000771 
1038.014000 -0.000771 
1038.255000 -0.000771 
1038.496000 -0.000770 
1038.737000 -0.000963 
1038.978000 -0.001155 
1039.219000 -0.001155 
1039.460000 -0.001154 
1039.701000 -0.000962 
1039.942000 -0.000962 
1040.183000 -0.000769 
1040.424000 -0.000961 
1040.665000 -0.000961 
1040.906000 -0.000961 
1041.147000 -0.000960 
1041.389000 -0.000960 
1041.630000 -0.000960 
1041.871000 -0.000960 
1042.112000 -0.000960 
1042.353000 -0.000959 
1042.594000 -0.001151 
1042.835000 -0.001151 
1043.076000 -0.001150 
1043.317000 -0.000767 
1043.558000 -0.000575 
1043.799000 -0.000575 
1044.040000 -0.000766 
1044.281000 -0.000958 
1044.522000 -0.000957 
1044.763000 -0.000957 
1045.005000 -0.000957 
1045.245000 -0.001339 
1045.487000 -0.001530 
1045.728000 -0.001530 
1045.969000 -0.001338 
1046.210000 -0.001147 
1046.451000 -0.001147 
1046.692000 -0.001146 
1046.933000 -0.000955 
1047.174000 -0.000955 
1047.415000 -0.000955 
1047.656000 -0.001145 
1047.897000 -0.001336 
1048.138000 -0.001527 
1048.379000 -0.001526 
1048.620000 -0.001335 
1048.861000 -0.001144 
1049.103000 -0.001144 
1049.344000 -0.001525 
1049.585000 -0.001715 
1049.826000 -0.001905 
1050.067000 -0.001905 
1050.308000 -0.001714 
1050.549000 -0.001333 
1050.790000 -0.001332 
1051.031000 -0.001332 
1051.272000 -0.001332 
1051.513000 -0.001331 
1051.754000 -0.001521 
1051.995000 -0.001521 
1052.236000 -0.001521 
1052.477000 -0.001330 
1052.719000 -0.001330 
1052.959000 -0.001330 
1053.201000 -0.001329 
1053.442000 -0.001329 
1053.683000 -0.001329 
1053.924000 -0.001328 
1054.165000 -0.001518 
1054.406000 -0.001707 
1054.647000 -0.001707 
1054.888000 -0.001706 
1055.129000 -0.001327 
1055.370000 -0.001137 
1055.611000 -0.001137 
1055.852000 -0.001137 
1056.093000 -0.001326 
1056.334000 -0.001325 
1056.575000 -0.001136 
1056.817000 -0.001135 
1057.058000 -0.001135 
1057.299000 -0.001135 
1057.540000 -0.001324 
1057.781000 -0.001324 
1058.022000 -0.001323 
1058.263000 -0.001323 
1058.504000 -0.001323 
1058.745000 -0.001322 
1058.986000 -0.001133 
1059.227000 -0.000944 
1059.468000 -0.000944 
1059.709000 -0.001132 
1059.950000 -0.001132 
1060.191000 -0.001132 
1060.432000 -0.001132 
1060.673000 -0.001131 
1060.915000 -0.001131 
1061.156000 -0.001131 
1061.397000 -0.001131 
1061.638000 -0.001130 
1061.879000 -0.001130 
1062.120000 -0.000942 
1062.361000 -0.000941 
1062.602000 -0.000941 
1062.843000 -0.000941 
1063.084000 -0.001129 
1063.325000 -0.001129 
1063.566000 -0.001316 
1063.807000 -0.001504 
1064.048000 -0.001504 
1064.289000 -0.001315 
1064.531000 -0.001315 
1064.772000 -0.001127 
1065.013000 -0.000939 
1065.254000 -0.000939 
1065.495000 -0.000939 
1065.736000 -0.001126 
1065.977000 -0.001313 
1066.218000 -0.001313 
1066.459000 -0.001313 
1066.700000 -0.001312 
1066.941000 -0.001125 
1067.182000 -0.000937 
1067.423000 -0.000937 
1067.664000 -0.000749 
1067.905000 -0.000749 
1068.146000 -0.000562 
1068.387000 -0.000562 
1068.629000 -0.000561 
1068.870000 -0.000748 
1069.111000 -0.001122 
1069.352000 -0.001496 
1069.593000 -0.001496 
1069.834000 -0.001309 
1070.075000 -0.001121 
1070.316000 -0.000934 
1070.557000 -0.000934 
1070.798000 -0.001121 
1071.039000 -0.001120 
1071.280000 -0.001120 
1071.521000 -0.001307 
1071.762000 -0.001120 
1072.003000 -0.001119 
1072.245000 -0.000933 
1072.486000 -0.000932 
1072.727000 -0.000932 
1072.968000 -0.000932 
1073.209000 -0.000745 
1073.450000 -0.000745 
1073.691000 -0.000559 
1073.932000 -0.000745 
1074.173000 -0.000745 
1074.414000 -0.000745 
1074.655000 -0.000744 
1074.896000 -0.000744 
1075.137000 -0.000744 
1075.378000 -0.000744 
1075.619000 -0.000744 
1075.860000 -0.000558 
1076.101000 -0.000558 
1076.343000 -0.000557 
1076.584000 -0.000743 
1076.825000 -0.000743 
1077.066000 -0.000557 
1077.307000 -0.000557 
1077.548000 -0.000371 
1077.789000 -0.000371 
1078.030000 -0.000371 
1078.271000 -0.000556 
1078.512000 -0.000556 
1078.753000 -0.000556 
1078.994000 -0.000371 
1079.235000 -0.000371 
1079.476000 -0.000371 
1079.717000 -0.000370 
1079.958000 -0.000370 
1080.200000 -0.000185 
1080.441000 -0.000185 
1080.682000 -0.000185 
1080.923000 -0.000185 
1081.164000 -0.000185 
1081.405000 -0.000185 
1081.646000 -0.000185 
1081.887000 -0.000185 
1082.128000 -0.000370 
1082.369000 -0.000185 
1082.610000 -0.000185 
1082.851000 -0.000185 
1083.092000 -0.000185 
1083.333000 -0.000185 
1083.574000 -0.000369 
1083.815000 -0.000369 
1084.057000 -0.000369 
1084.298000 -0.000184 
1084.539000 -0.000184 
1084.780000 0.000000 
1085.021000 0.000000 
1085.262000 0.000000 
1085.503000 0.000000 
1085.744000 0.000000 
1085.985000 0.000000 
1086.226000 0.000000 
1086.467000 0.000184 
1086.708000 0.000184 
1086.949000 0.000184 
1087.190000 0.000000 
1087.431000 0.000000 
1087.672000 -0.000184 
1087.914000 0.000000 
1088.155000 0.000000 
1088.396000 0.000000 
1088.637000 -0.000184 
1088.878000 -0.000367 
1089.119000 -0.000367 
1089.360000 -0.000184 
1089.601000 0.000000 
1089.842000 0.000184 
1090.083000 0.000183 
1090.324000 0.000000 
1090.565000 -0.000183 
1090.806000 -0.000367 
1091.047000 -0.000367 
1091.288000 -0.000183 
1091.529000 0.000000 
1091.771000 0.000000 
1092.012000 0.000183 
1092.253000 0.000183 
1092.494000 0.000000 
1092.735000 0.000000 
1092.976000 0.000000 
1093.217000 0.000000 
1093.458000 0.000183 
1093.699000 0.000183 
1093.940000 0.000000 
1094.181000 0.000000 
1094.422000 -0.000183 
1094.663000 -0.000183 
1094.904000 -0.000183 
1095.145000 -0.000183 
1095.386000 -0.000183 
1095.628000 0.000000 
1095.869000 0.000000 
1096.110000 0.000000 
1096.351000 -0.000182 
1096.592000 -0.000182 
1096.833000 -0.000365 
1097.074000 -0.000365 
1097.315000 -0.000365 
1097.556000 -0.000182 
1097.797000 -0.000182 
1098.038000 -0.000364 
1098.279000 -0.000364 
1098.520000 -0.000364 
1098.761000 -0.000182 
1099.002000 0.000000 
1099.243000 0.000000 
1099.484000 0.000000 
1099.726000 -0.000182 
1099.967000 -0.000364 
1100.208000 -0.000364 
1100.449000 -0.000363 
1100.690000 -0.000182 
1100.931000 0.000000 
1101.172000 0.000000 
1101.413000 0.000000 
1101.654000 -0.000182 
1101.895000 -0.000182 
1102.136000 -0.000181 
1102.377000 -0.000181 
1102.618000 -0.000181 
1102.859000 -0.000181 
1103.100000 -0.000181 
1103.342000 -0.000363 
1103.583000 -0.000362 
1103.824000 -0.000362 
1104.065000 -0.000362 
1104.306000 -0.000362 
1104.547000 -0.000362 
1104.788000 -0.000362 
1105.029000 -0.000543 
1105.270000 -0.000543 
1105.511000 -0.000543 
1105.752000 -0.000543 
1105.993000 -0.000362 
1106.234000 -0.000362 
1106.475000 -0.000362 
1106.716000 -0.000361 
1106.957000 -0.000361 
1107.198000 -0.000542 
1107.440000 -0.000542 
1107.681000 -0.000542 
1107.922000 -0.000542 
1108.163000 -0.000361 
1108.404000 -0.000361 
1108.645000 -0.000541 
1108.886000 -0.000541 
1109.127000 -0.000541 
1109.368000 -0.000361 
1109.609000 -0.000541 
1109.850000 -0.000541 
1110.091000 -0.000540 
1110.332000 -0.000540 
1110.573000 -0.000540 
1110.814000 -0.000540 
1111.056000 -0.000540 
1111.297000 -0.000360 
1111.538000 -0.000360 
1111.779000 -0.000180 
1112.020000 -0.000180 
1112.261000 -0.000360 
1112.502000 -0.000539 
1112.743000 -0.000539 
1112.984000 -0.000539 
1113.225000 -0.000539 
1113.466000 -0.000539 
1113.707000 -0.000539 
1113.948000 -0.000718 
1114.189000 -0.000718 
1114.430000 -0.000538 
1114.671000 -0.000359 
1114.912000 -0.000359 
1115.154000 -0.000359 
1115.395000 -0.000359 
1115.636000 -0.000538 
1115.877000 -0.000538 
1116.118000 -0.000538 
1116.359000 -0.000537 
1116.600000 -0.000537 
1116.841000 -0.000537 
1117.082000 -0.000358 
1117.323000 -0.000358 
1117.564000 -0.000358 
1117.805000 -0.000358 
1118.046000 -0.000358 
1118.287000 -0.000358 
1118.528000 -0.000358 
1118.770000 -0.000358 
1119.011000 -0.000357 
1119.252000 -0.000357 
1119.493000 -0.000536 
1119.734000 -0.000536 
1119.975000 -0.000536 
1120.216000 -0.000536 
1120.457000 -0.000357 
1120.698000 -0.000535 
1120.939000 -0.000535 
1121.180000 -0.000357 
1121.421000 -0.000357 
1121.662000 -0.000178 
1121.903000 -0.000178 
1122.144000 -0.000178 
1122.385000 0.000000 
1122.626000 0.000000 
1122.868000 0.000000 
1123.109000 0.000000 
1123.350000 -0.000178 
1123.591000 -0.000356 
1123.832000 -0.000356 
1124.073000 -0.000356 
1124.314000 -0.000356 
1124.555000 -0.000356 
1124.796000 -0.000356 
1125.037000 -0.000356 
1125.278000 -0.000355 
1125.519000 -0.000178 
1125.760000 -0.000178 
1126.001000 -0.000178 
1126.242000 0.000000 
1126.484000 -0.000178 
1126.725000 -0.000178 
1126.966000 -0.000355 
1127.207000 -0.000710 
1127.448000 -0.000710 
1127.689000 -0.000532 
1127.930000 -0.000355 
1128.171000 -0.000355 
1128.412000 -0.000354 
1128.653000 -0.000354 
1128.894000 -0.000354 
1129.135000 -0.000354 
1129.376000 -0.000354 
1129.617000 -0.000531 
1129.858000 -0.000531 
1130.099000 -0.000531 
1130.340000 -0.000531 
1130.582000 -0.000708 
1130.823000 -0.000707 
1131.064000 -0.000884 
1131.305000 -0.000884 
1131.546000 -0.000707 
1131.787000 -0.000530 
1132.028000 -0.000530 
1132.269000 -0.000707 
1132.510000 -0.000883 
1132.751000 -0.000883 
1132.992000 -0.000706 
1133.233000 -0.000706 
1133.474000 -0.000882 
1133.715000 -0.000882 
1133.956000 -0.000882 
1134.198000 -0.000705 
1134.439000 -0.000705 
1134.680000 -0.000881 
1134.921000 -0.000881 
1135.162000 -0.000881 
1135.403000 -0.000705 
1135.644000 -0.000704 
1135.885000 -0.000704 
1136.126000 -0.000704 
1136.367000 -0.000704 
1136.608000 -0.000880 
1136.849000 -0.000704 
1137.090000 -0.000704 
1137.331000 -0.000703 
1137.572000 -0.000703 
1137.813000 -0.000703 
1138.054000 -0.000703 
1138.296000 -0.000703 
1138.537000 -0.000878 
1138.778000 -0.000878 
1139.019000 -0.000878 
1139.260000 -0.000878 
1139.501000 -0.000878 
1139.742000 -0.001053 
1139.983000 -0.001053 
1140.224000 -0.001228 
1140.465000 -0.001228 
1140.706000 -0.001052 
1140.947000 -0.001052 
1141.188000 -0.000876 
1141.429000 -0.001051 
1141.670000 -0.001051 
1141.911000 -0.001051 
1142.153000 -0.001051 
1142.394000 -0.000875 
1142.635000 -0.000875 
1142.876000 -0.000875 
1143.117000 -0.000875 
1143.358000 -0.000875 
1143.599000 -0.000874 
1143.840000 -0.000874 
1144.081000 -0.000874 
1144.322000 -0.001049 
1144.563000 -0.000874 
1144.804000 -0.000874 
1145.045000 -0.000873 
1145.286000 -0.001048 
1145.527000 -0.001048 
1145.768000 -0.001047 
1146.010000 -0.001047 
1146.251000 -0.001047 
1146.492000 -0.001047 
1146.733000 -0.001046 
1146.974000 -0.001221 
1147.215000 -0.001220 
1147.456000 -0.001220 
1147.697000 -0.001220 
1147.938000 -0.001220 
1148.179000 -0.001219 
1148.420000 -0.001045 
1148.661000 -0.001045 
1148.902000 -0.001044 
1149.143000 -0.001044 
1149.384000 -0.001044 
1149.625000 -0.001044 
1149.867000 -0.001044 
1150.108000 -0.000869 
1150.349000 -0.000869 
1150.590000 -0.001043 
1150.831000 -0.001043 
1151.072000 -0.001043 
1151.313000 -0.001042 
1151.554000 -0.000868 
1151.795000 -0.000868 
1152.036000 -0.000868 
1152.277000 -0.000694 
1152.518000 -0.000694 
1152.759000 -0.000694 
1153.000000 -0.000867 
1153.241000 -0.000867 
1153.482000 -0.000867 
1153.724000 -0.000867 
1153.965000 -0.000867 
1154.206000 -0.000866 
1154.447000 -0.001039 
1154.688000 -0.001039 
1154.929000 -0.001039 
1155.170000 -0.000866 
1155.411000 -0.000865 
1155.652000 -0.000865 
1155.893000 -0.000865 
1156.134000 -0.001038 
1156.375000 -0.001038 
1156.616000 -0.000865 
1156.857000 -0.000519 
1157.098000 -0.000519 
1157.339000 -0.000346 
1157.581000 -0.000518 
1157.822000 -0.000691 
1158.063000 -0.000691 
1158.304000 -0.000863 
1158.545000 -0.000863 
1158.786000 -0.000863 
1159.027000 -0.000863 
1159.268000 -0.001035 
1159.509000 -0.001035 
1159.750000 -0.000862 
1159.991000 -0.001034 
1160.232000 -0.001034 
1160.473000 -0.001034 
1160.714000 -0.001034 
1160.955000 -0.000861 
1161.196000 -0.000689 
1161.438000 -0.000861 
1161.679000 -0.000861 
1161.920000 -0.000689 
1162.161000 -0.000688 
1162.402000 -0.000688 
1162.643000 -0.000688 
1162.884000 -0.000860 
1163.125000 -0.000688 
1163.366000 -0.000688 
1163.607000 -0.000688 
1163.848000 -0.000859 
1164.089000 -0.000859 
1164.330000 -0.000859 
1164.571000 -0.000859 
1164.812000 -0.000687 
1165.053000 -0.000687 
1165.295000 -0.000687 
1165.536000 -0.000858 
1165.777000 -0.000858 
1166.018000 -0.000858 
1166.259000 -0.000857 
1166.500000 -0.000857 
1166.741000 -0.000686 
1166.982000 -0.000686 
1167.223000 -0.000514 
1167.464000 -0.000514 
1167.705000 -0.000343 
1167.946000 -0.000514 
1168.187000 -0.000514 
1168.428000 -0.000685 
1168.669000 -0.000685 
1168.910000 -0.000855 
1169.151000 -0.000684 
1169.393000 -0.000684 
1169.634000 -0.000684 
1169.875000 -0.000513 
1170.116000 -0.000513 
1170.357000 -0.000513 
1170.598000 -0.000513 
1170.839000 -0.000512 
1171.080000 -0.000512 
1171.321000 -0.000512 
1171.562000 -0.000512 
1171.803000 -0.000683 
1172.044000 -0.000683 
1172.285000 -0.000853 
1172.526000 -0.000853 
1172.767000 -0.000853 
1173.009000 -0.000853 
1173.250000 -0.000852 
1173.491000 -0.000852 
1173.732000 -0.000852 
1173.973000 -0.000852 
1174.214000 -0.000681 
1174.455000 -0.000681 
1174.696000 -0.000681 
1174.937000 -0.000511 
1175.178000 -0.000511 
1175.419000 -0.000340 
1175.660000 -0.000510 
1175.901000 -0.000510 
1176.142000 -0.000510 
1176.383000 -0.000510 
1176.624000 -0.000510 
1176.865000 -0.000340 
1177.107000 -0.000340 
1177.348000 -0.000340 
1177.589000 -0.000510 
1177.830000 -0.000679 
1178.071000 -0.000679 
1178.312000 -0.000679 
1178.553000 -0.000509 
1178.794000 -0.000509 
1179.035000 -0.000339 
1179.276000 -0.000339 
1179.517000 -0.000339 
1179.758000 -0.000509 
1179.999000 -0.000508 
1180.240000 -0.000508 
1180.481000 -0.000508 
1180.723000 -0.000508 
1180.964000 -0.000339 
1181.205000 -0.000339 
1181.446000 -0.000339 
1181.687000 -0.000338 
1181.928000 -0.000508 
1182.169000 -0.000677 
1182.410000 -0.000677 
1182.651000 -0.000676 
1182.892000 -0.000507 
1183.133000 -0.000507 
1183.374000 -0.000507 
1183.615000 -0.000507 
1183.856000 -0.000338 
1184.097000 -0.000338 
1184.338000 -0.000169 
1184.579000 -0.000338 
1184.821000 -0.000338 
1185.062000 -0.000506 
1185.303000 -0.000337 
1185.544000 -0.000337 
1185.785000 -0.000169 
1186.026000 -0.000169 
1186.267000 -0.000337 
1186.508000 -0.000337 
1186.749000 -0.000337 
1186.990000 -0.000337 
1187.231000 -0.000337 
1187.472000 -0.000337 
1187.713000 -0.000337 
1187.954000 -0.000168 
1188.195000 -0.000168 
1188.437000 -0.000168 
1188.677000 -0.000168 
1188.919000 -0.000168 
1189.160000 -0.000168 
1189.401000 -0.000168 
1189.642000 -0.000168 
1189.883000 -0.000168 
1190.124000 -0.000168 
1190.365000 -0.000168 
1190.606000 -0.000168 
1190.847000 -0.000336 
1191.088000 -0.000336 
1191.329000 -0.000336 
1191.570000 -0.000336 
1191.811000 -0.000168 
1192.052000 0.000000 
1192.293000 0.000000 
1192.535000 0.000000 
1192.776000 0.000000 
1193.017000 0.000000 
1193.258000 0.000000 
1193.499000 0.000000 
1193.740000 0.000000 
1193.981000 0.000000 
1194.222000 0.000000 
1194.463000 -0.000167 
1194.704000 0.000000 
1194.945000 0.000167 
1195.186000 0.000335 
1195.427000 0.000335 
1195.668000 0.000335 
1195.909000 0.000167 
1196.151000 0.000000 
1196.391000 0.000000 
1196.633000 0.000167 
1196.874000 0.000334 
1197.115000 0.000334 
1197.356000 0.000334 
1197.597000 0.000334 
1197.838000 0.000334 
1198.079000 0.000334 
1198.320000 0.000334 
1198.561000 0.000334 
1198.802000 0.000334 
1199.043000 0.000167 
1199.284000 0.000167 
1199.525000 0.000000 
1199.766000 0.000167 
1200.007000 0.000167 
1200.249000 0.000167 
1200.490000 0.000167 
1200.731000 0.000167 
1200.972000 0.000167 
1201.213000 0.000166 
1201.454000 0.000166 
1201.695000 0.000166 
1201.936000 0.000333 
1202.177000 0.000333 
1202.418000 0.000499 
1202.659000 0.000499 
1202.900000 0.000333 
1203.141000 0.000166 
1203.382000 0.000166 
1203.623000 0.000332 
1203.865000 0.000332 
1204.105000 0.000498 
1204.347000 0.000498 
1204.588000 0.000498 
1204.829000 0.000498 
1205.070000 0.000332 
1205.311000 0.000498 
1205.552000 0.000498 
1205.793000 0.000663 
1206.034000 0.000663 
1206.275000 0.000663 
1206.516000 0.000663 
1206.757000 0.000497 
1206.998000 0.000497 
1207.239000 0.000331 
1207.480000 0.000497 
1207.721000 0.000662 
1207.963000 0.000828 
1208.204000 0.000828 
1208.445000 0.000662 
1208.686000 0.000662 
1208.927000 0.000662 
1209.168000 0.000662 
1209.409000 0.000827 
1209.650000 0.000827 
1209.891000 0.000827 
1210.132000 0.000661 
1210.373000 0.000826 
1210.614000 0.000826 
1210.855000 0.000826 
1211.096000 0.000826 
1211.337000 0.000826 
1211.578000 0.000825 
1211.819000 0.000825 
1212.061000 0.000825 
1212.302000 0.000660 
1212.543000 0.000660 
1212.784000 0.000825 
1213.025000 0.000824 
1213.266000 0.000989 
1213.507000 0.001154 
1213.748000 0.001153 
1213.989000 0.000988 
1214.230000 0.000824 
1214.471000 0.000823 
1214.712000 0.000988 
1214.953000 0.000988 
1215.194000 0.001152 
1215.435000 0.001152 
1215.677000 0.001316 
1215.918000 0.001316 
1216.159000 0.001151 
1216.400000 0.001151 
1216.641000 0.000986 
1216.882000 0.000986 
1217.123000 0.001150 
1217.364000 0.001150 
1217.605000 0.001150 
1217.846000 0.000985 
1218.087000 0.000985 
1218.328000 0.000985 
1218.569000 0.001149 
1218.810000 0.001149 
1219.051000 0.001148 
1219.292000 0.001148 
1219.533000 0.001148 
1219.775000 0.001148 
1220.016000 0.001148 
1220.257000 0.001147 
1220.498000 0.001311 
1220.739000 0.001311 
1220.980000 0.001474 
1221.221000 0.001474 
1221.462000 0.001310 
1221.703000 0.001146 
1221.944000 0.001146 
1222.185000 0.001309 
1222.426000 0.001472 
1222.667000 0.001472 
1222.908000 0.001472 
1223.149000 0.001308 
1223.391000 0.001308 
1223.632000 0.001308 
1223.873000 0.001307 
1224.114000 0.001307 
1224.355000 0.001307 
1224.596000 0.001307 
1224.837000 0.001306 
1225.078000 0.001306 
1225.319000 0.001143 
1225.560000 0.001142 
1225.801000 0.001305 
1226.042000 0.001305 
1226.283000 0.001305 
1226.524000 0.001141 
1226.765000 0.001141 
1227.006000 0.001141 
1227.247000 0.001141 
1227.489000 0.001303 
1227.730000 0.001466 
1227.971000 0.001466 
1228.212000 0.001628 
1228.453000 0.001628 
1228.694000 0.001628 
1228.935000 0.001627 
1229.176000 0.001627 
1229.417000 0.001627 
1229.658000 0.001789 
1229.899000 0.001789 
1230.140000 0.001788 
1230.381000 0.001788 
1230.622000 0.001788 
1230.863000 0.001625 
1231.104000 0.001625 
1231.346000 0.001787 
1231.587000 0.001786 
1231.828000 0.001624 
1232.069000 0.001623 
1232.310000 0.001623 
1232.551000 0.001623 
1232.792000 0.001622 
1233.033000 0.001622 
1233.274000 0.001622 
1233.515000 0.001459 
1233.756000 0.001621 
1233.997000 0.001621 
1234.238000 0.001945 
1234.479000 0.001944 
1234.720000 0.002106 
1234.961000 0.002105 
1235.203000 0.002105 
1235.444000 0.002105 
1235.685000 0.001942 
1235.926000 0.001942 
1236.167000 0.001941 
1236.408000 0.002103 
1236.649000 0.002102 
1236.890000 0.002264 
1237.131000 0.002263 
1237.372000 0.002263 
1237.613000 0.002262 
1237.854000 0.002262 
1238.095000 0.002262 
1238.336000 0.002261 
1238.577000 0.002261 
1238.818000 0.002260 
1239.060000 0.002421 
1239.301000 0.002421 
1239.542000 0.002420 
1239.783000 0.002420 
1240.024000 0.002419 
1240.265000 0.002580 
1240.506000 0.002580 
1240.747000 0.002579 
1240.988000 0.002579 
1241.229000 0.002417 
1241.470000 0.002416 
1241.711000 0.002416 
1241.952000 0.002416 
1242.193000 0.002576 
1242.434000 0.002576 
1242.675000 0.002575 
1242.917000 0.002575 
1243.158000 0.002574 
1243.399000 0.002574 
1243.640000 0.002573 
1243.881000 0.002573 
1244.122000 0.002572 
1244.363000 0.002732 
1244.604000 0.002892 
1244.845000 0.002892 
1245.086000 0.002891 
1245.327000 0.002891 
1245.568000 0.002890 
1245.809000 0.002890 
1246.050000 0.002889 
1246.291000 0.002889 
1246.532000 0.002888 
1246.774000 0.002887 
1247.015000 0.003047 
1247.256000 0.003047 
1247.497000 0.003046 
1247.738000 0.003046 
1247.979000 0.002885 
1248.220000 0.003044 
1248.461000 0.003044 
1248.702000 0.003203 
1248.943000 0.003203 
1249.184000 0.003202 
1249.425000 0.003201 
1249.666000 0.003201 
1249.907000 0.003200 
1250.148000 0.003200 
1250.389000 0.003199 
1250.630000 0.003198 
1250.872000 0.003358 
1251.113000 0.003357 
1251.354000 0.003356 
1251.595000 0.003356 
1251.836000 0.003515 
1252.077000 0.003514 
1252.318000 0.003513 
1252.559000 0.003513 
1252.800000 0.003352 
1253.041000 0.003352 
1253.282000 0.003351 
1253.523000 0.003510 
1253.764000 0.003669 
1254.005000 0.003668 
1254.246000 0.003668 
1254.488000 0.003826 
1254.729000 0.003826 
1254.970000 0.003825 
1255.211000 0.003824 
1255.452000 0.003664 
1255.693000 0.003663 
1255.934000 0.003663 
1256.175000 0.003662 
1256.416000 0.003820 
1256.657000 0.003820 
1256.898000 0.003819 
1257.139000 0.003818 
1257.380000 0.003817 
1257.621000 0.003976 
1257.862000 0.003975 
1258.103000 0.003974 
1258.344000 0.003815 
1258.586000 0.003973 
1258.827000 0.003972 
1259.068000 0.004130 
1259.309000 0.004288 
1259.550000 0.004287 
1259.791000 0.004128 
1260.032000 0.004127 
1260.273000 0.004126 
1260.514000 0.004125 
1260.755000 0.004283 
1260.996000 0.004282 
1261.237000 0.004282 
1261.478000 0.004281 
1261.719000 0.004121 
1261.960000 0.004121 
1262.202000 0.004120 
1262.443000 0.004277 
1262.684000 0.004435 
1262.925000 0.004593 
1263.166000 0.004592 
1263.407000 0.004591 
1263.648000 0.004590 
1263.889000 0.004589 
1264.130000 0.004588 
1264.371000 0.004587 
1264.612000 0.004586 
1264.853000 0.004427 
1265.094000 0.004427 
1265.335000 0.004426 
1265.576000 0.004425 
1265.817000 0.004424 
1266.058000 0.004581 
1266.300000 0.004580 
1266.541000 0.004579 
1266.782000 0.004579 
1267.023000 0.004578 
1267.264000 0.004577 
1267.505000 0.004576 
1267.746000 0.004575 
1267.987000 0.004732 
1268.228000 0.004731 
1268.469000 0.004888 
1268.710000 0.004729 
1268.951000 0.004728 
1269.192000 0.004727 
1269.433000 0.004727 
1269.674000 0.004726 
1269.916000 0.004567 
1270.156000 0.004566 
1270.398000 0.004565 
1270.639000 0.004722 
1270.880000 0.004721 
1271.121000 0.004878 
1271.362000 0.004877 
1271.603000 0.004876 
1271.844000 0.005032 
1272.085000 0.005031 
1272.326000 0.005030 
1272.567000 0.004872 
1272.808000 0.004871 
1273.049000 0.004870 
1273.290000 0.004869 
1273.531000 0.005025 
1273.772000 0.005024 
1274.014000 0.004867 
1274.255000 0.004866 
1274.496000 0.005022 
1274.737000 0.005021 
1274.978000 0.005020 
1275.219000 0.005019 
1275.460000 0.005018 
1275.701000 0.005017 
1275.942000 0.005173 
1276.183000 0.005172 
1276.424000 0.005171 
1276.665000 0.005170 
1276.906000 0.005169 
1277.147000 0.005168 
1277.388000 0.005167 
1277.630000 0.005166 
1277.870000 0.005165 
1278.112000 0.005164 
1278.353000 0.005163 
1278.594000 0.005318 
1278.835000 0.005317 
1279.076000 0.005316 
1279.317000 0.005159 
1279.558000 0.005158 
1279.799000 0.005313 
1280.040000 0.005312 
1280.281000 0.005311 
1280.522000 0.005310 
1280.763000 0.005309 
1281.004000 0.005464 
1281.245000 0.005463 
1281.486000 0.005462 
1281.728000 0.005461 
1281.969000 0.005460 
1282.210000 0.005459 
1282.451000 0.005614 
1282.692000 0.005613 
1282.933000 0.005612 
1283.174000 0.005767 
1283.415000 0.005766 
1283.656000 0.005765 
1283.897000 0.005764 
1284.138000 0.005763 
1284.379000 0.005762 
1284.620000 0.005760 
1284.861000 0.005604 
1285.102000 0.005758 
1285.344000 0.005757 
1285.584000 0.005756 
1285.826000 0.005911 
1286.067000 0.005909 
1286.308000 0.006064 
1286.549000 0.006218 
1286.790000 0.006217 
1287.031000 0.006060 
1287.272000 0.006215 
1287.513000 0.006369 
1287.754000 0.006523 
1287.995000 0.006677 
1288.236000 0.006831 
1288.477000 0.006830 
1288.718000 0.006984 
1288.959000 0.007138 
1289.200000 0.007291 
1289.442000 0.007445 
1289.683000 0.007599 
1289.924000 0.007752 
1290.165000 0.008061 
1290.406000 0.008524 
1290.647000 0.008833 
1290.888000 0.009141 
1291.129000 0.009449 
1291.370000 0.009757 
1291.611000 0.010065 
1291.852000 0.010528 
1292.093000 0.010990 
1292.334000 0.011607 
1292.575000 0.012378 
1292.816000 0.013150 
1293.057000 0.014075 
1293.298000 0.015000 
1293.540000 0.016080 
1293.781000 0.017314 
1294.022000 0.018701 
1294.263000 0.020398 
1294.504000 0.022248 
1294.745000 0.024406 
1294.986000 0.026873 
1295.227000 0.029647 
1295.468000 0.032884 
1295.709000 0.036582 
1295.950000 0.040434 
1296.191000 0.044438 
1296.432000 0.048903 
1296.673000 0.053676 
1296.914000 0.058601 
1297.156000 0.063678 
1297.397000 0.068907 
1297.638000 0.074135 
1297.879000 0.079360 
1298.120000 0.084430 
1298.361000 0.089497 
1298.602000 0.094563 
1298.843000 0.099473 
1299.084000 0.104073 
1299.325000 0.108518 
1299.566000 0.112653 
1299.807000 0.116479 
1300.048000 0.120149 
1300.289000 0.123511 
1300.530000 0.126410 
1300.771000 0.129154 
1301.012000 0.131436 
1301.254000 0.133410 
1301.495000 0.135075 
1301.736000 0.136433 
1301.977000 0.137483 
1302.218000 0.138226 
1302.459000 0.138354 
1302.700000 0.138021 
1302.941000 0.137382 
1303.182000 0.136282 
1303.423000 0.134722 
1303.664000 0.132856 
1303.905000 0.130684 
1304.146000 0.128053 
1304.387000 0.125270 
1304.628000 0.122027 
1304.870000 0.118479 
1305.111000 0.114780 
1305.352000 0.110775 
1305.593000 0.106771 
1305.834000 0.102616 
1306.075000 0.098463 
1306.316000 0.094311 
1306.557000 0.090161 
1306.798000 0.085859 
1307.039000 0.081711 
1307.280000 0.077566 
1307.521000 0.073421 
1307.762000 0.069585 
1308.003000 0.065749 
1308.244000 0.062068 
1308.485000 0.058694 
1308.726000 0.055321 
1308.968000 0.052102 
1309.209000 0.049037 
1309.450000 0.045974 
1309.691000 0.043216 
1309.932000 0.040460 
1310.173000 0.038010 
1310.414000 0.035561 
1310.655000 0.033418 
1310.896000 0.031429 
1311.137000 0.029593 
1311.378000 0.027910 
1311.619000 0.026227 
1311.860000 0.024545 
1312.101000 0.023017 
1312.342000 0.021793 
1312.583000 0.020570 
1312.825000 0.019500 
1313.066000 0.018430 
1313.307000 0.017513 
1313.548000 0.016596 
1313.789000 0.015984 
1314.030000 0.015220 
1314.271000 0.014609 
1314.512000 0.014150 
1314.753000 0.013691 
1314.994000 0.013232 
1315.235000 0.012773 
1315.476000 0.012467 
1315.717000 0.012161 
1315.958000 0.011854 
1316.199000 0.011548 
1316.440000 0.011394 
1316.682000 0.011240 
1316.923000 0.010935 
1317.164000 0.010781 
1317.405000 0.010475 
1317.646000 0.010473 
1317.887000 0.010320 
1318.128000 0.010318 
1318.369000 0.010164 
1318.610000 0.010162 
1318.851000 0.010009 
1319.092000 0.009855 
1319.333000 0.009702 
1319.574000 0.009700 
1319.815000 0.009547 
1320.056000 0.009697 
1320.297000 0.009695 
1320.539000 0.009693 
1320.780000 0.009540 
1321.021000 0.009538 
1321.262000 0.009536 
1321.503000 0.009535 
1321.744000 0.009684 
1321.985000 0.009682 
1322.226000 0.009529 
1322.467000 0.009528 
1322.708000 0.009526 
1322.949000 0.009524 
1323.190000 0.009674 
1323.431000 0.009672 
1323.672000 0.009519 
1323.913000 0.009366 
1324.154000 0.009364 
1324.396000 0.009514 
1324.637000 0.009512 
1324.878000 0.009661 
1325.119000 0.009509 
1325.360000 0.009507 
1325.601000 0.009505 
1325.842000 0.009503 
1326.083000 0.009502 
1326.324000 0.009651 
1326.565000 0.009649 
1326.806000 0.009647 
1327.047000 0.009645 
1327.288000 0.009644 
1327.529000 0.009642 
1327.770000 0.009490 
1328.011000 0.009488 
1328.253000 0.009486 
1328.494000 0.009635 
1328.735000 0.009633 
1328.976000 0.009631 
1329.217000 0.009780 
1329.458000 0.009628 
1329.699000 0.009626 
1329.940000 0.009624 
1330.181000 0.009472 
1330.422000 0.009621 
1330.663000 0.009619 
1330.904000 0.009768 
1331.145000 0.009766 
1331.386000 0.009764 
1331.627000 0.009612 
1331.868000 0.009611 
1332.109000 0.009609 
1332.351000 0.009607 
1332.592000 0.009605 
1332.833000 0.009604 
1333.074000 0.009602 
1333.315000 0.009600 
1333.556000 0.009598 
1333.797000 0.009747 
1334.038000 0.009745 
1334.279000 0.009743 
1334.520000 0.009741 
1334.761000 0.009889 
1335.002000 0.009888 
1335.243000 0.009736 
1335.484000 0.009734 
1335.725000 0.009583 
1335.967000 0.009581 
1336.208000 0.009579 
1336.449000 0.009578 
1336.690000 0.009726 
1336.931000 0.009724 
1337.172000 0.009722 
1337.413000 0.009720 
1337.654000 0.009719 
1337.895000 0.009567 
1338.136000 0.009416 
1338.377000 0.009414 
1338.618000 0.009562 
1338.859000 0.009560 
1339.100000 0.009559 
1339.341000 0.009557 
1339.582000 0.009555 
1339.823000 0.009703 
1340.065000 0.009850 
1340.306000 0.009848 
1340.547000 0.009847 
1340.788000 0.009696 
1341.029000 0.009694 
1341.270000 0.009692 
1341.511000 0.009691 
1341.752000 0.009689 
1341.993000 0.009538 
1342.234000 0.009536 
1342.475000 0.009684 
1342.716000 0.009831 
1342.957000 0.009829 
1343.198000 0.009827 
1343.439000 0.009677 
1343.681000 0.009675 
1343.922000 0.009673 
1344.163000 0.009820 
1344.404000 0.009818 
1344.645000 0.009817 
1344.886000 0.009815 
1345.127000 0.009813 
1345.368000 0.009960 
1345.609000 0.009958 
1345.850000 0.009957 
1346.091000 0.009806 
1346.332000 0.009953 
1346.573000 0.009951 
1346.814000 0.009949 
1347.055000 0.009948 
1347.296000 0.009946 
1347.537000 0.009944 
1347.779000 0.009942 
1348.020000 0.010089 
1348.261000 0.010087 
1348.502000 0.010085 
1348.743000 0.010083 
1348.984000 0.010082 
1349.225000 0.010228 
1349.466000 0.010374 
1349.707000 0.010373 
1349.948000 0.010371 
1350.189000 0.010517 
1350.430000 0.010515 
1350.671000 0.010513 
1350.912000 0.010511 
1351.153000 0.010362 
1351.395000 0.010360 
1351.635000 0.010358 
1351.877000 0.010504 
1352.118000 0.010502 
1352.359000 0.010500 
1352.600000 0.010646 
1352.841000 0.010644 
1353.082000 0.010790 
1353.323000 0.010788 
1353.564000 0.010786 
1353.805000 0.010637 
1354.046000 0.010635 
1354.287000 0.010781 
1354.528000 0.010779 
1354.769000 0.010777 
1355.010000 0.010775 
1355.251000 0.010773 
1355.493000 0.010771 
1355.734000 0.010769 
1355.975000 0.010915 
1356.216000 0.010913 
1356.457000 0.010911 
1356.698000 0.010761 
1356.939000 0.010907 
1357.180000 0.011052 
1357.421000 0.011050 
1357.662000 0.011048 
1357.903000 0.011046 
1358.144000 0.011044 
1358.385000 0.011043 
1358.626000 0.011188 
1358.867000 0.011186 
1359.109000 0.011331 
1359.349000 0.011329 
1359.591000 0.011327 
1359.832000 0.011472 
1360.073000 0.011470 
1360.314000 0.011468 
1360.555000 0.011466 
1360.796000 0.011464 
1361.037000 0.011609 
1361.278000 0.011607 
1361.519000 0.011605 
1361.760000 0.011456 
1362.001000 0.011601 
1362.242000 0.011599 
1362.483000 0.011596 
1362.724000 0.011448 
1362.965000 0.011446 
1363.207000 0.011444 
1363.448000 0.011442 
1363.689000 0.011440 
1363.930000 0.011584 
1364.171000 0.011582 
1364.412000 0.011580 
1364.653000 0.011725 
1364.894000 0.011869 
1365.135000 0.011867 
1365.376000 0.011865 
1365.617000 0.011863 
1365.858000 0.011861 
1366.099000 0.011859 
1366.340000 0.011856 
1366.581000 0.012001 
1366.823000 0.011852 
1367.063000 0.011850 
1367.305000 0.011848 
1367.546000 0.011992 
1367.787000 0.011990 
1368.028000 0.011988 
1368.269000 0.011986 
1368.510000 0.011838 
1368.751000 0.011836 
1368.992000 0.011834 
1369.233000 0.011978 
1369.474000 0.011975 
1369.715000 0.012119 
1369.956000 0.012117 
1370.197000 0.012261 
1370.438000 0.012259 
1370.679000 0.012257 
1370.921000 0.012255 
1371.162000 0.012252 
1371.403000 0.012396 
1371.644000 0.012394 
1371.885000 0.012537 
1372.126000 0.012390 
1372.367000 0.012242 
1372.608000 0.012385 
1372.849000 0.012383 
1373.090000 0.012381 
1373.331000 0.012379 
1373.572000 0.012376 
1373.813000 0.012374 
1374.054000 0.012372 
1374.295000 0.012370 
1374.536000 0.012368 
1374.777000 0.012366 
1375.019000 0.012363 
1375.260000 0.012361 
1375.501000 0.012505 
1375.742000 0.012648 
1375.983000 0.012646 
1376.224000 0.012643 
1376.465000 0.012786 
1376.706000 0.012784 
1376.947000 0.012782 
1377.188000 0.012780 
1377.429000 0.012777 
1377.670000 0.012775 
1377.911000 0.012773 
1378.152000 0.012771 
1378.393000 0.012914 
1378.635000 0.012911 
1378.876000 0.012909 
1379.117000 0.012907 
1379.358000 0.012905 
1379.599000 0.012902 
1379.840000 0.012900 
1380.081000 0.012898 
1380.322000 0.013040 
1380.563000 0.013038 
1380.804000 0.013036 
1381.045000 0.013034 
1381.286000 0.013031 
1381.527000 0.013029 
1381.768000 0.013027 
1382.009000 0.013169 
1382.250000 0.013167 
1382.491000 0.013165 
1382.733000 0.013162 
1382.974000 0.013160 
1383.215000 0.013302 
1383.456000 0.013300 
1383.697000 0.013298 
1383.938000 0.013151 
1384.179000 0.013149 
1384.420000 0.013146 
1384.661000 0.013288 
1384.902000 0.013286 
1385.143000 0.013284 
1385.384000 0.013282 
1385.625000 0.013279 
1385.866000 0.013277 
1386.107000 0.013419 
1386.349000 0.013417 
1386.590000 0.013270 
1386.831000 0.013268 
1387.072000 0.013410 
1387.313000 0.013551 
1387.554000 0.013549 
1387.795000 0.013547 
1388.036000 0.013688 
1388.277000 0.013686 
1388.518000 0.013684 
1388.759000 0.013681 
1389.000000 0.013679 
1389.241000 0.013677 
1389.482000 0.013674 
1389.723000 0.013672 
1389.964000 0.013669 
1390.205000 0.013811 
1390.447000 0.013665 
1390.688000 0.013662 
1390.929000 0.013804 
1391.170000 0.013801 
1391.411000 0.013799 
1391.652000 0.013653 
1391.893000 0.013650 
1392.134000 0.013792 
1392.375000 0.013789 
1392.616000 0.013931 
1392.857000 0.013928 
1393.098000 0.013926 
1393.339000 0.013923 
1393.580000 0.013921 
1393.821000 0.014062 
1394.063000 0.014203 
1394.304000 0.014201 
1394.545000 0.014055 
1394.786000 0.014052 
1395.027000 0.014050 
1395.268000 0.014047 
1395.509000 0.014045 
1395.750000 0.014043 
1395.991000 0.014183 
1396.232000 0.014181 
1396.473000 0.014322 
1396.714000 0.014319 
1396.955000 0.014317 
1397.196000 0.014171 
1397.437000 0.014169 
1397.678000 0.014166 
1397.919000 0.014164 
1398.161000 0.014305 
1398.402000 0.014302 
1398.643000 0.014300 
1398.884000 0.014297 
1399.125000 0.014295 
1399.366000 0.014435 
1399.607000 0.014433 
1399.848000 0.014573 
1400.089000 0.014571 
1400.330000 0.014568 
1400.571000 0.014565 
1400.812000 0.014563 
1401.053000 0.014560 
1401.294000 0.014558 
1401.535000 0.014698 
1401.776000 0.014696 
1402.018000 0.014693 
1402.259000 0.014548 
1402.500000 0.014545 
1402.741000 0.014543 
1402.982000 0.014683 
1403.223000 0.014680 
1403.464000 0.014678 
1403.705000 0.014818 
1403.946000 0.014815 
1404.187000 0.014813 
1404.428000 0.014953 
1404.669000 0.014950 
1404.910000 0.014948 
1405.151000 0.014945 
1405.392000 0.015085 
1405.633000 0.015082 
1405.875000 0.015080 
1406.116000 0.014935 
1406.357000 0.014932 
1406.598000 0.015072 
1406.839000 0.015069 
1407.080000 0.015067 
1407.321000 0.015064 
1407.562000 0.015062 
1407.803000 0.015201 
1408.044000 0.015198 
1408.285000 0.015196 
1408.526000 0.015335 
1408.767000 0.015191 
1409.008000 0.015188 
1409.249000 0.015185 
1409.490000 0.015325 
1409.732000 0.015322 
1409.973000 0.015178 
1410.214000 0.015175 
1410.455000 0.015314 
1410.696000 0.015312 
1410.937000 0.015309 
1411.178000 0.015306 
1411.419000 0.015162 
1411.660000 0.015159 
1411.901000 0.015299 
1412.142000 0.015296 
1412.383000 0.015435 
1412.624000 0.015432 
1412.865000 0.015430 
1413.106000 0.015427 
1413.347000 0.015566 
1413.589000 0.015563 
1413.830000 0.015561 
1414.071000 0.015558 
1414.312000 0.015697 
1414.553000 0.015694 
1414.794000 0.015691 
1415.035000 0.015689 
1415.276000 0.015686 
1415.517000 0.015683 
1415.758000 0.015681 
1415.999000 0.015819 
1416.240000 0.016099 
1416.481000 0.016096 
1416.722000 0.015952 
1416.963000 0.015950 
1417.204000 0.015947 
1417.446000 0.015944 
1417.687000 0.015941 
1417.928000 0.015939 
1418.169000 0.015936 
1418.410000 0.016074 
1418.651000 0.016072 
1418.892000 0.016069 
1419.133000 0.016066 
1419.374000 0.016063 
1419.615000 0.015920 
1419.856000 0.016058 
1420.097000 0.016055 
1420.338000 0.016193 
1420.579000 0.016191 
1420.820000 0.016188 
1421.061000 0.016185 
1421.302000 0.016182 
1421.544000 0.016180 
1421.785000 0.016177 
1422.026000 0.016315 
1422.267000 0.016312 
1422.508000 0.016309 
1422.749000 0.016306 
1422.990000 0.016304 
1423.231000 0.016301 
1423.472000 0.016298 
1423.713000 0.016436 
1423.954000 0.016574 
1424.195000 0.016571 
1424.436000 0.016568 
1424.677000 0.016425 
1424.918000 0.016562 
1425.160000 0.016560 
1425.401000 0.016697 
1425.642000 0.016694 
1425.883000 0.016691 
1426.124000 0.016689 
1426.365000 0.016686 
1426.606000 0.016823 
1426.847000 0.016820 
1427.088000 0.016677 
1427.329000 0.016675 
1427.570000 0.016532 
1427.811000 0.016669 
1428.052000 0.016666 
1428.293000 0.016663 
1428.534000 0.016660 
1428.775000 0.016798 
1429.016000 0.016935 
1429.258000 0.016932 
1429.499000 0.016929 
1429.740000 0.016926 
1429.981000 0.016923 
1430.222000 0.016920 
1430.463000 0.016918 
1430.704000 0.017055 
1430.945000 0.017052 
1431.186000 0.017049 
1431.427000 0.017046 
1431.668000 0.017043 
1431.909000 0.017180 
1432.150000 0.017037 
1432.391000 0.017034 
1432.632000 0.017032 
1432.874000 0.017029 
1433.115000 0.017165 
1433.356000 0.017163 
1433.597000 0.017299 
1433.838000 0.017296 
1434.079000 0.017293 
1434.320000 0.017151 
1434.561000 0.017288 
1434.802000 0.017285 
1435.043000 0.017282 
1435.284000 0.017279 
1435.525000 0.017276 
1435.766000 0.017273 
1436.007000 0.017270 
1436.248000 0.017267 
1436.489000 0.017264 
1436.730000 0.017401 
1436.972000 0.017537 
1437.213000 0.017534 
1437.454000 0.017531 
1437.695000 0.017528 
1437.936000 0.017525 
1438.177000 0.017522 
1438.418000 0.017658 
1438.659000 0.017655 
1438.900000 0.017513 
1439.141000 0.017510 
1439.382000 0.017508 
1439.623000 0.017505 
1439.864000 0.017502 
1440.105000 0.017499 
1440.346000 0.017496 
1440.588000 0.017493 
1440.829000 0.017629 
1441.070000 0.017626 
1441.311000 0.017623 
1441.552000 0.017759 
1441.793000 0.017756 
1442.034000 0.017753 
1442.275000 0.017888 
1442.516000 0.017885 
1442.757000 0.018021 
1442.998000 0.018018 
1443.239000 0.018015 
1443.480000 0.018151 
1443.721000 0.018148 
1443.962000 0.018006 
1444.203000 0.018141 
1444.444000 0.018138 
1444.686000 0.018274 
1444.927000 0.018271 
1445.168000 0.018406 
1445.409000 0.018403 
1445.650000 0.018262 
1445.891000 0.018259 
1446.132000 0.018394 
1446.373000 0.018529 
1446.614000 0.018388 
1446.855000 0.018385 
1447.096000 0.018382 
1447.337000 0.018379 
1447.578000 0.018514 
1447.819000 0.018372 
1448.060000 0.018508 
1448.302000 0.018504 
1448.542000 0.018639 
1448.784000 0.018636 
1449.025000 0.018771 
1449.266000 0.018906 
1449.507000 0.018903 
1449.748000 0.018900 
1449.989000 0.018759 
1450.230000 0.018894 
1450.471000 0.018890 
1450.712000 0.018887 
1450.953000 0.018884 
1451.194000 0.018881 
1451.435000 0.018878 
1451.676000 0.018875 
1451.917000 0.018734 
1452.158000 0.018731 
1452.400000 0.018728 
1452.641000 0.018862 
1452.882000 0.018859 
1453.123000 0.018856 
1453.364000 0.018990 
1453.605000 0.018987 
1453.846000 0.018984 
1454.087000 0.019119 
1454.328000 0.019115 
1454.569000 0.019112 
1454.810000 0.018972 
1455.051000 0.018968 
1455.292000 0.019103 
1455.533000 0.019100 
1455.774000 0.018959 
1456.016000 0.018956 
1456.257000 0.018953 
1456.498000 0.018950 
1456.739000 0.018946 
1456.980000 0.019218 
1457.221000 0.019215 
1457.462000 0.019349 
1457.703000 0.019346 
1457.944000 0.019342 
1458.185000 0.019476 
1458.426000 0.019336 
1458.667000 0.019333 
1458.908000 0.019330 
1459.149000 0.019463 
1459.390000 0.019597 
1459.631000 0.019594 
1459.872000 0.019728 
1460.114000 0.019724 
1460.355000 0.019858 
1460.596000 0.019855 
1460.837000 0.019852 
1461.078000 0.019848 
1461.319000 0.019845 
1461.560000 0.019842 
1461.801000 0.019975 
1462.042000 0.019972 
1462.283000 0.019969 
1462.524000 0.019965 
1462.765000 0.019962 
1463.006000 0.020232 
1463.247000 0.020229 
1463.488000 0.020226 
1463.729000 0.020222 
1463.970000 0.020219 
1464.212000 0.020216 
1464.453000 0.020212 
1464.694000 0.020209 
1464.935000 0.020206 
1465.176000 0.020339 
1465.417000 0.020472 
1465.658000 0.020469 
1465.899000 0.020465 
1466.140000 0.020462 
1466.381000 0.020322 
1466.622000 0.020182 
1466.863000 0.020179 
1467.104000 0.020176 
1467.345000 0.020309 
1467.586000 0.020305 
1467.828000 0.020302 
1468.069000 0.020435 
1468.310000 0.020432 
1468.551000 0.020564 
1468.792000 0.020697 
1469.033000 0.020694 
1469.274000 0.020554 
1469.515000 0.020551 
1469.756000 0.020548 
1469.997000 0.020544 
1470.238000 0.020677 
1470.479000 0.020674 
1470.720000 0.020806 
1470.961000 0.020803 
1471.202000 0.020799 
1471.443000 0.020796 
1471.685000 0.020792 
1471.926000 0.020789 
1472.167000 0.020922 
1472.408000 0.020918 
1472.649000 0.021051 
1472.890000 0.021047 
1473.131000 0.021044 
1473.372000 0.021176 
1473.613000 0.021308 
1473.854000 0.021440 
1474.095000 0.021437 
1474.336000 0.021433 
1474.577000 0.021430 
1474.818000 0.021426 
1475.059000 0.021558 
1475.300000 0.021555 
1475.542000 0.021551 
1475.783000 0.021548 
1476.024000 0.021544 
1476.265000 0.021676 
1476.506000 0.021944 
1476.747000 0.021940 
1476.988000 0.022072 
1477.229000 0.022068 
1477.470000 0.022200 
1477.711000 0.022196 
1477.952000 0.022193 
1478.193000 0.022054 
1478.434000 0.022050 
1478.675000 0.022047 
1478.916000 0.022178 
1479.157000 0.022175 
1479.398000 0.022171 
1479.640000 0.022168 
1479.881000 0.022164 
1480.122000 0.022295 
1480.363000 0.022292 
1480.604000 0.022288 
1480.845000 0.022285 
1481.086000 0.022281 
1481.327000 0.022412 
1481.568000 0.022544 
1481.809000 0.022540 
1482.050000 0.022401 
1482.291000 0.022398 
1482.532000 0.022394 
1482.773000 0.022390 
1483.014000 0.022387 
1483.255000 0.022383 
1483.497000 0.022380 
1483.738000 0.022376 
1483.979000 0.022507 
1484.220000 0.022503 
1484.461000 0.022500 
1484.702000 0.022496 
1484.943000 0.022492 
1485.184000 0.022623 
1485.425000 0.022620 
1485.666000 0.022751 
1485.907000 0.022612 
1486.148000 0.022609 
1486.389000 0.022605 
1486.630000 0.022601 
1486.871000 0.022598 
1487.113000 0.022594 
1487.354000 0.022590 
1487.595000 0.022587 
1487.836000 0.022718 
1488.077000 0.022848 
1488.318000 0.022979 
1488.559000 0.022975 
1488.800000 0.022972 
1489.041000 0.022968 
1489.282000 0.023098 
1489.523000 0.023095 
1489.764000 0.022957 
1490.005000 0.023087 
1490.246000 0.023083 
1490.487000 0.023080 
1490.728000 0.023210 
1490.969000 0.023206 
1491.211000 0.023203 
1491.452000 0.023199 
1491.693000 0.023195 
1491.934000 0.023325 
1492.175000 0.023322 
1492.416000 0.023318 
1492.657000 0.023180 
1492.898000 0.023310 
1493.139000 0.023441 
1493.380000 0.023571 
1493.621000 0.023567 
1493.862000 0.023697 
1494.103000 0.023693 
1494.344000 0.023555 
1494.585000 0.023552 
1494.826000 0.023548 
1495.068000 0.023678 
1495.309000 0.023674 
1495.550000 0.023536 
1495.791000 0.023533 
1496.032000 0.023663 
1496.273000 0.023659 
1496.514000 0.023789 
1496.755000 0.023785 
1496.996000 0.023915 
1497.237000 0.024044 
1497.478000 0.024040 
1497.719000 0.024037 
1497.960000 0.024033 
1498.201000 0.023895 
1498.442000 0.023891 
1498.683000 0.024021 
1498.925000 0.024017 
1499.166000 0.024147 
1499.407000 0.024143 
1499.648000 0.024139 
1499.889000 0.024268 
1500.130000 0.024398 
1500.371000 0.024394 
1500.612000 0.024390 
1500.853000 0.024386 
1501.094000 0.024382 
1501.335000 0.024378 
1501.576000 0.024374 
1501.817000 0.024370 
1502.058000 0.024500 
1502.299000 0.024496 
1502.541000 0.024625 
1502.781000 0.024621 
1503.023000 0.024617 
1503.264000 0.024613 
1503.505000 0.024609 
1503.746000 0.024738 
1503.987000 0.024867 
1504.228000 0.024863 
1504.469000 0.024859 
1504.710000 0.024855 
1504.951000 0.024851 
1505.192000 0.024847 
1505.433000 0.024710 
1505.674000 0.024707 
1505.915000 0.024835 
1506.156000 0.024964 
1506.397000 0.024960 
1506.639000 0.024956 
1506.880000 0.024952 
1507.121000 0.024948 
1507.362000 0.025077 
1507.603000 0.025206 
1507.844000 0.025334 
1508.085000 0.025330 
1508.326000 0.025326 
1508.567000 0.025455 
1508.808000 0.025583 
1509.049000 0.025579 
1509.290000 0.025575 
1509.531000 0.025571 
1509.772000 0.025567 
1510.013000 0.025563 
1510.254000 0.025559 
1510.495000 0.025687 
1510.737000 0.025683 
1510.978000 0.025546 
1511.219000 0.025542 
1511.460000 0.025671 
1511.701000 0.025799 
1511.942000 0.025795 
1512.183000 0.025791 
1512.424000 0.025786 
1512.665000 0.025915 
1512.906000 0.026043 
1513.147000 0.026038 
1513.388000 0.026166 
1513.629000 0.026162 
1513.870000 0.026158 
1514.111000 0.026154 
1514.353000 0.026282 
1514.594000 0.026410 
1514.835000 0.026406 
1515.076000 0.026401 
1515.317000 0.026397 
1515.558000 0.026393 
1515.799000 0.026389 
1516.040000 0.026385 
1516.281000 0.026512 
1516.522000 0.026508 
1516.763000 0.026504 
1517.004000 0.026631 
1517.245000 0.026627 
1517.486000 0.026755 
1517.727000 0.026751 
1517.969000 0.026878 
1518.209000 0.027006 
1518.451000 0.027133 
1518.692000 0.027129 
1518.933000 0.027124 
1519.174000 0.027120 
1519.415000 0.027247 
1519.656000 0.027375 
1519.897000 0.027239 
1520.138000 0.027234 
1520.379000 0.027230 
1520.620000 0.027226 
1520.861000 0.027221 
1521.102000 0.027217 
1521.343000 0.027344 
1521.584000 0.027471 
1521.825000 0.027598 
1522.067000 0.027725 
1522.308000 0.027852 
1522.549000 0.027848 
1522.790000 0.027844 
1523.031000 0.027971 
1523.272000 0.028097 
1523.513000 0.028224 
1523.754000 0.028220 
1523.995000 0.028084 
1524.236000 0.028211 
1524.477000 0.028206 
1524.718000 0.028333 
1524.959000 0.028460 
1525.200000 0.028455 
1525.441000 0.028582 
1525.682000 0.028577 
1525.923000 0.028704 
1526.165000 0.028830 
1526.406000 0.028826 
1526.647000 0.028821 
1526.888000 0.028817 
1527.129000 0.028943 
1527.370000 0.028939 
1527.611000 0.028934 
1527.852000 0.028930 
1528.093000 0.028925 
1528.334000 0.028920 
1528.575000 0.029047 
1528.816000 0.029042 
1529.057000 0.029168 
1529.298000 0.029033 
1529.539000 0.029028 
1529.781000 0.029024 
1530.022000 0.029019 
1530.263000 0.029145 
1530.504000 0.029010 
1530.745000 0.028875 
1530.986000 0.028870 
1531.227000 0.028996 
1531.468000 0.028992 
1531.709000 0.028987 
1531.950000 0.028983 
1532.191000 0.028978 
1532.432000 0.028974 
1532.673000 0.028969 
1532.914000 0.029095 
1533.155000 0.029090 
1533.396000 0.028955 
1533.637000 0.028820 
1533.879000 0.028816 
1534.120000 0.028942 
1534.361000 0.028937 
1534.602000 0.028933 
1534.843000 0.028928 
1535.084000 0.029054 
1535.325000 0.029310 
1535.566000 0.029305 
1535.807000 0.029431 
1536.048000 0.029296 
1536.289000 0.029161 
1536.530000 0.029157 
1536.771000 0.029152 
1537.012000 0.029278 
1537.253000 0.029273 
1537.495000 0.029268 
1537.736000 0.029264 
1537.977000 0.029259 
1538.218000 0.029385 
1538.459000 0.029250 
1538.700000 0.029245 
1538.941000 0.029371 
1539.182000 0.029496 
1539.423000 0.029492 
1539.664000 0.029487 
1539.905000 0.029352 
1540.146000 0.029348 
1540.387000 0.029343 
1540.628000 0.029598 
1540.869000 0.029723 
1541.110000 0.029719 
1541.351000 0.029714 
1541.593000 0.029710 
1541.834000 0.029705 
1542.075000 0.029700 
1542.316000 0.029696 
1542.557000 0.029821 
1542.798000 0.029946 
1543.039000 0.030071 
1543.280000 0.030066 
1543.521000 0.030061 
1543.762000 0.030056 
1544.003000 0.030052 
1544.244000 0.030047 
1544.485000 0.030042 
1544.726000 0.030167 
1544.967000 0.030162 
1545.208000 0.030158 
1545.450000 0.030282 
1545.691000 0.030407 
1545.932000 0.030532 
1546.173000 0.030527 
1546.414000 0.030393 
1546.655000 0.030517 
1546.896000 0.030513 
1547.137000 0.030637 
1547.378000 0.030632 
1547.619000 0.030628 
1547.860000 0.030623 
1548.101000 0.030618 
1548.342000 0.030613 
1548.583000 0.030738 
1548.824000 0.030733 
1549.065000 0.030728 
1549.307000 0.030723 
1549.548000 0.030848 
1549.789000 0.030972 
1550.030000 0.031096 
1550.271000 0.031091 
1550.512000 0.031087 
1550.753000 0.031082 
1550.994000 0.031206 
1551.235000 0.031201 
1551.476000 0.031325 
1551.717000 0.031320 
1551.958000 0.031315 
1552.199000 0.031310 
1552.440000 0.031434 
1552.681000 0.031430 
1552.922000 0.031296 
1553.164000 0.031420 
1553.405000 0.031415 
1553.646000 0.031539 
1553.887000 0.031405 
1554.128000 0.031400 
1554.369000 0.031395 
1554.610000 0.031648 
1554.851000 0.031772 
1555.092000 0.031895 
1555.333000 0.031890 
1555.574000 0.031885 
1555.815000 0.031752 
1556.056000 0.031747 
1556.297000 0.031742 
1556.538000 0.031737 
1556.779000 0.031732 
1557.021000 0.031727 
1557.262000 0.031851 
1557.503000 0.031974 
1557.744000 0.032098 
1557.985000 0.031964 
1558.226000 0.031959 
1558.467000 0.031954 
1558.708000 0.032078 
1558.949000 0.032201 
1559.190000 0.032196 
1559.431000 0.032191 
1559.672000 0.032186 
1559.913000 0.032181 
1560.154000 0.032176 
1560.395000 0.032300 
1560.636000 0.032423 
1560.878000 0.032418 
1561.119000 0.032541 
1561.360000 0.032536 
1561.601000 0.032531 
1561.842000 0.032398 
1562.083000 0.032393 
1562.324000 0.032388 
1562.565000 0.032511 
1562.806000 0.032634 
1563.047000 0.032629 
1563.288000 0.032751 
1563.529000 0.032874 
1563.770000 0.032869 
1564.011000 0.032864 
1564.252000 0.032859 
1564.493000 0.032854 
1564.734000 0.032849 
1564.976000 0.032844 
1565.217000 0.032839 
1565.458000 0.032962 
1565.699000 0.032957 
1565.940000 0.032951 
1566.181000 0.033074 
1566.422000 0.033197 
1566.663000 0.033192 
1566.904000 0.033186 
1567.145000 0.033181 
1567.386000 0.033176 
1567.627000 0.033171 
1567.868000 0.033294 
1568.109000 0.033289 
1568.350000 0.033283 
1568.592000 0.033278 
1568.833000 0.033273 
1569.074000 0.033395 
1569.315000 0.033390 
1569.556000 0.033385 
1569.797000 0.033380 
1570.038000 0.033375 
1570.279000 0.033497 
1570.520000 0.033492 
1570.761000 0.033487 
1571.002000 0.033609 
1571.243000 0.033604 
1571.484000 0.033599 
1571.725000 0.033721 
1571.966000 0.033716 
1572.207000 0.033838 
1572.448000 0.033833 
1572.690000 0.033827 
1572.931000 0.033949 
1573.172000 0.034071 
1573.413000 0.034066 
1573.654000 0.034061 
1573.895000 0.034056 
1574.136000 0.034050 
1574.377000 0.034045 
1574.618000 0.034167 
1574.859000 0.034162 
1575.100000 0.034284 
1575.341000 0.034278 
1575.582000 0.034273 
1575.823000 0.034268 
1576.064000 0.034389 
1576.306000 0.034511 
1576.547000 0.034633 
1576.788000 0.034754 
1577.029000 0.034749 
1577.270000 0.034744 
1577.511000 0.034738 
1577.752000 0.034860 
1577.993000 0.034854 
1578.234000 0.034849 
1578.475000 0.034844 
1578.716000 0.034965 
1578.957000 0.035086 
1579.198000 0.035081 
1579.439000 0.035076 
1579.680000 0.035197 
1579.921000 0.035318 
1580.162000 0.035313 
1580.404000 0.035181 
1580.645000 0.035176 
1580.886000 0.035297 
1581.127000 0.035418 
1581.368000 0.035539 
1581.609000 0.035533 
1581.850000 0.035654 
1582.091000 0.035649 
1582.332000 0.035770 
1582.573000 0.035891 
1582.814000 0.035885 
1583.055000 0.036006 
1583.296000 0.036001 
1583.537000 0.036122 
1583.778000 0.036242 
1584.020000 0.036237 
1584.260000 0.036358 
1584.502000 0.036352 
1584.743000 0.036473 
1584.984000 0.036593 
1585.225000 0.036588 
1585.466000 0.036582 
1585.707000 0.036577 
1585.948000 0.036571 
1586.189000 0.036692 
1586.430000 0.036686 
1586.671000 0.036933 
1586.912000 0.036927 
1587.153000 0.037047 
1587.394000 0.037042 
1587.635000 0.037162 
1587.876000 0.037408 
1588.118000 0.037403 
1588.359000 0.037523 
1588.600000 0.037517 
1588.841000 0.037512 
1589.082000 0.037632 
1589.323000 0.037752 
1589.564000 0.037872 
1589.805000 0.037992 
1590.046000 0.037986 
1590.287000 0.037981 
1590.528000 0.038101 
1590.769000 0.038095 
1591.010000 0.038215 
1591.251000 0.038335 
1591.492000 0.038580 
1591.734000 0.038700 
1591.974000 0.038694 
1592.216000 0.038688 
1592.457000 0.038682 
1592.698000 0.038802 
1592.939000 0.038922 
1593.180000 0.038916 
1593.421000 0.039036 
1593.662000 0.039155 
1593.903000 0.039275 
1594.144000 0.039394 
1594.385000 0.039514 
1594.626000 0.039508 
1594.867000 0.039627 
1595.108000 0.039621 
1595.349000 0.039866 
1595.590000 0.039985 
1595.832000 0.040104 
1596.073000 0.040098 
1596.314000 0.040092 
1596.555000 0.040212 
1596.796000 0.040331 
1597.037000 0.040450 
1597.278000 0.040444 
1597.519000 0.040688 
1597.760000 0.040807 
1598.001000 0.040926 
1598.242000 0.041045 
1598.483000 0.041289 
1598.724000 0.041283 
1598.965000 0.041277 
1599.206000 0.041396 
1599.448000 0.041514 
1599.688000 0.041633 
1599.930000 0.041752 
1600.171000 0.041746 
1600.412000 0.041864 
1600.653000 0.042108 
1600.894000 0.042101 
1601.135000 0.042220 
1601.376000 0.042463 
1601.617000 0.042582 
1601.858000 0.042700 
1602.099000 0.042819 
1602.340000 0.042937 
1602.581000 0.043056 
1602.822000 0.043049 
1603.063000 0.043043 
1603.304000 0.043286 
1603.546000 0.043404 
1603.787000 0.043522 
1604.028000 0.043640 
1604.269000 0.043758 
1604.510000 0.043876 
1604.751000 0.043994 
1604.992000 0.044112 
1605.233000 0.044355 
1605.474000 0.044473 
1605.715000 0.044591 
1605.956000 0.044584 
1606.197000 0.044826 
1606.438000 0.044944 
1606.679000 0.045186 
1606.920000 0.045180 
1607.161000 0.045297 
1607.402000 0.045415 
1607.644000 0.045532 
1607.885000 0.045526 
1608.126000 0.045768 
1608.367000 0.045885 
1608.608000 0.046003 
1608.849000 0.046120 
1609.090000 0.046237 
1609.331000 0.046355 
1609.572000 0.046348 
1609.813000 0.046465 
1610.054000 0.046582 
1610.295000 0.046824 
1610.536000 0.046941 
1610.777000 0.046934 
1611.018000 0.047175 
1611.260000 0.047292 
1611.501000 0.047533 
1611.742000 0.047650 
1611.983000 0.047767 
1612.224000 0.047884 
1612.465000 0.048001 
1612.706000 0.048118 
1612.947000 0.048235 
1613.188000 0.048475 
1613.429000 0.048592 
1613.670000 0.048709 
1613.911000 0.048825 
1614.152000 0.048942 
1614.393000 0.049059 
1614.634000 0.049175 
1614.875000 0.049416 
1615.116000 0.049656 
1615.358000 0.049772 
1615.599000 0.049765 
1615.840000 0.049757 
1616.081000 0.049874 
1616.322000 0.050114 
1616.563000 0.050354 
1616.804000 0.050594 
1617.045000 0.050957 
1617.286000 0.051197 
1617.527000 0.051313 
1617.768000 0.051553 
1618.009000 0.051668 
1618.250000 0.051784 
1618.491000 0.052024 
1618.732000 0.052140 
1618.974000 0.052379 
1619.215000 0.052618 
1619.456000 0.052734 
1619.697000 0.052849 
1619.938000 0.052965 
1620.179000 0.053204 
1620.420000 0.053320 
1620.661000 0.053435 
1620.902000 0.053674 
1621.143000 0.053789 
1621.384000 0.053905 
1621.625000 0.054143 
1621.866000 0.054382 
1622.107000 0.054744 
1622.348000 0.054859 
1622.589000 0.055097 
1622.830000 0.055335 
1623.072000 0.055574 
1623.313000 0.055689 
1623.554000 0.055804 
1623.795000 0.055918 
1624.036000 0.056156 
1624.277000 0.056394 
1624.518000 0.056509 
1624.759000 0.056747 
1625.000000 0.056862 
1625.241000 0.057099 
1625.482000 0.057214 
1625.723000 0.057451 
1625.964000 0.057689 
1626.205000 0.057803 
1626.446000 0.058041 
1626.688000 0.058278 
1626.929000 0.058515 
1627.170000 0.058752 
1627.411000 0.058867 
1627.652000 0.058981 
1627.893000 0.059095 
1628.134000 0.059332 
1628.375000 0.059446 
1628.616000 0.059683 
1628.857000 0.059797 
1629.098000 0.060033 
1629.339000 0.060270 
1629.580000 0.060384 
1629.821000 0.060620 
1630.062000 0.060734 
1630.303000 0.060848 
1630.544000 0.060961 
1630.786000 0.061320 
1631.027000 0.061556 
1631.268000 0.061670 
1631.509000 0.061783 
1631.750000 0.062019 
1631.991000 0.062133 
1632.232000 0.062246 
1632.473000 0.062482 
1632.714000 0.062595 
1632.955000 0.062708 
1633.196000 0.062822 
1633.437000 0.062935 
1633.678000 0.063048 
1633.919000 0.063161 
1634.160000 0.063274 
1634.401000 0.063387 
1634.643000 0.063500 
1634.884000 0.063735 
1635.125000 0.063848 
1635.366000 0.063961 
1635.607000 0.064196 
1635.848000 0.064309 
1636.089000 0.064544 
1636.330000 0.064779 
1636.571000 0.064892 
1636.812000 0.065004 
1637.053000 0.065117 
1637.294000 0.065230 
1637.535000 0.065220 
1637.776000 0.065332 
1638.017000 0.065323 
1638.258000 0.065435 
1638.500000 0.065548 
1638.741000 0.065660 
1638.982000 0.065773 
1639.223000 0.065763 
1639.464000 0.065997 
1639.705000 0.066109 
1639.946000 0.066222 
1640.187000 0.066334 
1640.428000 0.066446 
1640.669000 0.066558 
1640.910000 0.066548 
1641.151000 0.066661 
1641.392000 0.066773 
1641.633000 0.066885 
1641.874000 0.066997 
1642.115000 0.066987 
1642.357000 0.067099 
1642.598000 0.067211 
1642.839000 0.067201 
1643.080000 0.067191 
1643.321000 0.067181 
1643.562000 0.067415 
1643.803000 0.067526 
1644.044000 0.067516 
1644.285000 0.067628 
1644.526000 0.067618 
1644.767000 0.067730 
1645.008000 0.067720 
1645.249000 0.067710 
1645.490000 0.067700 
1645.731000 0.067690 
1645.972000 0.067680 
1646.214000 0.067913 
1646.455000 0.068025 
1646.696000 0.068136 
1646.937000 0.068248 
1647.178000 0.068238 
1647.419000 0.068471 
1647.660000 0.068582 
1647.901000 0.068572 
1648.142000 0.068562 
1648.383000 0.068552 
1648.624000 0.068421 
1648.865000 0.068411 
1649.106000 0.068522 
1649.347000 0.068633 
1649.588000 0.068623 
1649.829000 0.068613 
1650.071000 0.068724 
1650.312000 0.068714 
1650.553000 0.068825 
1650.794000 0.068937 
1651.035000 0.068926 
1651.276000 0.068795 
1651.517000 0.068785 
1651.758000 0.068775 
1651.999000 0.068886 
1652.240000 0.068876 
1652.481000 0.068987 
1652.722000 0.068977 
1652.963000 0.068967 
1653.204000 0.069078 
1653.445000 0.069189 
1653.686000 0.069300 
1653.927000 0.069290 
1654.169000 0.069279 
1654.410000 0.069390 
1654.651000 0.069380 
1654.892000 0.069370 
1655.133000 0.069360 
1655.374000 0.069350 
1655.615000 0.069461 
1655.856000 0.069450 
1656.097000 0.069440 
1656.338000 0.069430 
1656.579000 0.069420 
1656.820000 0.069410 
1657.061000 0.069400 
1657.302000 0.069511 
1657.543000 0.069500 
1657.785000 0.069490 
1658.026000 0.069480 
1658.267000 0.069591 
1658.508000 0.069701 
1658.749000 0.069691 
1658.990000 0.069681 
1659.231000 0.069671 
1659.472000 0.069661 
1659.713000 0.069651 
1659.954000 0.069640 
1660.195000 0.069630 
1660.436000 0.069620 
1660.677000 0.069610 
1660.918000 0.069720 
1661.159000 0.069710 
1661.400000 0.069700 
1661.641000 0.069690 
1661.883000 0.069680 
1662.124000 0.069670 
1662.365000 0.069660 
1662.606000 0.069650 
1662.847000 0.069640 
1663.088000 0.069750 
1663.329000 0.069740 
1663.570000 0.069609 
1663.811000 0.069599 
1664.052000 0.069709 
1664.293000 0.069699 
1664.534000 0.069689 
1664.775000 0.069679 
1665.016000 0.069669 
1665.257000 0.069659 
1665.499000 0.069529 
1665.740000 0.069519 
1665.981000 0.069509 
1666.222000 0.069499 
1666.463000 0.069488 
1666.704000 0.069478 
1666.945000 0.069348 
1667.186000 0.069338 
1667.427000 0.069328 
1667.668000 0.069318 
1667.909000 0.069428 
1668.150000 0.069418 
1668.391000 0.069288 
1668.632000 0.069158 
1668.873000 0.069148 
1669.114000 0.069019 
1669.355000 0.069009 
1669.597000 0.068999 
1669.838000 0.068989 
1670.079000 0.069099 
1670.320000 0.069089 
1670.561000 0.068959 
1670.802000 0.068949 
1671.043000 0.068939 
1671.284000 0.068809 
1671.525000 0.068799 
1671.766000 0.068909 
1672.007000 0.068899 
1672.248000 0.068889 
1672.489000 0.068760 
1672.730000 0.068630 
1672.971000 0.068620 
1673.213000 0.068611 
1673.453000 0.068481 
1673.695000 0.068471 
1673.936000 0.068461 
1674.177000 0.068332 
1674.418000 0.068203 
1674.659000 0.068074 
1674.900000 0.067944 
1675.141000 0.067935 
1675.382000 0.067805 
1675.623000 0.067796 
1675.864000 0.067786 
1676.105000 0.067657 
1676.346000 0.067528 
1676.587000 0.067518 
1676.828000 0.067508 
1677.069000 0.067499 
1677.311000 0.067370 
1677.552000 0.067241 
1677.793000 0.067231 
1678.034000 0.067102 
1678.275000 0.067093 
1678.516000 0.066964 
1678.757000 0.066835 
1678.998000 0.066706 
1679.239000 0.066578 
1679.480000 0.066449 
1679.721000 0.066440 
1679.962000 0.066311 
1680.203000 0.066182 
1680.444000 0.066054 
1680.685000 0.065926 
1680.927000 0.065916 
1681.167000 0.065788 
1681.409000 0.065659 
1681.650000 0.065531 
1681.891000 0.065521 
1682.132000 0.065393 
1682.373000 0.065146 
1682.614000 0.065018 
1682.855000 0.064890 
1683.096000 0.064762 
1683.337000 0.064634 
1683.578000 0.064505 
1683.819000 0.064377 
1684.060000 0.064249 
1684.301000 0.064122 
1684.542000 0.064112 
1684.783000 0.063985 
1685.025000 0.063975 
1685.266000 0.063847 
1685.507000 0.063720 
1685.748000 0.063592 
1685.989000 0.063464 
1686.230000 0.063337 
1686.471000 0.063209 
1686.712000 0.063081 
1686.953000 0.062835 
1687.194000 0.062589 
1687.435000 0.062462 
1687.676000 0.062334 
1687.917000 0.062207 
1688.158000 0.061961 
1688.399000 0.061834 
1688.641000 0.061706 
1688.881000 0.061579 
1689.123000 0.061452 
1689.364000 0.061325 
1689.605000 0.061198 
1689.846000 0.061071 
1690.087000 0.060825 
1690.328000 0.060698 
1690.569000 0.060453 
1690.810000 0.060326 
1691.051000 0.060081 
1691.292000 0.059954 
1691.533000 0.059827 
1691.774000 0.059701 
1692.015000 0.059456 
1692.256000 0.059329 
1692.497000 0.059084 
1692.739000 0.058958 
1692.980000 0.058713 
1693.221000 0.058587 
1693.462000 0.058460 
1693.703000 0.058216 
1693.944000 0.057971 
1694.185000 0.057727 
1694.426000 0.057483 
1694.667000 0.057356 
1694.908000 0.057230 
1695.149000 0.056986 
1695.390000 0.056860 
1695.631000 0.056616 
1695.872000 0.056490 
1696.113000 0.056364 
1696.354000 0.056238 
1696.595000 0.056112 
1696.837000 0.055987 
1697.078000 0.055625 
1697.319000 0.055381 
1697.560000 0.055256 
1697.801000 0.055012 
1698.042000 0.054887 
1698.283000 0.054643 
1698.524000 0.054400 
1698.765000 0.054157 
1699.006000 0.053914 
1699.247000 0.053671 
1699.488000 0.053546 
1699.729000 0.053303 
1699.970000 0.053060 
1700.211000 0.052817 
1700.453000 0.052574 
1700.694000 0.052332 
1700.935000 0.052207 
1701.176000 0.051964 
1701.417000 0.051839 
1701.658000 0.051714 
1701.899000 0.051472 
1702.140000 0.051230 
1702.381000 0.050987 
1702.622000 0.050628 
1702.863000 0.050386 
1703.104000 0.050261 
1703.345000 0.050019 
1703.586000 0.049895 
1703.827000 0.049653 
1704.068000 0.049411 
1704.309000 0.049169 
1704.551000 0.048928 
1704.792000 0.048686 
1705.033000 0.048562 
1705.274000 0.048321 
1705.515000 0.048079 
1705.756000 0.047838 
1705.997000 0.047597 
1706.238000 0.047356 
1706.479000 0.047115 
1706.720000 0.046756 
1706.961000 0.046515 
1707.202000 0.046275 
1707.443000 0.046151 
1707.684000 0.045910 
1707.925000 0.045669 
1708.167000 0.045429 
1708.408000 0.045071 
1708.649000 0.044831 
1708.890000 0.044590 
1709.131000 0.044350 
1709.372000 0.044110 
1709.613000 0.043870 
1709.854000 0.043629 
1710.095000 0.043272 
1710.336000 0.043032 
1710.577000 0.042793 
1710.818000 0.042436 
1711.059000 0.042313 
1711.300000 0.042073 
1711.541000 0.041834 
1711.782000 0.041594 
1712.023000 0.041471 
1712.265000 0.041232 
1712.506000 0.040993 
1712.747000 0.040753 
1712.988000 0.040397 
1713.229000 0.040158 
1713.470000 0.039919 
1713.711000 0.039563 
1713.952000 0.039324 
1714.193000 0.039202 
1714.434000 0.038963 
1714.675000 0.038725 
1714.916000 0.038486 
1715.157000 0.038247 
1715.398000 0.038009 
1715.639000 0.037770 
1715.880000 0.037532 
1716.122000 0.037293 
1716.363000 0.036939 
1716.604000 0.036700 
1716.845000 0.036462 
1717.086000 0.036224 
1717.327000 0.036103 
1717.568000 0.035865 
1717.809000 0.035743 
1718.050000 0.035505 
1718.291000 0.035151 
1718.532000 0.034914 
1718.773000 0.034676 
1719.014000 0.034555 
1719.255000 0.034201 
1719.496000 0.033847 
1719.737000 0.033610 
1719.979000 0.033489 
1720.220000 0.033368 
1720.461000 0.033131 
1720.702000 0.032894 
1720.943000 0.032657 
1721.184000 0.032420 
1721.425000 0.032183 
1721.666000 0.031946 
1721.907000 0.031709 
1722.148000 0.031472 
1722.389000 0.031236 
1722.630000 0.030999 
1722.871000 0.030763 
1723.112000 0.030526 
1723.353000 0.030290 
1723.594000 0.030053 
1723.836000 0.029817 
1724.077000 0.029581 
1724.318000 0.029345 
1724.559000 0.029109 
1724.800000 0.028989 
1725.041000 0.028753 
1725.282000 0.028517 
1725.523000 0.028281 
1725.764000 0.028046 
1726.005000 0.027926 
1726.246000 0.027690 
1726.487000 0.027455 
1726.728000 0.027219 
1726.969000 0.027100 
1727.210000 0.026864 
1727.451000 0.026629 
1727.693000 0.026394 
1727.934000 0.026158 
1728.175000 0.026039 
1728.416000 0.025804 
1728.657000 0.025569 
1728.898000 0.025334 
1729.139000 0.025215 
1729.380000 0.024980 
1729.621000 0.024745 
1729.862000 0.024626 
1730.103000 0.024392 
1730.344000 0.024273 
1730.585000 0.024038 
1730.826000 0.023919 
1731.067000 0.023685 
1731.308000 0.023450 
1731.550000 0.023216 
1731.791000 0.022982 
1732.032000 0.022748 
1732.273000 0.022514 
1732.514000 0.022280 
1732.755000 0.022046 
1732.996000 0.021927 
1733.237000 0.021694 
1733.478000 0.021575 
1733.719000 0.021457 
1733.960000 0.021338 
1734.201000 0.021220 
1734.442000 0.020987 
1734.683000 0.020868 
1734.924000 0.020750 
1735.165000 0.020632 
1735.406000 0.020399 
1735.648000 0.020281 
1735.889000 0.020047 
1736.130000 0.019814 
1736.371000 0.019581 
1736.612000 0.019463 
1736.853000 0.019345 
1737.094000 0.019112 
1737.335000 0.018879 
1737.576000 0.018762 
1737.817000 0.018644 
1738.058000 0.018411 
1738.299000 0.018294 
1738.540000 0.018176 
1738.781000 0.018059 
1739.022000 0.017941 
1739.264000 0.017709 
1739.505000 0.017591 
1739.746000 0.017474 
1739.987000 0.017242 
1740.228000 0.017124 
1740.469000 0.017122 
1740.710000 0.017005 
1740.951000 0.016887 
1741.192000 0.016655 
1741.433000 0.016538 
1741.674000 0.016421 
1741.915000 0.016304 
1742.156000 0.016187 
1742.397000 0.016070 
1742.638000 0.015838 
1742.879000 0.015606 
1743.120000 0.015489 
1743.362000 0.015373 
1743.603000 0.015256 
1743.844000 0.015139 
1744.085000 0.015022 
1744.326000 0.014905 
1744.567000 0.014789 
1744.808000 0.014672 
1745.049000 0.014441 
1745.290000 0.014210 
1745.531000 0.014093 
1745.772000 0.013977 
1746.013000 0.013860 
1746.254000 0.013744 
1746.495000 0.013627 
1746.736000 0.013625 
1746.978000 0.013509 
1747.219000 0.013507 
1747.460000 0.013391 
1747.701000 0.013275 
1747.942000 0.013158 
1748.183000 0.012928 
1748.424000 0.012812 
1748.665000 0.012695 
1748.906000 0.012465 
1749.147000 0.012349 
1749.388000 0.012347 
1749.629000 0.012231 
1749.870000 0.012115 
1750.111000 0.011999 
1750.352000 0.011883 
1750.593000 0.011767 
1750.834000 0.011652 
1751.076000 0.011536 
1751.317000 0.011420 
1751.558000 0.011418 
1751.799000 0.011303 
1752.040000 0.011187 
1752.281000 0.011071 
1752.522000 0.010956 
1752.763000 0.010840 
1753.004000 0.010724 
1753.245000 0.010609 
1753.486000 0.010493 
1753.727000 0.010492 
1753.968000 0.010376 
1754.209000 0.010375 
1754.450000 0.010260 
1754.692000 0.010144 
1754.932000 0.010029 
1755.174000 0.009914 
1755.415000 0.009798 
1755.656000 0.009683 
1755.897000 0.009568 
1756.138000 0.009453 
1756.379000 0.009451 
1756.620000 0.009450 
1756.861000 0.009449 
1757.102000 0.009334 
1757.343000 0.009332 
1757.584000 0.009217 
1757.825000 0.009102 
1758.066000 0.008987 
1758.307000 0.008986 
1758.548000 0.008985 
1758.790000 0.008870 
1759.031000 0.008755 
1759.272000 0.008640 
1759.513000 0.008525 
1759.754000 0.008524 
1759.995000 0.008409 
1760.236000 0.008294 
1760.477000 0.008293 
1760.718000 0.008178 
1760.959000 0.008064 
1761.200000 0.007949 
1761.441000 0.007834 
1761.682000 0.007720 
1761.923000 0.007719 
1762.164000 0.007604 
1762.406000 0.007603 
1762.646000 0.007489 
1762.888000 0.007488 
1763.129000 0.007487 
1763.370000 0.007486 
1763.611000 0.007371 
1763.852000 0.007257 
1764.093000 0.007142 
1764.334000 0.007028 
1764.575000 0.007027 
1764.816000 0.007026 
1765.057000 0.007025 
1765.298000 0.007024 
1765.539000 0.006910 
1765.780000 0.006796 
1766.021000 0.006795 
1766.262000 0.006681 
1766.504000 0.006567 
1766.745000 0.006453 
1766.986000 0.006338 
1767.227000 0.006338 
1767.468000 0.006337 
1767.709000 0.006223 
1767.950000 0.006222 
1768.191000 0.006221 
1768.432000 0.006107 
1768.673000 0.005993 
1768.914000 0.005879 
1769.155000 0.005879 
1769.396000 0.005765 
1769.637000 0.005764 
1769.878000 0.005650 
1770.120000 0.005649 
1770.360000 0.005649 
1770.602000 0.005535 
1770.843000 0.005534 
1771.084000 0.005420 
1771.325000 0.005420 
1771.566000 0.005306 
1771.807000 0.005192 
1772.048000 0.005192 
1772.289000 0.005078 
1772.530000 0.005077 
1772.771000 0.005077 
1773.012000 0.005189 
1773.253000 0.005188 
1773.494000 0.005187 
1773.735000 0.005187 
1773.976000 0.005073 
1774.218000 0.005073 
1774.459000 0.004959 
1774.700000 0.004959 
1774.941000 0.004845 
1775.182000 0.004845 
1775.423000 0.004731 
1775.664000 0.004618 
1775.905000 0.004617 
1776.146000 0.004617 
1776.387000 0.004616 
1776.628000 0.004503 
1776.869000 0.004502 
1777.110000 0.004502 
1777.351000 0.004389 
1777.592000 0.004275 
1777.833000 0.004275 
1778.074000 0.004274 
1778.316000 0.004274 
1778.557000 0.004273 
1778.798000 0.004273 
1779.039000 0.004160 
1779.280000 0.004047 
1779.521000 0.003934 
1779.762000 0.003933 
1780.003000 0.003933 
1780.244000 0.003932 
1780.485000 0.003819 
1780.726000 0.003819 
1780.967000 0.003818 
1781.208000 0.003818 
1781.449000 0.003705 
1781.690000 0.003704 
1781.932000 0.003704 
1782.173000 0.003703 
1782.414000 0.003591 
1782.655000 0.003590 
1782.896000 0.003477 
1783.137000 0.003477 
1783.378000 0.003364 
1783.619000 0.003364 
1783.860000 0.003363 
1784.101000 0.003363 
1784.342000 0.003250 
1784.583000 0.003250 
1784.824000 0.003250 
1785.065000 0.003249 
1785.306000 0.003249 
1785.547000 0.003248 
1785.788000 0.003248 
1786.030000 0.003135 
1786.271000 0.003023 
1786.512000 0.003023 
1786.753000 0.002910 
1786.994000 0.003022 
1787.235000 0.003021 
1787.476000 0.003021 
1787.717000 0.002909 
1787.958000 0.002908 
1788.199000 0.002796 
1788.440000 0.002796 
1788.681000 0.002795 
1788.922000 0.002795 
1789.163000 0.002683 
1789.404000 0.002682 
1789.646000 0.002570 
1789.887000 0.002570 
1790.128000 0.002570 
1790.369000 0.002569 
1790.610000 0.002569 
1790.851000 0.002457 
1791.092000 0.002457 
1791.333000 0.002345 
1791.574000 0.002344 
1791.815000 0.002344 
1792.056000 0.002344 
1792.297000 0.002343 
1792.538000 0.002231 
1792.779000 0.002231 
1793.020000 0.002231 
1793.261000 0.002231 
1793.502000 0.002230 
1793.744000 0.002230 
1793.985000 0.002230 
1794.226000 0.002118 
1794.467000 0.002118 
1794.708000 0.002117 
1794.949000 0.002117 
1795.190000 0.002005 
1795.431000 0.002005 
1795.672000 0.002005 
1795.913000 0.002005 
1796.154000 0.002004 
1796.395000 0.002004 
1796.636000 0.002004 
1796.877000 0.001892 
1797.118000 0.001781 
1797.359000 0.001669 
1797.601000 0.001780 
1797.842000 0.001780 
1798.083000 0.001780 
1798.324000 0.001891 
1798.565000 0.001890 
1798.806000 0.001890 
1799.047000 0.001890 
1799.288000 0.001778 
1799.529000 0.001778 
1799.770000 0.001778 
1800.011000 0.001667 
1800.252000 0.001666 
1800.493000 0.001666 
1800.734000 0.001666 
1800.975000 0.001666 
1801.216000 0.001666 
1801.458000 0.001665 
1801.699000 0.001665 
1801.940000 0.001554 
1802.181000 0.001443 
1802.422000 0.001443 
1802.663000 0.001442 
1802.904000 0.001442 
1803.145000 0.001553 
1803.386000 0.001442 
1803.627000 0.001442 
1803.868000 0.001330 
1804.109000 0.001330 
1804.350000 0.001330 
1804.591000 0.001330 
1804.832000 0.001330 
1805.073000 0.001330 
1805.315000 0.001329 
1805.556000 0.001329 
1805.797000 0.001329 
1806.038000 0.001329 
1806.279000 0.001329 
1806.520000 0.001439 
1806.761000 0.001328 
1807.002000 0.001217 
1807.243000 0.001217 
1807.484000 0.001107 
1807.725000 0.001217 
1807.966000 0.001106 
1808.207000 0.001106 
1808.448000 0.001106 
1808.689000 0.000995 
1808.930000 0.000995 
1809.172000 0.000884 
1809.413000 0.000884 
1809.654000 0.000884 
1809.895000 0.000884 
1810.136000 0.000884 
1810.377000 0.000884 
1810.618000 0.000994 
1810.859000 0.000994 
1811.100000 0.000994 
1811.341000 0.000994 
1811.582000 0.000883 
1811.823000 0.000773 
1812.064000 0.000773 
1812.305000 0.000883 
1812.546000 0.000883 
1812.787000 0.000772 
1813.029000 0.000772 
1813.270000 0.000662 
1813.511000 0.000662 
1813.752000 0.000662 
1813.993000 0.000662 
1814.234000 0.000772 
1814.475000 0.000772 
1814.716000 0.000882 
1814.957000 0.000771 
1815.198000 0.000771 
1815.439000 0.000771 
1815.680000 0.000661 
1815.921000 0.000661 
1816.162000 0.000551 
1816.403000 0.000551 
1816.644000 0.000550 
1816.885000 0.000550 
1817.127000 0.000550 
1817.368000 0.000550 
1817.609000 0.000550 
1817.850000 0.000550 
1818.091000 0.000550 
1818.332000 0.000550 
1818.573000 0.000660 
1818.814000 0.000660 
1819.055000 0.000550 
1819.296000 0.000550 
1819.537000 0.000550 
1819.778000 0.000440 
1820.019000 0.000440 
1820.260000 0.000439 
1820.501000 0.000439 
1820.743000 0.000439 
1820.984000 0.000439 
1821.225000 0.000439 
1821.466000 0.000439 
1821.707000 0.000439 
1821.948000 0.000439 
1822.189000 0.000439 
1822.430000 0.000549 
1822.671000 0.000439 
1822.912000 0.000329 
1823.153000 0.000329 
1823.394000 0.000219 
1823.635000 0.000219 
1823.876000 0.000329 
1824.117000 0.000329 
1824.358000 0.000329 
1824.599000 0.000329 
1824.841000 0.000219 
1825.082000 0.000329 
1825.323000 0.000329 
1825.564000 0.000329 
1825.805000 0.000329 
1826.046000 0.000329 
1826.287000 0.000329 
1826.528000 0.000219 
1826.769000 0.000219 
1827.010000 0.000219 
1827.251000 0.000219 
1827.492000 0.000109 
1827.733000 0.000109 
1827.974000 0.000109 
1828.215000 0.000109 
1828.457000 0.000109 
1828.698000 0.000219 
1828.939000 0.000219 
1829.180000 0.000219 
1829.421000 0.000219 
1829.662000 0.000109 
1829.903000 0.000109 
1830.144000 0.000109 
1830.385000 0.000109 
1830.626000 0.000109 
1830.867000 0.000109 
1831.108000 0.000109 
1831.349000 0.000109 
1831.590000 0.000000 
1831.831000 0.000000 
1832.072000 0.000000 
1832.313000 0.000109 
1832.555000 0.000109 
1832.796000 0.000109 
1833.037000 0.000000 
1833.278000 0.000000 
1833.519000 0.000000 
1833.760000 0.000000 
1834.001000 0.000000 
1834.242000 0.000000 
1834.483000 0.000109 
1834.724000 0.000109 
1834.965000 0.000109 
1835.206000 0.000109 
1835.447000 0.000109 
1835.688000 0.000109 
1835.929000 0.000109 
1836.171000 0.000109 
1836.412000 0.000000 
1836.653000 0.000000 
1836.894000 0.000000 
1837.135000 0.000000 
1837.376000 -0.000109 
1837.617000 -0.000109 
1837.858000 -0.000109 
1838.099000 -0.000109 
1838.340000 -0.000109 
1838.581000 -0.000109 
1838.822000 -0.000109 
1839.063000 0.000000 
1839.304000 0.000000 
1839.545000 0.000000 
1839.786000 0.000000 
1840.027000 0.000000 
1840.269000 -0.000109 
1840.510000 -0.000109 
1840.751000 -0.000109 
1840.992000 -0.000109 
1841.233000 -0.000109 
1841.474000 -0.000109 
1841.715000 -0.000109 
1841.956000 -0.000109 
1842.197000 -0.000109 
1842.438000 -0.000109 
1842.679000 -0.000109 
1842.920000 -0.000109 
1843.161000 -0.000109 
1843.402000 -0.000108 
1843.643000 -0.000108 
1843.885000 -0.000108 
1844.126000 0.000000 
1844.367000 0.000000 
1844.608000 0.000108 
1844.849000 0.000108 
1845.090000 0.000000 
1845.331000 -0.000108 
1845.572000 -0.000108 
1845.813000 -0.000108 
1846.054000 -0.000108 
1846.295000 -0.000108 
1846.536000 -0.000217 
1846.777000 -0.000217 
1847.018000 -0.000217 
1847.259000 -0.000217 
1847.500000 -0.000217 
1847.741000 -0.000216 
1847.983000 -0.000108 
1848.224000 -0.000108 
1848.465000 -0.000108 
1848.706000 -0.000108 
1848.947000 -0.000108 
1849.188000 -0.000108 
1849.429000 -0.000108 
1849.670000 -0.000108 
1849.911000 -0.000108 
1850.152000 -0.000108 
1850.393000 -0.000108 
1850.634000 -0.000108 
1850.875000 -0.000108 
1851.116000 -0.000108 
1851.357000 -0.000108 
1851.599000 -0.000108 
1851.840000 -0.000108 
1852.081000 -0.000108 
1852.322000 -0.000108 
1852.563000 -0.000108 
1852.804000 -0.000108 
1853.045000 -0.000108 
1853.286000 -0.000216 
1853.527000 -0.000216 
1853.768000 -0.000216 
1854.009000 -0.000216 
1854.250000 -0.000216 
1854.491000 -0.000216 
1854.732000 -0.000108 
1854.973000 -0.000108 
1855.214000 -0.000216 
1855.455000 -0.000108 
1855.697000 -0.000108 
1855.938000 -0.000108 
1856.179000 -0.000108 
1856.420000 -0.000215 
1856.661000 -0.000215 
1856.902000 -0.000215 
1857.143000 -0.000215 
1857.384000 -0.000108 
1857.625000 -0.000108 
1857.866000 -0.000108 
1858.107000 -0.000108 
1858.348000 -0.000108 
1858.589000 -0.000108 
1858.830000 -0.000108 
1859.071000 -0.000108 
1859.313000 -0.000108 
1859.554000 -0.000108 
1859.795000 -0.000108 
1860.036000 -0.000215 
1860.277000 -0.000215 
1860.518000 -0.000215 
1860.759000 -0.000215 
1861.000000 -0.000215 
1861.241000 -0.000215 
1861.482000 -0.000215 
1861.723000 -0.000107 
1861.964000 -0.000107 
1862.205000 -0.000107 
1862.446000 -0.000107 
1862.687000 -0.000107 
1862.928000 0.000000 
1863.169000 -0.000107 
1863.411000 -0.000107 
1863.652000 0.000000 
1863.893000 0.000000 
1864.134000 -0.000107 
1864.375000 -0.000107 
1864.616000 -0.000107 
1864.857000 0.000000 
1865.098000 0.000000 
1865.339000 0.000000 
1865.580000 0.000000 
1865.821000 0.000000 
1866.062000 0.000000 
1866.303000 -0.000107 
1866.544000 0.000000 
1866.785000 0.000000 
1867.026000 -0.000107 
1867.268000 -0.000107 
1867.509000 -0.000214 
1867.750000 -0.000214 
1867.991000 -0.000214 
1868.232000 -0.000214 
1868.473000 -0.000107 
1868.714000 -0.000107 
1868.955000 -0.000107 
1869.196000 -0.000214 
1869.437000 -0.000214 
1869.678000 -0.000214 
1869.919000 -0.000107 
1870.160000 -0.000107 
1870.401000 -0.000107 
1870.642000 -0.000107 
1870.883000 -0.000107 
1871.125000 -0.000107 
1871.366000 0.000000 
1871.607000 0.000000 
1871.848000 -0.000107 
1872.089000 -0.000107 
1872.330000 -0.000107 
1872.571000 -0.000107 
1872.812000 -0.000214 
1873.053000 -0.000214 
1873.294000 -0.000107 
1873.535000 0.000000 
1873.776000 0.000000 
1874.017000 0.000000 
1874.258000 -0.000107 
1874.499000 -0.000107 
1874.740000 0.000000 
1874.982000 0.000000 
1875.223000 0.000000 
1875.464000 0.000000 
1875.705000 0.000000 
1875.946000 -0.000107 
1876.187000 -0.000107 
1876.428000 -0.000107 
1876.669000 -0.000107 
1876.910000 -0.000107 
1877.151000 -0.000107 
1877.392000 0.000000 
1877.633000 0.000000 
1877.874000 -0.000107 
1878.115000 -0.000213 
1878.356000 -0.000213 
1878.597000 -0.000106 
1878.839000 -0.000106 
1879.080000 -0.000106 
1879.321000 -0.000106 
1879.562000 -0.000106 
1879.803000 -0.000106 
1880.044000 -0.000106 
1880.285000 -0.000106 
1880.526000 0.000000 
1880.767000 -0.000106 
1881.008000 -0.000106 
1881.249000 -0.000213 
1881.490000 -0.000213 
1881.731000 -0.000213 
1881.972000 -0.000213 
1882.213000 -0.000213 
1882.454000 -0.000106 
1882.696000 -0.000106 
1882.937000 -0.000106 
1883.178000 -0.000106 
1883.419000 0.000000 
1883.660000 0.000000 
1883.901000 0.000000 
1884.142000 0.000000 
1884.383000 0.000000 
1884.624000 -0.000106 
1884.865000 -0.000106 
1885.106000 -0.000212 
1885.347000 -0.000212 
1885.588000 -0.000212 
1885.829000 -0.000212 
1886.070000 -0.000212 
1886.311000 -0.000106 
1886.552000 -0.000106 
1886.794000 -0.000106 
1887.035000 -0.000212 
1887.276000 -0.000212 
1887.517000 -0.000212 
1887.758000 -0.000212 
1887.999000 -0.000212 
1888.240000 -0.000106 
1888.481000 0.000000 
1888.722000 -0.000106 
1888.963000 -0.000212 
1889.204000 -0.000212 
1889.445000 -0.000212 
1889.686000 -0.000106 
1889.927000 -0.000106 
1890.168000 -0.000106 
1890.410000 -0.000106 
1890.651000 -0.000106 
1890.892000 0.000000 
1891.133000 0.000000 
1891.374000 0.000106 
1891.615000 0.000000 
1891.856000 0.000000 
1892.097000 0.000000 
1892.338000 -0.000106 
1892.579000 -0.000106 
1892.820000 -0.000106 
1893.061000 -0.000106 
1893.302000 -0.000106 
1893.543000 -0.000106 
1893.784000 0.000000 
1894.025000 0.000000 
1894.266000 0.000106 
1894.508000 0.000106 
1894.749000 0.000106 
1894.990000 0.000000 
1895.231000 0.000000 
1895.472000 0.000000 
1895.713000 0.000000 
1895.954000 0.000000 
1896.195000 0.000000 
1896.436000 0.000000 
1896.677000 0.000000 
1896.918000 0.000000 
1897.159000 0.000000 
1897.400000 0.000000 
1897.641000 -0.000105 
1897.882000 -0.000105 
1898.124000 0.000000 
1898.365000 0.000000 
1898.606000 0.000000 
1898.847000 0.000000 
1899.088000 0.000000 
1899.329000 0.000000 
1899.570000 0.000000 
1899.811000 -0.000105 
1900.052000 0.000000 
1900.293000 0.000000 
1900.534000 0.000000 
1900.775000 0.000000 
1901.016000 0.000000 
1901.257000 0.000000 
1901.498000 0.000000 
1901.739000 0.000000 
1901.980000 0.000000 
1902.222000 -0.000105 
1902.463000 -0.000105 
1902.704000 -0.000105 
1902.945000 -0.000105 
1903.186000 -0.000105 
1903.427000 -0.000105 
1903.668000 0.000000 
1903.909000 0.000000 
1904.150000 0.000000 
1904.391000 0.000000 
1904.632000 0.000000 
1904.873000 -0.000105 
1905.114000 -0.000105 
1905.355000 -0.000105 
1905.596000 -0.000105 
1905.838000 -0.000105 
1906.078000 -0.000105 
1906.320000 -0.000105 
1906.561000 -0.000105 
1906.802000 -0.000210 
1907.043000 -0.000210 
1907.284000 -0.000105 
1907.525000 -0.000105 
1907.766000 -0.000105 
1908.007000 -0.000105 
1908.248000 -0.000105 
1908.489000 -0.000210 
1908.730000 -0.000210 
1908.971000 -0.000210 
1909.212000 -0.000210 
1909.453000 -0.000209 
1909.694000 -0.000209 
1909.936000 -0.000105 
1910.177000 -0.000105 
1910.418000 -0.000105 
1910.659000 -0.000209 
1910.900000 -0.000209 
1911.141000 -0.000209 
1911.382000 -0.000209 
1911.623000 -0.000209 
1911.864000 -0.000209 
1912.105000 -0.000209 
1912.346000 -0.000209 
1912.587000 -0.000209 
1912.828000 -0.000209 
1913.069000 -0.000209 
1913.310000 -0.000209 
1913.552000 -0.000314 
1913.792000 -0.000314 
1914.034000 -0.000209 
1914.275000 -0.000209 
1914.516000 -0.000209 
1914.757000 -0.000209 
1914.998000 -0.000209 
1915.239000 -0.000209 
1915.480000 -0.000313 
1915.721000 -0.000313 
1915.962000 -0.000313 
1916.203000 -0.000313 
1916.444000 -0.000313 
1916.685000 -0.000313 
1916.926000 -0.000313 
1917.167000 -0.000313 
1917.408000 -0.000417 
1917.650000 -0.000417 
1917.891000 -0.000417 
1918.132000 -0.000417 
1918.373000 -0.000313 
1918.614000 -0.000313 
1918.855000 -0.000313 
1919.096000 -0.000313 
1919.337000 -0.000313 
1919.578000 -0.000208 
1919.819000 -0.000208 
1920.060000 -0.000208 
1920.301000 -0.000208 
1920.542000 -0.000208 
1920.783000 -0.000208 
1921.024000 -0.000208 
1921.266000 -0.000208 
1921.506000 -0.000208 
1921.748000 -0.000208 
1921.989000 -0.000208 
1922.230000 -0.000312 
1922.471000 -0.000416 
1922.712000 -0.000416 
1922.953000 -0.000416 
1923.194000 -0.000416 
1923.435000 -0.000312 
1923.676000 -0.000312 
1923.917000 -0.000312 
1924.158000 -0.000416 
1924.399000 -0.000416 
1924.640000 -0.000416 
1924.881000 -0.000416 
1925.122000 -0.000416 
1925.364000 -0.000416 
1925.605000 -0.000415 
1925.846000 -0.000312 
1926.087000 -0.000312 
1926.328000 -0.000311 
1926.569000 -0.000311 
1926.810000 -0.000311 
1927.051000 -0.000415 
1927.292000 -0.000519 
1927.533000 -0.000519 
1927.774000 -0.000519 
1928.015000 -0.000415 
1928.256000 -0.000415 
1928.497000 -0.000415 
1928.738000 -0.000415 
1928.979000 -0.000415 
1929.220000 -0.000415 
1929.462000 -0.000415 
1929.703000 -0.000415 
1929.944000 -0.000518 
1930.185000 -0.000518 
1930.426000 -0.000518 
1930.667000 -0.000414 
1930.908000 -0.000414 
1931.149000 -0.000414 
1931.390000 -0.000518 
1931.631000 -0.000518 
1931.872000 -0.000518 
1932.113000 -0.000518 
1932.354000 -0.000518 
1932.595000 -0.000414 
1932.836000 -0.000414 
1933.078000 -0.000310 
1933.319000 -0.000414 
1933.560000 -0.000414 
1933.801000 -0.000414 
1934.042000 -0.000414 
1934.283000 -0.000414 
1934.524000 -0.000414 
1934.765000 -0.000413 
1935.006000 -0.000413 
1935.247000 -0.000413 
1935.488000 -0.000413 
1935.729000 -0.000413 
1935.970000 -0.000310 
1936.211000 -0.000310 
1936.452000 -0.000310 
1936.693000 -0.000310 
1936.934000 -0.000413 
1937.176000 -0.000413 
1937.417000 -0.000413 
1937.658000 -0.000413 
1937.899000 -0.000413 
1938.140000 -0.000516 
1938.381000 -0.000516 
1938.622000 -0.000516 
1938.863000 -0.000516 
1939.104000 -0.000516 
1939.345000 -0.000516 
1939.586000 -0.000412 
1939.827000 -0.000412 
1940.068000 -0.000412 
1940.309000 -0.000412 
1940.550000 -0.000412 
1940.792000 -0.000412 
1941.033000 -0.000412 
1941.274000 -0.000412 
1941.515000 -0.000412 
1941.756000 -0.000412 
1941.997000 -0.000412 
1942.238000 -0.000412 
1942.479000 -0.000412 
1942.720000 -0.000412 
1942.961000 -0.000412 
1943.202000 -0.000515 
1943.443000 -0.000515 
1943.684000 -0.000412 
1943.925000 -0.000412 
1944.166000 -0.000411 
1944.407000 -0.000411 
1944.648000 -0.000411 
1944.890000 -0.000411 
1945.131000 -0.000514 
1945.372000 -0.000514 
1945.613000 -0.000411 
1945.854000 -0.000411 
1946.095000 -0.000514 
1946.336000 -0.000411 
1946.577000 -0.000411 
1946.818000 -0.000411 
1947.059000 -0.000411 
1947.300000 -0.000411 
1947.541000 -0.000411 
1947.782000 -0.000411 
1948.023000 -0.000513 
1948.264000 -0.000411 
1948.505000 -0.000308 
1948.747000 -0.000308 
1948.988000 -0.000308 
1949.229000 -0.000308 
1949.470000 -0.000308 
1949.711000 -0.000410 
1949.952000 -0.000410 
1950.193000 -0.000513 
1950.434000 -0.000513 
1950.675000 -0.000410 
1950.916000 -0.000410 
1951.157000 -0.000410 
1951.398000 -0.000410 
1951.639000 -0.000307 
1951.880000 -0.000307 
1952.121000 -0.000307 
1952.362000 -0.000307 
1952.604000 -0.000307 
1952.845000 -0.000410 
1953.086000 -0.000410 
1953.327000 -0.000410 
1953.568000 -0.000410 
1953.809000 -0.000409 
1954.050000 -0.000512 
1954.291000 -0.000409 
1954.532000 -0.000307 
1954.773000 -0.000307 
1955.014000 -0.000409 
1955.255000 -0.000409 
1955.496000 -0.000409 
1955.737000 -0.000409 
1955.978000 -0.000307 
1956.219000 -0.000307 
1956.461000 -0.000307 
1956.702000 -0.000307 
1956.943000 -0.000409 
1957.184000 -0.000307 
1957.425000 -0.000307 
1957.666000 -0.000306 
1957.907000 -0.000306 
1958.148000 -0.000409 
1958.389000 -0.000306 
1958.630000 -0.000306 
1958.871000 -0.000408 
1959.112000 -0.000408 
1959.353000 -0.000306 
1959.594000 -0.000306 
1959.835000 -0.000306 
1960.076000 -0.000306 
1960.318000 -0.000306 
1960.559000 -0.000306 
1960.800000 -0.000306 
1961.041000 -0.000204 
1961.282000 -0.000204 
1961.523000 -0.000204 
1961.764000 -0.000306 
1962.005000 -0.000306 
1962.246000 -0.000204 
1962.487000 -0.000204 
1962.728000 -0.000204 
1962.969000 -0.000306 
1963.210000 -0.000204 
1963.451000 -0.000204 
1963.692000 -0.000204 
1963.933000 -0.000204 
1964.175000 -0.000204 
1964.416000 -0.000204 
1964.657000 -0.000204 
1964.898000 -0.000204 
1965.139000 -0.000204 
1965.380000 -0.000204 
1965.621000 -0.000203 
1965.862000 -0.000203 
1966.103000 -0.000305 
1966.344000 -0.000203 
1966.585000 -0.000203 
1966.826000 -0.000203 
1967.067000 -0.000203 
1967.308000 -0.000203 
1967.549000 -0.000203 
1967.790000 -0.000305 
1968.031000 -0.000305 
1968.273000 -0.000305 
1968.514000 -0.000203 
1968.755000 -0.000203 
1968.996000 -0.000203 
1969.237000 -0.000203 
1969.478000 -0.000203 
1969.719000 -0.000203 
1969.960000 -0.000203 
1970.201000 -0.000102 
1970.442000 -0.000102 
1970.683000 0.000000 
1970.924000 0.000000 
1971.165000 0.000000 
1971.406000 0.000000 
1971.647000 -0.000101 
1971.889000 -0.000101 
1972.130000 0.000000 
1972.371000 0.000000 
1972.612000 0.000000 
1972.853000 0.000000 
1973.094000 0.000000 
1973.335000 0.000000 
1973.576000 0.000000 
1973.817000 -0.000101 
1974.058000 -0.000101 
1974.299000 -0.000101 
1974.540000 0.000000 
1974.781000 0.000000 
1975.022000 0.000000 
1975.263000 0.000000 
1975.504000 0.000000 
1975.745000 0.000000 
1975.987000 0.000000 
1976.228000 0.000000 
1976.469000 0.000000 
1976.710000 0.000000 
1976.951000 0.000000 
1977.192000 0.000000 
1977.433000 0.000101 
1977.674000 0.000101 
1977.915000 0.000202 
1978.156000 0.000202 
1978.397000 0.000202 
1978.638000 0.000202 
1978.879000 0.000101 
1979.120000 0.000202 
1979.361000 0.000202 
1979.603000 0.000101 
1979.844000 0.000202 
1980.085000 0.000202 
1980.326000 0.000303 
1980.567000 0.000202 
1980.808000 0.000202 
1981.049000 0.000202 
1981.290000 0.000202 
1981.531000 0.000202 
1981.772000 0.000303 
1982.013000 0.000303 
1982.254000 0.000303 
1982.495000 0.000202 
1982.736000 0.000202 
1982.977000 0.000303 
1983.218000 0.000303 
1983.459000 0.000303 
1983.701000 0.000302 
1983.942000 0.000302 
1984.183000 0.000302 
1984.424000 0.000202 
1984.665000 0.000202 
1984.906000 0.000302 
1985.147000 0.000403 
1985.388000 0.000403 
1985.629000 0.000403 
1985.870000 0.000403 
1986.111000 0.000302 
1986.352000 0.000302 
1986.593000 0.000201 
1986.834000 0.000302 
1987.075000 0.000403 
1987.317000 0.000403 
1987.557000 0.000403 
1987.799000 0.000402 
1988.040000 0.000503 
1988.281000 0.000503 
1988.522000 0.000503 
1988.763000 0.000503 
1989.004000 0.000503 
1989.245000 0.000503 
1989.486000 0.000402 
1989.727000 0.000402 
1989.968000 0.000402 
1990.209000 0.000402 
1990.450000 0.000502 
1990.691000 0.000502 
1990.932000 0.000603 
1991.173000 0.000603 
1991.415000 0.000603 
1991.656000 0.000603 
1991.897000 0.000602 
1992.138000 0.000703 
1992.379000 0.000703 
1992.620000 0.000602 
1992.861000 0.000602 
1993.102000 0.000602 
1993.343000 0.000602 
1993.584000 0.000602 
1993.825000 0.000702 
1994.066000 0.000702 
1994.307000 0.000702 
1994.548000 0.000702 
1994.789000 0.000702 
1995.031000 0.000702 
1995.271000 0.000702 
1995.513000 0.000702 
1995.754000 0.000701 
1995.995000 0.000802 
1996.236000 0.000701 
1996.477000 0.000701 
1996.718000 0.000801 
1996.959000 0.000801 
1997.200000 0.000801 
1997.441000 0.000801 
1997.682000 0.000801 
1997.923000 0.000901 
1998.164000 0.000901 
1998.405000 0.000901 
1998.646000 0.001001 
1998.887000 0.001001 
1999.129000 0.001000 
1999.370000 0.001000 
1999.611000 0.000900 
1999.852000 0.001000 
2000.093000 0.001000 
2000.334000 0.001000 
2000.575000 0.001000 
2000.816000 0.001000 
2001.057000 0.000900 
2001.298000 0.000899 
2001.539000 0.000999 
2001.780000 0.001099 
2002.021000 0.001199 
2002.262000 0.001199 
2002.503000 0.001199 
2002.745000 0.001198 
2002.985000 0.001198 
2003.227000 0.001198 
2003.468000 0.001198 
2003.709000 0.001198 
2003.950000 0.001198 
2004.191000 0.001197 
2004.432000 0.001098 
2004.673000 0.001197 
2004.914000 0.001197 
2005.155000 0.001197 
2005.396000 0.001197 
2005.637000 0.001296 
2005.878000 0.001296 
2006.119000 0.001296 
2006.360000 0.001296 
2006.601000 0.001296 
2006.843000 0.001395 
2007.084000 0.001395 
2007.325000 0.001395 
2007.566000 0.001395 
2007.807000 0.001494 
2008.048000 0.001394 
2008.289000 0.001394 
2008.530000 0.001494 
2008.771000 0.001493 
2009.012000 0.001493 
2009.253000 0.001394 
2009.494000 0.001393 
2009.735000 0.001393 
2009.976000 0.001493 
2010.217000 0.001492 
2010.458000 0.001492 
2010.699000 0.001492 
2010.941000 0.001591 
2011.182000 0.001591 
2011.423000 0.001591 
2011.664000 0.001690 
2011.905000 0.001690 
2012.146000 0.001690 
2012.387000 0.001590 
2012.628000 0.001590 
2012.869000 0.001590 
2013.110000 0.001590 
2013.351000 0.001689 
2013.592000 0.001689 
2013.833000 0.001788 
2014.074000 0.001688 
2014.315000 0.001688 
2014.557000 0.001787 
2014.798000 0.001787 
2015.039000 0.001787 
2015.280000 0.001687 
2015.521000 0.001786 
2015.762000 0.001786 
2016.003000 0.001885 
2016.244000 0.001885 
2016.485000 0.001984 
2016.726000 0.001983 
2016.967000 0.001983 
2017.208000 0.001983 
2017.449000 0.001983 
2017.690000 0.002082 
2017.931000 0.002081 
2018.172000 0.001982 
2018.413000 0.001982 
2018.655000 0.001982 
2018.896000 0.001981 
2019.137000 0.001981 
2019.378000 0.002080 
2019.619000 0.002179 
2019.860000 0.002178 
2020.101000 0.002178 
2020.342000 0.002178 
2020.583000 0.002178 
2020.824000 0.002177 
2021.065000 0.002177 
2021.306000 0.002177 
2021.547000 0.002177 
2021.788000 0.002275 
2022.029000 0.002176 
2022.271000 0.002176 
2022.512000 0.002176 
2022.753000 0.002175 
2022.994000 0.002175 
2023.235000 0.002274 
2023.476000 0.002372 
2023.717000 0.002471 
2023.958000 0.002372 
2024.199000 0.002371 
2024.440000 0.002371 
2024.681000 0.002371 
2024.922000 0.002370 
2025.163000 0.002370 
2025.404000 0.002469 
2025.645000 0.002468 
2025.886000 0.002468 
2026.127000 0.002468 
2026.369000 0.002467 
2026.610000 0.002566 
2026.851000 0.002566 
2027.092000 0.002565 
2027.333000 0.002565 
2027.574000 0.002663 
2027.815000 0.002564 
2028.056000 0.002564 
2028.297000 0.002564 
2028.538000 0.002563 
2028.779000 0.002563 
2029.020000 0.002661 
2029.261000 0.002661 
2029.502000 0.002759 
2029.743000 0.002759 
2029.984000 0.002759 
2030.226000 0.002660 
2030.467000 0.002758 
2030.708000 0.002758 
2030.949000 0.002757 
2031.190000 0.002757 
2031.431000 0.002855 
2031.672000 0.002953 
2031.913000 0.002953 
2032.154000 0.002953 
2032.395000 0.003051 
2032.636000 0.003050 
2032.877000 0.002951 
2033.118000 0.002951 
2033.359000 0.003049 
2033.600000 0.003049 
2033.841000 0.003048 
2034.083000 0.003048 
2034.324000 0.003048 
2034.565000 0.003047 
2034.806000 0.003047 
2035.047000 0.003047 
2035.288000 0.003145 
2035.529000 0.003242 
2035.770000 0.003242 
2036.011000 0.003242 
2036.252000 0.003241 
2036.493000 0.003339 
2036.734000 0.003240 
2036.975000 0.003240 
2037.216000 0.003240 
2037.457000 0.003337 
2037.698000 0.003337 
2037.940000 0.003337 
2038.181000 0.003336 
2038.422000 0.003434 
2038.663000 0.003336 
2038.904000 0.003335 
2039.145000 0.003335 
2039.386000 0.003432 
2039.627000 0.003432 
2039.868000 0.003432 
2040.109000 0.003431 
2040.350000 0.003529 
2040.591000 0.003626 
2040.832000 0.003626 
2041.073000 0.003626 
2041.314000 0.003723 
2041.555000 0.003723 
2041.797000 0.003624 
2042.038000 0.003624 
2042.279000 0.003721 
2042.520000 0.003721 
2042.761000 0.003720 
2043.002000 0.003720 
2043.243000 0.003720 
2043.484000 0.003719 
2043.725000 0.003719 
2043.966000 0.003718 
2044.207000 0.003816 
2044.448000 0.003815 
2044.689000 0.003815 
2044.930000 0.003814 
2045.171000 0.003912 
2045.412000 0.003911 
2045.654000 0.004008 
2045.895000 0.003910 
2046.136000 0.004008 
2046.377000 0.004007 
2046.618000 0.004007 
2046.859000 0.004104 
2047.100000 0.004103 
2047.341000 0.004005 
2047.582000 0.004005 
2047.823000 0.004004 
2048.064000 0.004101 
2048.305000 0.004199 
2048.546000 0.004198 
2048.787000 0.004198 
2049.028000 0.004295 
2049.270000 0.004294 
2049.510000 0.004196 
2049.751000 0.004098 
2049.993000 0.004098 
2050.234000 0.004195 
2050.475000 0.004194 
2050.716000 0.004194 
2050.957000 0.004291 
2051.198000 0.004290 
2051.439000 0.004387 
2051.680000 0.004387 
2051.921000 0.004386 
2052.162000 0.004483 
2052.403000 0.004483 
2052.644000 0.004482 
2052.885000 0.004481 
2053.126000 0.004481 
2053.367000 0.004578 
2053.609000 0.004480 
2053.850000 0.004479 
2054.091000 0.004576 
2054.332000 0.004673 
2054.573000 0.004673 
2054.814000 0.004672 
2055.055000 0.004671 
2055.296000 0.004768 
2055.537000 0.004768 
2055.778000 0.004767 
2056.019000 0.004766 
2056.260000 0.004863 
2056.501000 0.004765 
2056.742000 0.004765 
2056.983000 0.004861 
2057.225000 0.004958 
2057.466000 0.004958 
2057.707000 0.004957 
2057.948000 0.004956 
2058.189000 0.004956 
2058.430000 0.004955 
2058.671000 0.004955 
2058.912000 0.005051 
2059.153000 0.005148 
2059.394000 0.005147 
2059.635000 0.005049 
2059.876000 0.005049 
2060.117000 0.005048 
2060.358000 0.005048 
2060.599000 0.005047 
2060.840000 0.005144 
2061.082000 0.005240 
2061.323000 0.005336 
2061.564000 0.005239 
2061.805000 0.005238 
2062.046000 0.005238 
2062.287000 0.005237 
2062.528000 0.005236 
2062.769000 0.005236 
2063.010000 0.005332 
2063.251000 0.005428 
2063.492000 0.005428 
2063.733000 0.005427 
2063.974000 0.005426 
2064.215000 0.005523 
2064.456000 0.005425 
2064.698000 0.005521 
2064.938000 0.005521 
2065.179000 0.005617 
2065.421000 0.005616 
2065.662000 0.005616 
2065.903000 0.005615 
2066.144000 0.005614 
2066.385000 0.005614 
2066.626000 0.005613 
2066.867000 0.005709 
2067.108000 0.005708 
2067.349000 0.005708 
2067.590000 0.005707 
2067.831000 0.005706 
2068.072000 0.005803 
2068.313000 0.005802 
2068.554000 0.005801 
2068.795000 0.005897 
2069.037000 0.005993 
2069.278000 0.005896 
2069.519000 0.005895 
2069.760000 0.005798 
2070.001000 0.005894 
2070.242000 0.005893 
2070.483000 0.005989 
2070.724000 0.006085 
2070.965000 0.006084 
2071.206000 0.006180 
2071.447000 0.006083 
2071.688000 0.006082 
2071.929000 0.006178 
2072.170000 0.006081 
2072.411000 0.005983 
2072.653000 0.006079 
2072.894000 0.006175 
2073.135000 0.006271 
2073.376000 0.006270 
2073.617000 0.006173 
2073.858000 0.006269 
2074.099000 0.006268 
2074.340000 0.006363 
2074.581000 0.006363 
2074.822000 0.006458 
2075.063000 0.006458 
2075.304000 0.006457 
2075.545000 0.006456 
2075.786000 0.006455 
2076.027000 0.006551 
2076.268000 0.006550 
2076.510000 0.006549 
2076.750000 0.006549 
2076.992000 0.006548 
2077.233000 0.006547 
2077.474000 0.006546 
2077.715000 0.006642 
2077.956000 0.006737 
2078.197000 0.006737 
2078.438000 0.006640 
2078.679000 0.006639 
2078.920000 0.006734 
2079.161000 0.006733 
2079.402000 0.006733 
2079.643000 0.006732 
2079.884000 0.006827 
2080.125000 0.006827 
2080.366000 0.006826 
2080.607000 0.006921 
2080.849000 0.006920 
2081.090000 0.007016 
2081.331000 0.006919 
2081.572000 0.007014 
2081.813000 0.007013 
2082.054000 0.007012 
2082.295000 0.006915 
2082.536000 0.007011 
2082.777000 0.007106 
2083.018000 0.007201 
2083.259000 0.007104 
2083.500000 0.007103 
2083.741000 0.007103 
2083.982000 0.007102 
2084.223000 0.007101 
2084.465000 0.007196 
2084.706000 0.007291 
2084.947000 0.007290 
2085.188000 0.007290 
2085.429000 0.007289 
2085.670000 0.007384 
2085.911000 0.007479 
2086.152000 0.007478 
2086.393000 0.007477 
2086.634000 0.007476 
2086.875000 0.007571 
2087.116000 0.007570 
2087.357000 0.007474 
2087.598000 0.007569 
2087.839000 0.007568 
2088.081000 0.007567 
2088.322000 0.007662 
2088.563000 0.007661 
2088.804000 0.007660 
2089.045000 0.007659 
2089.286000 0.007658 
2089.527000 0.007657 
2089.768000 0.007752 
2090.009000 0.007751 
2090.250000 0.007750 
2090.491000 0.007749 
2090.732000 0.007940 
2090.973000 0.007939 
2091.214000 0.007938 
2091.455000 0.007937 
2091.696000 0.007936 
2091.938000 0.007935 
2092.178000 0.007934 
2092.420000 0.008029 
2092.661000 0.008028 
2092.902000 0.008027 
2093.143000 0.008026 
2093.384000 0.008025 
2093.625000 0.008120 
2093.866000 0.008119 
2094.107000 0.008118 
2094.348000 0.008213 
2094.589000 0.008307 
2094.830000 0.008306 
2095.071000 0.008305 
2095.312000 0.008304 
2095.553000 0.008303 
2095.794000 0.008398 
2096.035000 0.008397 
2096.277000 0.008491 
2096.518000 0.008490 
2096.759000 0.008585 
2097.000000 0.008488 
2097.241000 0.008487 
2097.482000 0.008486 
2097.723000 0.008581 
2097.964000 0.008580 
2098.205000 0.008579 
2098.446000 0.008673 
2098.687000 0.008672 
2098.928000 0.008766 
2099.169000 0.008765 
2099.410000 0.008764 
2099.651000 0.008859 
2099.893000 0.008858 
2100.134000 0.008857 
2100.375000 0.008856 
2100.616000 0.008855 
2100.857000 0.008854 
2101.098000 0.008853 
2101.339000 0.008851 
2101.580000 0.008850 
2101.821000 0.008945 
2102.062000 0.008944 
2102.303000 0.008943 
2102.544000 0.009037 
2102.785000 0.009131 
2103.026000 0.009130 
2103.267000 0.009129 
2103.509000 0.009223 
2103.750000 0.009222 
2103.990000 0.009221 
2104.232000 0.009315 
2104.473000 0.009313 
2104.714000 0.009407 
2104.955000 0.009406 
2105.196000 0.009405 
2105.437000 0.009404 
2105.678000 0.009498 
2105.919000 0.009497 
2106.160000 0.009401 
2106.401000 0.009400 
2106.642000 0.009494 
2106.883000 0.009493 
2107.124000 0.009587 
2107.365000 0.009585 
2107.606000 0.009679 
2107.848000 0.009583 
2108.089000 0.009582 
2108.330000 0.009676 
2108.571000 0.009865 
2108.812000 0.009863 
2109.053000 0.009862 
2109.294000 0.009861 
2109.535000 0.009860 
2109.776000 0.009859 
2110.017000 0.009858 
2110.258000 0.009857 
2110.499000 0.009855 
2110.740000 0.009854 
2110.981000 0.009853 
2111.222000 0.009852 
2111.463000 0.010040 
2111.705000 0.010134 
2111.946000 0.010133 
2112.187000 0.010037 
2112.428000 0.010131 
2112.669000 0.010129 
2112.910000 0.010128 
2113.151000 0.010222 
2113.392000 0.010315 
2113.633000 0.010314 
2113.874000 0.010218 
2114.115000 0.010217 
2114.356000 0.010310 
2114.597000 0.010404 
2114.838000 0.010403 
2115.079000 0.010402 
2115.321000 0.010400 
2115.562000 0.010494 
2115.803000 0.010398 
2116.044000 0.010397 
2116.285000 0.010490 
2116.526000 0.010583 
2116.767000 0.010488 
2117.008000 0.010486 
2117.249000 0.010485 
2117.490000 0.010579 
2117.731000 0.010672 
2117.972000 0.010671 
2118.213000 0.010764 
2118.454000 0.010763 
2118.695000 0.010761 
2118.937000 0.010854 
2119.177000 0.010853 
2119.418000 0.010946 
2119.660000 0.010851 
2119.901000 0.010850 
2120.142000 0.010848 
2120.383000 0.010941 
2120.624000 0.011034 
2120.865000 0.010939 
2121.106000 0.011032 
2121.347000 0.011125 
2121.588000 0.011124 
2121.829000 0.011122 
2122.070000 0.011121 
2122.311000 0.011214 
2122.552000 0.011213 
2122.793000 0.011212 
2123.034000 0.011210 
2123.276000 0.011209 
2123.517000 0.011302 
2123.758000 0.011301 
2123.999000 0.011299 
2124.240000 0.011392 
2124.481000 0.011391 
2124.722000 0.011390 
2124.963000 0.011388 
2125.204000 0.011481 
2125.445000 0.011480 
2125.686000 0.011479 
2125.927000 0.011477 
2126.168000 0.011476 
2126.409000 0.011475 
2126.650000 0.011473 
2126.891000 0.011472 
2127.133000 0.011565 
2127.374000 0.011658 
2127.615000 0.011656 
2127.856000 0.011655 
2128.097000 0.011748 
2128.338000 0.011746 
2128.579000 0.011745 
2128.820000 0.011744 
2129.061000 0.011836 
2129.302000 0.011929 
2129.543000 0.011927 
2129.784000 0.011926 
2130.025000 0.011925 
2130.266000 0.012017 
2130.507000 0.012016 
2130.749000 0.012015 
2130.990000 0.012107 
2131.230000 0.012200 
2131.472000 0.012198 
2131.713000 0.012103 
2131.954000 0.012102 
2132.195000 0.012100 
2132.436000 0.012099 
2132.677000 0.012191 
2132.918000 0.012190 
2133.159000 0.012282 
2133.400000 0.012281 
2133.641000 0.012279 
2133.882000 0.012278 
2134.123000 0.012277 
2134.365000 0.012275 
2134.605000 0.012274 
2134.846000 0.012366 
2135.088000 0.012459 
2135.329000 0.012551 
2135.570000 0.012549 
2135.811000 0.012548 
2136.052000 0.012640 
2136.293000 0.012639 
2136.534000 0.012637 
2136.775000 0.012542 
2137.016000 0.012541 
2137.257000 0.012633 
2137.498000 0.012538 
2137.739000 0.012443 
2137.980000 0.012442 
2138.221000 0.012440 
2138.462000 0.012439 
2138.704000 0.012437 
2138.945000 0.012436 
2139.186000 0.012622 
2139.427000 0.012620 
2139.668000 0.012525 
2139.909000 0.012524 
2140.150000 0.012522 
2140.391000 0.012521 
2140.632000 0.012520 
2140.873000 0.012518 
2141.114000 0.012704 
2141.355000 0.012796 
2141.596000 0.012794 
2141.837000 0.012699 
2142.078000 0.012698 
2142.319000 0.012697 
2142.561000 0.012695 
2142.802000 0.012787 
2143.043000 0.012972 
2143.284000 0.013064 
2143.525000 0.013063 
2143.766000 0.013061 
2144.007000 0.013153 
2144.248000 0.013245 
2144.489000 0.013243 
2144.730000 0.013242 
2144.971000 0.013240 
2145.212000 0.013332 
2145.453000 0.013331 
2145.694000 0.013422 
2145.935000 0.013514 
2146.177000 0.013512 
2146.417000 0.013511 
2146.659000 0.013509 
2146.900000 0.013601 
2147.141000 0.013599 
2147.382000 0.013598 
2147.623000 0.013596 
2147.864000 0.013688 
2148.105000 0.013780 
2148.346000 0.013871 
2148.587000 0.013870 
2148.828000 0.013961 
2149.069000 0.014053 
2149.310000 0.014051 
2149.551000 0.014049 
2149.792000 0.014141 
2150.033000 0.014325 
2150.274000 0.014324 
2150.516000 0.014322 
2150.757000 0.014321 
2150.998000 0.014412 
2151.239000 0.014410 
2151.480000 0.014409 
2151.721000 0.014407 
2151.962000 0.014498 
2152.203000 0.014590 
2152.444000 0.014495 
2152.685000 0.014494 
2152.926000 0.014585 
2153.167000 0.014583 
2153.408000 0.014582 
2153.649000 0.014580 
2153.890000 0.014578 
2154.132000 0.014577 
2154.373000 0.014668 
2154.614000 0.014666 
2154.855000 0.014757 
2155.096000 0.014756 
2155.337000 0.014754 
2155.578000 0.014752 
2155.819000 0.014751 
2156.060000 0.014749 
2156.301000 0.014747 
2156.542000 0.014746 
2156.783000 0.014837 
2157.024000 0.014928 
2157.265000 0.015019 
2157.506000 0.015017 
2157.747000 0.015016 
2157.989000 0.015014 
2158.229000 0.015012 
2158.471000 0.015011 
2158.712000 0.015009 
2158.953000 0.015007 
2159.194000 0.015006 
2159.435000 0.014911 
2159.676000 0.015002 
2159.917000 0.015093 
2160.158000 0.015091 
2160.399000 0.015090 
2160.640000 0.015181 
2160.881000 0.015179 
2161.122000 0.015085 
2161.363000 0.015083 
2161.604000 0.015081 
2161.845000 0.015172 
2162.086000 0.015263 
2162.328000 0.015261 
2162.569000 0.015260 
2162.810000 0.015258 
2163.051000 0.015349 
2163.292000 0.015255 
2163.533000 0.015253 
2163.774000 0.015251 
2164.015000 0.015249 
2164.256000 0.015248 
2164.497000 0.015246 
2164.738000 0.015337 
2164.979000 0.015427 
2165.220000 0.015426 
2165.461000 0.015424 
2165.702000 0.015422 
2165.944000 0.015421 
2166.185000 0.015326 
2166.426000 0.015325 
2166.667000 0.015415 
2166.908000 0.015506 
2167.149000 0.015504 
2167.390000 0.015503 
2167.631000 0.015593 
2167.872000 0.015591 
2168.113000 0.015497 
2168.354000 0.015496 
2168.595000 0.015494 
2168.836000 0.015584 
2169.077000 0.015583 
2169.318000 0.015581 
2169.560000 0.015579 
2169.801000 0.015577 
2170.042000 0.015668 
2170.283000 0.015666 
2170.524000 0.015664 
2170.765000 0.015755 
2171.006000 0.015661 
2171.247000 0.015659 
2171.488000 0.015565 
2171.729000 0.015656 
2171.970000 0.015654 
2172.211000 0.015652 
2172.452000 0.015651 
2172.693000 0.015741 
2172.934000 0.015831 
2173.175000 0.015829 
2173.417000 0.015828 
2173.657000 0.015918 
2173.899000 0.015916 
2174.140000 0.015822 
2174.381000 0.015821 
2174.622000 0.015911 
2174.863000 0.015909 
2175.104000 0.015907 
2175.345000 0.015906 
2175.586000 0.015996 
2175.827000 0.016086 
2176.068000 0.016084 
2176.309000 0.015990 
2176.550000 0.015989 
2176.791000 0.016079 
2177.032000 0.016077 
2177.273000 0.016075 
2177.515000 0.016073 
2177.756000 0.016163 
2177.997000 0.016162 
2178.238000 0.016160 
2178.479000 0.016342 
2178.720000 0.016340 
2178.961000 0.016338 
2179.202000 0.016244 
2179.443000 0.016151 
2179.684000 0.016241 
2179.925000 0.016239 
2180.166000 0.016146 
2180.407000 0.016144 
2180.648000 0.016142 
2180.889000 0.016140 
2181.130000 0.016138 
2181.372000 0.016137 
2181.613000 0.016227 
2181.854000 0.016316 
2182.095000 0.016315 
2182.336000 0.016221 
2182.577000 0.016311 
2182.818000 0.016309 
2183.059000 0.016307 
2183.300000 0.016306 
2183.541000 0.016395 
2183.782000 0.016485 
2184.023000 0.016392 
2184.264000 0.016390 
2184.505000 0.016480 
2184.746000 0.016478 
2184.988000 0.016476 
2185.229000 0.016383 
2185.469000 0.016472 
2185.711000 0.016471 
2185.952000 0.016469 
2186.193000 0.016375 
2186.434000 0.016374 
2186.675000 0.016463 
2186.916000 0.016462 
2187.157000 0.016460 
2187.398000 0.016458 
2187.639000 0.016548 
2187.880000 0.016454 
2188.121000 0.016452 
2188.362000 0.016542 
2188.603000 0.016540 
2188.844000 0.016538 
2189.085000 0.016537 
2189.327000 0.016535 
2189.568000 0.016624 
2189.809000 0.016531 
2190.050000 0.016438 
2190.291000 0.016436 
2190.532000 0.016526 
2190.773000 0.016615 
2191.014000 0.016522 
2191.255000 0.016520 
2191.496000 0.016610 
2191.737000 0.016608 
2191.978000 0.016606 
2192.219000 0.016604 
2192.460000 0.016694 
2192.701000 0.016692 
2192.942000 0.016690 
2193.184000 0.016597 
2193.425000 0.016686 
2193.666000 0.016684 
2193.907000 0.016683 
2194.148000 0.016590 
2194.389000 0.016588 
2194.630000 0.016677 
2194.871000 0.016675 
2195.112000 0.016673 
2195.353000 0.016672 
2195.594000 0.016670 
2195.835000 0.016577 
2196.076000 0.016575 
2196.317000 0.016664 
2196.558000 0.016753 
2196.800000 0.016752 
2197.041000 0.016750 
2197.282000 0.016748 
2197.523000 0.016746 
2197.764000 0.016653 
2198.005000 0.016651 
2198.246000 0.016650 
2198.487000 0.016648 
2198.728000 0.016646 
2198.969000 0.016553 
2199.210000 0.016642 
2199.451000 0.016641 
2199.692000 0.016639 
2199.933000 0.016637 
2200.174000 0.016635 
2200.416000 0.016633 
2200.656000 0.016631 
2200.897000 0.016630 
2201.139000 0.016628 
2201.380000 0.016717 
2201.621000 0.016715 
2201.862000 0.016713 
2202.103000 0.016620 
2202.344000 0.016619 
2202.585000 0.016617 
2202.826000 0.016615 
2203.067000 0.016522 
2203.308000 0.016611 
2203.549000 0.016610 
2203.790000 0.016517 
2204.031000 0.016515 
2204.272000 0.016513 
2204.513000 0.016602 
2204.755000 0.016510 
2204.996000 0.016508 
2205.237000 0.016597 
2205.478000 0.016595 
2205.719000 0.016593 
2205.960000 0.016501 
2206.201000 0.016499 
2206.442000 0.016497 
2206.683000 0.016495 
2206.924000 0.016494 
2207.165000 0.016492 
2207.406000 0.016581 
2207.647000 0.016579 
2207.888000 0.016577 
2208.129000 0.016575 
2208.371000 0.016573 
2208.612000 0.016571 
2208.853000 0.016570 
2209.094000 0.016568 
2209.335000 0.016657 
2209.576000 0.016655 
2209.817000 0.016653 
2210.058000 0.016561 
2210.299000 0.016649 
2210.540000 0.016557 
2210.781000 0.016555 
2211.022000 0.016463 
2211.263000 0.016552 
2211.504000 0.016550 
2211.745000 0.016458 
2211.986000 0.016456 
2212.228000 0.016454 
2212.469000 0.016452 
2212.710000 0.016360 
2212.951000 0.016358 
2213.192000 0.016447 
2213.433000 0.016535 
2213.674000 0.016443 
2213.915000 0.016441 
2214.156000 0.016440 
2214.397000 0.016438 
2214.638000 0.016346 
2214.879000 0.016344 
2215.120000 0.016342 
2215.361000 0.016340 
2215.602000 0.016339 
2215.844000 0.016337 
2216.084000 0.016335 
2216.325000 0.016424 
2216.567000 0.016332 
2216.808000 0.016330 
2217.049000 0.016328 
2217.290000 0.016416 
2217.531000 0.016415 
2217.772000 0.016323 
2218.013000 0.016231 
2218.254000 0.016319 
2218.495000 0.016227 
2218.736000 0.016225 
2218.977000 0.016134 
2219.218000 0.016222 
2219.459000 0.016220 
2219.700000 0.016128 
2219.941000 0.016127 
2220.183000 0.016215 
2220.424000 0.016213 
2220.665000 0.016211 
2220.906000 0.016120 
2221.147000 0.016208 
2221.388000 0.016206 
2221.629000 0.016114 
2221.870000 0.016023 
2222.111000 0.016111 
2222.352000 0.016109 
2222.593000 0.016107 
2222.834000 0.016106 
2223.075000 0.016104 
2223.316000 0.016102 
2223.557000 0.016010 
2223.798000 0.015919 
2224.040000 0.015917 
2224.281000 0.015915 
2224.522000 0.015914 
2224.763000 0.015912 
2225.004000 0.016000 
2225.245000 0.016088 
2225.486000 0.015997 
2225.727000 0.015995 
2225.968000 0.015993 
2226.209000 0.016081 
2226.450000 0.015990 
2226.691000 0.015898 
2226.932000 0.015806 
2227.173000 0.015895 
2227.414000 0.015893 
2227.656000 0.015891 
2227.896000 0.015889 
2228.138000 0.015888 
2228.379000 0.015886 
2228.620000 0.015795 
2228.861000 0.015793 
2229.102000 0.015791 
2229.343000 0.015789 
2229.584000 0.015698 
2229.825000 0.015696 
2230.066000 0.015784 
2230.307000 0.015783 
2230.548000 0.015691 
2230.789000 0.015600 
2231.030000 0.015688 
2231.271000 0.015776 
2231.512000 0.015684 
2231.753000 0.015593 
2231.995000 0.015591 
2232.236000 0.015590 
2232.477000 0.015498 
2232.718000 0.015497 
2232.959000 0.015585 
2233.200000 0.015583 
2233.441000 0.015492 
2233.682000 0.015401 
2233.923000 0.015488 
2234.164000 0.015487 
2234.405000 0.015485 
2234.646000 0.015394 
2234.887000 0.015392 
2235.128000 0.015480 
2235.369000 0.015389 
2235.611000 0.015387 
2235.852000 0.015386 
2236.093000 0.015473 
2236.334000 0.015472 
2236.575000 0.015381 
2236.816000 0.015379 
2237.057000 0.015377 
2237.298000 0.015376 
2237.539000 0.015374 
2237.780000 0.015372 
2238.021000 0.015371 
2238.262000 0.015369 
2238.503000 0.015189 
2238.744000 0.015187 
2238.985000 0.015185 
2239.227000 0.015273 
2239.468000 0.015182 
2239.708000 0.015181 
2239.950000 0.015179 
2240.191000 0.015177 
2240.432000 0.014997 
2240.673000 0.014995 
2240.914000 0.014994 
2241.155000 0.015082 
2241.396000 0.015080 
2241.637000 0.015078 
2241.878000 0.015077 
2242.119000 0.015164 
2242.360000 0.015073 
2242.601000 0.015072 
2242.842000 0.015070 
2243.083000 0.015069 
2243.324000 0.015067 
2243.566000 0.014976 
2243.807000 0.014975 
2244.048000 0.015062 
2244.289000 0.015060 
2244.530000 0.014970 
2244.771000 0.014968 
2245.012000 0.014967 
2245.253000 0.014965 
2245.494000 0.014874 
2245.735000 0.014873 
2245.976000 0.014782 
2246.217000 0.014780 
2246.458000 0.014690 
2246.699000 0.014688 
2246.940000 0.014776 
2247.181000 0.014774 
2247.423000 0.014683 
2247.664000 0.014682 
2247.905000 0.014680 
2248.146000 0.014679 
2248.387000 0.014677 
2248.628000 0.014676 
2248.869000 0.014674 
2249.110000 0.014672 
2249.351000 0.014582 
2249.592000 0.014580 
2249.833000 0.014579 
2250.074000 0.014577 
2250.315000 0.014576 
2250.556000 0.014485 
2250.797000 0.014484 
2251.039000 0.014482 
2251.280000 0.014481 
2251.521000 0.014390 
2251.762000 0.014389 
2252.003000 0.014387 
2252.244000 0.014297 
2252.485000 0.014207 
2252.726000 0.014205 
2252.967000 0.014292 
2253.208000 0.014291 
2253.449000 0.014289 
2253.690000 0.014288 
2253.931000 0.014286 
2254.172000 0.014285 
2254.413000 0.014194 
2254.654000 0.014282 
2254.896000 0.014280 
2255.136000 0.014279 
2255.378000 0.014100 
2255.619000 0.014098 
2255.860000 0.014097 
2256.101000 0.014095 
2256.342000 0.014094 
2256.583000 0.014092 
2256.824000 0.014091 
2257.065000 0.014089 
2257.306000 0.013999 
2257.547000 0.013997 
2257.788000 0.014085 
2258.029000 0.014083 
2258.270000 0.013993 
2258.511000 0.013992 
2258.752000 0.013990 
2258.994000 0.013989 
2259.235000 0.013987 
2259.476000 0.013986 
2259.717000 0.013984 
2259.958000 0.013983 
2260.199000 0.013893 
2260.440000 0.013803 
2260.681000 0.013801 
2260.922000 0.013711 
2261.163000 0.013621 
2261.404000 0.013620 
2261.645000 0.013707 
2261.886000 0.013794 
2262.127000 0.013792 
2262.368000 0.013791 
2262.609000 0.013878 
2262.851000 0.013876 
2263.092000 0.013786 
2263.333000 0.013697 
2263.574000 0.013695 
2263.815000 0.013782 
2264.056000 0.013692 
2264.297000 0.013602 
2264.538000 0.013601 
2264.779000 0.013600 
2265.020000 0.013598 
2265.261000 0.013597 
2265.502000 0.013595 
2265.743000 0.013594 
2265.984000 0.013592 
2266.225000 0.013503 
2266.467000 0.013413 
2266.708000 0.013500 
2266.948000 0.013498 
2267.190000 0.013497 
2267.431000 0.013407 
2267.672000 0.013406 
2267.913000 0.013404 
2268.154000 0.013315 
2268.395000 0.013313 
2268.636000 0.013312 
2268.877000 0.013311 
2269.118000 0.013309 
2269.359000 0.013308 
2269.600000 0.013306 
2269.841000 0.013305 
2270.083000 0.013215 
2270.323000 0.013126 
2270.564000 0.013124 
2270.806000 0.013211 
2271.047000 0.013122 
2271.288000 0.013120 
2271.529000 0.013119 
2271.770000 0.013206 
2272.011000 0.013204 
2272.252000 0.013115 
2272.493000 0.013113 
2272.734000 0.013112 
2272.975000 0.013023 
2273.216000 0.013021 
2273.457000 0.013108 
2273.698000 0.013194 
2273.939000 0.013105 
2274.180000 0.013016 
2274.422000 0.013014 
2274.663000 0.013013 
2274.904000 0.013012 
2275.145000 0.012922 
2275.386000 0.012921 
2275.627000 0.012920 
2275.868000 0.012918 
2276.109000 0.012917 
2276.350000 0.012915 
2276.591000 0.012914 
2276.832000 0.012913 
2277.073000 0.012823 
2277.314000 0.012822 
2277.555000 0.012821 
2277.796000 0.012907 
2278.037000 0.012906 
2278.279000 0.012817 
2278.520000 0.012815 
2278.761000 0.012814 
2279.002000 0.012725 
2279.243000 0.012724 
2279.484000 0.012722 
2279.725000 0.012721 
2279.966000 0.012632 
2280.207000 0.012543 
2280.448000 0.012541 
2280.689000 0.012628 
2280.930000 0.012626 
2281.171000 0.012537 
2281.412000 0.012536 
2281.653000 0.012535 
2281.895000 0.012446 
2282.135000 0.012357 
2282.376000 0.012443 
2282.618000 0.012529 
2282.859000 0.012528 
2283.100000 0.012439 
2283.341000 0.012438 
2283.582000 0.012437 
2283.823000 0.012435 
2284.064000 0.012346 
2284.305000 0.012345 
2284.546000 0.012431 
2284.787000 0.012430 
2285.028000 0.012429 
2285.269000 0.012427 
2285.510000 0.012514 
2285.751000 0.012512 
2285.992000 0.012423 
2286.234000 0.012335 
2286.475000 0.012333 
2286.716000 0.012332 
2286.957000 0.012243 
2287.198000 0.012155 
2287.439000 0.012241 
2287.680000 0.012327 
2287.921000 0.012238 
2288.162000 0.012237 
2288.403000 0.012236 
2288.644000 0.012234 
2288.885000 0.012146 
2289.126000 0.012144 
2289.367000 0.012143 
2289.608000 0.012142 
2289.850000 0.012053 
2290.091000 0.011965 
2290.332000 0.012051 
2290.573000 0.012049 
2290.814000 0.012135 
2291.055000 0.012047 
2291.296000 0.012046 
2291.537000 0.012044 
2291.778000 0.012043 
2292.019000 0.011955 
2292.260000 0.011866 
2292.501000 0.011865 
2292.742000 0.011864 
2292.983000 0.011862 
2293.224000 0.011861 
2293.465000 0.011860 
2293.707000 0.011859 
2293.948000 0.011770 
2294.189000 0.011769 
2294.430000 0.011855 
2294.671000 0.011854 
2294.912000 0.011765 
2295.153000 0.011764 
2295.394000 0.011763 
2295.635000 0.011761 
2295.876000 0.011760 
2296.117000 0.011759 
2296.358000 0.011845 
2296.599000 0.011844 
2296.840000 0.011755 
2297.081000 0.011754 
2297.323000 0.011753 
2297.563000 0.011752 
2297.804000 0.011750 
2298.046000 0.011662 
2298.287000 0.011661 
2298.528000 0.011660 
2298.769000 0.011658 
2299.010000 0.011570 
2299.251000 0.011569 
2299.492000 0.011568 
2299.733000 0.011480 
2299.974000 0.011391 
2300.215000 0.011390 
2300.456000 0.011476 
2300.697000 0.011475 
2300.938000 0.011474 
2301.179000 0.011559 
2301.420000 0.011558 
2301.662000 0.011557 
2301.903000 0.011556 
2302.144000 0.011468 
2302.385000 0.011466 
2302.626000 0.011378 
2302.867000 0.011290 
2303.108000 0.011289 
2303.349000 0.011375 
2303.590000 0.011374 
2303.831000 0.011372 
2304.072000 0.011284 
2304.313000 0.011283 
2304.554000 0.011282 
2304.795000 0.011281 
2305.036000 0.011193 
2305.278000 0.011278 
2305.519000 0.011277 
2305.760000 0.011276 
2306.001000 0.011275 
2306.242000 0.011274 
2306.483000 0.011273 
2306.724000 0.011185 
2306.965000 0.011184 
2307.206000 0.011182 
2307.447000 0.011181 
2307.688000 0.011093 
2307.929000 0.011092 
2308.170000 0.011004 
2308.411000 0.011003 
2308.652000 0.011002 
2308.893000 0.010914 
2309.135000 0.011000 
2309.375000 0.011085 
2309.617000 0.011171 
2309.858000 0.011083 
2310.099000 0.011082 
2310.340000 0.011081 
2310.581000 0.010993 
2310.822000 0.010819 
2311.063000 0.010818 
2311.304000 0.010903 
2311.545000 0.010902 
2311.786000 0.010987 
2312.027000 0.010986 
2312.268000 0.010985 
2312.509000 0.010897 
2312.750000 0.010723 
2312.991000 0.010636 
2313.232000 0.010721 
2313.474000 0.010806 
2313.715000 0.010892 
2313.956000 0.010890 
2314.197000 0.010976 
2314.438000 0.010888 
2314.679000 0.010714 
2314.920000 0.010627 
2315.161000 0.010626 
2315.402000 0.010711 
2315.643000 0.010710 
2315.884000 0.010709 
2316.125000 0.010708 
2316.366000 0.010706 
2316.607000 0.010533 
2316.848000 0.010445 
2317.090000 0.010444 
2317.331000 0.010616 
2317.572000 0.010701 
2317.813000 0.010700 
2318.054000 0.010699 
2318.295000 0.010611 
2318.536000 0.010524 
2318.777000 0.010437 
2319.018000 0.010435 
2319.259000 0.010521 
2319.500000 0.010606 
2319.741000 0.010605 
2319.982000 0.010604 
2320.223000 0.010602 
2320.464000 0.010515 
2320.706000 0.010342 
2320.947000 0.010168 
2321.188000 0.010253 
2321.429000 0.010425 
2321.670000 0.010510 
2321.911000 0.010509 
2322.152000 0.010507 
2322.393000 0.010334 
2322.634000 0.010161 
2322.875000 0.010074 
2323.116000 0.010073 
2323.357000 0.010244 
2323.598000 0.010415 
2323.839000 0.010414 
2324.080000 0.010413 
2324.321000 0.010326 
2324.563000 0.010066 
2324.803000 0.009979 
2325.045000 0.010064 
2325.286000 0.010235 
2325.527000 0.010320 
2325.768000 0.010319 
2326.009000 0.010232 
2326.250000 0.010059 
2326.491000 0.009886 
2326.732000 0.009713 
2326.973000 0.009884 
2327.214000 0.010055 
2327.455000 0.010226 
2327.696000 0.010225 
2327.937000 0.010138 
2328.178000 0.009965 
2328.419000 0.009792 
2328.660000 0.009619 
2328.902000 0.009790 
2329.143000 0.010047 
2329.384000 0.010217 
2329.625000 0.010130 
2329.866000 0.009958 
2330.107000 0.009871 
2330.348000 0.009698 
2330.589000 0.009697 
2330.830000 0.009954 
2331.071000 0.010124 
2331.312000 0.010209 
2331.553000 0.010036 
2331.794000 0.009864 
2332.035000 0.009691 
2332.276000 0.009604 
2332.518000 0.009689 
2332.759000 0.009860 
2333.000000 0.010030 
2333.241000 0.010029 
2333.482000 0.009857 
2333.723000 0.009598 
2333.964000 0.009512 
2334.205000 0.009682 
2334.446000 0.009852 
2334.687000 0.010023 
2334.928000 0.010107 
2335.169000 0.009935 
2335.410000 0.009677 
2335.651000 0.009505 
2335.892000 0.009504 
2336.134000 0.009674 
2336.375000 0.009930 
2336.615000 0.010014 
2336.857000 0.010013 
2337.098000 0.009841 
2337.339000 0.009669 
2337.580000 0.009583 
2337.821000 0.009838 
2338.062000 0.010179 
2338.303000 0.010435 
2338.544000 0.010434 
2338.785000 0.010347 
2339.026000 0.010261 
2339.267000 0.010260 
2339.508000 0.010430 
2339.749000 0.010770 
2339.990000 0.011026 
2340.231000 0.011110 
2340.473000 0.010938 
2340.714000 0.010766 
2340.955000 0.010765 
2341.196000 0.010849 
2341.437000 0.011019 
2341.678000 0.011103 
2341.919000 0.011102 
2342.160000 0.011015 
2342.401000 0.010758 
2342.642000 0.010672 
2342.883000 0.010756 
2343.124000 0.010926 
2343.365000 0.010924 
2343.606000 0.010838 
2343.847000 0.010752 
2344.088000 0.010665 
2344.330000 0.010579 
2344.571000 0.010578 
2344.812000 0.010747 
2345.053000 0.010746 
2345.294000 0.010660 
2345.535000 0.010488 
2345.776000 0.010316 
2346.017000 0.010315 
2346.258000 0.010314 
2346.499000 0.010313 
2346.740000 0.010312 
2346.981000 0.010311 
2347.222000 0.010225 
2347.463000 0.010053 
2347.704000 0.010052 
2347.946000 0.010137 
2348.187000 0.010135 
2348.427000 0.010134 
2348.669000 0.010048 
2348.910000 0.010047 
2349.151000 0.010046 
2349.392000 0.009960 
2349.633000 0.009959 
2349.874000 0.009873 
2350.115000 0.009872 
2350.356000 0.009871 
2350.597000 0.009785 
2350.838000 0.009699 
2351.079000 0.009613 
2351.320000 0.009527 
2351.562000 0.009441 
2351.802000 0.009525 
2352.043000 0.009524 
2352.285000 0.009438 
2352.526000 0.009267 
2352.767000 0.009181 
2353.008000 0.009265 
2353.249000 0.009349 
2353.490000 0.009348 
2353.731000 0.009347 
2353.972000 0.009261 
2354.213000 0.009090 
2354.454000 0.009004 
2354.695000 0.009173 
2354.936000 0.009342 
2355.177000 0.009341 
2355.418000 0.009085 
2355.659000 0.008915 
2355.901000 0.008914 
2356.142000 0.009083 
2356.383000 0.009167 
2356.624000 0.009166 
2356.865000 0.008995 
2357.106000 0.008824 
2357.347000 0.008739 
2357.588000 0.008992 
2357.829000 0.009161 
2358.070000 0.009160 
2358.311000 0.008905 
2358.552000 0.008734 
2358.793000 0.008818 
2359.034000 0.008987 
2359.275000 0.008986 
2359.516000 0.008900 
2359.758000 0.008645 
2359.999000 0.008559 
2360.240000 0.008643 
2360.481000 0.008896 
2360.722000 0.008980 
2360.963000 0.008895 
2361.204000 0.008724 
2361.445000 0.008554 
2361.686000 0.008723 
2361.927000 0.008891 
2362.168000 0.008890 
2362.409000 0.008635 
2362.650000 0.008465 
2362.891000 0.008633 
2363.132000 0.008802 
2363.374000 0.008886 
2363.615000 0.008800 
2363.855000 0.008630 
2364.097000 0.008629 
2364.338000 0.008713 
2364.579000 0.008966 
2364.820000 0.008965 
2365.061000 0.008710 
2365.302000 0.008540 
2365.543000 0.008624 
2365.784000 0.008707 
2366.025000 0.008791 
2366.266000 0.008621 
2366.507000 0.008536 
2366.748000 0.008704 
2366.990000 0.008872 
2367.230000 0.008871 
2367.471000 0.008701 
2367.713000 0.008616 
2367.954000 0.008699 
2368.195000 0.008783 
2368.436000 0.008782 
2368.677000 0.008697 
2368.918000 0.008612 
2369.159000 0.008611 
2369.400000 0.008779 
2369.641000 0.008862 
2369.882000 0.008777 
2370.123000 0.008692 
2370.364000 0.008691 
2370.605000 0.008774 
2370.846000 0.008858 
2371.087000 0.008772 
2371.329000 0.008687 
2371.570000 0.008771 
2371.811000 0.008854 
2372.052000 0.008769 
2372.293000 0.008768 
2372.534000 0.008767 
2372.775000 0.008935 
2373.016000 0.008934 
2373.257000 0.008849 
2373.498000 0.008848 
2373.739000 0.008847 
2373.980000 0.008930 
2374.221000 0.008845 
2374.462000 0.008760 
2374.703000 0.008759 
2374.944000 0.008842 
2375.186000 0.008926 
2375.427000 0.008925 
2375.668000 0.008924 
2375.909000 0.008923 
2376.150000 0.008838 
2376.391000 0.008837 
2376.632000 0.008752 
2376.873000 0.008751 
2377.114000 0.008750 
2377.355000 0.008749 
2377.596000 0.008832 
2377.837000 0.008832 
2378.078000 0.008831 
2378.319000 0.008746 
2378.560000 0.008829 
2378.802000 0.008828 
2379.042000 0.008827 
2379.283000 0.008826 
2379.525000 0.008825 
2379.766000 0.008908 
2380.007000 0.008908 
2380.248000 0.008907 
2380.489000 0.008906 
2380.730000 0.008821 
2380.971000 0.008820 
2381.212000 0.008735 
2381.453000 0.008734 
2381.694000 0.008817 
2381.935000 0.008816 
2382.176000 0.008899 
2382.417000 0.008899 
2382.658000 0.008898 
2382.899000 0.008813 
2383.141000 0.008728 
2383.382000 0.008727 
2383.623000 0.008726 
2383.864000 0.008725 
2384.105000 0.008724 
2384.346000 0.008724 
2384.587000 0.008807 
2384.828000 0.008806 
2385.069000 0.008721 
2385.310000 0.008720 
2385.551000 0.008803 
2385.792000 0.008802 
2386.033000 0.008801 
2386.274000 0.008717 
2386.515000 0.008716 
2386.757000 0.008631 
2386.998000 0.008630 
2387.239000 0.008545 
2387.480000 0.008545 
2387.721000 0.008544 
2387.962000 0.008459 
2388.203000 0.008458 
2388.444000 0.008625 
2388.685000 0.008708 
2388.926000 0.008707 
2389.167000 0.008622 
2389.408000 0.008538 
2389.649000 0.008537 
2389.890000 0.008536 
2390.131000 0.008619 
2390.372000 0.008618 
2390.614000 0.008617 
2390.854000 0.008616 
2391.096000 0.008615 
2391.337000 0.008698 
2391.578000 0.008697 
2391.819000 0.008613 
2392.060000 0.008528 
2392.301000 0.008527 
2392.542000 0.008610 
2392.783000 0.008609 
2393.024000 0.008525 
2393.265000 0.008524 
2393.506000 0.008607 
2393.747000 0.008606 
2393.988000 0.008605 
2394.229000 0.008604 
2394.470000 0.008687 
2394.711000 0.008686 
2394.953000 0.008685 
2395.194000 0.008684 
2395.435000 0.008600 
2395.676000 0.008599 
2395.917000 0.008514 
2396.158000 0.008514 
2396.399000 0.008513 
2396.640000 0.008512 
2396.881000 0.008428 
2397.122000 0.008427 
2397.363000 0.008426 
2397.604000 0.008425 
2397.845000 0.008424 
2398.086000 0.008423 
2398.327000 0.008506 
2398.569000 0.008505 
2398.810000 0.008504 
2399.051000 0.008420 
2399.292000 0.008419 
2399.533000 0.008418 
2399.774000 0.008334 
2400.015000 0.008250 
2400.256000 0.008332 
2400.497000 0.008332 
2400.738000 0.008414 
2400.979000 0.008413 
2401.220000 0.008412 
2401.461000 0.008412 
2401.702000 0.008327 
2401.943000 0.008327 
2402.185000 0.008326 
2402.426000 0.008408 
2402.667000 0.008407 
2402.908000 0.008323 
2403.149000 0.008322 
2403.390000 0.008322 
2403.631000 0.008404 
2403.872000 0.008403 
2404.113000 0.008319 
2404.354000 0.008318 
2404.595000 0.008317 
2404.836000 0.008233 
2405.077000 0.008233 
2405.318000 0.008315 
2405.559000 0.008397 
2405.800000 0.008396 
2406.042000 0.008312 
2406.282000 0.008312 
2406.524000 0.008228 
2406.765000 0.008227 
2407.006000 0.008143 
2407.247000 0.008142 
2407.488000 0.008224 
2407.729000 0.008224 
2407.970000 0.008223 
2408.211000 0.008222 
2408.452000 0.008304 
2408.693000 0.008303 
2408.934000 0.008302 
2409.175000 0.008302 
2409.416000 0.008384 
2409.657000 0.008383 
2409.898000 0.008382 
2410.139000 0.008298 
2410.381000 0.008214 
2410.622000 0.008131 
2410.863000 0.008047 
2411.104000 0.008046 
2411.345000 0.008128 
2411.586000 0.008127 
2411.827000 0.008044 
2412.068000 0.008043 
2412.309000 0.008125 
2412.550000 0.008124 
2412.791000 0.008040 
2413.032000 0.008040 
2413.273000 0.008039 
2413.514000 0.008038 
2413.755000 0.008037 
2413.997000 0.008036 
2414.238000 0.008036 
2414.479000 0.008118 
2414.720000 0.008117 
2414.961000 0.008116 
2415.202000 0.008115 
2415.443000 0.008114 
2415.684000 0.008031 
2415.925000 0.007947 
2416.166000 0.008029 
2416.407000 0.008028 
2416.648000 0.008110 
2416.889000 0.008110 
2417.130000 0.008109 
2417.371000 0.008108 
2417.613000 0.008024 
2417.854000 0.008024 
2418.094000 0.007940 
2418.336000 0.007939 
2418.577000 0.007939 
2418.818000 0.007855 
2419.059000 0.007854 
2419.300000 0.007936 
2419.541000 0.007935 
2419.782000 0.007935 
2420.023000 0.008016 
2420.264000 0.008016 
2420.505000 0.008015 
2420.746000 0.007931 
2420.987000 0.007931 
2421.228000 0.008012 
2421.469000 0.008012 
2421.710000 0.008011 
2421.952000 0.008010 
2422.193000 0.008009 
2422.434000 0.007926 
2422.675000 0.007843 
2422.916000 0.007759 
2423.157000 0.007841 
2423.398000 0.007923 
2423.639000 0.007922 
2423.880000 0.007921 
2424.121000 0.007920 
2424.362000 0.007920 
2424.603000 0.007919 
2424.844000 0.007836 
2425.085000 0.007835 
2425.326000 0.007834 
2425.567000 0.007833 
2425.809000 0.007750 
2426.050000 0.007749 
2426.291000 0.007831 
2426.532000 0.007830 
2426.773000 0.007747 
2427.014000 0.007829 
2427.255000 0.007828 
2427.496000 0.007827 
2427.737000 0.007826 
2427.978000 0.007825 
2428.219000 0.007825 
2428.460000 0.007824 
2428.701000 0.007823 
2428.942000 0.007822 
2429.183000 0.007822 
2429.425000 0.007821 
2429.666000 0.007820 
2429.906000 0.007819 
2430.148000 0.007818 
2430.389000 0.007818 
2430.630000 0.007817 
2430.871000 0.007816 
2431.112000 0.007815 
2431.353000 0.007815 
2431.594000 0.007732 
2431.835000 0.007731 
2432.076000 0.007730 
2432.317000 0.007729 
2432.558000 0.007646 
2432.799000 0.007646 
2433.041000 0.007645 
2433.281000 0.007726 
2433.522000 0.007725 
2433.764000 0.007725 
2434.005000 0.007806 
2434.246000 0.007805 
2434.487000 0.007805 
2434.728000 0.007722 
2434.969000 0.007721 
2435.210000 0.007720 
2435.451000 0.007719 
2435.692000 0.007719 
2435.933000 0.007718 
2436.174000 0.007717 
2436.415000 0.007716 
2436.656000 0.007633 
2436.897000 0.007633 
2437.138000 0.007714 
2437.380000 0.007713 
2437.621000 0.007712 
2437.862000 0.007712 
2438.103000 0.007711 
2438.344000 0.007710 
2438.585000 0.007545 
2438.826000 0.007545 
2439.067000 0.007544 
2439.308000 0.007625 
2439.549000 0.007542 
2439.790000 0.007542 
2440.031000 0.007541 
2440.272000 0.007622 
2440.513000 0.007539 
2440.754000 0.007539 
2440.995000 0.007538 
2441.237000 0.007537 
2441.478000 0.007536 
2441.719000 0.007536 
2441.960000 0.007535 
2442.201000 0.007534 
2442.442000 0.007533 
2442.683000 0.007451 
2442.924000 0.007532 
2443.165000 0.007613 
2443.406000 0.007612 
2443.647000 0.007612 
2443.888000 0.007611 
2444.129000 0.007610 
2444.370000 0.007528 
2444.611000 0.007445 
2444.853000 0.007444 
2445.094000 0.007443 
2445.334000 0.007443 
2445.576000 0.007442 
2445.817000 0.007441 
2446.058000 0.007522 
2446.299000 0.007522 
2446.540000 0.007521 
2446.781000 0.007520 
2447.022000 0.007519 
2447.263000 0.007519 
2447.504000 0.007518 
2447.745000 0.007435 
2447.986000 0.007435 
2448.227000 0.007434 
2448.469000 0.007433 
2448.709000 0.007432 
2448.950000 0.007432 
2449.192000 0.007431 
2449.433000 0.007349 
2449.674000 0.007348 
2449.915000 0.007429 
2450.156000 0.007428 
2450.397000 0.007427 
2450.638000 0.007427 
2450.879000 0.007426 
2451.120000 0.007425 
2451.361000 0.007343 
2451.602000 0.007342 
2451.843000 0.007341 
2452.084000 0.007341 
2452.325000 0.007340 
2452.566000 0.007339 
2452.808000 0.007257 
2453.049000 0.007256 
2453.290000 0.007174 
2453.531000 0.007173 
2453.772000 0.007173 
2454.013000 0.007253 
2454.254000 0.007253 
2454.495000 0.007171 
2454.736000 0.007170 
2454.977000 0.007251 
2455.218000 0.007331 
2455.459000 0.007331 
2455.700000 0.007330 
2455.941000 0.007329 
2456.182000 0.007328 
2456.423000 0.007328 
2456.665000 0.007327 
2456.906000 0.007326 
2457.147000 0.007326 
2457.388000 0.007243 
2457.629000 0.007243 
2457.870000 0.007323 
2458.111000 0.007323 
2458.352000 0.007241 
2458.593000 0.007159 
2458.834000 0.007158 
2459.075000 0.007157 
2459.316000 0.007156 
2459.557000 0.007156 
2459.798000 0.007155 
2460.039000 0.007154 
2460.281000 0.007235 
2460.521000 0.007153 
2460.762000 0.007152 
2461.004000 0.007152 
2461.245000 0.007070 
2461.486000 0.007069 
2461.727000 0.007068 
2461.968000 0.007068 
2462.209000 0.007067 
2462.450000 0.007066 
2462.691000 0.007065 
2462.932000 0.007146 
2463.173000 0.007226 
2463.414000 0.007226 
2463.655000 0.007225 
2463.896000 0.007143 
2464.137000 0.007142 
2464.378000 0.007061 
2464.620000 0.007060 
2464.861000 0.007140 
2465.102000 0.007059 
2465.343000 0.007058 
2465.584000 0.007057 
2465.825000 0.007056 
2466.066000 0.007137 
2466.307000 0.007055 
2466.548000 0.006973 
2466.789000 0.006973 
2467.030000 0.006972 
2467.271000 0.007052 
2467.512000 0.007052 
2467.753000 0.007132 
2467.994000 0.007131 
2468.236000 0.007050 
2468.477000 0.007049 
2468.718000 0.007048 
2468.959000 0.007048 
2469.200000 0.007047 
2469.441000 0.007046 
2469.682000 0.007045 
2469.923000 0.007126 
2470.164000 0.007125 
2470.405000 0.007043 
2470.646000 0.007043 
2470.887000 0.007042 
2471.128000 0.007041 
2471.369000 0.007041 
2471.610000 0.007040 
2471.851000 0.007039 
2472.093000 0.007119 
2472.333000 0.007038 
2472.575000 0.007037 
2472.816000 0.007037 
2473.057000 0.007036 
2473.298000 0.006954 
2473.539000 0.006873 
2473.780000 0.006872 
2474.021000 0.006952 
2474.262000 0.006952 
2474.503000 0.006951 
2474.744000 0.006950 
2474.985000 0.007030 
2475.226000 0.007030 
2475.467000 0.006948 
2475.708000 0.006948 
2475.949000 0.006947 
2476.190000 0.006946 
2476.432000 0.006945 
2476.673000 0.006945 
2476.914000 0.006944 
2477.155000 0.006863 
2477.396000 0.006862 
2477.637000 0.006861 
2477.878000 0.006941 
2478.119000 0.006941 
2478.360000 0.006859 
2478.601000 0.006859 
2478.842000 0.006939 
2479.083000 0.006938 
2479.324000 0.006937 
2479.565000 0.006937 
2479.806000 0.006936 
2480.048000 0.006855 
2480.289000 0.006773 
2480.530000 0.006773 
2480.771000 0.006772 
2481.012000 0.006771 
2481.253000 0.006851 
2481.494000 0.006851 
2481.735000 0.006931 
2481.976000 0.007011 
2482.217000 0.006929 
2482.458000 0.006848 
2482.699000 0.006847 
2482.940000 0.006766 
2483.181000 0.006766 
2483.422000 0.006845 
2483.664000 0.006845 
2483.905000 0.006844 
2484.146000 0.006843 
2484.387000 0.006843 
2484.628000 0.006842 
2484.869000 0.006761 
2485.110000 0.006760 
2485.351000 0.006760 
2485.592000 0.006759 
2485.833000 0.006839 
2486.074000 0.006838 
2486.315000 0.006757 
2486.556000 0.006756 
2486.797000 0.006836 
2487.038000 0.006835 
2487.279000 0.006835 
2487.521000 0.006834 
2487.761000 0.006833 
2488.003000 0.006833 
2488.244000 0.006752 
2488.485000 0.006751 
2488.726000 0.006750 
2488.967000 0.006750 
2489.208000 0.006669 
2489.449000 0.006668 
2489.690000 0.006667 
2489.931000 0.006667 
2490.172000 0.006666 
2490.413000 0.006666 
2490.654000 0.006585 
2490.895000 0.006584 
2491.136000 0.006583 
2491.377000 0.006663 
2491.618000 0.006662 
2491.860000 0.006742 
2492.101000 0.006741 
2492.342000 0.006741 
2492.583000 0.006740 
2492.824000 0.006739 
2493.065000 0.006658 
2493.306000 0.006578 
2493.547000 0.006657 
2493.788000 0.006657 
2494.029000 0.006736 
2494.270000 0.006655 
2494.511000 0.006655 
2494.752000 0.006654 
2494.993000 0.006653 
2495.234000 0.006653 
2495.476000 0.006652 
2495.717000 0.006651 
2495.958000 0.006651 
2496.199000 0.006650 
2496.440000 0.006649 
2496.681000 0.006649 
2496.922000 0.006648 
2497.163000 0.006567 
2497.404000 0.006567 
2497.645000 0.006566 
2497.886000 0.006566 
2498.127000 0.006485 
2498.368000 0.006564 
2498.609000 0.006564 
2498.850000 0.006643 
2499.092000 0.006642 
2499.333000 0.006562 
2499.573000 0.006561 
2499.815000 0.006560 
2500.056000 0.006560 
2500.297000 0.006479 
2500.538000 0.006479 
2500.779000 0.006478 
2501.020000 0.006477 
2501.261000 0.006557 
2501.502000 0.006556 
2501.743000 0.006555 
2501.984000 0.006555 
2502.225000 0.006554 
2502.466000 0.006554 
2502.707000 0.006553 
2502.948000 0.006552 
2503.189000 0.006552 
2503.431000 0.006551 
2503.672000 0.006550 
2503.913000 0.006550 
2504.154000 0.006469 
2504.395000 0.006469 
2504.636000 0.006548 
2504.877000 0.006547 
2505.118000 0.006547 
2505.359000 0.006546 
2505.600000 0.006545 
2505.841000 0.006465 
2506.082000 0.006464 
2506.323000 0.006464 
2506.564000 0.006463 
2506.805000 0.006462 
2507.046000 0.006382 
2507.288000 0.006461 
2507.529000 0.006461 
2507.770000 0.006460 
2508.011000 0.006459 
2508.252000 0.006459 
2508.493000 0.006458 
2508.734000 0.006457 
2508.975000 0.006377 
2509.216000 0.006297 
2509.457000 0.006296 
2509.698000 0.006296 
2509.939000 0.006375 
2510.180000 0.006454 
2510.421000 0.006533 
2510.662000 0.006532 
2510.904000 0.006532 
2511.145000 0.006451 
2511.386000 0.006371 
2511.627000 0.006370 
2511.868000 0.006370 
2512.109000 0.006369 
2512.350000 0.006369 
2512.591000 0.006368 
2512.832000 0.006367 
2513.073000 0.006287 
2513.314000 0.006287 
2513.555000 0.006286 
2513.796000 0.006285 
2514.037000 0.006285 
2514.278000 0.006364 
2514.520000 0.006363 
2514.760000 0.006362 
2515.001000 0.006362 
2515.243000 0.006361 
2515.484000 0.006361 
2515.725000 0.006439 
2515.966000 0.006439 
2516.207000 0.006438 
2516.448000 0.006358 
2516.689000 0.006358 
2516.930000 0.006357 
2517.171000 0.006277 
2517.412000 0.006276 
2517.653000 0.006276 
2517.894000 0.006275 
2518.135000 0.006354 
2518.376000 0.006353 
2518.617000 0.006353 
2518.859000 0.006273 
2519.100000 0.006272 
2519.341000 0.006271 
2519.582000 0.006271 
2519.823000 0.006270 
2520.064000 0.006190 
2520.305000 0.006190 
2520.546000 0.006268 
2520.787000 0.006268 
2521.028000 0.006347 
2521.269000 0.006425 
2521.510000 0.006425 
2521.751000 0.006345 
2521.992000 0.006344 
2522.233000 0.006344 
2522.474000 0.006343 
2522.716000 0.006342 
2522.957000 0.006342 
2523.198000 0.006341 
2523.439000 0.006341 
2523.680000 0.006340 
2523.921000 0.006339 
2524.162000 0.006260 
2524.403000 0.006338 
2524.644000 0.006338 
2524.885000 0.006258 
2525.126000 0.006178 
2525.367000 0.006177 
2525.608000 0.006177 
2525.849000 0.006176 
2526.090000 0.006255 
2526.332000 0.006333 
2526.573000 0.006333 
2526.814000 0.006332 
2527.055000 0.006252 
2527.296000 0.006173 
2527.537000 0.006172 
2527.778000 0.006092 
2528.019000 0.006092 
2528.260000 0.006170 
2528.501000 0.006249 
2528.742000 0.006248 
2528.983000 0.006168 
2529.224000 0.006168 
2529.465000 0.006246 
2529.706000 0.006246 
2529.948000 0.006245 
2530.188000 0.006245 
2530.429000 0.006244 
2530.671000 0.006164 
2530.912000 0.006164 
2531.153000 0.006163 
2531.394000 0.006163 
2531.635000 0.006162 
2531.876000 0.006161 
2532.117000 0.006082 
2532.358000 0.006160 
2532.599000 0.006239 
2532.840000 0.006238 
2533.081000 0.006237 
2533.322000 0.006316 
2533.563000 0.006315 
2533.804000 0.006236 
2534.045000 0.006235 
2534.287000 0.006313 
2534.528000 0.006313 
2534.769000 0.006233 
2535.010000 0.006154 
2535.251000 0.006232 
2535.492000 0.006232 
2535.733000 0.006231 
2535.974000 0.006230 
2536.215000 0.006151 
2536.456000 0.006150 
2536.697000 0.006150 
2536.938000 0.006149 
2537.179000 0.006149 
2537.420000 0.006148 
2537.661000 0.006147 
2537.902000 0.006147 
2538.144000 0.006146 
2538.385000 0.006146 
2538.626000 0.006224 
2538.867000 0.006223 
2539.108000 0.006223 
2539.349000 0.006222 
2539.590000 0.006221 
2539.831000 0.006142 
2540.072000 0.006142 
2540.313000 0.006220 
2540.554000 0.006219 
2540.795000 0.006140 
2541.036000 0.006139 
2541.277000 0.006139 
2541.518000 0.006059 
2541.760000 0.006059 
2542.000000 0.006058 
2542.242000 0.006058 
2542.483000 0.006057 
2542.724000 0.006135 
2542.965000 0.006135 
2543.206000 0.006134 
2543.447000 0.006133 
2543.688000 0.006133 
2543.929000 0.006132 
2544.170000 0.006132 
2544.411000 0.006210 
2544.652000 0.006209 
2544.893000 0.006209 
2545.134000 0.006129 
2545.375000 0.006129 
2545.616000 0.006050 
2545.857000 0.006049 
2546.099000 0.006127 
2546.340000 0.006126 
2546.581000 0.006204 
2546.822000 0.006125 
2547.063000 0.006125 
2547.304000 0.006046 
2547.545000 0.006045 
2547.786000 0.006044 
2548.027000 0.006044 
2548.268000 0.006122 
2548.509000 0.006121 
2548.750000 0.006121 
2548.991000 0.006120 
2549.232000 0.006119 
2549.473000 0.006119 
2549.715000 0.006118 
2549.956000 0.006118 
2550.197000 0.006117 
2550.438000 0.006117 
2550.679000 0.006116 
2550.920000 0.006037 
2551.161000 0.006036 
2551.402000 0.006036 
2551.643000 0.006035 
2551.884000 0.006035 
2552.125000 0.006113 
2552.366000 0.006190 
2552.607000 0.006190 
2552.848000 0.006189 
2553.089000 0.006189 
2553.330000 0.006188 
2553.572000 0.006187 
2553.813000 0.006109 
2554.054000 0.006030 
2554.295000 0.006029 
2554.536000 0.006028 
2554.777000 0.006028 
2555.018000 0.006027 
2555.259000 0.006105 
2555.500000 0.006104 
2555.741000 0.006104 
2555.982000 0.006103 
2556.223000 0.006103 
2556.464000 0.006024 
2556.705000 0.006023 
2556.946000 0.006023 
2557.188000 0.006100 
2557.428000 0.006178 
2557.670000 0.006099 
2557.911000 0.006021 
2558.152000 0.006020 
2558.393000 0.006019 
2558.634000 0.006019 
2558.875000 0.006018 
2559.116000 0.006018 
2559.357000 0.006017 
2559.598000 0.005938 
2559.839000 0.005938 
2560.080000 0.005937 
2560.321000 0.006015 
2560.562000 0.006014 
2560.803000 0.006014 
2561.044000 0.006013 
2561.285000 0.006013 
2561.527000 0.005934 
2561.768000 0.005933 
2562.009000 0.005933 
2562.250000 0.006010 
2562.491000 0.006088 
2562.732000 0.006009 
2562.973000 0.006009 
2563.214000 0.006008 
2563.455000 0.006008 
2563.696000 0.005929 
2563.937000 0.005928 
2564.178000 0.005928 
2564.419000 0.005927 
2564.660000 0.005927 
2564.901000 0.005926 
2565.143000 0.005926 
2565.384000 0.005925 
2565.625000 0.005924 
2565.866000 0.005924 
2566.107000 0.005923 
2566.348000 0.006001 
2566.589000 0.006000 
2566.830000 0.006000 
2567.071000 0.005999 
2567.312000 0.005998 
2567.553000 0.005920 
2567.794000 0.005919 
2568.035000 0.005997 
2568.276000 0.005996 
2568.517000 0.005918 
2568.758000 0.005839 
2569.000000 0.005839 
2569.240000 0.005916 
2569.482000 0.005916 
2569.723000 0.005915 
2569.964000 0.005992 
2570.205000 0.005992 
2570.446000 0.005991 
2570.687000 0.005991 
2570.928000 0.005990 
2571.169000 0.005989 
2571.410000 0.005989 
2571.651000 0.005988 
2571.892000 0.005910 
2572.133000 0.005987 
2572.374000 0.005987 
2572.615000 0.005986 
2572.856000 0.005986 
2573.098000 0.005985 
2573.339000 0.005984 
2573.580000 0.005906 
2573.821000 0.005906 
2574.062000 0.005905 
2574.303000 0.005982 
2574.544000 0.005982 
2574.785000 0.005981 
2575.026000 0.006058 
2575.267000 0.005980 
2575.508000 0.005902 
2575.749000 0.005901 
2575.990000 0.005901 
2576.231000 0.005978 
2576.472000 0.005977 
2576.713000 0.005977 
2576.955000 0.005976 
2577.196000 0.005975 
2577.437000 0.005975 
2577.678000 0.005897 
2577.919000 0.005896 
2578.160000 0.005896 
2578.401000 0.005895 
2578.642000 0.005817 
2578.883000 0.005816 
2579.124000 0.005816 
2579.365000 0.005815 
2579.606000 0.005737 
2579.847000 0.005737 
2580.088000 0.005814 
2580.329000 0.005891 
2580.571000 0.005890 
2580.812000 0.005890 
2581.052000 0.005967 
2581.294000 0.005966 
2581.535000 0.005888 
2581.776000 0.005887 
2582.017000 0.005964 
2582.258000 0.005964 
2582.499000 0.005886 
2582.740000 0.005885 
2582.981000 0.005885 
2583.222000 0.005962 
2583.463000 0.005884 
2583.704000 0.005806 
2583.945000 0.005805 
2584.186000 0.005805 
2584.427000 0.005804 
2584.668000 0.005803 
2584.910000 0.005803 
2585.151000 0.005880 
2585.392000 0.005802 
2585.633000 0.005801 
2585.874000 0.005878 
2586.115000 0.005800 
2586.356000 0.005800 
2586.597000 0.005799 
2586.838000 0.005799 
2587.079000 0.005798 
2587.320000 0.005798 
2587.561000 0.005797 
2587.802000 0.005719 
2588.043000 0.005796 
2588.284000 0.005795 
2588.526000 0.005795 
2588.767000 0.005794 
2589.008000 0.005794 
2589.249000 0.005793 
2589.490000 0.005638 
2589.731000 0.005638 
2589.972000 0.005714 
2590.213000 0.005714 
2590.454000 0.005713 
2590.695000 0.005713 
2590.936000 0.005712 
2591.177000 0.005712 
2591.418000 0.005711 
2591.659000 0.005711 
2591.900000 0.005787 
2592.141000 0.005787 
2592.383000 0.005786 
2592.624000 0.005786 
2592.865000 0.005785 
2593.106000 0.005785 
2593.347000 0.005784 
2593.588000 0.005783 
2593.829000 0.005783 
2594.070000 0.005860 
2594.311000 0.005782 
2594.552000 0.005704 
2594.793000 0.005704 
2595.034000 0.005703 
2595.275000 0.005703 
2595.516000 0.005702 
2595.757000 0.005702 
2595.999000 0.005701 
2596.240000 0.005701 
2596.480000 0.005623 
2596.722000 0.005545 
2596.963000 0.005545 
2597.204000 0.005467 
2597.445000 0.005390 
2597.686000 0.005389 
2597.927000 0.005389 
2598.168000 0.005388 
2598.409000 0.005388 
2598.650000 0.005387 
2598.891000 0.005387 
2599.132000 0.005386 
2599.373000 0.005386 
2599.614000 0.005308 
2599.855000 0.005308 
2600.096000 0.005307 
2600.338000 0.005230 
2600.579000 0.005230 
2600.820000 0.005229 
2601.061000 0.005229 
2601.302000 0.005151 
2601.543000 0.005151 
2601.784000 0.005150 
2602.025000 0.005150 
2602.266000 0.005149 
2602.507000 0.005072 
2602.748000 0.005072 
2602.989000 0.005071 
2603.230000 0.005071 
2603.471000 0.004993 
2603.712000 0.004993 
2603.954000 0.004992 
2604.195000 0.004992 
2604.436000 0.004991 
2604.677000 0.005068 
2604.918000 0.005144 
2605.159000 0.005144 
2605.400000 0.005066 
2605.641000 0.004989 
2605.882000 0.004989 
2606.123000 0.005065 
2606.364000 0.005065 
2606.605000 0.005064 
2606.846000 0.005140 
2607.087000 0.005140 
2607.328000 0.005139 
2607.569000 0.005139 
2607.811000 0.005062 
2608.052000 0.005061 
2608.293000 0.005061 
2608.534000 0.005060 
2608.775000 0.005060 
2609.016000 0.005059 
2609.257000 0.005059 
2609.498000 0.005058 
2609.739000 0.005135 
2609.980000 0.005211 
2610.221000 0.005210 
2610.462000 0.005210 
2610.703000 0.005209 
2610.944000 0.005132 
2611.185000 0.005132 
2611.427000 0.005055 
2611.667000 0.005131 
2611.908000 0.005207 
2612.150000 0.005206 
2612.391000 0.005206 
2612.632000 0.005282 
2612.873000 0.005282 
2613.114000 0.005281 
2613.355000 0.005281 
2613.596000 0.005280 
2613.837000 0.005356 
2614.078000 0.005356 
2614.319000 0.005279 
2614.560000 0.005278 
2614.801000 0.005354 
2615.042000 0.005354 
2615.283000 0.005353 
2615.524000 0.005429 
2615.766000 0.005429 
2616.007000 0.005428 
2616.248000 0.005428 
2616.489000 0.005427 
2616.730000 0.005427 
2616.971000 0.005426 
2617.212000 0.005426 
2617.453000 0.005425 
2617.694000 0.005425 
2617.935000 0.005424 
2618.176000 0.005424 
2618.417000 0.005347 
2618.658000 0.005423 
2618.899000 0.005422 
2619.140000 0.005422 
2619.382000 0.005497 
2619.623000 0.005497 
2619.864000 0.005573 
2620.105000 0.005572 
2620.346000 0.005495 
2620.587000 0.005571 
2620.828000 0.005571 
2621.069000 0.005570 
2621.310000 0.005570 
2621.551000 0.005569 
2621.792000 0.005569 
2622.033000 0.005568 
2622.274000 0.005491 
2622.515000 0.005491 
2622.756000 0.005490 
2622.997000 0.005490 
2623.239000 0.005489 
2623.479000 0.005489 
2623.721000 0.005565 
2623.962000 0.005640 
2624.203000 0.005640 
2624.444000 0.005639 
2624.685000 0.005715 
2624.926000 0.005638 
2625.167000 0.005638 
2625.408000 0.005561 
2625.649000 0.005561 
2625.890000 0.005560 
2626.131000 0.005483 
2626.372000 0.005559 
2626.613000 0.005558 
2626.854000 0.005558 
2627.095000 0.005557 
2627.336000 0.005481 
2627.578000 0.005556 
2627.819000 0.005556 
2628.060000 0.005479 
2628.301000 0.005479 
2628.542000 0.005554 
2628.783000 0.005630 
2629.024000 0.005629 
2629.265000 0.005553 
2629.506000 0.005628 
2629.747000 0.005628 
2629.988000 0.005627 
2630.229000 0.005627 
2630.470000 0.005550 
2630.711000 0.005550 
2630.952000 0.005549 
2631.194000 0.005549 
2631.435000 0.005624 
2631.676000 0.005700 
2631.917000 0.005699 
2632.158000 0.005623 
2632.399000 0.005546 
2632.640000 0.005622 
2632.881000 0.005545 
2633.122000 0.005545 
2633.363000 0.005544 
2633.604000 0.005544 
2633.845000 0.005543 
2634.086000 0.005543 
2634.327000 0.005542 
2634.568000 0.005618 
2634.810000 0.005617 
2635.051000 0.005617 
2635.292000 0.005616 
2635.533000 0.005616 
2635.774000 0.005691 
2636.015000 0.005690 
2636.256000 0.005690 
2636.497000 0.005689 
2636.738000 0.005689 
2636.979000 0.005612 
2637.220000 0.005536 
2637.461000 0.005611 
2637.702000 0.005611 
2637.943000 0.005535 
2638.184000 0.005534 
2638.425000 0.005458 
2638.667000 0.005533 
2638.907000 0.005533 
2639.149000 0.005532 
2639.390000 0.005532 
2639.631000 0.005607 
2639.872000 0.005606 
2640.113000 0.005530 
2640.354000 0.005530 
2640.595000 0.005529 
2640.836000 0.005529 
2641.077000 0.005528 
2641.318000 0.005528 
2641.559000 0.005603 
2641.800000 0.005602 
2642.041000 0.005677 
2642.282000 0.005677 
2642.523000 0.005676 
2642.764000 0.005676 
2643.006000 0.005600 
2643.247000 0.005524 
2643.488000 0.005599 
2643.729000 0.005598 
2643.970000 0.005598 
2644.211000 0.005597 
2644.452000 0.005672 
2644.693000 0.005747 
2644.934000 0.005747 
2645.175000 0.005746 
2645.416000 0.005746 
2645.657000 0.005670 
2645.898000 0.005669 
2646.139000 0.005593 
2646.380000 0.005668 
2646.622000 0.005743 
2646.863000 0.005743 
2647.104000 0.005667 
2647.345000 0.005666 
2647.586000 0.005666 
2647.827000 0.005665 
2648.068000 0.005665 
2648.309000 0.005664 
2648.550000 0.005663 
2648.791000 0.005663 
2649.032000 0.005662 
2649.273000 0.005662 
2649.514000 0.005737 
2649.755000 0.005812 
2649.996000 0.005811 
2650.238000 0.005811 
2650.479000 0.005886 
2650.719000 0.005885 
2650.961000 0.005809 
2651.202000 0.005809 
2651.443000 0.005884 
2651.684000 0.005883 
2651.925000 0.005807 
2652.166000 0.005807 
2652.407000 0.005806 
2652.648000 0.005806 
2652.889000 0.005805 
2653.130000 0.005804 
2653.371000 0.005879 
2653.612000 0.005879 
2653.853000 0.005803 
2654.094000 0.005727 
2654.335000 0.005726 
2654.577000 0.005726 
2654.818000 0.005801 
2655.059000 0.005725 
2655.300000 0.005724 
2655.541000 0.005724 
2655.782000 0.005723 
2656.023000 0.005723 
2656.264000 0.005798 
2656.505000 0.005872 
2656.746000 0.005872 
2656.987000 0.005796 
2657.228000 0.005871 
2657.469000 0.005870 
2657.710000 0.005870 
2657.951000 0.005794 
2658.192000 0.005793 
2658.434000 0.005793 
2658.675000 0.005868 
2658.916000 0.005867 
2659.157000 0.005791 
2659.398000 0.005866 
2659.639000 0.005865 
2659.880000 0.005865 
2660.121000 0.005789 
2660.362000 0.005789 
2660.603000 0.005863 
2660.844000 0.005863 
2661.085000 0.005937 
2661.326000 0.005937 
2661.567000 0.005936 
2661.808000 0.005861 
2662.050000 0.005785 
2662.291000 0.005784 
2662.531000 0.005784 
2662.773000 0.005859 
2663.014000 0.005858 
2663.255000 0.005857 
2663.496000 0.005857 
2663.737000 0.005856 
2663.978000 0.005781 
2664.219000 0.005780 
2664.460000 0.005855 
2664.701000 0.005854 
2664.942000 0.005854 
2665.183000 0.005928 
2665.424000 0.005928 
2665.666000 0.005927 
2665.906000 0.005927 
2666.147000 0.005926 
2666.389000 0.006001 
2666.630000 0.006000 
2666.871000 0.006000 
2667.112000 0.005999 
2667.353000 0.005998 
2667.594000 0.005998 
2667.835000 0.005922 
2668.076000 0.005847 
2668.317000 0.005921 
2668.558000 0.005921 
2668.799000 0.005920 
2669.040000 0.005920 
2669.281000 0.005994 
2669.522000 0.005994 
2669.763000 0.005993 
2670.005000 0.005992 
2670.246000 0.005992 
2670.487000 0.005991 
2670.728000 0.005916 
2670.969000 0.005841 
2671.210000 0.005915 
2671.451000 0.005989 
2671.692000 0.005989 
2671.933000 0.005988 
2672.174000 0.005988 
2672.415000 0.005987 
2672.656000 0.005912 
2672.897000 0.005911 
2673.138000 0.005911 
2673.379000 0.005910 
2673.620000 0.005910 
2673.862000 0.005909 
2674.103000 0.005909 
2674.344000 0.005908 
2674.585000 0.005982 
2674.826000 0.005907 
2675.067000 0.005906 
2675.308000 0.005906 
2675.549000 0.005905 
2675.790000 0.005905 
2676.031000 0.005979 
2676.272000 0.006053 
2676.513000 0.006127 
2676.754000 0.006052 
2676.995000 0.006052 
2677.236000 0.006051 
2677.478000 0.006050 
2677.719000 0.005975 
2677.959000 0.005975 
2678.201000 0.005974 
2678.442000 0.006048 
2678.683000 0.006048 
2678.924000 0.006047 
2679.165000 0.006047 
2679.406000 0.006046 
2679.647000 0.006046 
2679.888000 0.005970 
2680.129000 0.005970 
2680.370000 0.006044 
2680.611000 0.006043 
2680.852000 0.006117 
2681.094000 0.006117 
2681.334000 0.006191 
2681.575000 0.006116 
2681.817000 0.006041 
2682.058000 0.006040 
2682.299000 0.006114 
2682.540000 0.006114 
2682.781000 0.006113 
2683.022000 0.006113 
2683.263000 0.006112 
2683.504000 0.006111 
2683.745000 0.006111 
2683.986000 0.006036 
2684.227000 0.006110 
2684.468000 0.006109 
2684.709000 0.006109 
2684.950000 0.006108 
2685.191000 0.006108 
2685.433000 0.006181 
2685.674000 0.006106 
2685.915000 0.006106 
2686.156000 0.006105 
2686.397000 0.006105 
2686.638000 0.006104 
2686.879000 0.006178 
2687.120000 0.006178 
2687.361000 0.006177 
2687.602000 0.006102 
2687.843000 0.006027 
2688.084000 0.006027 
2688.325000 0.006026 
2688.566000 0.006026 
2688.807000 0.006025 
2689.048000 0.006099 
2689.290000 0.006098 
2689.531000 0.006098 
2689.772000 0.006097 
2690.013000 0.006097 
2690.254000 0.006170 
2690.495000 0.006170 
2690.736000 0.006095 
2690.977000 0.006094 
2691.218000 0.006168 
2691.459000 0.006242 
2691.700000 0.006241 
2691.941000 0.006241 
2692.182000 0.006315 
2692.423000 0.006240 
2692.664000 0.006239 
2692.906000 0.006164 
2693.146000 0.006238 
2693.387000 0.006237 
2693.629000 0.006237 
2693.870000 0.006236 
2694.111000 0.006236 
2694.352000 0.006309 
2694.593000 0.006235 
2694.834000 0.006234 
2695.075000 0.006308 
2695.316000 0.006381 
2695.557000 0.006307 
2695.798000 0.006232 
2696.039000 0.006231 
2696.280000 0.006231 
2696.521000 0.006230 
2696.762000 0.006230 
2697.003000 0.006229 
2697.245000 0.006303 
2697.486000 0.006302 
2697.727000 0.006227 
2697.968000 0.006301 
2698.209000 0.006300 
2698.450000 0.006300 
2698.691000 0.006299 
2698.932000 0.006299 
2699.173000 0.006298 
2699.414000 0.006298 
2699.655000 0.006297 
2699.896000 0.006297 
2700.137000 0.006296 
2700.378000 0.006369 
2700.619000 0.006295 
2700.861000 0.006368 
2701.102000 0.006368 
2701.343000 0.006367 
2701.584000 0.006293 
2701.825000 0.006292 
2702.066000 0.006291 
2702.307000 0.006365 
2702.548000 0.006364 
2702.789000 0.006290 
2703.030000 0.006289 
2703.271000 0.006215 
2703.512000 0.006214 
2703.753000 0.006288 
2703.994000 0.006361 
2704.235000 0.006434 
2704.476000 0.006434 
2704.718000 0.006433 
2704.958000 0.006433 
2705.200000 0.006432 
2705.441000 0.006358 
2705.682000 0.006357 
2705.923000 0.006356 
2706.164000 0.006430 
2706.405000 0.006429 
2706.646000 0.006429 
2706.887000 0.006428 
2707.128000 0.006501 
2707.369000 0.006501 
2707.610000 0.006426 
2707.851000 0.006500 
2708.092000 0.006499 
2708.333000 0.006498 
2708.574000 0.006424 
2708.815000 0.006423 
2709.057000 0.006497 
2709.298000 0.006570 
2709.539000 0.006496 
2709.780000 0.006421 
2710.021000 0.006494 
2710.262000 0.006494 
2710.503000 0.006493 
2710.744000 0.006493 
2710.985000 0.006566 
2711.226000 0.006565 
2711.467000 0.006491 
2711.708000 0.006490 
2711.949000 0.006564 
2712.190000 0.006563 
2712.431000 0.006489 
2712.673000 0.006414 
2712.914000 0.006414 
2713.155000 0.006487 
2713.396000 0.006413 
2713.637000 0.006412 
2713.878000 0.006411 
2714.119000 0.006485 
2714.360000 0.006484 
2714.601000 0.006483 
2714.842000 0.006483 
2715.083000 0.006482 
2715.324000 0.006555 
2715.565000 0.006481 
2715.806000 0.006554 
2716.047000 0.006554 
2716.289000 0.006553 
2716.530000 0.006552 
2716.771000 0.006552 
2717.012000 0.006551 
2717.253000 0.006551 
2717.494000 0.006477 
2717.735000 0.006402 
2717.976000 0.006475 
2718.217000 0.006475 
2718.458000 0.006548 
2718.699000 0.006547 
2718.940000 0.006547 
2719.181000 0.006546 
2719.422000 0.006472 
2719.663000 0.006471 
2719.904000 0.006544 
2720.146000 0.006691 
2720.386000 0.006690 
2720.628000 0.006690 
2720.869000 0.006689 
2721.110000 0.006688 
2721.351000 0.006614 
2721.592000 0.006614 
2721.833000 0.006613 
2722.074000 0.006686 
2722.315000 0.006612 
2722.556000 0.006611 
2722.797000 0.006611 
2723.038000 0.006684 
2723.279000 0.006683 
2723.520000 0.006683 
2723.761000 0.006755 
2724.002000 0.006755 
2724.243000 0.006681 
2724.485000 0.006607 
2724.726000 0.006606 
2724.967000 0.006679 
2725.208000 0.006752 
2725.449000 0.006678 
2725.690000 0.006677 
2725.931000 0.006750 
2726.172000 0.006749 
2726.413000 0.006675 
2726.654000 0.006675 
2726.895000 0.006674 
2727.136000 0.006674 
2727.377000 0.006673 
2727.618000 0.006672 
2727.859000 0.006672 
2728.101000 0.006745 
2728.342000 0.006671 
2728.583000 0.006597 
2728.824000 0.006670 
2729.065000 0.006669 
2729.306000 0.006668 
2729.547000 0.006741 
2729.788000 0.006814 
2730.029000 0.006886 
2730.270000 0.006813 
2730.511000 0.006812 
2730.752000 0.006738 
2730.993000 0.006737 
2731.234000 0.006737 
2731.475000 0.006663 
2731.717000 0.006662 
2731.958000 0.006735 
2732.198000 0.006808 
2732.440000 0.006807 
2732.681000 0.006807 
2732.922000 0.006879 
2733.163000 0.006805 
2733.404000 0.006805 
2733.645000 0.006804 
2733.886000 0.006804 
2734.127000 0.006803 
2734.368000 0.006802 
2734.609000 0.006802 
2734.850000 0.006801 
2735.091000 0.006801 
2735.332000 0.006800 
2735.573000 0.006726 
2735.814000 0.006799 
2736.056000 0.006871 
2736.297000 0.006871 
2736.538000 0.006870 
2736.779000 0.006942 
2737.020000 0.007015 
2737.261000 0.006941 
2737.502000 0.006941 
2737.743000 0.006940 
2737.984000 0.006939 
2738.225000 0.006866 
2738.466000 0.006792 
2738.707000 0.006865 
2738.948000 0.006937 
2739.189000 0.006936 
2739.430000 0.006936 
2739.671000 0.006935 
2739.913000 0.006935 
2740.154000 0.006934 
2740.395000 0.006933 
2740.636000 0.006933 
2740.877000 0.006932 
2741.118000 0.006931 
2741.359000 0.006858 
2741.600000 0.006930 
2741.841000 0.007003 
2742.082000 0.007075 
2742.323000 0.007074 
2742.564000 0.007074 
2742.805000 0.007073 
2743.046000 0.007000 
2743.287000 0.006926 
2743.529000 0.006925 
2743.770000 0.006925 
2744.010000 0.006924 
2744.252000 0.006924 
2744.493000 0.006923 
2744.734000 0.006995 
2744.975000 0.006995 
2745.216000 0.006994 
2745.457000 0.006993 
2745.698000 0.007066 
2745.939000 0.007065 
2746.180000 0.007064 
2746.421000 0.007137 
2746.662000 0.007136 
2746.903000 0.007135 
2747.145000 0.007062 
2747.385000 0.007061 
2747.626000 0.007133 
2747.868000 0.007206 
2748.109000 0.007205 
2748.350000 0.007132 
2748.591000 0.007131 
2748.832000 0.007130 
2749.073000 0.007130 
2749.314000 0.007056 
2749.555000 0.007056 
2749.796000 0.007128 
2750.037000 0.007127 
2750.278000 0.007199 
2750.519000 0.007199 
2750.760000 0.007198 
2751.001000 0.007197 
2751.242000 0.007124 
2751.484000 0.007123 
2751.725000 0.007195 
2751.966000 0.007195 
2752.207000 0.007194 
2752.448000 0.007121 
2752.689000 0.007193 
2752.930000 0.007192 
2753.171000 0.007192 
2753.412000 0.007191 
2753.653000 0.007190 
2753.894000 0.007262 
2754.135000 0.007189 
2754.376000 0.007189 
2754.617000 0.007188 
2754.858000 0.007187 
2755.099000 0.007187 
2755.341000 0.007186 
2755.582000 0.007258 
2755.823000 0.007257 
2756.064000 0.007257 
2756.305000 0.007184 
2756.546000 0.007183 
2756.787000 0.007182 
2757.028000 0.007182 
2757.269000 0.007181 
2757.510000 0.007180 
2757.751000 0.007180 
2757.992000 0.007179 
2758.233000 0.007106 
2758.474000 0.007178 
2758.715000 0.007250 
2758.957000 0.007322 
2759.198000 0.007321 
2759.438000 0.007320 
2759.680000 0.007392 
2759.921000 0.007392 
2760.162000 0.007391 
2760.403000 0.007318 
2760.644000 0.007317 
2760.885000 0.007316 
2761.126000 0.007243 
2761.367000 0.007243 
2761.608000 0.007242 
2761.849000 0.007314 
2762.090000 0.007313 
2762.331000 0.007313 
2762.573000 0.007312 
2762.813000 0.007384 
2763.054000 0.007383 
2763.296000 0.007382 
2763.537000 0.007454 
2763.778000 0.007526 
2764.019000 0.007525 
2764.260000 0.007452 
2764.501000 0.007452 
2764.742000 0.007451 
2764.983000 0.007450 
2765.224000 0.007377 
2765.465000 0.007377 
2765.706000 0.007448 
2765.947000 0.007448 
2766.188000 0.007375 
2766.429000 0.007374 
2766.670000 0.007446 
2766.912000 0.007445 
2767.153000 0.007372 
2767.394000 0.007444 
2767.635000 0.007515 
2767.876000 0.007515 
2768.117000 0.007514 
2768.358000 0.007441 
2768.599000 0.007441 
2768.840000 0.007440 
2769.081000 0.007439 
2769.322000 0.007511 
2769.563000 0.007510 
2769.804000 0.007510 
2770.045000 0.007437 
2770.286000 0.007436 
2770.527000 0.007508 
2770.769000 0.007579 
2771.010000 0.007506 
2771.251000 0.007433 
2771.492000 0.007433 
2771.733000 0.007504 
2771.974000 0.007504 
2772.215000 0.007503 
2772.456000 0.007575 
2772.697000 0.007646 
2772.938000 0.007645 
2773.179000 0.007645 
2773.420000 0.007644 
2773.661000 0.007643 
2773.902000 0.007643 
2774.143000 0.007642 
2774.385000 0.007641 
2774.625000 0.007641 
2774.866000 0.007640 
2775.108000 0.007567 
2775.349000 0.007639 
2775.590000 0.007710 
2775.831000 0.007709 
2776.072000 0.007709 
2776.313000 0.007636 
2776.554000 0.007707 
2776.795000 0.007707 
2777.036000 0.007706 
2777.277000 0.007705 
2777.518000 0.007777 
2777.759000 0.007776 
2778.000000 0.007703 
2778.241000 0.007631 
2778.482000 0.007630 
2778.724000 0.007629 
2778.965000 0.007629 
2779.206000 0.007628 
2779.447000 0.007771 
2779.688000 0.007843 
2779.929000 0.007770 
2780.170000 0.007769 
2780.411000 0.007769 
2780.652000 0.007768 
2780.893000 0.007695 
2781.134000 0.007695 
2781.375000 0.007694 
2781.616000 0.007765 
2781.857000 0.007765 
2782.098000 0.007764 
2782.340000 0.007835 
2782.581000 0.007906 
2782.822000 0.007906 
2783.063000 0.007833 
2783.304000 0.007832 
2783.545000 0.007832 
2783.786000 0.007831 
2784.027000 0.007759 
2784.268000 0.007830 
2784.509000 0.007901 
2784.750000 0.007972 
2784.991000 0.007971 
2785.232000 0.007971 
2785.473000 0.007970 
2785.714000 0.007969 
2785.955000 0.007897 
2786.197000 0.007896 
2786.438000 0.007895 
2786.679000 0.007895 
2786.920000 0.007966 
2787.161000 0.007965 
2787.402000 0.007964 
2787.643000 0.007964 
2787.884000 0.007891 
2788.125000 0.007819 
2788.366000 0.007890 
2788.607000 0.007889 
2788.848000 0.007889 
2789.089000 0.007888 
2789.330000 0.007887 
2789.571000 0.007958 
2789.813000 0.007958 
2790.053000 0.007957 
2790.294000 0.008028 
2790.536000 0.008027 
2790.777000 0.008026 
2791.018000 0.007954 
2791.259000 0.008025 
2791.500000 0.008024 
2791.741000 0.008095 
2791.982000 0.008095 
2792.223000 0.008094 
2792.464000 0.008165 
2792.705000 0.008164 
2792.946000 0.008163 
2793.187000 0.008163 
2793.428000 0.008234 
2793.669000 0.008233 
2793.910000 0.008161 
2794.152000 0.008160 
2794.393000 0.008231 
2794.634000 0.008230 
2794.875000 0.008229 
2795.116000 0.008157 
2795.357000 0.008228 
2795.598000 0.008227 
2795.839000 0.008227 
2796.080000 0.008226 
2796.321000 0.008225 
2796.562000 0.008224 
2796.803000 0.008224 
2797.044000 0.008151 
2797.285000 0.008151 
2797.526000 0.008150 
2797.768000 0.008221 
2798.009000 0.008220 
2798.250000 0.008291 
2798.491000 0.008362 
2798.732000 0.008361 
2798.973000 0.008289 
2799.214000 0.008288 
2799.455000 0.008359 
2799.696000 0.008287 
2799.937000 0.008286 
2800.178000 0.008285 
2800.419000 0.008356 
2800.660000 0.008355 
2800.901000 0.008354 
2801.142000 0.008282 
2801.383000 0.008353 
2801.625000 0.008281 
2801.865000 0.008280 
2802.107000 0.008279 
2802.348000 0.008350 
2802.589000 0.008421 
2802.830000 0.008491 
2803.071000 0.008491 
2803.312000 0.008561 
2803.553000 0.008632 
2803.794000 0.008631 
2804.035000 0.008559 
2804.276000 0.008558 
2804.517000 0.008558 
2804.758000 0.008557 
2804.999000 0.008556 
2805.240000 0.008555 
2805.481000 0.008626 
2805.722000 0.008697 
2805.964000 0.008624 
2806.205000 0.008624 
2806.446000 0.008694 
2806.687000 0.008694 
2806.928000 0.008764 
2807.169000 0.008763 
2807.410000 0.008834 
2807.651000 0.008762 
2807.892000 0.008761 
2808.133000 0.008831 
2808.374000 0.008902 
2808.615000 0.008901 
2808.856000 0.008972 
2809.097000 0.008971 
2809.338000 0.009041 
2809.580000 0.009040 
2809.821000 0.009111 
2810.062000 0.009181 
2810.303000 0.009323 
2810.544000 0.009464 
2810.785000 0.009464 
2811.026000 0.009392 
2811.267000 0.009462 
2811.508000 0.009532 
2811.749000 0.009603 
2811.990000 0.009602 
2812.231000 0.009743 
2812.472000 0.009813 
2812.713000 0.009813 
2812.954000 0.009812 
2813.196000 0.009953 
2813.437000 0.010023 
2813.677000 0.010094 
2813.919000 0.010093 
2814.160000 0.010163 
2814.401000 0.010162 
2814.642000 0.010161 
2814.883000 0.010089 
2815.124000 0.010159 
2815.365000 0.010301 
2815.606000 0.010300 
2815.847000 0.010299 
2816.088000 0.010369 
2816.329000 0.010439 
2816.570000 0.010438 
2816.811000 0.010437 
2817.052000 0.010436 
2817.293000 0.010436 
2817.535000 0.010435 
2817.776000 0.010363 
2818.017000 0.010362 
2818.258000 0.010361 
2818.499000 0.010431 
2818.740000 0.010359 
2818.981000 0.010358 
2819.222000 0.010428 
2819.463000 0.010357 
2819.704000 0.010285 
2819.945000 0.010213 
2820.186000 0.010212 
2820.427000 0.010211 
2820.668000 0.010139 
2820.909000 0.010068 
2821.150000 0.010067 
2821.392000 0.010066 
2821.633000 0.010065 
2821.874000 0.009993 
2822.115000 0.009993 
2822.356000 0.009992 
2822.597000 0.009991 
2822.838000 0.009919 
2823.079000 0.009918 
2823.320000 0.009917 
2823.561000 0.009917 
2823.802000 0.009845 
2824.043000 0.009844 
2824.284000 0.009914 
2824.525000 0.009913 
2824.766000 0.009842 
2825.008000 0.009841 
2825.249000 0.009769 
2825.490000 0.009768 
2825.731000 0.009697 
2825.972000 0.009696 
2826.213000 0.009766 
2826.454000 0.009765 
2826.695000 0.009693 
2826.936000 0.009622 
2827.177000 0.009621 
2827.418000 0.009620 
2827.659000 0.009690 
2827.900000 0.009689 
2828.141000 0.009759 
2828.382000 0.009688 
2828.624000 0.009616 
2828.865000 0.009544 
2829.105000 0.009614 
2829.347000 0.009684 
2829.588000 0.009683 
2829.829000 0.009612 
2830.070000 0.009611 
2830.311000 0.009610 
2830.552000 0.009609 
2830.793000 0.009609 
2831.034000 0.009749 
2831.275000 0.009819 
2831.516000 0.009818 
2831.757000 0.009747 
2831.998000 0.009746 
2832.239000 0.009745 
2832.480000 0.009674 
2832.721000 0.009673 
2832.963000 0.009672 
2833.204000 0.009742 
2833.445000 0.009741 
2833.686000 0.009669 
2833.927000 0.009669 
2834.168000 0.009668 
2834.409000 0.009667 
2834.650000 0.009596 
2834.891000 0.009665 
2835.132000 0.009735 
2835.373000 0.009805 
2835.614000 0.009733 
2835.855000 0.009733 
2836.096000 0.009732 
2836.337000 0.009731 
2836.578000 0.009730 
2836.820000 0.009729 
2837.061000 0.009728 
2837.302000 0.009728 
2837.543000 0.009727 
2837.784000 0.009655 
2838.025000 0.009655 
2838.266000 0.009724 
2838.507000 0.009653 
2838.748000 0.009652 
2838.989000 0.009651 
2839.230000 0.009721 
2839.471000 0.009650 
2839.712000 0.009578 
2839.953000 0.009578 
2840.194000 0.009647 
2840.436000 0.009646 
2840.677000 0.009646 
2840.917000 0.009715 
2841.159000 0.009785 
2841.400000 0.009784 
2841.641000 0.009713 
2841.882000 0.009712 
2842.123000 0.009781 
2842.364000 0.009851 
2842.605000 0.009850 
2842.846000 0.009849 
2843.087000 0.009848 
2843.328000 0.009777 
2843.569000 0.009706 
2843.810000 0.009705 
2844.052000 0.009845 
2844.292000 0.009915 
2844.533000 0.009843 
2844.775000 0.009772 
2845.016000 0.009842 
2845.257000 0.009841 
2845.498000 0.009770 
2845.739000 0.009699 
2845.980000 0.009698 
2846.221000 0.009767 
2846.462000 0.009837 
2846.703000 0.009836 
2846.944000 0.009835 
2847.185000 0.009834 
2847.426000 0.009833 
2847.667000 0.009833 
2847.908000 0.009832 
2848.149000 0.009831 
2848.391000 0.009830 
2848.632000 0.009829 
2848.873000 0.009828 
2849.114000 0.009898 
2849.355000 0.009967 
2849.596000 0.009966 
2849.837000 0.009965 
2850.078000 0.010035 
2850.319000 0.010034 
2850.560000 0.009963 
2850.801000 0.009962 
2851.042000 0.010031 
2851.283000 0.010031 
2851.524000 0.010030 
2851.765000 0.010029 
2852.006000 0.010098 
2852.248000 0.010097 
2852.489000 0.010026 
2852.730000 0.009955 
2852.971000 0.009955 
2853.212000 0.010024 
2853.453000 0.010023 
2853.694000 0.010022 
2853.935000 0.010091 
2854.176000 0.010090 
2854.417000 0.010090 
2854.658000 0.010089 
2854.899000 0.010158 
2855.140000 0.010227 
2855.381000 0.010156 
2855.622000 0.010155 
2855.864000 0.010155 
2856.104000 0.010224 
2856.346000 0.010223 
2856.587000 0.010152 
2856.828000 0.010221 
2857.069000 0.010290 
2857.310000 0.010289 
2857.551000 0.010289 
2857.792000 0.010218 
2858.033000 0.010287 
2858.274000 0.010286 
2858.515000 0.010285 
2858.756000 0.010284 
2858.997000 0.010283 
2859.238000 0.010213 
2859.479000 0.010142 
2859.720000 0.010141 
2859.961000 0.010210 
2860.203000 0.010209 
2860.444000 0.010208 
2860.685000 0.010207 
2860.926000 0.010276 
2861.167000 0.010276 
2861.408000 0.010275 
2861.649000 0.010274 
2861.890000 0.010273 
2862.131000 0.010202 
2862.372000 0.010131 
2862.613000 0.010131 
2862.854000 0.010200 
2863.095000 0.010269 
2863.336000 0.010268 
2863.577000 0.010267 
2863.819000 0.010336 
2864.060000 0.010405 
2864.301000 0.010404 
2864.542000 0.010333 
2864.783000 0.010402 
2865.024000 0.010471 
2865.265000 0.010540 
2865.506000 0.010469 
2865.747000 0.010538 
2865.988000 0.010537 
2866.229000 0.010606 
2866.470000 0.010536 
2866.711000 0.010535 
2866.952000 0.010464 
2867.193000 0.010463 
2867.434000 0.010393 
2867.676000 0.010392 
2867.917000 0.010461 
2868.158000 0.010460 
2868.399000 0.010389 
2868.640000 0.010388 
2868.881000 0.010457 
2869.122000 0.010526 
2869.363000 0.010525 
2869.604000 0.010454 
2869.845000 0.010523 
2870.086000 0.010522 
2870.327000 0.010521 
2870.568000 0.010590 
2870.809000 0.010659 
2871.050000 0.010728 
2871.292000 0.010657 
2871.532000 0.010656 
2871.773000 0.010586 
2872.015000 0.010655 
2872.256000 0.010654 
2872.497000 0.010583 
2872.738000 0.010652 
2872.979000 0.010651 
2873.220000 0.010650 
2873.461000 0.010580 
2873.702000 0.010579 
2873.943000 0.010578 
2874.184000 0.010647 
2874.425000 0.010646 
2874.666000 0.010714 
2874.907000 0.010713 
2875.148000 0.010712 
2875.389000 0.010712 
2875.631000 0.010711 
2875.872000 0.010779 
2876.113000 0.010848 
2876.354000 0.010778 
2876.595000 0.010777 
2876.836000 0.010776 
2877.077000 0.010844 
2877.318000 0.010843 
2877.559000 0.010912 
2877.800000 0.010981 
2878.041000 0.010980 
2878.282000 0.010979 
2878.523000 0.010908 
2878.764000 0.010907 
2879.005000 0.010907 
2879.247000 0.010906 
2879.488000 0.010835 
2879.729000 0.010904 
2879.970000 0.010903 
2880.211000 0.010971 
2880.452000 0.011040 
2880.693000 0.011039 
2880.934000 0.011108 
2881.175000 0.011107 
2881.416000 0.011036 
2881.657000 0.010966 
2881.898000 0.010965 
2882.139000 0.010964 
2882.380000 0.010963 
2882.621000 0.011032 
2882.862000 0.011100 
2883.104000 0.011099 
2883.344000 0.011098 
2883.586000 0.011097 
2883.827000 0.011166 
2884.068000 0.011095 
2884.309000 0.011025 
2884.550000 0.011024 
2884.791000 0.011093 
2885.032000 0.011161 
2885.273000 0.011160 
2885.514000 0.011159 
2885.755000 0.011158 
2885.996000 0.011157 
2886.237000 0.011156 
2886.478000 0.011225 
2886.719000 0.011224 
2886.960000 0.011292 
2887.202000 0.011291 
2887.443000 0.011290 
2887.684000 0.011289 
2887.925000 0.011288 
2888.166000 0.011287 
2888.407000 0.011286 
2888.648000 0.011355 
2888.889000 0.011354 
2889.130000 0.011422 
2889.371000 0.011421 
2889.612000 0.011420 
2889.853000 0.011488 
2890.094000 0.011418 
2890.335000 0.011348 
2890.576000 0.011278 
2890.817000 0.011277 
2891.059000 0.011345 
2891.300000 0.011344 
2891.541000 0.011482 
2891.782000 0.011619 
2892.023000 0.011618 
2892.264000 0.011617 
2892.505000 0.011616 
2892.746000 0.011684 
2892.987000 0.011753 
2893.228000 0.011752 
2893.469000 0.011751 
2893.710000 0.011819 
2893.951000 0.011818 
2894.192000 0.011817 
2894.433000 0.011816 
2894.675000 0.011884 
2894.916000 0.011952 
2895.156000 0.011951 
2895.398000 0.012019 
2895.639000 0.012087 
2895.880000 0.012155 
2896.121000 0.012223 
2896.362000 0.012291 
2896.603000 0.012359 
2896.844000 0.012427 
2897.085000 0.012426 
2897.326000 0.012425 
2897.567000 0.012493 
2897.808000 0.012630 
2898.049000 0.012767 
2898.290000 0.012835 
2898.531000 0.012903 
2898.772000 0.012971 
2899.014000 0.013039 
2899.255000 0.012969 
2899.496000 0.012968 
2899.737000 0.013036 
2899.978000 0.013104 
2900.219000 0.013171 
2900.460000 0.013239 
2900.701000 0.013238 
2900.942000 0.013306 
2901.183000 0.013236 
2901.424000 0.013235 
2901.665000 0.013303 
2901.906000 0.013302 
2902.147000 0.013300 
2902.388000 0.013368 
2902.629000 0.013367 
2902.871000 0.013366 
2903.112000 0.013296 
2903.353000 0.013295 
2903.594000 0.013294 
2903.835000 0.013362 
2904.076000 0.013292 
2904.317000 0.013291 
2904.558000 0.013289 
2904.799000 0.013288 
2905.040000 0.013218 
2905.281000 0.013148 
2905.522000 0.013216 
2905.763000 0.013215 
2906.004000 0.013214 
2906.245000 0.013144 
2906.487000 0.013074 
2906.728000 0.013073 
2906.969000 0.013072 
2907.210000 0.013071 
2907.451000 0.013070 
2907.692000 0.013069 
2907.933000 0.012999 
2908.174000 0.012929 
2908.415000 0.012928 
2908.656000 0.012996 
2908.897000 0.012926 
2909.138000 0.012856 
2909.379000 0.012855 
2909.620000 0.012854 
2909.861000 0.012853 
2910.103000 0.012852 
2910.344000 0.012851 
2910.584000 0.012918 
2910.826000 0.012917 
2911.067000 0.012848 
2911.308000 0.012778 
2911.549000 0.012845 
2911.790000 0.012844 
2912.031000 0.012843 
2912.272000 0.012774 
2912.513000 0.012772 
2912.754000 0.012840 
2912.995000 0.012839 
2913.236000 0.012838 
2913.477000 0.012837 
2913.718000 0.012836 
2913.959000 0.012835 
2914.200000 0.012902 
2914.442000 0.012970 
2914.683000 0.013037 
2914.924000 0.013036 
2915.165000 0.012967 
2915.406000 0.013034 
2915.647000 0.013033 
2915.888000 0.013032 
2916.129000 0.012962 
2916.370000 0.012961 
2916.611000 0.012960 
2916.852000 0.012959 
2917.093000 0.012958 
2917.334000 0.012957 
2917.575000 0.013093 
2917.816000 0.013092 
2918.058000 0.013091 
2918.299000 0.013090 
2918.540000 0.013089 
2918.781000 0.013088 
2919.022000 0.013087 
2919.263000 0.013085 
2919.504000 0.013153 
2919.745000 0.013152 
2919.986000 0.013219 
2920.227000 0.013218 
2920.468000 0.013217 
2920.709000 0.013284 
2920.950000 0.013215 
2921.191000 0.013214 
2921.432000 0.013281 
2921.673000 0.013280 
2921.915000 0.013279 
2922.156000 0.013278 
2922.397000 0.013277 
2922.638000 0.013413 
2922.879000 0.013411 
2923.120000 0.013342 
2923.361000 0.013341 
2923.602000 0.013408 
2923.843000 0.013407 
2924.084000 0.013406 
2924.325000 0.013473 
2924.566000 0.013540 
2924.807000 0.013608 
2925.048000 0.013538 
2925.289000 0.013537 
2925.531000 0.013604 
2925.771000 0.013672 
2926.012000 0.013739 
2926.254000 0.013738 
2926.495000 0.013805 
2926.736000 0.013804 
2926.977000 0.013803 
2927.218000 0.013802 
2927.459000 0.013869 
2927.700000 0.013868 
2927.941000 0.013866 
2928.182000 0.013797 
2928.423000 0.013864 
2928.664000 0.013931 
2928.905000 0.013930 
2929.146000 0.013929 
2929.387000 0.013928 
2929.628000 0.013927 
2929.870000 0.013926 
2930.111000 0.013993 
2930.352000 0.014060 
2930.593000 0.014059 
2930.834000 0.014126 
2931.075000 0.014125 
2931.316000 0.014192 
2931.557000 0.014327 
2931.798000 0.014257 
2932.039000 0.014256 
2932.280000 0.014323 
2932.521000 0.014390 
2932.762000 0.014389 
2933.003000 0.014320 
2933.244000 0.014319 
2933.485000 0.014317 
2933.727000 0.014384 
2933.968000 0.014383 
2934.209000 0.014450 
2934.450000 0.014517 
2934.691000 0.014584 
2934.932000 0.014583 
2935.173000 0.014514 
2935.414000 0.014512 
2935.655000 0.014579 
2935.896000 0.014578 
2936.137000 0.014645 
2936.378000 0.014712 
2936.619000 0.014711 
2936.860000 0.014641 
2937.101000 0.014640 
2937.343000 0.014707 
2937.583000 0.014774 
2937.825000 0.014773 
2938.066000 0.014772 
2938.307000 0.014770 
2938.548000 0.014837 
2938.789000 0.014904 
2939.030000 0.014971 
2939.271000 0.015038 
2939.512000 0.015105 
2939.753000 0.015035 
2939.994000 0.014966 
2940.235000 0.015033 
2940.476000 0.015100 
2940.717000 0.015166 
2940.958000 0.015165 
2941.199000 0.015164 
2941.440000 0.015163 
2941.682000 0.015161 
2941.923000 0.015092 
2942.164000 0.015091 
2942.405000 0.015158 
2942.646000 0.015156 
2942.887000 0.015155 
2943.128000 0.015222 
2943.369000 0.015289 
2943.610000 0.015287 
2943.851000 0.015286 
2944.092000 0.015285 
2944.333000 0.015352 
2944.574000 0.015418 
2944.815000 0.015417 
2945.056000 0.015416 
2945.298000 0.015550 
2945.539000 0.015617 
2945.780000 0.015616 
2946.021000 0.015546 
2946.262000 0.015545 
2946.503000 0.015476 
2946.744000 0.015407 
2946.985000 0.015406 
2947.226000 0.015540 
2947.467000 0.015607 
2947.708000 0.015673 
2947.949000 0.015672 
2948.190000 0.015738 
2948.431000 0.015737 
2948.672000 0.015736 
2948.914000 0.015667 
2949.155000 0.015733 
2949.396000 0.015800 
2949.637000 0.015934 
2949.878000 0.015933 
2950.119000 0.015999 
2950.360000 0.016066 
2950.601000 0.016200 
2950.842000 0.016199 
2951.083000 0.016197 
2951.324000 0.016196 
2951.565000 0.016195 
2951.806000 0.016126 
2952.047000 0.016124 
2952.288000 0.016191 
2952.529000 0.016257 
2952.771000 0.016324 
2953.011000 0.016390 
2953.253000 0.016524 
2953.494000 0.016591 
2953.735000 0.016521 
2953.976000 0.016520 
2954.217000 0.016519 
2954.458000 0.016585 
2954.699000 0.016584 
2954.940000 0.016650 
2955.181000 0.016716 
2955.422000 0.016783 
2955.663000 0.016714 
2955.904000 0.016712 
2956.145000 0.016711 
2956.386000 0.016777 
2956.627000 0.016844 
2956.868000 0.016842 
2957.110000 0.016908 
2957.351000 0.016975 
2957.592000 0.017041 
2957.833000 0.017040 
2958.074000 0.017038 
2958.315000 0.017104 
2958.556000 0.017103 
2958.797000 0.017102 
2959.038000 0.017100 
2959.279000 0.017166 
2959.520000 0.017300 
2959.761000 0.017299 
2960.002000 0.017365 
2960.243000 0.017363 
2960.484000 0.017430 
2960.726000 0.017428 
2960.967000 0.017494 
2961.208000 0.017560 
2961.449000 0.017627 
2961.690000 0.017625 
2961.931000 0.017624 
2962.172000 0.017690 
2962.413000 0.017756 
2962.654000 0.017754 
2962.895000 0.017820 
2963.136000 0.017819 
2963.377000 0.017885 
2963.618000 0.017884 
2963.859000 0.017882 
2964.100000 0.018016 
2964.341000 0.018082 
2964.583000 0.018148 
2964.823000 0.018146 
2965.065000 0.018145 
2965.306000 0.018211 
2965.547000 0.018277 
2965.788000 0.018275 
2966.029000 0.018341 
2966.270000 0.018407 
2966.511000 0.018405 
2966.752000 0.018404 
2966.993000 0.018470 
2967.234000 0.018536 
2967.475000 0.018534 
2967.716000 0.018600 
2967.957000 0.018666 
2968.198000 0.018732 
2968.439000 0.018798 
2968.681000 0.018796 
2968.922000 0.018727 
2969.163000 0.018793 
2969.404000 0.018859 
2969.645000 0.018857 
2969.886000 0.018923 
2970.127000 0.018922 
2970.368000 0.018988 
2970.609000 0.019053 
2970.850000 0.019119 
2971.091000 0.019185 
2971.332000 0.019251 
2971.573000 0.019249 
2971.814000 0.019248 
2972.055000 0.019381 
2972.296000 0.019446 
2972.538000 0.019445 
2972.779000 0.019443 
2973.020000 0.019509 
2973.261000 0.019574 
2973.502000 0.019573 
2973.743000 0.019571 
2973.984000 0.019637 
2974.225000 0.019703 
2974.466000 0.019701 
2974.707000 0.019699 
2974.948000 0.019765 
2975.189000 0.019831 
2975.430000 0.019896 
2975.671000 0.019962 
2975.912000 0.020027 
2976.154000 0.020093 
2976.395000 0.020091 
2976.635000 0.020090 
2976.877000 0.020155 
2977.118000 0.020288 
2977.359000 0.020354 
2977.600000 0.020285 
2977.841000 0.020283 
2978.082000 0.020349 
2978.323000 0.020481 
2978.564000 0.020614 
2978.805000 0.020679 
2979.046000 0.020745 
2979.287000 0.020810 
2979.528000 0.020809 
2979.770000 0.020807 
2980.010000 0.020872 
2980.251000 0.020871 
2980.493000 0.020869 
2980.734000 0.020934 
2980.975000 0.021000 
2981.216000 0.021132 
2981.457000 0.021198 
2981.698000 0.021196 
2981.939000 0.021261 
2982.180000 0.021327 
2982.421000 0.021392 
2982.662000 0.021457 
2982.903000 0.021456 
2983.144000 0.021588 
2983.385000 0.021653 
2983.626000 0.021652 
2983.867000 0.021717 
2984.109000 0.021782 
2984.350000 0.021847 
2984.591000 0.021846 
2984.832000 0.021844 
2985.073000 0.021976 
2985.314000 0.022041 
2985.555000 0.022106 
2985.796000 0.022239 
2986.037000 0.022371 
2986.278000 0.022436 
2986.519000 0.022501 
2986.760000 0.022566 
2987.001000 0.022631 
2987.242000 0.022763 
2987.483000 0.022829 
2987.724000 0.022894 
2987.966000 0.023026 
2988.207000 0.023158 
2988.448000 0.023223 
2988.689000 0.023355 
2988.930000 0.023487 
2989.171000 0.023619 
2989.412000 0.023750 
2989.653000 0.023815 
2989.894000 0.023880 
2990.135000 0.024012 
2990.376000 0.024077 
2990.617000 0.024209 
2990.858000 0.024341 
2991.099000 0.024539 
2991.340000 0.024671 
2991.582000 0.024736 
2991.823000 0.024801 
2992.063000 0.024933 
2992.305000 0.025064 
2992.546000 0.025263 
2992.787000 0.025528 
2993.028000 0.025860 
2993.269000 0.026125 
2993.510000 0.026324 
2993.751000 0.026589 
2993.992000 0.026787 
2994.233000 0.027052 
2994.474000 0.027317 
2994.715000 0.027649 
2994.956000 0.027980 
2995.197000 0.028312 
2995.438000 0.028577 
2995.679000 0.028908 
2995.921000 0.029307 
2996.162000 0.029705 
2996.403000 0.030103 
2996.644000 0.030568 
2996.885000 0.031099 
2997.126000 0.031630 
2997.367000 0.032095 
2997.608000 0.032693 
2997.849000 0.033291 
2998.090000 0.034022 
2998.331000 0.034686 
2998.572000 0.035350 
2998.813000 0.036081 
2999.054000 0.036945 
2999.295000 0.037742 
2999.537000 0.038606 
2999.778000 0.039470 
3000.019000 0.040400 
3000.260000 0.041330 
3000.501000 0.042193 
3000.742000 0.043123 
3000.983000 0.044119 
3001.224000 0.045115 
3001.465000 0.046111 
3001.706000 0.047173 
3001.947000 0.048235 
3002.188000 0.049231 
3002.429000 0.050226 
3002.670000 0.051221 
3002.911000 0.052216 
3003.152000 0.053277 
3003.394000 0.054205 
3003.635000 0.055067 
3003.876000 0.055928 
3004.117000 0.056789 
3004.358000 0.057583 
3004.599000 0.058311 
3004.840000 0.059105 
3005.081000 0.059832 
3005.322000 0.060493 
3005.563000 0.061153 
3005.804000 0.061747 
3006.045000 0.062341 
3006.286000 0.062802 
3006.527000 0.063129 
3006.768000 0.063523 
3007.010000 0.063851 
3007.250000 0.064112 
3007.491000 0.064306 
3007.733000 0.064500 
3007.974000 0.064695 
3008.215000 0.064822 
3008.456000 0.064817 
3008.697000 0.064812 
3008.938000 0.064740 
3009.179000 0.064602 
3009.420000 0.064331 
3009.661000 0.064060 
3009.902000 0.063922 
3010.143000 0.063651 
3010.384000 0.063314 
3010.625000 0.062911 
3010.866000 0.062507 
3011.107000 0.062170 
3011.349000 0.061766 
3011.590000 0.061363 
3011.831000 0.060960 
3012.072000 0.060490 
3012.313000 0.059954 
3012.554000 0.059484 
3012.795000 0.058949 
3013.036000 0.058479 
3013.277000 0.057877 
3013.518000 0.057209 
3013.759000 0.056607 
3014.000000 0.056072 
3014.241000 0.055536 
3014.482000 0.055068 
3014.723000 0.054532 
3014.965000 0.054064 
3015.206000 0.053462 
3015.447000 0.052927 
3015.688000 0.052326 
3015.929000 0.051792 
3016.170000 0.051257 
3016.411000 0.050723 
3016.652000 0.050188 
3016.893000 0.049720 
3017.134000 0.049252 
3017.375000 0.048784 
3017.616000 0.048383 
3017.857000 0.047915 
3018.098000 0.047513 
3018.339000 0.047046 
3018.580000 0.046644 
3018.822000 0.046243 
3019.063000 0.045908 
3019.304000 0.045507 
3019.545000 0.045172 
3019.786000 0.044904 
3020.027000 0.044702 
3020.268000 0.044433 
3020.509000 0.044165 
3020.750000 0.043896 
3020.991000 0.043694 
3021.232000 0.043492 
3021.473000 0.043290 
3021.714000 0.043221 
3021.955000 0.043085 
3022.196000 0.042883 
3022.438000 0.042681 
3022.678000 0.042479 
3022.919000 0.042409 
3023.161000 0.042274 
3023.402000 0.042138 
3023.643000 0.042068 
3023.884000 0.041999 
3024.125000 0.041863 
3024.366000 0.041794 
3024.607000 0.041724 
3024.848000 0.041787 
3025.089000 0.041718 
3025.330000 0.041648 
3025.571000 0.041645 
3025.812000 0.041642 
3026.053000 0.041638 
3026.294000 0.041569 
3026.535000 0.041566 
3026.777000 0.041628 
3027.018000 0.041625 
3027.259000 0.041622 
3027.500000 0.041618 
3027.741000 0.041681 
3027.982000 0.041744 
3028.223000 0.041675 
3028.464000 0.041605 
3028.705000 0.041602 
3028.946000 0.041665 
3029.187000 0.041727 
3029.428000 0.041790 
3029.669000 0.041853 
3029.910000 0.041915 
3030.151000 0.041978 
3030.393000 0.042041 
3030.634000 0.042103 
3030.875000 0.042232 
3031.116000 0.042295 
3031.357000 0.042357 
3031.598000 0.042420 
3031.839000 0.042482 
3032.080000 0.042611 
3032.321000 0.042674 
3032.562000 0.042736 
3032.803000 0.042865 
3033.044000 0.042993 
3033.285000 0.043056 
3033.526000 0.043184 
3033.767000 0.043312 
3034.008000 0.043375 
3034.250000 0.043437 
3034.490000 0.043500 
3034.732000 0.043628 
3034.973000 0.043757 
3035.214000 0.043885 
3035.455000 0.044079 
3035.696000 0.044273 
3035.937000 0.044467 
3036.178000 0.044596 
3036.419000 0.044658 
3036.660000 0.044786 
3036.901000 0.044914 
3037.142000 0.045042 
3037.383000 0.045236 
3037.624000 0.045430 
3037.865000 0.045558 
3038.106000 0.045621 
3038.347000 0.045683 
3038.589000 0.045811 
3038.830000 0.046005 
3039.071000 0.046198 
3039.312000 0.046326 
3039.553000 0.046454 
3039.794000 0.046648 
3040.035000 0.046776 
3040.276000 0.046904 
3040.517000 0.047097 
3040.758000 0.047357 
3040.999000 0.047550 
3041.240000 0.047744 
3041.481000 0.047871 
3041.722000 0.048065 
3041.963000 0.048193 
3042.205000 0.048254 
3042.446000 0.048448 
3042.687000 0.048641 
3042.928000 0.048835 
3043.169000 0.048962 
3043.410000 0.049155 
3043.651000 0.049349 
3043.892000 0.049542 
3044.133000 0.049735 
3044.374000 0.049928 
3044.615000 0.050187 
3044.856000 0.050380 
3045.097000 0.050507 
3045.338000 0.050635 
3045.579000 0.050828 
3045.821000 0.051086 
3046.062000 0.051279 
3046.302000 0.051538 
3046.544000 0.051796 
3046.785000 0.052055 
3047.026000 0.052248 
3047.267000 0.052375 
3047.508000 0.052568 
3047.749000 0.052760 
3047.990000 0.052887 
3048.231000 0.053080 
3048.472000 0.053273 
3048.713000 0.053531 
3048.954000 0.053723 
3049.195000 0.053916 
3049.436000 0.054108 
3049.677000 0.054301 
3049.918000 0.054493 
3050.160000 0.054686 
3050.401000 0.054944 
3050.642000 0.055267 
3050.883000 0.055525 
3051.124000 0.055783 
3051.365000 0.055975 
3051.606000 0.056233 
3051.847000 0.056556 
3052.088000 0.056748 
3052.329000 0.056940 
3052.570000 0.057198 
3052.811000 0.057455 
3053.052000 0.057647 
3053.293000 0.057839 
3053.534000 0.058097 
3053.775000 0.058289 
3054.017000 0.058480 
3054.258000 0.058672 
3054.499000 0.058929 
3054.740000 0.059187 
3054.981000 0.059444 
3055.222000 0.059701 
3055.463000 0.059958 
3055.704000 0.060215 
3055.945000 0.060407 
3056.186000 0.060664 
3056.427000 0.060921 
3056.668000 0.061178 
3056.909000 0.061500 
3057.150000 0.061757 
3057.391000 0.062014 
3057.633000 0.062401 
3057.874000 0.062723 
3058.115000 0.062980 
3058.356000 0.063171 
3058.597000 0.063362 
3058.838000 0.063554 
3059.079000 0.063810 
3059.320000 0.064067 
3059.561000 0.064388 
3059.802000 0.064710 
3060.043000 0.064966 
3060.284000 0.065288 
3060.525000 0.065610 
3060.766000 0.065931 
3061.007000 0.066122 
3061.249000 0.066313 
3061.490000 0.066569 
3061.730000 0.066890 
3061.972000 0.067146 
3062.213000 0.067337 
3062.454000 0.067593 
3062.695000 0.067914 
3062.936000 0.068235 
3063.177000 0.068491 
3063.418000 0.068812 
3063.659000 0.069133 
3063.900000 0.069389 
3064.141000 0.069644 
3064.382000 0.069965 
3064.623000 0.070286 
3064.864000 0.070672 
3065.105000 0.070927 
3065.346000 0.071183 
3065.588000 0.071438 
3065.829000 0.071693 
3066.070000 0.071949 
3066.311000 0.072269 
3066.552000 0.072524 
3066.793000 0.072845 
3067.034000 0.073100 
3067.275000 0.073420 
3067.516000 0.073806 
3067.757000 0.074126 
3067.998000 0.074446 
3068.239000 0.074831 
3068.480000 0.075151 
3068.721000 0.075536 
3068.962000 0.075856 
3069.203000 0.076176 
3069.445000 0.076496 
3069.686000 0.076881 
3069.927000 0.077201 
3070.168000 0.077520 
3070.409000 0.077840 
3070.650000 0.078224 
3070.891000 0.078544 
3071.132000 0.078798 
3071.373000 0.079053 
3071.614000 0.079372 
3071.855000 0.079691 
3072.096000 0.080011 
3072.337000 0.080395 
3072.578000 0.080779 
3072.819000 0.081098 
3073.061000 0.081352 
3073.302000 0.081671 
3073.542000 0.081990 
3073.784000 0.082374 
3074.025000 0.082693 
3074.266000 0.083012 
3074.507000 0.083395 
3074.748000 0.083779 
3074.989000 0.084098 
3075.230000 0.084416 
3075.471000 0.084800 
3075.712000 0.085119 
3075.953000 0.085437 
3076.194000 0.085690 
3076.435000 0.086074 
3076.677000 0.086392 
3076.917000 0.086710 
3077.158000 0.087028 
3077.400000 0.087281 
3077.641000 0.087535 
3077.882000 0.087853 
3078.123000 0.088301 
3078.364000 0.088813 
3078.605000 0.089326 
3078.846000 0.089709 
3079.087000 0.090092 
3079.328000 0.090539 
3079.569000 0.090922 
3079.810000 0.091239 
3080.051000 0.091492 
3080.292000 0.091809 
3080.533000 0.092192 
3080.774000 0.092574 
3081.016000 0.092956 
3081.257000 0.093403 
3081.498000 0.093850 
3081.739000 0.094297 
3081.980000 0.094679 
3082.221000 0.095061 
3082.462000 0.095573 
3082.703000 0.095955 
3082.944000 0.096272 
3083.185000 0.096524 
3083.426000 0.096775 
3083.667000 0.097092 
3083.908000 0.097474 
3084.149000 0.097855 
3084.390000 0.098431 
3084.631000 0.099007 
3084.873000 0.099453 
3085.114000 0.099769 
3085.355000 0.100151 
3085.596000 0.100532 
3085.837000 0.100848 
3086.078000 0.101294 
3086.319000 0.101675 
3086.560000 0.102120 
3086.801000 0.102501 
3087.042000 0.102817 
3087.283000 0.103262 
3087.524000 0.103772 
3087.765000 0.104153 
3088.006000 0.104533 
3088.247000 0.104979 
3088.489000 0.105424 
3088.729000 0.105804 
3088.970000 0.106184 
3089.212000 0.106629 
3089.453000 0.107074 
3089.694000 0.107454 
3089.935000 0.107705 
3090.176000 0.108084 
3090.417000 0.108529 
3090.658000 0.109038 
3090.899000 0.109483 
3091.140000 0.109927 
3091.381000 0.110371 
3091.622000 0.110751 
3091.863000 0.111130 
3092.104000 0.111575 
3092.345000 0.112083 
3092.586000 0.112527 
3092.828000 0.112971 
3093.069000 0.113350 
3093.310000 0.113794 
3093.551000 0.114238 
3093.792000 0.114681 
3094.033000 0.115125 
3094.274000 0.115568 
3094.515000 0.116012 
3094.756000 0.116455 
3094.997000 0.116963 
3095.238000 0.117406 
3095.479000 0.117914 
3095.720000 0.118292 
3095.961000 0.118671 
3096.202000 0.119049 
3096.444000 0.119427 
3096.685000 0.119870 
3096.926000 0.120313 
3097.167000 0.120756 
3097.408000 0.121263 
3097.649000 0.121641 
3097.890000 0.122083 
3098.131000 0.122525 
3098.372000 0.123032 
3098.613000 0.123475 
3098.854000 0.123917 
3099.095000 0.124359 
3099.336000 0.124865 
3099.577000 0.125307 
3099.818000 0.125685 
3100.059000 0.126127 
3100.301000 0.126633 
3100.542000 0.127075 
3100.783000 0.127516 
3101.024000 0.128022 
3101.265000 0.128528 
3101.506000 0.129034 
3101.747000 0.129540 
3101.988000 0.129981 
3102.229000 0.130422 
3102.470000 0.130928 
3102.711000 0.131369 
3102.952000 0.131810 
3103.193000 0.132251 
3103.434000 0.132756 
3103.675000 0.133197 
3103.917000 0.133638 
3104.157000 0.134078 
3104.398000 0.134583 
3104.640000 0.135024 
3104.881000 0.135464 
3105.122000 0.135969 
3105.363000 0.136538 
3105.604000 0.137043 
3105.845000 0.137483 
3106.086000 0.137923 
3106.327000 0.138363 
3106.568000 0.138803 
3106.809000 0.139243 
3107.050000 0.139618 
3107.291000 0.140122 
3107.532000 0.140562 
3107.773000 0.141001 
3108.014000 0.141441 
3108.256000 0.141880 
3108.497000 0.142320 
3108.738000 0.142888 
3108.979000 0.143520 
3109.220000 0.144088 
3109.461000 0.144655 
3109.702000 0.145030 
3109.943000 0.145405 
3110.184000 0.145908 
3110.425000 0.146411 
3110.666000 0.146850 
3110.907000 0.147288 
3111.148000 0.147727 
3111.389000 0.148294 
3111.630000 0.148861 
3111.872000 0.149363 
3112.113000 0.149802 
3112.354000 0.150304 
3112.595000 0.150807 
3112.836000 0.151309 
3113.077000 0.151747 
3113.318000 0.152313 
3113.559000 0.152815 
3113.800000 0.153317 
3114.041000 0.153755 
3114.282000 0.154193 
3114.523000 0.154566 
3114.764000 0.154940 
3115.005000 0.155313 
3115.246000 0.155879 
3115.487000 0.156444 
3115.729000 0.156946 
3115.969000 0.157383 
3116.211000 0.157756 
3116.452000 0.158193 
3116.693000 0.158694 
3116.934000 0.159259 
3117.175000 0.159953 
3117.416000 0.160646 
3117.657000 0.161211 
3117.898000 0.161647 
3118.139000 0.162212 
3118.380000 0.162777 
3118.621000 0.163277 
3118.862000 0.163714 
3119.103000 0.164150 
3119.344000 0.164586 
3119.585000 0.164958 
3119.826000 0.165330 
3120.068000 0.165702 
3120.309000 0.166266 
3120.550000 0.166958 
3120.791000 0.167650 
3121.032000 0.168278 
3121.273000 0.168905 
3121.514000 0.169405 
3121.755000 0.169904 
3121.996000 0.170340 
3122.237000 0.170903 
3122.478000 0.171466 
3122.719000 0.171966 
3122.960000 0.172529 
3123.201000 0.173028 
3123.442000 0.173527 
3123.684000 0.173897 
3123.925000 0.174396 
3124.166000 0.174959 
3124.407000 0.175585 
3124.648000 0.176148 
3124.889000 0.176646 
3125.130000 0.177209 
3125.371000 0.177707 
3125.612000 0.178205 
3125.853000 0.178639 
3126.094000 0.179137 
3126.335000 0.179763 
3126.576000 0.180261 
3126.817000 0.180759 
3127.058000 0.181257 
3127.300000 0.181818 
3127.541000 0.182316 
3127.781000 0.182749 
3128.023000 0.183247 
3128.264000 0.183808 
3128.505000 0.184369 
3128.746000 0.184802 
3128.987000 0.185300 
3129.228000 0.185733 
3129.469000 0.186230 
3129.710000 0.186727 
3129.951000 0.187351 
3130.192000 0.187976 
3130.433000 0.188600 
3130.674000 0.189033 
3130.915000 0.189529 
3131.156000 0.190090 
3131.397000 0.190586 
3131.639000 0.191146 
3131.880000 0.191642 
3132.121000 0.192266 
3132.362000 0.192890 
3132.603000 0.193386 
3132.844000 0.193945 
3133.085000 0.194441 
3133.326000 0.195000 
3133.567000 0.195496 
3133.808000 0.195928 
3134.049000 0.196487 
3134.290000 0.197046 
3134.531000 0.197542 
3134.772000 0.198037 
3135.013000 0.198468 
3135.254000 0.198963 
3135.496000 0.199458 
3135.737000 0.199953 
3135.978000 0.200575 
3136.219000 0.201261 
3136.460000 0.201884 
3136.701000 0.202442 
3136.942000 0.202936 
3137.183000 0.203558 
3137.424000 0.204053 
3137.665000 0.204547 
3137.906000 0.204977 
3138.147000 0.205535 
3138.388000 0.206029 
3138.629000 0.206587 
3138.870000 0.207081 
3139.112000 0.207575 
3139.353000 0.208132 
3139.594000 0.208753 
3139.835000 0.209374 
3140.076000 0.210059 
3140.317000 0.210743 
3140.558000 0.211236 
3140.799000 0.211666 
3141.040000 0.212159 
3141.281000 0.212716 
3141.522000 0.213272 
3141.763000 0.213702 
3142.004000 0.214195 
3142.245000 0.214751 
3142.486000 0.215244 
3142.728000 0.215736 
3142.969000 0.216292 
3143.209000 0.216912 
3143.451000 0.217468 
3143.692000 0.217960 
3143.933000 0.218452 
3144.174000 0.219072 
3144.415000 0.219691 
3144.656000 0.220247 
3144.897000 0.220802 
3145.138000 0.221421 
3145.379000 0.221976 
3145.620000 0.222404 
3145.861000 0.222896 
3146.102000 0.223451 
3146.343000 0.224070 
3146.584000 0.224625 
3146.825000 0.225179 
3147.067000 0.225734 
3147.308000 0.226352 
3147.549000 0.226843 
3147.790000 0.227271 
3148.031000 0.227825 
3148.272000 0.228379 
3148.513000 0.228933 
3148.754000 0.229424 
3148.995000 0.229915 
3149.236000 0.230469 
3149.477000 0.230959 
3149.718000 0.231513 
3149.959000 0.232067 
3150.200000 0.232684 
3150.441000 0.233237 
3150.682000 0.233664 
3150.924000 0.234090 
3151.165000 0.234516 
3151.406000 0.234816 
3151.647000 0.235052 
3151.888000 0.235351 
3152.129000 0.235904 
3152.370000 0.236711 
3152.611000 0.237581 
3152.852000 0.238514 
3153.093000 0.239257 
3153.334000 0.239810 
3153.575000 0.240362 
3153.816000 0.240914 
3154.057000 0.241530 
3154.298000 0.242082 
3154.540000 0.242508 
3154.781000 0.242996 
3155.021000 0.243612 
3155.263000 0.244163 
3155.504000 0.244715 
3155.745000 0.245267 
3155.986000 0.245882 
3156.227000 0.246560 
3156.468000 0.247175 
3156.709000 0.247726 
3156.950000 0.248278 
3157.191000 0.248765 
3157.432000 0.249190 
3157.673000 0.249551 
3157.914000 0.250038 
3158.156000 0.250653 
3158.396000 0.251203 
3158.637000 0.251628 
3158.879000 0.252178 
3159.120000 0.252729 
3159.361000 0.253342 
3159.602000 0.253893 
3159.843000 0.254443 
3160.084000 0.255057 
3160.325000 0.255607 
3160.566000 0.256157 
3160.807000 0.256707 
3161.048000 0.257320 
3161.289000 0.257933 
3161.530000 0.258482 
3161.771000 0.258969 
3162.012000 0.259518 
3162.253000 0.260068 
3162.495000 0.260554 
3162.736000 0.261103 
3162.977000 0.261715 
3163.218000 0.262328 
3163.459000 0.262814 
3163.700000 0.263299 
3163.941000 0.263848 
3164.182000 0.264397 
3164.423000 0.264756 
3164.664000 0.265178 
3164.905000 0.265790 
3165.146000 0.266402 
3165.387000 0.267076 
3165.628000 0.267625 
3165.869000 0.268236 
3166.110000 0.268784 
3166.352000 0.269206 
3166.593000 0.269627 
3166.834000 0.270112 
3167.075000 0.270723 
3167.316000 0.271208 
3167.557000 0.271692 
3167.798000 0.272240 
3168.039000 0.272850 
3168.280000 0.273524 
3168.521000 0.274071 
3168.762000 0.274681 
3169.003000 0.275355 
3169.244000 0.275839 
3169.485000 0.276259 
3169.726000 0.276680 
3169.968000 0.277227 
3170.208000 0.277774 
3170.449000 0.278194 
3170.691000 0.278677 
3170.932000 0.279287 
3171.173000 0.280023 
3171.414000 0.280695 
3171.655000 0.281304 
3171.896000 0.281850 
3172.137000 0.282333 
3172.378000 0.282690 
3172.619000 0.282984 
3172.860000 0.283467 
3173.101000 0.284075 
3173.342000 0.284684 
3173.583000 0.285230 
3173.824000 0.285712 
3174.065000 0.286321 
3174.307000 0.286866 
3174.548000 0.287474 
3174.789000 0.288082 
3175.030000 0.288753 
3175.271000 0.289298 
3175.512000 0.289843 
3175.753000 0.290388 
3175.994000 0.291058 
3176.235000 0.291603 
3176.476000 0.291959 
3176.717000 0.292314 
3176.958000 0.292733 
3177.199000 0.293214 
3177.440000 0.293758 
3177.681000 0.294240 
3177.923000 0.294847 
3178.164000 0.295391 
3178.405000 0.295872 
3178.646000 0.296416 
3178.887000 0.297022 
3179.128000 0.297629 
3179.369000 0.298172 
3179.610000 0.298716 
3179.851000 0.299196 
3180.092000 0.299677 
3180.333000 0.300094 
3180.574000 0.300512 
3180.815000 0.301055 
3181.056000 0.301598 
3181.297000 0.302141 
3181.538000 0.302747 
3181.780000 0.303478 
3182.021000 0.304146 
3182.262000 0.304626 
3182.503000 0.304980 
3182.744000 0.305397 
3182.985000 0.306002 
3183.226000 0.306482 
3183.467000 0.307024 
3183.708000 0.307566 
3183.949000 0.308234 
3184.190000 0.308776 
3184.431000 0.309192 
3184.672000 0.309671 
3184.913000 0.310213 
3185.154000 0.310754 
3185.396000 0.311233 
3185.636000 0.311712 
3185.877000 0.312253 
3186.119000 0.312732 
3186.360000 0.313085 
3186.601000 0.313563 
3186.842000 0.314167 
3187.083000 0.314833 
3187.324000 0.315374 
3187.565000 0.315790 
3187.806000 0.316268 
3188.047000 0.316746 
3188.288000 0.317098 
3188.529000 0.317513 
3188.770000 0.318116 
3189.011000 0.318782 
3189.252000 0.319385 
3189.493000 0.319863 
3189.735000 0.320403 
3189.976000 0.320943 
3190.217000 0.321357 
3190.458000 0.321772 
3190.699000 0.322249 
3190.940000 0.322852 
3191.181000 0.323517 
3191.422000 0.324056 
3191.663000 0.324596 
3191.904000 0.325072 
3192.145000 0.325486 
3192.386000 0.325838 
3192.627000 0.326314 
3192.868000 0.326916 
3193.109000 0.327455 
3193.351000 0.327931 
3193.592000 0.328470 
3193.833000 0.329072 
3194.074000 0.329548 
3194.315000 0.329836 
3194.556000 0.330187 
3194.797000 0.330788 
3195.038000 0.331451 
3195.279000 0.332052 
3195.520000 0.332591 
3195.761000 0.333191 
3196.002000 0.333792 
3196.243000 0.334142 
3196.484000 0.334430 
3196.725000 0.334905 
3196.966000 0.335506 
3197.208000 0.335981 
3197.448000 0.336518 
3197.690000 0.337056 
3197.931000 0.337531 
3198.172000 0.337943 
3198.413000 0.338293 
3198.654000 0.338767 
3198.895000 0.339430 
3199.136000 0.340029 
3199.377000 0.340441 
3199.618000 0.340791 
3199.859000 0.341265 
3200.100000 0.341677 
3200.341000 0.342089 
3200.582000 0.342625 
3200.823000 0.343224 
3201.064000 0.343698 
3201.305000 0.344047 
3201.547000 0.344458 
3201.788000 0.345120 
3202.029000 0.345781 
3202.270000 0.346254 
3202.511000 0.346603 
3202.752000 0.347077 
3202.993000 0.347550 
3203.234000 0.347961 
3203.475000 0.348372 
3203.716000 0.348970 
3203.957000 0.349568 
3204.198000 0.349978 
3204.439000 0.350327 
3204.680000 0.350737 
3204.921000 0.351210 
3205.163000 0.351558 
3205.404000 0.351906 
3205.645000 0.352441 
3205.886000 0.353101 
3206.127000 0.353573 
3206.368000 0.353983 
3206.609000 0.354455 
3206.850000 0.354928 
3207.091000 0.355275 
3207.332000 0.355623 
3207.573000 0.356032 
3207.814000 0.356629 
3208.055000 0.357226 
3208.296000 0.357573 
3208.537000 0.357982 
3208.779000 0.358454 
3209.020000 0.358926 
3209.260000 0.359335 
3209.502000 0.359682 
3209.743000 0.360153 
3209.984000 0.360687 
3210.225000 0.361158 
3210.466000 0.361630 
3210.707000 0.362163 
3210.948000 0.362634 
3211.189000 0.362981 
3211.430000 0.363327 
3211.671000 0.363798 
3211.912000 0.364269 
3212.153000 0.364678 
3212.394000 0.365086 
3212.635000 0.365557 
3212.876000 0.366089 
3213.118000 0.366435 
3213.359000 0.366657 
3213.600000 0.367065 
3213.841000 0.367598 
3214.082000 0.368068 
3214.323000 0.368476 
3214.564000 0.369070 
3214.805000 0.369603 
3215.046000 0.370010 
3215.287000 0.370231 
3215.528000 0.370515 
3215.769000 0.370922 
3216.010000 0.371330 
3216.251000 0.371737 
3216.492000 0.372207 
3216.733000 0.372801 
3216.975000 0.373332 
3217.216000 0.373615 
3217.457000 0.373836 
3217.698000 0.374181 
3217.939000 0.374588 
3218.180000 0.374932 
3218.421000 0.375339 
3218.662000 0.375933 
3218.903000 0.376464 
3219.144000 0.376870 
3219.385000 0.377215 
3219.626000 0.377684 
3219.867000 0.378152 
3220.108000 0.378435 
3220.349000 0.378655 
3220.591000 0.379061 
3220.832000 0.379467 
3221.073000 0.379873 
3221.314000 0.380280 
3221.555000 0.380748 
3221.796000 0.381278 
3222.037000 0.381622 
3222.278000 0.381842 
3222.519000 0.382185 
3222.760000 0.382653 
3223.001000 0.383121 
3223.242000 0.383465 
3223.483000 0.383870 
3223.724000 0.384276 
3223.965000 0.384620 
3224.207000 0.384901 
3224.448000 0.385306 
3224.688000 0.385774 
3224.930000 0.386055 
3225.171000 0.386274 
3225.412000 0.386555 
3225.653000 0.387146 
3225.894000 0.387613 
3226.135000 0.387894 
3226.376000 0.388175 
3226.617000 0.388518 
3226.858000 0.388923 
3227.099000 0.389266 
3227.340000 0.389609 
3227.581000 0.390199 
3227.822000 0.390790 
3228.063000 0.391194 
3228.304000 0.391475 
3228.546000 0.391817 
3228.787000 0.392160 
3229.028000 0.392378 
3229.269000 0.392597 
3229.510000 0.392939 
3229.751000 0.393281 
3229.992000 0.393499 
3230.233000 0.393594 
3230.474000 0.393812 
3230.715000 0.394216 
3230.956000 0.394558 
3231.197000 0.394838 
3231.438000 0.395242 
3231.679000 0.395770 
3231.920000 0.396049 
3232.161000 0.396144 
3232.403000 0.395990 
3232.644000 0.395837 
3232.885000 0.395622 
3233.126000 0.395716 
3233.367000 0.396491 
3233.608000 0.397822 
3233.849000 0.399153 
3234.090000 0.399865 
3234.331000 0.400330 
3234.572000 0.400671 
3234.813000 0.401012 
3235.054000 0.401230 
3235.295000 0.401385 
3235.536000 0.401726 
3235.777000 0.402129 
3236.019000 0.402408 
3236.260000 0.402502 
3236.501000 0.402781 
3236.742000 0.403121 
3236.983000 0.403400 
3237.224000 0.403617 
3237.465000 0.403958 
3237.706000 0.404360 
3237.947000 0.404577 
3238.188000 0.404671 
3238.429000 0.405011 
3238.670000 0.405599 
3238.911000 0.406062 
3239.152000 0.406341 
3239.393000 0.406619 
3239.635000 0.406898 
3239.875000 0.407053 
3240.116000 0.407146 
3240.358000 0.407424 
3240.599000 0.407888 
3240.840000 0.408351 
3241.081000 0.408691 
3241.322000 0.408969 
3241.563000 0.409309 
3241.804000 0.409525 
3242.045000 0.409618 
3242.286000 0.409773 
3242.527000 0.410174 
3242.768000 0.410513 
3243.009000 0.410730 
3243.250000 0.410884 
3243.491000 0.411285 
3243.732000 0.411748 
3243.974000 0.411902 
3244.215000 0.412118 
3244.456000 0.412457 
3244.697000 0.412858 
3244.938000 0.413013 
3245.179000 0.413043 
3245.420000 0.413198 
3245.661000 0.413537 
3245.902000 0.413752 
3246.143000 0.413783 
3246.384000 0.413937 
3246.625000 0.414338 
3246.866000 0.414738 
3247.107000 0.415200 
3247.348000 0.415785 
3247.589000 0.416309 
3247.831000 0.416586 
3248.072000 0.416678 
3248.313000 0.416955 
3248.554000 0.417416 
3248.795000 0.417816 
3249.036000 0.417909 
3249.277000 0.418062 
3249.518000 0.418401 
3249.759000 0.418739 
3250.000000 0.418831 
3250.241000 0.418984 
3250.482000 0.419384 
3250.723000 0.419845 
3250.964000 0.420060 
3251.205000 0.420090 
3251.447000 0.420182 
3251.688000 0.420336 
3251.929000 0.420366 
3252.170000 0.420458 
3252.411000 0.420857 
3252.652000 0.421256 
3252.893000 0.421409 
3253.134000 0.421440 
3253.375000 0.421654 
3253.616000 0.422115 
3253.857000 0.422514 
3254.098000 0.422729 
3254.339000 0.422882 
3254.580000 0.423035 
3254.821000 0.423065 
3255.063000 0.423095 
3255.303000 0.423309 
3255.544000 0.423831 
3255.786000 0.424229 
3256.027000 0.424382 
3256.268000 0.424658 
3256.509000 0.425056 
3256.750000 0.425455 
3256.991000 0.425546 
3257.232000 0.425576 
3257.473000 0.425852 
3257.714000 0.426127 
3257.955000 0.426280 
3258.196000 0.426494 
3258.437000 0.426708 
3258.678000 0.426860 
3258.919000 0.426829 
3259.160000 0.426736 
3259.402000 0.427011 
3259.643000 0.427531 
3259.884000 0.427868 
3260.125000 0.428143 
3260.366000 0.428418 
3260.607000 0.428755 
3260.848000 0.428907 
3261.089000 0.428998 
3261.330000 0.429273 
3261.571000 0.429670 
3261.812000 0.429884 
3262.053000 0.429852 
3262.294000 0.429820 
3262.535000 0.430034 
3262.776000 0.430186 
3263.017000 0.430215 
3263.259000 0.430367 
3263.500000 0.430581 
3263.741000 0.430671 
3263.982000 0.430640 
3264.223000 0.430730 
3264.464000 0.431005 
3264.705000 0.431279 
3264.946000 0.431493 
3265.187000 0.431828 
3265.428000 0.432348 
3265.669000 0.432683 
3265.910000 0.432651 
3266.151000 0.432497 
3266.392000 0.432587 
3266.633000 0.432678 
3266.875000 0.432707 
3267.115000 0.432737 
3267.357000 0.433011 
3267.598000 0.433346 
3267.839000 0.433559 
3268.080000 0.433588 
3268.321000 0.433678 
3268.562000 0.433769 
3268.803000 0.433676 
3269.044000 0.433521 
3269.285000 0.433612 
3269.526000 0.433824 
3269.767000 0.433792 
3270.008000 0.433638 
3270.249000 0.433484 
3270.490000 0.433330 
3270.731000 0.433053 
3270.972000 0.432899 
3271.214000 0.433295 
3271.455000 0.434363 
3271.696000 0.435309 
3271.937000 0.435766 
3272.178000 0.435918 
3272.419000 0.436130 
3272.660000 0.436342 
3272.901000 0.436432 
3273.142000 0.436461 
3273.383000 0.436735 
3273.624000 0.436825 
3273.865000 0.436670 
3274.106000 0.436455 
3274.347000 0.436484 
3274.588000 0.436574 
3274.830000 0.436664 
3275.071000 0.436815 
3275.312000 0.437149 
3275.553000 0.437422 
3275.794000 0.437329 
3276.035000 0.437236 
3276.276000 0.437448 
3276.517000 0.437721 
3276.758000 0.437628 
3276.999000 0.437351 
3277.240000 0.437319 
3277.481000 0.437592 
3277.722000 0.437926 
3277.963000 0.437955 
3278.204000 0.438045 
3278.445000 0.438196 
3278.687000 0.438346 
3278.927000 0.438253 
3279.169000 0.438221 
3279.410000 0.438189 
3279.651000 0.438034 
3279.892000 0.437941 
3280.133000 0.438092 
3280.374000 0.438365 
3280.615000 0.438576 
3280.856000 0.438483 
3281.097000 0.438451 
3281.338000 0.438602 
3281.579000 0.438813 
3281.820000 0.438903 
3282.061000 0.439053 
3282.302000 0.439204 
3282.543000 0.439233 
3282.785000 0.438957 
3283.026000 0.438742 
3283.267000 0.438770 
3283.508000 0.438921 
3283.749000 0.438889 
3283.990000 0.438795 
3284.231000 0.438824 
3284.472000 0.438975 
3284.713000 0.439064 
3284.954000 0.439093 
3285.195000 0.439304 
3285.436000 0.439455 
3285.677000 0.439422 
3285.918000 0.439268 
3286.159000 0.439297 
3286.400000 0.439387 
3286.642000 0.439293 
3286.883000 0.439079 
3287.124000 0.438986 
3287.365000 0.439136 
3287.606000 0.439225 
3287.847000 0.439193 
3288.088000 0.439283 
3288.329000 0.439494 
3288.570000 0.439583 
3288.811000 0.439490 
3289.052000 0.439397 
3289.293000 0.439426 
3289.534000 0.439211 
3289.775000 0.438814 
3290.016000 0.438478 
3290.258000 0.438446 
3290.499000 0.438535 
3290.740000 0.438321 
3290.981000 0.437924 
3291.222000 0.437467 
3291.463000 0.437070 
3291.704000 0.436917 
3291.945000 0.437128 
3292.186000 0.437825 
3292.427000 0.438521 
3292.668000 0.438732 
3292.909000 0.438640 
3293.150000 0.438607 
3293.391000 0.438636 
3293.632000 0.438422 
3293.873000 0.438147 
3294.115000 0.437932 
3294.355000 0.437901 
3294.597000 0.437868 
3294.838000 0.437715 
3295.079000 0.437744 
3295.320000 0.437894 
3295.561000 0.437862 
3295.802000 0.437708 
3296.043000 0.437616 
3296.284000 0.437705 
3296.525000 0.437855 
3296.766000 0.437884 
3297.007000 0.437912 
3297.248000 0.438062 
3297.489000 0.438030 
3297.730000 0.437816 
3297.971000 0.437481 
3298.213000 0.437267 
3298.454000 0.437053 
3298.695000 0.436779 
3298.936000 0.436565 
3299.177000 0.436654 
3299.418000 0.436926 
3299.659000 0.436954 
3299.900000 0.436801 
3300.141000 0.436648 
3300.382000 0.436495 
3300.623000 0.436160 
3300.864000 0.435765 
3301.105000 0.435672 
3301.346000 0.435822 
3301.587000 0.435912 
3301.828000 0.435698 
3302.070000 0.435484 
3302.311000 0.435392 
3302.552000 0.435239 
3302.793000 0.435026 
3303.034000 0.434812 
3303.275000 0.434720 
3303.516000 0.434265 
3303.757000 0.433385 
3303.998000 0.432385 
3304.239000 0.431688 
3304.480000 0.431354 
3304.721000 0.431564 
3304.962000 0.432078 
3305.203000 0.432712 
3305.444000 0.432862 
3305.686000 0.432285 
3305.927000 0.431467 
3306.167000 0.431073 
3306.409000 0.431344 
3306.650000 0.431978 
3306.891000 0.432793 
3307.132000 0.433487 
3307.373000 0.433698 
3307.614000 0.433364 
3307.855000 0.432848 
3308.096000 0.432454 
3308.337000 0.432181 
3308.578000 0.431726 
3308.819000 0.431332 
3309.060000 0.431301 
3309.301000 0.431511 
3309.542000 0.431540 
3309.783000 0.431448 
3310.025000 0.431417 
3310.266000 0.431506 
3310.507000 0.431475 
3310.748000 0.431262 
3310.989000 0.431231 
3311.230000 0.431380 
3311.471000 0.431228 
3311.712000 0.430774 
3311.953000 0.430320 
3312.194000 0.430168 
3312.435000 0.430016 
3312.676000 0.429804 
3312.917000 0.429591 
3313.158000 0.429620 
3313.399000 0.429589 
3313.641000 0.429316 
3313.882000 0.429044 
3314.123000 0.429012 
3314.364000 0.429042 
3314.605000 0.428829 
3314.846000 0.428497 
3315.087000 0.428345 
3315.328000 0.428253 
3315.569000 0.427921 
3315.810000 0.427467 
3316.051000 0.427316 
3316.292000 0.427284 
3316.533000 0.427253 
3316.774000 0.427041 
3317.015000 0.426890 
3317.256000 0.426799 
3317.498000 0.426526 
3317.739000 0.426073 
3317.980000 0.425801 
3318.221000 0.425770 
3318.462000 0.425559 
3318.703000 0.425166 
3318.944000 0.424954 
3319.185000 0.425044 
3319.426000 0.425073 
3319.667000 0.424862 
3319.908000 0.424590 
3320.149000 0.424439 
3320.390000 0.424227 
3320.631000 0.423895 
3320.872000 0.423563 
3321.114000 0.423412 
3321.354000 0.423321 
3321.595000 0.423170 
3321.837000 0.423079 
3322.078000 0.423169 
3322.319000 0.423138 
3322.560000 0.422746 
3322.801000 0.422294 
3323.042000 0.421963 
3323.283000 0.421812 
3323.524000 0.421601 
3323.765000 0.421269 
3324.006000 0.421179 
3324.247000 0.421148 
3324.488000 0.420757 
3324.729000 0.420064 
3324.970000 0.419372 
3325.211000 0.418981 
3325.453000 0.418710 
3325.694000 0.418680 
3325.935000 0.418950 
3326.176000 0.419280 
3326.417000 0.419430 
3326.658000 0.419280 
3326.899000 0.419069 
3327.140000 0.418918 
3327.381000 0.418587 
3327.622000 0.418016 
3327.863000 0.417625 
3328.104000 0.417655 
3328.345000 0.417685 
3328.586000 0.417414 
3328.827000 0.417024 
3329.069000 0.416753 
3329.310000 0.416603 
3329.551000 0.416332 
3329.792000 0.416122 
3330.033000 0.416032 
3330.274000 0.416002 
3330.515000 0.415732 
3330.756000 0.415401 
3330.997000 0.415251 
3331.238000 0.415221 
3331.479000 0.414951 
3331.720000 0.414621 
3331.961000 0.414411 
3332.202000 0.414261 
3332.443000 0.413991 
3332.684000 0.413601 
3332.926000 0.413391 
3333.167000 0.413241 
3333.408000 0.413031 
3333.649000 0.412641 
3333.890000 0.412371 
3334.131000 0.412221 
3334.372000 0.411832 
3334.613000 0.411382 
3334.854000 0.411232 
3335.095000 0.411443 
3335.336000 0.411533 
3335.577000 0.411203 
3335.818000 0.410694 
3336.059000 0.410245 
3336.300000 0.409915 
3336.542000 0.409526 
3336.782000 0.409257 
3337.023000 0.409227 
3337.265000 0.409077 
3337.506000 0.408688 
3337.747000 0.408180 
3337.988000 0.407791 
3338.229000 0.407462 
3338.470000 0.407073 
3338.711000 0.406864 
3338.952000 0.407194 
3339.193000 0.407584 
3339.434000 0.407614 
3339.675000 0.407345 
3339.916000 0.407136 
3340.157000 0.406987 
3340.398000 0.406718 
3340.639000 0.406329 
3340.881000 0.406120 
3341.122000 0.406031 
3341.363000 0.405703 
3341.604000 0.405195 
3341.845000 0.404746 
3342.086000 0.404478 
3342.327000 0.404090 
3342.568000 0.403702 
3342.809000 0.403672 
3343.050000 0.403943 
3343.291000 0.404033 
3343.532000 0.403705 
3343.773000 0.403317 
3344.014000 0.403108 
3344.255000 0.402900 
3344.497000 0.402452 
3344.738000 0.402124 
3344.979000 0.402155 
3345.220000 0.402246 
3345.461000 0.402037 
3345.702000 0.401590 
3345.943000 0.401143 
3346.184000 0.400695 
3346.425000 0.400308 
3346.666000 0.399980 
3346.907000 0.400011 
3347.148000 0.399982 
3347.389000 0.399595 
3347.630000 0.399088 
3347.871000 0.398701 
3348.112000 0.398553 
3348.354000 0.398345 
3348.594000 0.398018 
3348.836000 0.397750 
3349.077000 0.397602 
3349.318000 0.397096 
3349.559000 0.396351 
3349.800000 0.395725 
3350.041000 0.395398 
3350.282000 0.395250 
3350.523000 0.395282 
3350.764000 0.395432 
3351.005000 0.395702 
3351.246000 0.395793 
3351.487000 0.395586 
3351.728000 0.395378 
3351.969000 0.395350 
3352.210000 0.395202 
3352.451000 0.394816 
3352.693000 0.394489 
3352.934000 0.394282 
3353.175000 0.394074 
3353.416000 0.393748 
3353.657000 0.393481 
3353.898000 0.393453 
3354.139000 0.393365 
3354.380000 0.392979 
3354.621000 0.392474 
3354.862000 0.392147 
3355.103000 0.392059 
3355.344000 0.391912 
3355.585000 0.391646 
3355.826000 0.391379 
3356.067000 0.391172 
3356.309000 0.390727 
3356.550000 0.390282 
3356.791000 0.390135 
3357.032000 0.390047 
3357.273000 0.389721 
3357.514000 0.389217 
3357.755000 0.388831 
3357.996000 0.388684 
3358.237000 0.388656 
3358.478000 0.388450 
3358.719000 0.388243 
3358.960000 0.388037 
3359.201000 0.387652 
3359.442000 0.387148 
3359.683000 0.386822 
3359.925000 0.386675 
3360.166000 0.386409 
3360.406000 0.386084 
3360.648000 0.385818 
3360.889000 0.385791 
3361.130000 0.385704 
3361.371000 0.385259 
3361.612000 0.384875 
3361.853000 0.384728 
3362.094000 0.384701 
3362.335000 0.384435 
3362.576000 0.383991 
3362.817000 0.383666 
3363.058000 0.383401 
3363.299000 0.383076 
3363.540000 0.382752 
3363.781000 0.382605 
3364.022000 0.382578 
3364.264000 0.382312 
3364.505000 0.381928 
3364.746000 0.381663 
3364.987000 0.381458 
3365.228000 0.381014 
3365.469000 0.380333 
3365.710000 0.379890 
3365.951000 0.379685 
3366.192000 0.379539 
3366.433000 0.379393 
3366.674000 0.379247 
3366.915000 0.379041 
3367.156000 0.378658 
3367.397000 0.378096 
3367.638000 0.377653 
3367.879000 0.377508 
3368.121000 0.377302 
3368.362000 0.376860 
3368.603000 0.376180 
3368.844000 0.375381 
3369.085000 0.374523 
3369.326000 0.373843 
3369.567000 0.373935 
3369.808000 0.374918 
3370.049000 0.375900 
3370.290000 0.376229 
3370.531000 0.376024 
3370.772000 0.375760 
3371.013000 0.375555 
3371.254000 0.375172 
3371.495000 0.374671 
3371.737000 0.374406 
3371.978000 0.374202 
3372.219000 0.373819 
3372.460000 0.373318 
3372.701000 0.373054 
3372.942000 0.373027 
3373.183000 0.372882 
3373.424000 0.372500 
3373.665000 0.372236 
3373.906000 0.372032 
3374.147000 0.371709 
3374.388000 0.371149 
3374.629000 0.370767 
3374.870000 0.370503 
3375.111000 0.370180 
3375.353000 0.369680 
3375.594000 0.369298 
3375.834000 0.369094 
3376.076000 0.368831 
3376.317000 0.368449 
3376.558000 0.368245 
3376.799000 0.368278 
3377.040000 0.368370 
3377.281000 0.368166 
3377.522000 0.367844 
3377.763000 0.367640 
3378.004000 0.367436 
3378.245000 0.366995 
3378.486000 0.366436 
3378.727000 0.366114 
3378.968000 0.365851 
3379.209000 0.365352 
3379.450000 0.364852 
3379.692000 0.364649 
3379.933000 0.364504 
3380.174000 0.364182 
3380.415000 0.363683 
3380.656000 0.363361 
3380.897000 0.363276 
3381.138000 0.363132 
3381.379000 0.362811 
3381.620000 0.362548 
3381.861000 0.362345 
3382.102000 0.361964 
3382.343000 0.361406 
3382.584000 0.361144 
3382.825000 0.361177 
3383.066000 0.361033 
3383.307000 0.360653 
3383.549000 0.360213 
3383.790000 0.360011 
3384.031000 0.359689 
3384.272000 0.359191 
3384.513000 0.358752 
3384.754000 0.358608 
3384.995000 0.358464 
3385.236000 0.357966 
3385.477000 0.357468 
3385.718000 0.357147 
3385.959000 0.356886 
3386.200000 0.356506 
3386.441000 0.356067 
3386.682000 0.355865 
3386.923000 0.355780 
3387.165000 0.355519 
3387.406000 0.355080 
3387.646000 0.354760 
3387.888000 0.354439 
3388.129000 0.354001 
3388.370000 0.353444 
3388.611000 0.353065 
3388.852000 0.352863 
3389.093000 0.352484 
3389.334000 0.351928 
3389.575000 0.351489 
3389.816000 0.351170 
3390.057000 0.350732 
3390.298000 0.350058 
3390.539000 0.349384 
3390.781000 0.348769 
3391.021000 0.348096 
3391.262000 0.347304 
3391.504000 0.346808 
3391.745000 0.347078 
3391.986000 0.347702 
3392.227000 0.348149 
3392.468000 0.348301 
3392.709000 0.348217 
3392.950000 0.347957 
3393.191000 0.347461 
3393.432000 0.346905 
3393.673000 0.346586 
3393.914000 0.346385 
3394.155000 0.346007 
3394.396000 0.345570 
3394.637000 0.345192 
3394.878000 0.344990 
3395.120000 0.344730 
3395.361000 0.344293 
3395.602000 0.343857 
3395.843000 0.343361 
3396.084000 0.342630 
3396.325000 0.341899 
3396.566000 0.341521 
3396.807000 0.341497 
3397.048000 0.341355 
3397.289000 0.340919 
3397.530000 0.340424 
3397.771000 0.340046 
3398.012000 0.339610 
3398.253000 0.338998 
3398.494000 0.338326 
3398.735000 0.337773 
3398.977000 0.337101 
3399.218000 0.336254 
3399.459000 0.335700 
3399.700000 0.335618 
3399.941000 0.335771 
3400.182000 0.335688 
3400.423000 0.335311 
3400.664000 0.334876 
3400.905000 0.334499 
3401.146000 0.334181 
3401.387000 0.334099 
3401.628000 0.334193 
3401.869000 0.334346 
3402.110000 0.334204 
3402.351000 0.333828 
3402.593000 0.333510 
3402.833000 0.333193 
3403.074000 0.332699 
3403.316000 0.332088 
3403.557000 0.331536 
3403.798000 0.331159 
3404.039000 0.330784 
3404.280000 0.330290 
3404.521000 0.329914 
3404.762000 0.329656 
3405.003000 0.329221 
3405.244000 0.328728 
3405.485000 0.328411 
3405.726000 0.328212 
3405.967000 0.327954 
3406.208000 0.327402 
3406.449000 0.326851 
3406.690000 0.326417 
3406.932000 0.325982 
3407.173000 0.325431 
3407.414000 0.324939 
3407.655000 0.324622 
3407.896000 0.324364 
3408.137000 0.323755 
3408.378000 0.323086 
3408.619000 0.322653 
3408.860000 0.322395 
3409.101000 0.322138 
3409.342000 0.321939 
3409.583000 0.321799 
3409.824000 0.321483 
3410.065000 0.320874 
3410.306000 0.320147 
3410.548000 0.319655 
3410.789000 0.319281 
3411.030000 0.318789 
3411.271000 0.318239 
3411.512000 0.317806 
3411.753000 0.317491 
3411.994000 0.316999 
3412.235000 0.316332 
3412.476000 0.315900 
3412.717000 0.315702 
3412.958000 0.315445 
3413.199000 0.315071 
3413.440000 0.314756 
3413.681000 0.314499 
3413.922000 0.314184 
3414.163000 0.313635 
3414.405000 0.313144 
3414.646000 0.312770 
3414.887000 0.312280 
3415.128000 0.311614 
3415.369000 0.311064 
3415.610000 0.310691 
3415.851000 0.310318 
3416.092000 0.309769 
3416.333000 0.309279 
3416.574000 0.308964 
3416.815000 0.308709 
3417.056000 0.308277 
3417.297000 0.307846 
3417.538000 0.307473 
3417.779000 0.307100 
3418.021000 0.306669 
3418.261000 0.306179 
3418.502000 0.305806 
3418.744000 0.305375 
3418.985000 0.304827 
3419.226000 0.304221 
3419.467000 0.303790 
3419.708000 0.303418 
3419.949000 0.302987 
3420.190000 0.302439 
3420.431000 0.301950 
3420.672000 0.301578 
3420.913000 0.301089 
3421.154000 0.300483 
3421.395000 0.299995 
3421.636000 0.299681 
3421.877000 0.299368 
3422.118000 0.298938 
3422.360000 0.298507 
3422.601000 0.298077 
3422.842000 0.297531 
3423.083000 0.296867 
3423.324000 0.296320 
3423.565000 0.295949 
3423.806000 0.295519 
3424.047000 0.294973 
3424.288000 0.294368 
3424.529000 0.293997 
3424.770000 0.293509 
3425.011000 0.292963 
3425.252000 0.292475 
3425.493000 0.292162 
3425.734000 0.291850 
3425.976000 0.291421 
3426.217000 0.290875 
3426.458000 0.290446 
3426.699000 0.290017 
3426.940000 0.289354 
3427.181000 0.288575 
3427.422000 0.287972 
3427.663000 0.287485 
3427.904000 0.286939 
3428.145000 0.286394 
3428.386000 0.286082 
3428.627000 0.285829 
3428.868000 0.285459 
3429.109000 0.284855 
3429.350000 0.284194 
3429.591000 0.283532 
3429.833000 0.282929 
3430.073000 0.282385 
3430.315000 0.282015 
3430.556000 0.281879 
3430.797000 0.281567 
3431.038000 0.281023 
3431.279000 0.280537 
3431.520000 0.280109 
3431.761000 0.279681 
3432.002000 0.279021 
3432.243000 0.278477 
3432.484000 0.278108 
3432.725000 0.277680 
3432.966000 0.277020 
3433.207000 0.276243 
3433.448000 0.275583 
3433.689000 0.274923 
3433.930000 0.273972 
3434.172000 0.273021 
3434.413000 0.272303 
3434.654000 0.272051 
3434.895000 0.272090 
3435.136000 0.272187 
3435.377000 0.272168 
3435.618000 0.271858 
3435.859000 0.271199 
3436.100000 0.270423 
3436.341000 0.269705 
3436.582000 0.269105 
3436.823000 0.268504 
3437.064000 0.267903 
3437.305000 0.267477 
3437.546000 0.267226 
3437.788000 0.266858 
3438.029000 0.266432 
3438.270000 0.266122 
3438.511000 0.265929 
3438.752000 0.265561 
3438.993000 0.264903 
3439.234000 0.264245 
3439.475000 0.263645 
3439.716000 0.263045 
3439.957000 0.262387 
3440.198000 0.261787 
3440.439000 0.261420 
3440.680000 0.261111 
3440.921000 0.260686 
3441.162000 0.260145 
3441.404000 0.259720 
3441.645000 0.259178 
3441.885000 0.258463 
3442.127000 0.257748 
3442.368000 0.257149 
3442.609000 0.256550 
3442.850000 0.255893 
3443.091000 0.255294 
3443.332000 0.254927 
3443.573000 0.254561 
3443.814000 0.254021 
3444.055000 0.253364 
3444.296000 0.252940 
3444.537000 0.252574 
3444.778000 0.252092 
3445.019000 0.251435 
3445.260000 0.250953 
3445.501000 0.250472 
3445.743000 0.249990 
3445.984000 0.249334 
3446.225000 0.248852 
3446.466000 0.248428 
3446.707000 0.247889 
3446.948000 0.247233 
3447.189000 0.246520 
3447.430000 0.245980 
3447.671000 0.245499 
3447.912000 0.244960 
3448.153000 0.244421 
3448.394000 0.243940 
3448.635000 0.243401 
3448.876000 0.242804 
3449.117000 0.242149 
3449.358000 0.241668 
3449.600000 0.241245 
3449.841000 0.240707 
3450.082000 0.240110 
3450.323000 0.239688 
3450.564000 0.239323 
3450.805000 0.238785 
3451.046000 0.238189 
3451.287000 0.237593 
3451.528000 0.237112 
3451.769000 0.236516 
3452.010000 0.235921 
3452.251000 0.235325 
3452.492000 0.234787 
3452.733000 0.234133 
3452.974000 0.233480 
3453.216000 0.232942 
3453.457000 0.232521 
3453.698000 0.231925 
3453.939000 0.231272 
3454.180000 0.230735 
3454.421000 0.230371 
3454.662000 0.229892 
3454.903000 0.229297 
3455.144000 0.228702 
3455.385000 0.228166 
3455.626000 0.227629 
3455.867000 0.227092 
3456.108000 0.226498 
3456.349000 0.225961 
3456.590000 0.225424 
3456.832000 0.224830 
3457.073000 0.224352 
3457.313000 0.223989 
3457.555000 0.223568 
3457.796000 0.222917 
3458.037000 0.222265 
3458.278000 0.221729 
3458.519000 0.221251 
3458.760000 0.220657 
3459.001000 0.219948 
3459.242000 0.219354 
3459.483000 0.218819 
3459.724000 0.218283 
3459.965000 0.217748 
3460.206000 0.217270 
3460.447000 0.216793 
3460.688000 0.216200 
3460.929000 0.215549 
3461.171000 0.215014 
3461.412000 0.214595 
3461.653000 0.214117 
3461.894000 0.213525 
3462.135000 0.212932 
3462.376000 0.212455 
3462.617000 0.211921 
3462.858000 0.211386 
3463.099000 0.210852 
3463.340000 0.210375 
3463.581000 0.209841 
3463.822000 0.209133 
3464.063000 0.208368 
3464.304000 0.207718 
3464.545000 0.207127 
3464.786000 0.206477 
3465.028000 0.205828 
3465.269000 0.205352 
3465.510000 0.204818 
3465.751000 0.204227 
3465.992000 0.203463 
3466.233000 0.202756 
3466.474000 0.202223 
3466.715000 0.201747 
3466.956000 0.201445 
3467.197000 0.201142 
3467.438000 0.200782 
3467.679000 0.200134 
3467.920000 0.199313 
3468.161000 0.198607 
3468.402000 0.197959 
3468.644000 0.197311 
3468.885000 0.196720 
3469.125000 0.196361 
3469.367000 0.196116 
3469.608000 0.195815 
3469.849000 0.195398 
3470.090000 0.194865 
3470.331000 0.194391 
3470.572000 0.193859 
3470.813000 0.193326 
3471.054000 0.192794 
3471.295000 0.192320 
3471.536000 0.191731 
3471.777000 0.191141 
3472.018000 0.190552 
3472.260000 0.190078 
3472.500000 0.189489 
3472.741000 0.188842 
3472.983000 0.188196 
3473.224000 0.187722 
3473.465000 0.187248 
3473.706000 0.186775 
3473.947000 0.186186 
3474.188000 0.185712 
3474.429000 0.185297 
3474.670000 0.184708 
3474.911000 0.184062 
3475.152000 0.183474 
3475.393000 0.182886 
3475.634000 0.182240 
3475.875000 0.181537 
3476.116000 0.181007 
3476.357000 0.180591 
3476.599000 0.180119 
3476.840000 0.179473 
3477.081000 0.178886 
3477.322000 0.178413 
3477.563000 0.177998 
3477.804000 0.177526 
3478.045000 0.177053 
3478.286000 0.176581 
3478.527000 0.175937 
3478.768000 0.175177 
3479.009000 0.174475 
3479.250000 0.173946 
3479.491000 0.173474 
3479.732000 0.173059 
3479.973000 0.172645 
3480.214000 0.172231 
3480.456000 0.171759 
3480.697000 0.171173 
3480.938000 0.170586 
3481.179000 0.170057 
3481.420000 0.169643 
3481.661000 0.169057 
3481.902000 0.168471 
3482.143000 0.167885 
3482.384000 0.167414 
3482.625000 0.166886 
3482.866000 0.166415 
3483.107000 0.165944 
3483.348000 0.165530 
3483.589000 0.164945 
3483.830000 0.164302 
3484.072000 0.163774 
3484.313000 0.163303 
3484.553000 0.162833 
3484.795000 0.162248 
3485.036000 0.161605 
3485.277000 0.161135 
3485.518000 0.160607 
3485.759000 0.160080 
3486.000000 0.159610 
3486.241000 0.159197 
3486.482000 0.158613 
3486.723000 0.157971 
3486.964000 0.157386 
3487.205000 0.156916 
3487.446000 0.156504 
3487.688000 0.156035 
3487.928000 0.155508 
3488.169000 0.154981 
3488.411000 0.154454 
3488.652000 0.153870 
3488.893000 0.153344 
3489.134000 0.152875 
3489.375000 0.152406 
3489.616000 0.151879 
3489.857000 0.151410 
3490.098000 0.150999 
3490.339000 0.150644 
3490.580000 0.150118 
3490.821000 0.149535 
3491.062000 0.149009 
3491.303000 0.148598 
3491.544000 0.148129 
3491.785000 0.147661 
3492.027000 0.147192 
3492.268000 0.146781 
3492.509000 0.146199 
3492.750000 0.145559 
3492.991000 0.145033 
3493.232000 0.144623 
3493.473000 0.144155 
3493.714000 0.143515 
3493.955000 0.142933 
3494.196000 0.142465 
3494.437000 0.142054 
3494.678000 0.141644 
3494.919000 0.141176 
3495.160000 0.140766 
3495.401000 0.140241 
3495.642000 0.139717 
3495.884000 0.139192 
3496.125000 0.138782 
3496.366000 0.138315 
3496.607000 0.137791 
3496.848000 0.137209 
3497.089000 0.136685 
3497.330000 0.136275 
3497.571000 0.135866 
3497.812000 0.135399 
3498.053000 0.134989 
3498.294000 0.134580 
3498.535000 0.134056 
3498.776000 0.133532 
3499.017000 0.133123 
3499.258000 0.132714 
3499.500000 0.132190 
3499.740000 0.131724 
3499.981000 0.131372 
3500.223000 0.131020 
3500.464000 0.130554 
3500.705000 0.130031 
3500.946000 0.129451 
3501.187000 0.128985 
3501.428000 0.128405 
3501.669000 0.127882 
3501.910000 0.127416 
3502.151000 0.126951 
3502.392000 0.126485 
3502.633000 0.126077 
3502.874000 0.125782 
3503.115000 0.125602 
3503.356000 0.125308 
3503.597000 0.124843 
3503.839000 0.124321 
3504.080000 0.123913 
3504.321000 0.123562 
3504.562000 0.123040 
3504.803000 0.122518 
3505.044000 0.121996 
3505.285000 0.121531 
3505.526000 0.121009 
3505.767000 0.120601 
3506.008000 0.120251 
3506.249000 0.119900 
3506.490000 0.119493 
3506.731000 0.119028 
3506.972000 0.118621 
3507.213000 0.118214 
3507.455000 0.117692 
3507.696000 0.117171 
3507.937000 0.116707 
3508.178000 0.116300 
3508.419000 0.115950 
3508.660000 0.115486 
3508.901000 0.115193 
3509.142000 0.114900 
3509.383000 0.114493 
3509.624000 0.113972 
3509.865000 0.113509 
3510.106000 0.113159 
3510.347000 0.112752 
3510.588000 0.112346 
3510.829000 0.111882 
3511.070000 0.111533 
3511.312000 0.111070 
3511.552000 0.110606 
3511.794000 0.110200 
3512.035000 0.109851 
3512.276000 0.109502 
3512.517000 0.109039 
3512.758000 0.108576 
3512.999000 0.108170 
3513.240000 0.107821 
3513.481000 0.107415 
3513.722000 0.107009 
3513.963000 0.106660 
3514.204000 0.106311 
3514.445000 0.105906 
3514.686000 0.105557 
3514.927000 0.105208 
3515.168000 0.104860 
3515.409000 0.104398 
3515.651000 0.103992 
3515.892000 0.103644 
3516.133000 0.103295 
3516.374000 0.102833 
3516.615000 0.102371 
3516.856000 0.101909 
3517.097000 0.101561 
3517.338000 0.101156 
3517.579000 0.100751 
3517.820000 0.100346 
3518.061000 0.100055 
3518.302000 0.099707 
3518.543000 0.099359 
3518.784000 0.098955 
3519.025000 0.098664 
3519.267000 0.098373 
3519.508000 0.097968 
3519.749000 0.097507 
3519.990000 0.097103 
3520.231000 0.096755 
3520.472000 0.096408 
3520.713000 0.096060 
3520.954000 0.095826 
3521.195000 0.095536 
3521.436000 0.095188 
3521.677000 0.094728 
3521.918000 0.094267 
3522.159000 0.093920 
3522.400000 0.093573 
3522.641000 0.093169 
3522.883000 0.092765 
3523.124000 0.092361 
3523.365000 0.091958 
3523.606000 0.091611 
3523.847000 0.091377 
3524.088000 0.091201 
3524.329000 0.090911 
3524.570000 0.090564 
3524.811000 0.090218 
3525.052000 0.089984 
3525.293000 0.089638 
3525.534000 0.089178 
3525.775000 0.088718 
3526.016000 0.088372 
3526.257000 0.088025 
3526.498000 0.087622 
3526.740000 0.087219 
3526.980000 0.086816 
3527.222000 0.086527 
3527.463000 0.086181 
3527.704000 0.085892 
3527.945000 0.085602 
3528.186000 0.085313 
3528.427000 0.084967 
3528.668000 0.084564 
3528.909000 0.084275 
3529.150000 0.083986 
3529.391000 0.083697 
3529.632000 0.083351 
3529.873000 0.083062 
3530.114000 0.082774 
3530.355000 0.082428 
3530.596000 0.082082 
3530.837000 0.081794 
3531.079000 0.081561 
3531.320000 0.081273 
3531.561000 0.080871 
3531.802000 0.080525 
3532.043000 0.080180 
3532.284000 0.079835 
3532.525000 0.079433 
3532.766000 0.079088 
3533.007000 0.078856 
3533.248000 0.078511 
3533.489000 0.078223 
3533.730000 0.077878 
3533.971000 0.077646 
3534.212000 0.077302 
3534.453000 0.076957 
3534.695000 0.076612 
3534.936000 0.076380 
3535.177000 0.076092 
3535.418000 0.075748 
3535.659000 0.075347 
3535.900000 0.075059 
3536.141000 0.074827 
3536.382000 0.074539 
3536.623000 0.074252 
3536.864000 0.073964 
3537.105000 0.073789 
3537.346000 0.073501 
3537.587000 0.073214 
3537.828000 0.072926 
3538.069000 0.072695 
3538.311000 0.072351 
3538.552000 0.072007 
3538.792000 0.071719 
3539.034000 0.071488 
3539.275000 0.071145 
3539.516000 0.070801 
3539.757000 0.070513 
3539.998000 0.070226 
3540.239000 0.069939 
3540.480000 0.069708 
3540.721000 0.069477 
3540.962000 0.069247 
3541.203000 0.068960 
3541.444000 0.068673 
3541.685000 0.068329 
3541.926000 0.068042 
3542.167000 0.067699 
3542.408000 0.067355 
3542.650000 0.067125 
3542.891000 0.066951 
3543.132000 0.066721 
3543.373000 0.066490 
3543.614000 0.066147 
3543.855000 0.065860 
3544.096000 0.065574 
3544.337000 0.065231 
3544.578000 0.064831 
3544.819000 0.064488 
3545.060000 0.064258 
3545.301000 0.064085 
3545.542000 0.063968 
3545.783000 0.063850 
3546.024000 0.063621 
3546.265000 0.063334 
3546.507000 0.062992 
3546.748000 0.062705 
3546.989000 0.062476 
3547.230000 0.062246 
3547.471000 0.062016 
3547.712000 0.061786 
3547.953000 0.061557 
3548.194000 0.061271 
3548.435000 0.060985 
3548.676000 0.060699 
3548.917000 0.060526 
3549.158000 0.060240 
3549.399000 0.059954 
3549.640000 0.059668 
3549.881000 0.059495 
3550.123000 0.059266 
3550.364000 0.058980 
3550.604000 0.058694 
3550.846000 0.058465 
3551.087000 0.058236 
3551.328000 0.058006 
3551.569000 0.057777 
3551.810000 0.057604 
3552.051000 0.057432 
3552.292000 0.057203 
3552.533000 0.056917 
3552.774000 0.056688 
3553.015000 0.056515 
3553.256000 0.056230 
3553.497000 0.055945 
3553.739000 0.055660 
3553.979000 0.055431 
3554.220000 0.055202 
3554.462000 0.055029 
3554.703000 0.054801 
3554.944000 0.054684 
3555.185000 0.054456 
3555.426000 0.054227 
3555.667000 0.053942 
3555.908000 0.053657 
3556.149000 0.053372 
3556.390000 0.053088 
3556.631000 0.052859 
3556.872000 0.052687 
3557.113000 0.052514 
3557.354000 0.052230 
3557.595000 0.052001 
3557.836000 0.051773 
3558.078000 0.051601 
3558.319000 0.051316 
3558.560000 0.051088 
3558.801000 0.050860 
3559.042000 0.050688 
3559.283000 0.050460 
3559.524000 0.050288 
3559.765000 0.050116 
3560.006000 0.049944 
3560.247000 0.049716 
3560.488000 0.049488 
3560.729000 0.049316 
3560.970000 0.049088 
3561.211000 0.048860 
3561.452000 0.048632 
3561.693000 0.048404 
3561.935000 0.048232 
3562.176000 0.047948 
3562.417000 0.047664 
3562.658000 0.047493 
3562.899000 0.047321 
3563.140000 0.047093 
3563.381000 0.046809 
3563.622000 0.046526 
3563.863000 0.046354 
3564.104000 0.046183 
3564.345000 0.046011 
3564.586000 0.045784 
3564.827000 0.045668 
3565.068000 0.045497 
3565.309000 0.045326 
3565.551000 0.045154 
3565.792000 0.044983 
3566.033000 0.044756 
3566.274000 0.044472 
3566.515000 0.044245 
3566.756000 0.044074 
3566.997000 0.043959 
3567.238000 0.043843 
3567.479000 0.043616 
3567.720000 0.043445 
3567.961000 0.043274 
3568.202000 0.043047 
3568.443000 0.042876 
3568.684000 0.042649 
3568.925000 0.042478 
3569.167000 0.042251 
3569.407000 0.042024 
3569.648000 0.041909 
3569.890000 0.041794 
3570.131000 0.041623 
3570.372000 0.041452 
3570.613000 0.041281 
3570.854000 0.041111 
3571.095000 0.040884 
3571.336000 0.040601 
3571.577000 0.040374 
3571.818000 0.040204 
3572.059000 0.040033 
3572.300000 0.039750 
3572.541000 0.039580 
3572.782000 0.039353 
3573.023000 0.039183 
3573.264000 0.038956 
3573.506000 0.038785 
3573.747000 0.038671 
3573.988000 0.038556 
3574.229000 0.038330 
3574.470000 0.038160 
3574.711000 0.038045 
3574.952000 0.037875 
3575.193000 0.037648 
3575.434000 0.037422 
3575.675000 0.037196 
3575.916000 0.036970 
3576.157000 0.036743 
3576.398000 0.036573 
3576.639000 0.036459 
3576.880000 0.036345 
3577.121000 0.036230 
3577.363000 0.036060 
3577.604000 0.035890 
3577.845000 0.035720 
3578.086000 0.035550 
3578.327000 0.035380 
3578.568000 0.035210 
3578.809000 0.035095 
3579.050000 0.034870 
3579.291000 0.034644 
3579.532000 0.034418 
3579.773000 0.034248 
3580.014000 0.034078 
3580.255000 0.033908 
3580.496000 0.033738 
3580.737000 0.033624 
3580.979000 0.033399 
3581.219000 0.033229 
3581.460000 0.033115 
3581.702000 0.033001 
3581.943000 0.032943 
3582.184000 0.032773 
3582.425000 0.032604 
3582.666000 0.032434 
3582.907000 0.032264 
3583.148000 0.032095 
3583.389000 0.031981 
3583.630000 0.031867 
3583.871000 0.031698 
3584.112000 0.031472 
3584.353000 0.031247 
3584.594000 0.031077 
3584.835000 0.030908 
3585.076000 0.030739 
3585.318000 0.030569 
3585.559000 0.030511 
3585.800000 0.030453 
3586.041000 0.030340 
3586.282000 0.030226 
3586.523000 0.030113 
3586.764000 0.029943 
3587.005000 0.029774 
3587.246000 0.029605 
3587.487000 0.029436 
3587.728000 0.029266 
3587.969000 0.029153 
3588.210000 0.028984 
3588.451000 0.028815 
3588.692000 0.028590 
3588.934000 0.028365 
3589.175000 0.028196 
3589.416000 0.028027 
3589.657000 0.027914 
3589.898000 0.027800 
3590.139000 0.027687 
3590.380000 0.027518 
3590.621000 0.027405 
3590.862000 0.027347 
3591.103000 0.027234 
3591.344000 0.027009 
3591.585000 0.026841 
3591.826000 0.026616 
3592.067000 0.026447 
3592.308000 0.026334 
3592.549000 0.026277 
3592.791000 0.026164 
3593.031000 0.026106 
3593.273000 0.025993 
3593.514000 0.025880 
3593.755000 0.025767 
3593.996000 0.025598 
3594.237000 0.025374 
3594.478000 0.025205 
3594.719000 0.025092 
3594.960000 0.024924 
3595.201000 0.024755 
3595.442000 0.024642 
3595.683000 0.024585 
3595.924000 0.024472 
3596.165000 0.024359 
3596.406000 0.024246 
3596.647000 0.024078 
3596.889000 0.023854 
3597.130000 0.023686 
3597.371000 0.023573 
3597.612000 0.023516 
3597.853000 0.023458 
3598.094000 0.023401 
3598.335000 0.023289 
3598.576000 0.023176 
3598.817000 0.023008 
3599.058000 0.022839 
3599.299000 0.022616 
3599.540000 0.022503 
3599.781000 0.022446 
3600.022000 0.022333 
3600.263000 0.022276 
3600.504000 0.022164 
3600.746000 0.022107 
3600.987000 0.021994 
3601.228000 0.021826 
3601.469000 0.021658 
3601.710000 0.021545 
3601.951000 0.021433 
3602.192000 0.021265 
3602.433000 0.021152 
3602.674000 0.021095 
3602.915000 0.020983 
3603.156000 0.020871 
3603.397000 0.020758 
3603.638000 0.020701 
3603.879000 0.020589 
3604.120000 0.020532 
3604.362000 0.020420 
3604.603000 0.020307 
3604.844000 0.020195 
3605.085000 0.020027 
3605.326000 0.019860 
3605.567000 0.019692 
3605.808000 0.019580 
3606.049000 0.019523 
3606.290000 0.019411 
3606.531000 0.019298 
3606.772000 0.019186 
3607.013000 0.019074 
3607.254000 0.018962 
3607.495000 0.018850 
3607.736000 0.018738 
3607.977000 0.018570 
3608.219000 0.018402 
3608.459000 0.018346 
3608.701000 0.018345 
3608.942000 0.018288 
3609.183000 0.018176 
3609.424000 0.018119 
3609.665000 0.018063 
3609.906000 0.017951 
3610.147000 0.017839 
3610.388000 0.017727 
3610.629000 0.017615 
3610.870000 0.017503 
3611.111000 0.017335 
3611.352000 0.017168 
3611.593000 0.017112 
3611.834000 0.017055 
3612.075000 0.016943 
3612.316000 0.016887 
3612.558000 0.016830 
3612.799000 0.016718 
3613.040000 0.016607 
3613.281000 0.016495 
3613.522000 0.016494 
3613.763000 0.016437 
3614.004000 0.016270 
3614.245000 0.016103 
3614.486000 0.015991 
3614.727000 0.015879 
3614.968000 0.015823 
3615.209000 0.015711 
3615.450000 0.015655 
3615.691000 0.015654 
3615.932000 0.015598 
3616.174000 0.015486 
3616.415000 0.015374 
3616.656000 0.015263 
3616.897000 0.015151 
3617.138000 0.015040 
3617.379000 0.015039 
3617.620000 0.014982 
3617.861000 0.014926 
3618.102000 0.014814 
3618.343000 0.014758 
3618.584000 0.014702 
3618.825000 0.014590 
3619.066000 0.014424 
3619.307000 0.014312 
3619.548000 0.014201 
3619.790000 0.014144 
3620.031000 0.014088 
3620.271000 0.014032 
3620.513000 0.013976 
3620.754000 0.013920 
3620.995000 0.013808 
3621.236000 0.013697 
3621.477000 0.013696 
3621.718000 0.013640 
3621.959000 0.013584 
3622.200000 0.013417 
3622.441000 0.013306 
3622.682000 0.013250 
3622.923000 0.013194 
3623.164000 0.013138 
3623.405000 0.013082 
3623.646000 0.013026 
3623.887000 0.012914 
3624.129000 0.012748 
3624.370000 0.012692 
3624.611000 0.012636 
3624.852000 0.012580 
3625.093000 0.012524 
3625.334000 0.012468 
3625.575000 0.012412 
3625.816000 0.012301 
3626.057000 0.012190 
3626.298000 0.012134 
3626.539000 0.012078 
3626.780000 0.012022 
3627.021000 0.011911 
3627.262000 0.011800 
3627.503000 0.011799 
3627.745000 0.011798 
3627.986000 0.011797 
3628.227000 0.011741 
3628.468000 0.011630 
3628.709000 0.011574 
3628.950000 0.011518 
3629.191000 0.011518 
3629.432000 0.011462 
3629.673000 0.011406 
3629.914000 0.011240 
3630.155000 0.011074 
3630.396000 0.011018 
3630.637000 0.010962 
3630.878000 0.010906 
3631.119000 0.010851 
3631.360000 0.010905 
3631.602000 0.010904 
3631.843000 0.010848 
3632.084000 0.010793 
3632.325000 0.010737 
3632.566000 0.010681 
3632.807000 0.010515 
3633.048000 0.010404 
3633.289000 0.010349 
3633.530000 0.010348 
3633.771000 0.010292 
3634.012000 0.010237 
3634.253000 0.010181 
3634.494000 0.010180 
3634.735000 0.010180 
3634.976000 0.010124 
3635.218000 0.010013 
3635.458000 0.009957 
3635.699000 0.009902 
3635.941000 0.009846 
3636.182000 0.009790 
3636.423000 0.009845 
3636.664000 0.009844 
3636.905000 0.009844 
3637.146000 0.009843 
3637.387000 0.009787 
3637.628000 0.009677 
3637.869000 0.009511 
3638.110000 0.009455 
3638.351000 0.009455 
3638.592000 0.009454 
3638.833000 0.009399 
3639.074000 0.009343 
3639.315000 0.009342 
3639.557000 0.009287 
3639.798000 0.009286 
3640.039000 0.009286 
3640.280000 0.009230 
3640.521000 0.009175 
3640.762000 0.009119 
3641.003000 0.009063 
3641.244000 0.009063 
3641.485000 0.009117 
3641.726000 0.009117 
3641.967000 0.009061 
3642.208000 0.009060 
3642.449000 0.009005 
3642.690000 0.009004 
3642.931000 0.008949 
3643.172000 0.008948 
3643.414000 0.008893 
3643.655000 0.008837 
3643.896000 0.008837 
3644.137000 0.008891 
3644.378000 0.008945 
3644.619000 0.008945 
3644.860000 0.008889 
3645.101000 0.008834 
3645.342000 0.008833 
3645.583000 0.008833 
3645.824000 0.008832 
3646.065000 0.008777 
3646.306000 0.008776 
3646.547000 0.008721 
3646.788000 0.008720 
3647.030000 0.008719 
3647.271000 0.008719 
3647.512000 0.008718 
3647.753000 0.008718 
3647.994000 0.008717 
3648.235000 0.008717 
3648.476000 0.008716 
3648.717000 0.008715 
3648.958000 0.008715 
3649.199000 0.008714 
3649.440000 0.008714 
3649.681000 0.008713 
3649.922000 0.008658 
3650.163000 0.008657 
3650.404000 0.008711 
3650.646000 0.008711 
3650.886000 0.008710 
3651.127000 0.008655 
3651.369000 0.008654 
3651.610000 0.008654 
3651.851000 0.008653 
3652.092000 0.008653 
3652.333000 0.008707 
3652.574000 0.008706 
3652.815000 0.008706 
3653.056000 0.008705 
3653.297000 0.008704 
3653.538000 0.008759 
3653.779000 0.008758 
3654.020000 0.008757 
3654.261000 0.008757 
3654.502000 0.008756 
3654.743000 0.008756 
3654.985000 0.008700 
3655.226000 0.008700 
3655.467000 0.008754 
3655.708000 0.008808 
3655.949000 0.008808 
3656.190000 0.008862 
3656.431000 0.008861 
3656.672000 0.008861 
3656.913000 0.008805 
3657.154000 0.008805 
3657.395000 0.008804 
3657.636000 0.008804 
3657.877000 0.008748 
3658.118000 0.008748 
3658.359000 0.008747 
3658.601000 0.008692 
3658.842000 0.008691 
3659.083000 0.008636 
3659.324000 0.008581 
3659.565000 0.008526 
3659.806000 0.008470 
3660.047000 0.008415 
3660.288000 0.008469 
3660.529000 0.008469 
3660.770000 0.008523 
3661.011000 0.008522 
3661.252000 0.008522 
3661.493000 0.008466 
3661.734000 0.008357 
3661.975000 0.008247 
3662.216000 0.008246 
3662.458000 0.008246 
3662.698000 0.008191 
3662.940000 0.008136 
3663.181000 0.008190 
3663.422000 0.008189 
3663.663000 0.008189 
3663.904000 0.008133 
3664.145000 0.008133 
3664.386000 0.008132 
3664.627000 0.008077 
3664.868000 0.008077 
3665.109000 0.008131 
3665.350000 0.008130 
3665.591000 0.008021 
3665.832000 0.007911 
3666.073000 0.007801 
3666.314000 0.007746 
3666.555000 0.007637 
3666.797000 0.007582 
3667.038000 0.007527 
3667.279000 0.007526 
3667.520000 0.007526 
3667.761000 0.007470 
3668.002000 0.007415 
3668.243000 0.007415 
3668.484000 0.007360 
3668.725000 0.007250 
3668.966000 0.007195 
3669.207000 0.007141 
3669.448000 0.007140 
3669.689000 0.007085 
3669.930000 0.007085 
3670.171000 0.007030 
3670.413000 0.006975 
3670.654000 0.006920 
3670.895000 0.006865 
3671.136000 0.006810 
3671.377000 0.006755 
3671.618000 0.006591 
3671.859000 0.006536 
3672.100000 0.006536 
3672.341000 0.006535 
3672.582000 0.006535 
3672.823000 0.006426 
3673.064000 0.006316 
3673.305000 0.006261 
3673.546000 0.006261 
3673.787000 0.006206 
3674.028000 0.006151 
3674.270000 0.006096 
3674.510000 0.006042 
3674.752000 0.005932 
3674.993000 0.005878 
3675.234000 0.005877 
3675.475000 0.005822 
3675.716000 0.005713 
3675.957000 0.005713 
3676.198000 0.005767 
3676.439000 0.005712 
3676.680000 0.005657 
3676.921000 0.005603 
3677.162000 0.005602 
3677.403000 0.005602 
3677.644000 0.005601 
3677.885000 0.005547 
3678.126000 0.005546 
3678.368000 0.005492 
3678.609000 0.005437 
3678.850000 0.005382 
3679.091000 0.005382 
3679.332000 0.005381 
3679.573000 0.005327 
3679.814000 0.005326 
3680.055000 0.005326 
3680.296000 0.005326 
3680.537000 0.005271 
3680.778000 0.005271 
3681.019000 0.005216 
3681.260000 0.005161 
3681.501000 0.005107 
3681.742000 0.005052 
3681.983000 0.005052 
3682.225000 0.005106 
3682.466000 0.005105 
3682.707000 0.005051 
3682.948000 0.004996 
3683.189000 0.005050 
3683.430000 0.005104 
3683.671000 0.005158 
3683.912000 0.005212 
3684.153000 0.005212 
3684.394000 0.005157 
3684.635000 0.005102 
3684.876000 0.005102 
3685.117000 0.005047 
3685.358000 0.005047 
3685.599000 0.005047 
3685.841000 0.005046 
3686.082000 0.005046 
3686.323000 0.004991 
3686.564000 0.004883 
3686.805000 0.004828 
3687.046000 0.004882 
3687.287000 0.004882 
3687.528000 0.004881 
3687.769000 0.004881 
3688.010000 0.004935 
3688.251000 0.004989 
3688.492000 0.005043 
3688.733000 0.005097 
3688.974000 0.005150 
3689.215000 0.005150 
3689.457000 0.005096 
3689.698000 0.005095 
3689.938000 0.005095 
3690.180000 0.005095 
3690.421000 0.005094 
3690.662000 0.004986 
3690.903000 0.004931 
3691.144000 0.004931 
3691.385000 0.004876 
3691.626000 0.004822 
3691.867000 0.004821 
3692.108000 0.004875 
3692.349000 0.004875 
3692.590000 0.004875 
3692.831000 0.004820 
3693.072000 0.004820 
3693.313000 0.004765 
3693.554000 0.004765 
3693.796000 0.004765 
3694.037000 0.004764 
3694.278000 0.004764 
3694.519000 0.004710 
3694.760000 0.004655 
3695.001000 0.004601 
3695.242000 0.004546 
3695.483000 0.004546 
3695.724000 0.004492 
3695.965000 0.004545 
3696.206000 0.004491 
3696.447000 0.004437 
3696.688000 0.004382 
3696.929000 0.004328 
3697.170000 0.004328 
3697.411000 0.004273 
3697.653000 0.004273 
3697.894000 0.004327 
3698.135000 0.004272 
3698.376000 0.004218 
3698.617000 0.004110 
3698.858000 0.004055 
3699.099000 0.004001 
3699.340000 0.003893 
3699.581000 0.003838 
3699.822000 0.003784 
3700.063000 0.003784 
3700.304000 0.003783 
3700.545000 0.003675 
3700.786000 0.003675 
3701.027000 0.003675 
3701.269000 0.003674 
3701.510000 0.003566 
3701.750000 0.003458 
3701.992000 0.003350 
3702.233000 0.003295 
3702.474000 0.003187 
3702.715000 0.003079 
3702.956000 0.003079 
3703.197000 0.003132 
3703.438000 0.003186 
3703.679000 0.003132 
3703.920000 0.003078 
3704.161000 0.002970 
3704.402000 0.002861 
3704.643000 0.002807 
3704.884000 0.002753 
3705.125000 0.002807 
3705.366000 0.002753 
3705.608000 0.002753 
3705.849000 0.002698 
3706.090000 0.002698 
3706.331000 0.002644 
3706.572000 0.002536 
3706.813000 0.002482 
3707.054000 0.002482 
3707.295000 0.002482 
3707.536000 0.002481 
3707.777000 0.002427 
3708.018000 0.002427 
3708.259000 0.002319 
3708.500000 0.002265 
3708.741000 0.002211 
3708.982000 0.002211 
3709.224000 0.002211 
3709.465000 0.002211 
3709.706000 0.002157 
3709.947000 0.002156 
3710.188000 0.002210 
3710.429000 0.002264 
3710.670000 0.002264 
3710.911000 0.002264 
3711.152000 0.002263 
3711.393000 0.002263 
3711.634000 0.002209 
3711.875000 0.002209 
3712.116000 0.002155 
3712.357000 0.002101 
3712.598000 0.002047 
3712.839000 0.002047 
3713.081000 0.002101 
3713.322000 0.002101 
3713.563000 0.002100 
3713.804000 0.002046 
3714.045000 0.001992 
3714.286000 0.001992 
3714.527000 0.001992 
3714.768000 0.001992 
3715.009000 0.001992 
3715.250000 0.001992 
3715.491000 0.001938 
3715.732000 0.001884 
3715.973000 0.001884 
3716.214000 0.001884 
3716.455000 0.001937 
3716.697000 0.001991 
3716.938000 0.002045 
3717.178000 0.002098 
3717.420000 0.001991 
3717.661000 0.001937 
3717.902000 0.001829 
3718.143000 0.001775 
3718.384000 0.001721 
3718.625000 0.001721 
3718.866000 0.001721 
3719.107000 0.001721 
3719.348000 0.001775 
3719.589000 0.001774 
3719.830000 0.001774 
3720.071000 0.001774 
3720.313000 0.001720 
3720.553000 0.001666 
3720.794000 0.001613 
3721.036000 0.001612 
3721.277000 0.001559 
3721.518000 0.001559 
3721.759000 0.001558 
3722.000000 0.001558 
3722.241000 0.001504 
3722.482000 0.001397 
3722.723000 0.001289 
3722.964000 0.001289 
3723.205000 0.001289 
3723.446000 0.001182 
3723.687000 0.001128 
3723.928000 0.001128 
3724.169000 0.001128 
3724.410000 0.001074 
3724.652000 0.000967 
3724.893000 0.000913 
3725.134000 0.000859 
3725.375000 0.000859 
3725.616000 0.000859 
3725.857000 0.000859 
3726.098000 0.000805 
3726.339000 0.000805 
3726.580000 0.000805 
3726.821000 0.000805 
3727.062000 0.000859 
3727.303000 0.000859 
3727.544000 0.000858 
3727.785000 0.000805 
3728.026000 0.000751 
3728.267000 0.000644 
3728.509000 0.000536 
3728.750000 0.000536 
3728.991000 0.000590 
3729.232000 0.000536 
3729.473000 0.000483 
3729.714000 0.000429 
3729.955000 0.000429 
3730.196000 0.000429 
3730.437000 0.000483 
3730.678000 0.000536 
3730.919000 0.000643 
3731.160000 0.000643 
3731.401000 0.000643 
3731.642000 0.000590 
3731.883000 0.000590 
3732.125000 0.000589 
3732.365000 0.000589 
3732.606000 0.000643 
3732.848000 0.000643 
3733.089000 0.000589 
3733.330000 0.000536 
3733.571000 0.000536 
3733.812000 0.000589 
3734.053000 0.000643 
3734.294000 0.000643 
3734.535000 0.000536 
3734.776000 0.000482 
3735.017000 0.000428 
3735.258000 0.000428 
3735.499000 0.000482 
3735.740000 0.000535 
3735.981000 0.000535 
3736.222000 0.000482 
3736.464000 0.000482 
3736.705000 0.000482 
3736.946000 0.000482 
3737.187000 0.000428 
3737.428000 0.000428 
3737.669000 0.000428 
3737.910000 0.000482 
3738.151000 0.000482 
3738.392000 0.000428 
3738.633000 0.000428 
3738.874000 0.000428 
3739.115000 0.000481 
3739.356000 0.000428 
3739.597000 0.000374 
3739.838000 0.000321 
3740.080000 0.000267 
3740.321000 0.000267 
3740.562000 0.000267 
3740.803000 0.000267 
3741.044000 0.000321 
3741.285000 0.000267 
3741.526000 0.000267 
3741.767000 0.000267 
3742.008000 0.000267 
3742.249000 0.000214 
3742.490000 0.000214 
3742.731000 0.000267 
3742.972000 0.000267 
3743.213000 0.000267 
3743.454000 0.000214 
3743.695000 0.000214 
3743.937000 0.000321 
3744.177000 0.000374 
3744.419000 0.000427 
3744.660000 0.000427 
3744.901000 0.000427 
3745.142000 0.000374 
3745.383000 0.000267 
3745.624000 0.000214 
3745.865000 0.000214 
3746.106000 0.000267 
3746.347000 0.000267 
3746.588000 0.000267 
3746.829000 0.000214 
3747.070000 0.000214 
3747.311000 0.000213 
3747.552000 0.000160 
3747.793000 0.000160 
3748.034000 0.000160 
3748.276000 0.000160 
3748.517000 0.000213 
3748.758000 0.000267 
3748.999000 0.000267 
3749.240000 0.000267 
3749.481000 0.000213 
3749.722000 0.000213 
3749.963000 0.000160 
3750.204000 0.000107 
3750.445000 0.000000 
3750.686000 -0.000053 
3750.927000 0.000000 
3751.168000 0.000000 
3751.409000 0.000053 
3751.650000 0.000107 
3751.892000 0.000160 
3752.133000 0.000213 
3752.374000 0.000266 
3752.615000 0.000266 
3752.856000 0.000320 
3753.097000 0.000320 
3753.338000 0.000213 
3753.579000 0.000107 
3753.820000 0.000053 
3754.061000 0.000053 
3754.302000 0.000053 
3754.543000 0.000107 
3754.784000 0.000160 
3755.025000 0.000160 
3755.266000 0.000107 
3755.508000 0.000053 
3755.749000 0.000053 
3755.990000 0.000053 
3756.231000 0.000053 
3756.472000 0.000106 
3756.713000 0.000106 
3756.954000 0.000106 
3757.195000 0.000053 
3757.436000 0.000000 
3757.677000 -0.000053 
3757.918000 -0.000053 
3758.159000 -0.000053 
3758.400000 -0.000053 
3758.641000 -0.000053 
3758.882000 -0.000053 
3759.123000 -0.000053 
3759.365000 -0.000053 
3759.605000 0.000053 
3759.847000 0.000160 
3760.088000 0.000160 
3760.329000 0.000160 
3760.570000 0.000160 
3760.811000 0.000106 
3761.052000 0.000053 
3761.293000 0.000053 
3761.534000 0.000053 
3761.775000 0.000106 
3762.016000 0.000053 
3762.257000 -0.000053 
3762.498000 -0.000159 
3762.739000 -0.000213 
3762.980000 -0.000213 
3763.221000 -0.000159 
3763.462000 -0.000106 
3763.704000 0.000000 
3763.945000 0.000000 
3764.186000 0.000000 
3764.427000 0.000000 
3764.668000 -0.000053 
3764.909000 -0.000053 
3765.150000 -0.000106 
3765.391000 -0.000106 
3765.632000 -0.000106 
3765.873000 -0.000106 
3766.114000 -0.000159 
3766.355000 -0.000212 
3766.596000 -0.000212 
3766.837000 -0.000212 
3767.078000 -0.000212 
3767.320000 -0.000159 
3767.561000 -0.000106 
3767.802000 -0.000053 
3768.043000 -0.000053 
3768.284000 -0.000106 
3768.525000 -0.000106 
3768.766000 -0.000106 
3769.007000 -0.000106 
3769.248000 -0.000053 
3769.489000 -0.000053 
3769.730000 0.000000 
3769.971000 0.000000 
3770.212000 0.000000 
3770.453000 0.000000 
3770.694000 0.000000 
3770.936000 0.000000 
3771.177000 -0.000053 
3771.417000 -0.000106 
3771.659000 -0.000106 
3771.900000 -0.000053 
3772.141000 -0.000053 
3772.382000 -0.000106 
3772.623000 -0.000106 
3772.864000 -0.000106 
3773.105000 -0.000159 
3773.346000 -0.000212 
3773.587000 -0.000212 
3773.828000 -0.000159 
3774.069000 -0.000106 
3774.310000 -0.000053 
3774.551000 -0.000053 
3774.792000 -0.000053 
3775.033000 -0.000053 
3775.275000 -0.000053 
3775.516000 -0.000053 
3775.757000 -0.000053 
3775.998000 -0.000106 
3776.239000 -0.000159 
3776.480000 -0.000212 
3776.721000 -0.000212 
3776.962000 -0.000159 
3777.203000 -0.000159 
3777.444000 -0.000106 
3777.685000 -0.000106 
3777.926000 -0.000106 
3778.167000 -0.000159 
3778.408000 -0.000159 
3778.649000 -0.000159 
3778.890000 -0.000106 
3779.132000 -0.000106 
3779.373000 -0.000106 
3779.614000 -0.000053 
3779.855000 -0.000053 
3780.096000 -0.000106 
3780.337000 -0.000106 
3780.578000 -0.000053 
3780.819000 0.000000 
3781.060000 0.000000 
3781.301000 -0.000106 
3781.542000 -0.000159 
3781.783000 -0.000212 
3782.024000 -0.000212 
3782.265000 -0.000212 
3782.506000 -0.000211 
3782.748000 -0.000211 
3782.989000 -0.000211 
3783.229000 -0.000264 
3783.471000 -0.000211 
3783.712000 -0.000159 
3783.953000 -0.000053 
3784.194000 -0.000053 
3784.435000 -0.000053 
3784.676000 -0.000053 
3784.917000 -0.000106 
3785.158000 -0.000106 
3785.399000 -0.000106 
3785.640000 -0.000106 
3785.881000 -0.000106 
3786.122000 -0.000158 
3786.364000 -0.000158 
3786.604000 -0.000158 
3786.845000 -0.000158 
3787.087000 -0.000211 
3787.328000 -0.000264 
3787.569000 -0.000264 
3787.810000 -0.000264 
3788.051000 -0.000211 
3788.292000 -0.000158 
3788.533000 -0.000106 
3788.774000 -0.000106 
3789.015000 -0.000106 
3789.256000 -0.000106 
3789.497000 -0.000053 
3789.738000 -0.000053 
3789.979000 -0.000053 
3790.220000 -0.000106 
3790.461000 -0.000158 
3790.703000 -0.000106 
3790.944000 -0.000106 
3791.185000 -0.000106 
3791.426000 -0.000106 
3791.667000 -0.000105 
3791.908000 -0.000105 
3792.149000 -0.000105 
3792.390000 -0.000053 
3792.631000 -0.000053 
3792.872000 -0.000053 
3793.113000 -0.000105 
3793.354000 -0.000105 
3793.595000 -0.000105 
3793.836000 -0.000053 
3794.077000 0.000000 
3794.318000 -0.000053 
3794.560000 0.000000 
3794.801000 0.000000 
3795.042000 0.000000 
3795.283000 -0.000105 
3795.524000 -0.000158 
3795.765000 -0.000263 
3796.006000 -0.000263 
3796.247000 -0.000211 
3796.488000 -0.000211 
3796.729000 -0.000211 
3796.970000 -0.000158 
3797.211000 -0.000158 
3797.452000 -0.000105 
3797.693000 -0.000105 
3797.934000 -0.000105 
3798.176000 -0.000158 
3798.417000 -0.000158 
3798.657000 -0.000158 
3798.899000 -0.000158 
3799.140000 -0.000158 
3799.381000 -0.000105 
3799.622000 -0.000105 
3799.863000 -0.000105 
3800.104000 -0.000158 
3800.345000 -0.000158 
3800.586000 -0.000158 
3800.827000 -0.000158 
3801.068000 -0.000105 
3801.309000 -0.000053 
3801.550000 0.000000 
3801.792000 0.000000 
3802.032000 -0.000053 
3802.273000 -0.000105 
3802.515000 -0.000105 
3802.756000 -0.000105 
3802.997000 -0.000158 
3803.238000 -0.000158 
3803.479000 -0.000158 
3803.720000 -0.000158 
3803.961000 -0.000105 
3804.202000 -0.000105 
3804.443000 -0.000105 
3804.684000 -0.000105 
3804.925000 -0.000158 
3805.166000 -0.000210 
3805.407000 -0.000263 
3805.648000 -0.000263 
3805.889000 -0.000263 
3806.131000 -0.000263 
3806.372000 -0.000210 
3806.613000 -0.000210 
3806.854000 -0.000210 
3807.095000 -0.000210 
3807.336000 -0.000158 
3807.577000 -0.000105 
3807.818000 -0.000105 
3808.059000 -0.000105 
3808.300000 -0.000105 
3808.541000 -0.000105 
3808.782000 -0.000105 
3809.023000 -0.000053 
3809.264000 -0.000053 
3809.505000 -0.000105 
3809.746000 -0.000105 
3809.988000 -0.000157 
3810.229000 -0.000157 
3810.470000 -0.000210 
3810.711000 -0.000210 
3810.952000 -0.000210 
3811.193000 -0.000157 
3811.434000 -0.000157 
3811.675000 -0.000105 
3811.916000 -0.000052 
3812.157000 0.000000 
3812.398000 0.000000 
3812.639000 -0.000052 
3812.880000 -0.000105 
3813.121000 -0.000157 
3813.362000 -0.000157 
3813.604000 -0.000157 
3813.844000 -0.000157 
3814.085000 -0.000157 
3814.327000 -0.000105 
3814.568000 -0.000105 
3814.809000 -0.000157 
3815.050000 -0.000262 
3815.291000 -0.000315 
3815.532000 -0.000315 
3815.773000 -0.000262 
3816.014000 -0.000210 
3816.255000 -0.000157 
3816.496000 -0.000157 
3816.737000 -0.000157 
3816.978000 -0.000105 
3817.219000 -0.000105 
3817.460000 -0.000052 
3817.701000 -0.000105 
3817.943000 -0.000105 
3818.184000 -0.000157 
3818.425000 -0.000210 
3818.666000 -0.000157 
3818.907000 -0.000105 
3819.148000 -0.000105 
3819.389000 -0.000105 
3819.630000 -0.000105 
3819.871000 -0.000157 
3820.112000 -0.000157 
3820.353000 -0.000157 
3820.594000 -0.000157 
3820.835000 -0.000157 
3821.076000 -0.000157 
3821.317000 -0.000157 
3821.559000 -0.000157 
3821.800000 -0.000209 
3822.041000 -0.000209 
3822.282000 -0.000157 
3822.523000 -0.000052 
3822.764000 -0.000052 
3823.005000 -0.000105 
3823.246000 -0.000157 
3823.487000 -0.000157 
3823.728000 -0.000105 
3823.969000 -0.000052 
3824.210000 0.000000 
3824.451000 0.000000 
3824.692000 0.000000 
3824.933000 -0.000052 
3825.174000 -0.000105 
3825.416000 -0.000157 
3825.656000 -0.000157 
3825.898000 -0.000157 
3826.139000 -0.000105 
3826.380000 -0.000105 
3826.621000 -0.000105 
3826.862000 -0.000105 
3827.103000 -0.000105 
3827.344000 -0.000105 
3827.585000 -0.000052 
3827.826000 -0.000052 
3828.067000 -0.000104 
3828.308000 -0.000157 
3828.549000 -0.000157 
3828.790000 -0.000157 
3829.031000 -0.000157 
3829.272000 -0.000104 
3829.513000 -0.000104 
3829.755000 -0.000157 
3829.996000 -0.000209 
3830.237000 -0.000261 
3830.478000 -0.000261 
3830.719000 -0.000313 
3830.960000 -0.000261 
3831.201000 -0.000209 
3831.442000 -0.000104 
3831.683000 -0.000052 
3831.924000 0.000000 
3832.165000 -0.000052 
3832.406000 -0.000052 
3832.647000 0.000000 
3832.888000 0.000000 
3833.129000 -0.000052 
3833.371000 -0.000104 
3833.612000 -0.000157 
3833.853000 -0.000157 
3834.094000 -0.000209 
3834.335000 -0.000156 
3834.576000 -0.000156 
3834.817000 -0.000156 
3835.058000 -0.000156 
3835.299000 -0.000156 
3835.540000 -0.000209 
3835.781000 -0.000261 
3836.022000 -0.000313 
3836.263000 -0.000261 
3836.504000 -0.000156 
3836.745000 -0.000052 
3836.987000 0.000000 
3837.228000 0.000000 
3837.469000 -0.000052 
3837.710000 0.000000 
3837.951000 0.000052 
3838.192000 0.000104 
3838.433000 0.000104 
3838.674000 0.000052 
3838.915000 -0.000104 
3839.156000 -0.000156 
3839.397000 -0.000156 
3839.638000 -0.000104 
3839.879000 -0.000104 
3840.120000 -0.000104 
3840.361000 -0.000104 
3840.602000 -0.000104 
3840.844000 -0.000156 
3841.084000 -0.000208 
3841.326000 -0.000208 
3841.567000 -0.000156 
3841.808000 -0.000104 
3842.049000 -0.000104 
3842.290000 -0.000052 
3842.531000 -0.000052 
3842.772000 -0.000052 
3843.013000 -0.000104 
3843.254000 -0.000104 
3843.495000 -0.000052 
3843.736000 0.000000 
3843.977000 0.000000 
3844.218000 0.000000 
3844.459000 0.000000 
3844.700000 0.000000 
3844.941000 -0.000052 
3845.183000 -0.000052 
3845.424000 -0.000052 
3845.665000 0.000000 
3845.906000 0.000000 
3846.147000 0.000000 
3846.388000 0.000000 
3846.629000 -0.000052 
3846.870000 -0.000104 
3847.111000 -0.000104 
3847.352000 -0.000052 
3847.593000 0.000052 
3847.834000 0.000052 
3848.075000 0.000052 
3848.316000 0.000052 
3848.557000 0.000052 
3848.799000 0.000052 
3849.040000 0.000000 
3849.281000 0.000000 
3849.522000 0.000000 
3849.763000 0.000000 
3850.004000 0.000000 
3850.245000 -0.000052 
3850.486000 -0.000052 
3850.727000 -0.000052 
3850.968000 -0.000052 
3851.209000 0.000000 
3851.450000 0.000000 
3851.691000 0.000000 
3851.932000 0.000000 
3852.173000 0.000052 
3852.415000 0.000104 
3852.656000 0.000104 
3852.896000 0.000052 
3853.138000 0.000000 
3853.379000 0.000000 
3853.620000 0.000000 
3853.861000 -0.000052 
3854.102000 0.000000 
3854.343000 0.000000 
3854.584000 0.000052 
3854.825000 0.000052 
3855.066000 0.000052 
3855.307000 0.000000 
3855.548000 0.000000 
3855.789000 -0.000052 
3856.030000 -0.000104 
3856.271000 -0.000104 
3856.512000 -0.000156 
3856.754000 -0.000156 
3856.995000 -0.000207 
3857.236000 -0.000207 
3857.477000 -0.000156 
3857.718000 -0.000156 
3857.959000 -0.000104 
3858.200000 -0.000104 
3858.441000 -0.000104 
3858.682000 -0.000155 
3858.923000 -0.000104 
3859.164000 -0.000104 
3859.405000 -0.000052 
3859.646000 -0.000052 
3859.887000 -0.000104 
3860.128000 -0.000155 
3860.369000 -0.000155 
3860.611000 -0.000155 
3860.852000 -0.000104 
3861.093000 -0.000104 
3861.334000 -0.000104 
3861.575000 -0.000104 
3861.816000 -0.000155 
3862.057000 -0.000155 
3862.298000 -0.000155 
3862.539000 -0.000104 
3862.780000 -0.000052 
3863.021000 0.000052 
3863.262000 0.000104 
3863.503000 0.000104 
3863.744000 0.000052 
3863.985000 0.000052 
3864.227000 0.000052 
3864.468000 0.000052 
3864.708000 0.000000 
3864.950000 -0.000052 
3865.191000 -0.000103 
3865.432000 -0.000052 
3865.673000 0.000000 
3865.914000 0.000052 
3866.155000 0.000052 
3866.396000 0.000052 
3866.637000 0.000052 
3866.878000 0.000000 
3867.119000 0.000000 
3867.360000 0.000000 
3867.601000 0.000000 
3867.843000 0.000000 
3868.083000 -0.000052 
3868.324000 -0.000103 
3868.566000 -0.000155 
3868.807000 -0.000155 
3869.048000 -0.000155 
3869.289000 -0.000103 
3869.530000 -0.000103 
3869.771000 -0.000052 
3870.012000 -0.000052 
3870.253000 -0.000052 
3870.494000 -0.000052 
3870.735000 -0.000052 
3870.976000 -0.000052 
3871.217000 0.000000 
3871.458000 0.000052 
3871.699000 0.000052 
3871.940000 0.000000 
3872.182000 -0.000052 
3872.423000 -0.000052 
3872.664000 -0.000052 
3872.905000 -0.000052 
3873.146000 -0.000052 
3873.387000 0.000000 
3873.628000 0.000000 
3873.869000 -0.000052 
3874.110000 -0.000052 
3874.351000 -0.000103 
3874.592000 -0.000155 
3874.833000 -0.000155 
3875.074000 -0.000155 
3875.315000 -0.000103 
3875.556000 -0.000103 
3875.797000 -0.000155 
3876.039000 -0.000155 
3876.280000 -0.000155 
3876.521000 -0.000103 
3876.762000 -0.000103 
3877.003000 -0.000155 
3877.244000 -0.000155 
3877.485000 -0.000103 
3877.726000 -0.000103 
3877.967000 -0.000052 
3878.208000 0.000000 
3878.449000 0.000052 
3878.690000 0.000052 
3878.931000 0.000000 
3879.172000 0.000000 
3879.413000 0.000000 
3879.655000 0.000000 
3879.896000 0.000000 
3880.136000 0.000000 
3880.378000 -0.000052 
3880.619000 -0.000103 
3880.860000 -0.000103 
3881.101000 -0.000103 
3881.342000 0.000000 
3881.583000 0.000052 
3881.824000 0.000052 
3882.065000 0.000103 
3882.306000 0.000103 
3882.547000 0.000103 
3882.788000 0.000000 
3883.029000 -0.000103 
3883.271000 -0.000155 
3883.511000 -0.000154 
3883.752000 -0.000103 
3883.994000 -0.000103 
3884.235000 -0.000103 
3884.476000 -0.000051 
3884.717000 -0.000103 
3884.958000 -0.000103 
3885.199000 -0.000103 
3885.440000 -0.000103 
3885.681000 -0.000051 
3885.922000 0.000000 
3886.163000 0.000051 
3886.404000 0.000051 
3886.645000 0.000051 
3886.886000 0.000000 
3887.127000 0.000000 
3887.368000 -0.000051 
3887.610000 -0.000051 
3887.851000 -0.000051 
3888.092000 -0.000051 
3888.333000 -0.000051 
3888.574000 0.000000 
3888.815000 0.000000 
3889.056000 0.000000 
3889.297000 0.000000 
3889.538000 -0.000051 
3889.779000 -0.000051 
3890.020000 0.000051 
3890.261000 0.000103 
3890.502000 0.000103 
3890.743000 0.000103 
3890.984000 0.000051 
3891.225000 0.000051 
3891.467000 0.000051 
3891.708000 0.000000 
3891.949000 0.000051 
3892.190000 0.000103 
3892.431000 0.000103 
3892.672000 0.000103 
3892.913000 0.000051 
3893.154000 0.000000 
3893.395000 -0.000051 
3893.636000 -0.000051 
3893.877000 0.000000 
3894.118000 0.000051 
3894.359000 0.000103 
3894.600000 0.000103 
3894.841000 0.000051 
3895.083000 0.000051 
3895.323000 0.000051 
3895.564000 0.000051 
3895.806000 0.000051 
3896.047000 0.000051 
3896.288000 0.000051 
3896.529000 0.000000 
3896.770000 -0.000051 
3897.011000 -0.000051 
3897.252000 -0.000051 
3897.493000 -0.000051 
3897.734000 -0.000103 
3897.975000 -0.000103 
3898.216000 -0.000051 
3898.457000 0.000000 
3898.698000 0.000000 
3898.939000 0.000051 
3899.180000 0.000051 
3899.422000 0.000051 
3899.663000 0.000051 
3899.904000 0.000103 
3900.145000 0.000103 
3900.386000 0.000051 
3900.627000 0.000051 
3900.868000 0.000000 
3901.109000 -0.000051 
3901.350000 -0.000051 
3901.591000 -0.000051 
3901.832000 -0.000051 
3902.073000 0.000000 
3902.314000 0.000051 
3902.555000 0.000051 
3902.796000 0.000051 
3903.038000 0.000051 
3903.279000 0.000051 
3903.520000 0.000102 
3903.761000 0.000102 
3904.002000 0.000102 
3904.243000 0.000154 
3904.484000 0.000154 
3904.725000 0.000102 
3904.966000 0.000051 
3905.207000 0.000000 
3905.448000 -0.000051 
3905.689000 -0.000102 
3905.930000 -0.000154 
3906.171000 -0.000154 
3906.412000 -0.000102 
3906.653000 -0.000051 
3906.895000 0.000000 
3907.135000 0.000000 
3907.377000 0.000000 
3907.618000 0.000000 
3907.859000 0.000000 
3908.100000 0.000051 
3908.341000 0.000051 
3908.582000 0.000000 
3908.823000 0.000000 
3909.064000 0.000000 
3909.305000 0.000000 
3909.546000 0.000000 
3909.787000 0.000051 
3910.028000 0.000051 
3910.269000 0.000102 
3910.510000 0.000153 
3910.751000 0.000153 
3910.992000 0.000153 
3911.234000 0.000153 
3911.475000 0.000102 
3911.716000 0.000051 
3911.957000 0.000000 
3912.198000 0.000000 
3912.439000 0.000051 
3912.680000 0.000051 
3912.921000 0.000051 
3913.162000 0.000051 
3913.403000 0.000051 
3913.644000 0.000000 
3913.885000 0.000000 
3914.126000 -0.000051 
3914.367000 -0.000051 
3914.608000 -0.000102 
3914.850000 -0.000051 
3915.091000 0.000000 
3915.332000 0.000051 
3915.573000 0.000051 
3915.814000 0.000000 
3916.055000 0.000000 
3916.296000 0.000000 
3916.537000 0.000000 
3916.778000 0.000051 
3917.019000 0.000051 
3917.260000 0.000102 
3917.501000 0.000153 
3917.742000 0.000102 
3917.983000 0.000102 
3918.224000 0.000051 
3918.466000 0.000051 
3918.707000 0.000051 
3918.948000 0.000102 
3919.189000 0.000102 
3919.430000 0.000102 
3919.671000 0.000102 
3919.912000 0.000102 
3920.153000 0.000102 
3920.394000 0.000102 
3920.635000 0.000153 
3920.876000 0.000153 
3921.117000 0.000153 
3921.358000 0.000153 
3921.599000 0.000102 
3921.840000 0.000102 
3922.081000 0.000051 
3922.323000 0.000000 
3922.563000 0.000000 
3922.805000 0.000000 
3923.046000 0.000051 
3923.287000 0.000051 
3923.528000 0.000051 
3923.769000 0.000051 
3924.010000 0.000051 
3924.251000 0.000051 
3924.492000 0.000051 
3924.733000 0.000000 
3924.974000 0.000000 
3925.215000 0.000051 
3925.456000 0.000051 
3925.697000 0.000102 
3925.938000 0.000153 
3926.179000 0.000153 
3926.420000 0.000153 
3926.662000 0.000153 
3926.903000 0.000153 
3927.144000 0.000153 
3927.385000 0.000102 
3927.626000 0.000000 
3927.867000 0.000000 
3928.108000 0.000102 
3928.349000 0.000153 
3928.590000 0.000153 
3928.831000 0.000102 
3929.072000 0.000051 
3929.313000 0.000051 
3929.554000 0.000102 
3929.795000 0.000102 
3930.036000 0.000102 
3930.278000 0.000102 
3930.519000 0.000102 
3930.760000 0.000102 
3931.001000 0.000153 
3931.242000 0.000153 
3931.483000 0.000153 
3931.724000 0.000102 
3931.965000 0.000153 
3932.206000 0.000102 
3932.447000 0.000102 
3932.688000 0.000153 
3932.929000 0.000153 
3933.170000 0.000153 
3933.411000 0.000102 
3933.652000 0.000051 
3933.894000 0.000000 
3934.135000 0.000000 
3934.375000 0.000051 
3934.617000 0.000051 
3934.858000 0.000102 
3935.099000 0.000102 
3935.340000 0.000102 
3935.581000 0.000152 
3935.822000 0.000152 
3936.063000 0.000152 
3936.304000 0.000102 
3936.545000 0.000102 
3936.786000 0.000102 
3937.027000 0.000152 
3937.268000 0.000152 
3937.509000 0.000102 
3937.750000 0.000051 
3937.991000 0.000000 
3938.233000 0.000051 
3938.474000 0.000051 
3938.715000 0.000102 
3938.956000 0.000152 
3939.197000 0.000152 
3939.438000 0.000152 
3939.679000 0.000203 
3939.920000 0.000254 
3940.161000 0.000254 
3940.402000 0.000203 
3940.643000 0.000152 
3940.884000 0.000152 
3941.125000 0.000152 
3941.366000 0.000152 
3941.607000 0.000152 
3941.848000 0.000152 
3942.090000 0.000152 
3942.331000 0.000152 
3942.572000 0.000152 
3942.813000 0.000152 
3943.054000 0.000152 
3943.295000 0.000152 
3943.536000 0.000101 
3943.777000 0.000101 
3944.018000 0.000051 
3944.259000 0.000051 
3944.500000 0.000000 
3944.741000 0.000000 
3944.982000 0.000000 
3945.223000 0.000051 
3945.464000 0.000051 
3945.706000 0.000051 
3945.947000 0.000051 
3946.188000 0.000051 
3946.429000 0.000051 
3946.670000 0.000051 
3946.911000 0.000101 
3947.152000 0.000101 
3947.393000 0.000101 
3947.634000 0.000101 
3947.875000 0.000152 
3948.116000 0.000203 
3948.357000 0.000152 
3948.598000 0.000101 
3948.839000 0.000101 
3949.080000 0.000152 
3949.322000 0.000253 
3949.563000 0.000304 
3949.803000 0.000253 
3950.045000 0.000203 
3950.286000 0.000101 
3950.527000 0.000051 
3950.768000 0.000051 
3951.009000 0.000101 
3951.250000 0.000152 
3951.491000 0.000152 
3951.732000 0.000202 
3951.973000 0.000253 
3952.214000 0.000304 
3952.455000 0.000253 
3952.696000 0.000253 
3952.937000 0.000253 
3953.178000 0.000253 
3953.419000 0.000202 
3953.661000 0.000152 
3953.902000 0.000152 
3954.143000 0.000202 
3954.384000 0.000202 
3954.625000 0.000202 
3954.866000 0.000152 
3955.107000 0.000101 
3955.348000 0.000051 
3955.589000 0.000051 
3955.830000 0.000101 
3956.071000 0.000202 
3956.312000 0.000253 
3956.553000 0.000303 
3956.794000 0.000303 
3957.035000 0.000253 
3957.276000 0.000202 
3957.518000 0.000152 
3957.759000 0.000101 
3958.000000 0.000101 
3958.241000 0.000101 
3958.482000 0.000101 
3958.723000 0.000152 
3958.964000 0.000202 
3959.205000 0.000152 
3959.446000 0.000101 
3959.687000 0.000051 
3959.928000 0.000000 
3960.169000 0.000000 
3960.410000 0.000000 
3960.651000 0.000050 
3960.892000 0.000101 
3961.134000 0.000101 
3961.375000 0.000151 
3961.616000 0.000202 
3961.857000 0.000202 
3962.098000 0.000151 
3962.339000 0.000101 
3962.580000 0.000101 
3962.821000 0.000151 
3963.062000 0.000202 
3963.303000 0.000252 
3963.544000 0.000252 
3963.785000 0.000252 
3964.026000 0.000252 
3964.267000 0.000252 
3964.508000 0.000303 
3964.750000 0.000303 
3964.990000 0.000303 
3965.231000 0.000252 
3965.473000 0.000252 
3965.714000 0.000252 
3965.955000 0.000303 
3966.196000 0.000303 
3966.437000 0.000252 
3966.678000 0.000252 
3966.919000 0.000252 
3967.160000 0.000302 
3967.401000 0.000302 
3967.642000 0.000353 
3967.883000 0.000353 
3968.124000 0.000302 
3968.365000 0.000202 
3968.606000 0.000151 
3968.847000 0.000101 
3969.089000 0.000101 
3969.330000 0.000151 
3969.571000 0.000151 
3969.812000 0.000202 
3970.053000 0.000202 
3970.294000 0.000201 
3970.535000 0.000252 
3970.776000 0.000302 
3971.017000 0.000302 
3971.258000 0.000302 
3971.499000 0.000302 
3971.740000 0.000252 
3971.981000 0.000201 
3972.222000 0.000201 
3972.463000 0.000151 
3972.704000 0.000201 
3972.946000 0.000201 
3973.187000 0.000302 
3973.428000 0.000302 
3973.669000 0.000302 
3973.910000 0.000252 
3974.151000 0.000151 
3974.392000 0.000101 
3974.633000 0.000101 
3974.874000 0.000101 
3975.115000 0.000101 
3975.356000 0.000101 
3975.597000 0.000101 
3975.838000 0.000151 
3976.079000 0.000151 
3976.320000 0.000201 
3976.562000 0.000251 
3976.802000 0.000302 
3977.044000 0.000251 
3977.285000 0.000201 
3977.526000 0.000101 
3977.767000 0.000050 
3978.008000 0.000050 
3978.249000 0.000101 
3978.490000 0.000151 
3978.731000 0.000151 
3978.972000 0.000201 
3979.213000 0.000201 
3979.454000 0.000151 
3979.695000 0.000151 
3979.936000 0.000151 
3980.177000 0.000151 
3980.418000 0.000201 
3980.659000 0.000201 
3980.901000 0.000251 
3981.142000 0.000251 
3981.383000 0.000301 
3981.624000 0.000352 
3981.865000 0.000352 
3982.106000 0.000301 
3982.347000 0.000251 
3982.588000 0.000201 
3982.829000 0.000251 
3983.070000 0.000251 
3983.311000 0.000251 
3983.552000 0.000201 
3983.793000 0.000151 
3984.034000 0.000100 
3984.275000 0.000151 
3984.517000 0.000201 
3984.758000 0.000301 
3984.999000 0.000301 
3985.240000 0.000251 
3985.481000 0.000201 
3985.722000 0.000251 
3985.963000 0.000251 
3986.204000 0.000251 
3986.445000 0.000301 
3986.686000 0.000351 
3986.927000 0.000351 
3987.168000 0.000301 
3987.409000 0.000251 
3987.650000 0.000251 
3987.891000 0.000251 
3988.132000 0.000251 
3988.374000 0.000301 
3988.615000 0.000351 
3988.856000 0.000351 
3989.097000 0.000251 
3989.338000 0.000150 
3989.579000 0.000150 
3989.820000 0.000201 
3990.061000 0.000200 
3990.302000 0.000200 
3990.543000 0.000200 
3990.784000 0.000251 
3991.025000 0.000251 
3991.266000 0.000251 
3991.507000 0.000251 
3991.748000 0.000200 
3991.990000 0.000200 
3992.230000 0.000200 
3992.472000 0.000301 
3992.713000 0.000351 
3992.954000 0.000401 
3993.195000 0.000401 
3993.436000 0.000351 
3993.677000 0.000351 
3993.918000 0.000300 
3994.159000 0.000200 
3994.400000 0.000100 
3994.641000 0.000100 
3994.882000 0.000100 
3995.123000 0.000150 
3995.364000 0.000200 
3995.605000 0.000300 
3995.846000 0.000350 
3996.087000 0.000300 
3996.329000 0.000250 
3996.570000 0.000150 
3996.811000 0.000100 
3997.052000 0.000050 
3997.293000 0.000050 
3997.534000 0.000100 
3997.775000 0.000150 
3998.016000 0.000150 
3998.257000 0.000150 
3998.498000 0.000150 
3998.739000 0.000150 
3998.980000 0.000200 
3999.221000 0.000150 
3999.462000 0.000200 
3999.703000 0.000200 
3999.945000 0.000200 
4000.186000 0.000150 
4000.427000 0.000150 
4000.668000 0.000200 
4000.909000 0.000250 
4001.150000 0.000250 
4001.391000 0.000200 
4001.632000 0.000200 
4001.873000 0.000250 
4002.114000 0.000300 
4002.355000 0.000350 
4002.596000 0.000350 
4002.837000 0.000300 
4003.078000 0.000200 
4003.319000 0.000150 
4003.560000 0.000150 
4003.802000 0.000200 
4004.042000 0.000250 
4004.284000 0.000300 
4004.525000 0.000300 
4004.766000 0.000300 
4005.007000 0.000250 
4005.248000 0.000200 
4005.489000 0.000200 
4005.730000 0.000200 
4005.971000 0.000250 
4006.212000 0.000250 
4006.453000 0.000250 
4006.694000 0.000250 
4006.935000 0.000200 
4007.176000 0.000150 
4007.417000 0.000100 
4007.658000 0.000100 
4007.900000 0.000050 
4008.141000 0.000100 
4008.382000 0.000100 
4008.623000 0.000150 
4008.864000 0.000200 
4009.105000 0.000200 
4009.346000 0.000200 
4009.587000 0.000200 
4009.828000 0.000200 
4010.069000 0.000199 
4010.310000 0.000249 
4010.551000 0.000249 
4010.792000 0.000299 
4011.033000 0.000299 
4011.274000 0.000249 
4011.515000 0.000199 
4011.757000 0.000150 
4011.998000 0.000150 
4012.239000 0.000100 
4012.480000 0.000150 
4012.721000 0.000150 
4012.962000 0.000100 
4013.203000 0.000150 
4013.444000 0.000149 
4013.685000 0.000199 
4013.926000 0.000199 
4014.167000 0.000149 
4014.408000 0.000199 
4014.649000 0.000199 
4014.890000 0.000199 
4015.131000 0.000149 
4015.373000 0.000149 
4015.614000 0.000149 
4015.854000 0.000149 
4016.096000 0.000199 
4016.337000 0.000249 
4016.578000 0.000299 
4016.819000 0.000349 
4017.060000 0.000349 
4017.301000 0.000299 
4017.542000 0.000299 
4017.783000 0.000299 
4018.024000 0.000249 
4018.265000 0.000199 
4018.506000 0.000199 
4018.747000 0.000199 
4018.988000 0.000249 
4019.229000 0.000249 
4019.470000 0.000299 
4019.712000 0.000299 
4019.953000 0.000299 
4020.194000 0.000249 
4020.435000 0.000249 
4020.676000 0.000249 
4020.917000 0.000249 
4021.158000 0.000199 
4021.399000 0.000199 
4021.640000 0.000199 
4021.881000 0.000099 
4022.122000 0.000050 
4022.363000 0.000000 
4022.604000 0.000000 
4022.845000 0.000000 
4023.086000 0.000000 
4023.328000 0.000050 
4023.569000 0.000099 
4023.810000 0.000149 
4024.051000 0.000149 
4024.292000 0.000099 
4024.533000 0.000099 
4024.774000 0.000099 
4025.015000 0.000099 
4025.256000 0.000149 
4025.497000 0.000199 
4025.738000 0.000199 
4025.979000 0.000149 
4026.220000 0.000199 
4026.461000 0.000248 
4026.702000 0.000248 
4026.943000 0.000199 
4027.185000 0.000149 
4027.426000 0.000099 
4027.667000 0.000099 
4027.908000 0.000099 
4028.149000 0.000050 
4028.390000 0.000099 
4028.631000 0.000099 
4028.872000 0.000099 
4029.113000 0.000149 
4029.354000 0.000149 
4029.595000 0.000199 
4029.836000 0.000199 
4030.077000 0.000199 
4030.318000 0.000149 
4030.559000 0.000099 
4030.801000 0.000099 
4031.042000 0.000099 
4031.282000 0.000099 
4031.524000 0.000099 
4031.765000 0.000050 
4032.006000 0.000050 
4032.247000 0.000050 
4032.488000 0.000050 
4032.729000 0.000099 
4032.970000 0.000099 
4033.211000 0.000099 
4033.452000 0.000099 
4033.693000 0.000099 
4033.934000 0.000050 
4034.175000 0.000050 
4034.416000 0.000099 
4034.657000 0.000099 
4034.898000 0.000099 
4035.140000 0.000099 
4035.381000 0.000149 
4035.622000 0.000149 
4035.863000 0.000099 
4036.104000 0.000050 
4036.345000 0.000000 
4036.586000 0.000050 
4036.827000 0.000050 
4037.068000 0.000099 
4037.309000 0.000149 
4037.550000 0.000149 
4037.791000 0.000149 
4038.032000 0.000149 
4038.273000 0.000149 
4038.514000 0.000099 
4038.756000 0.000050 
4038.997000 0.000000 
4039.238000 -0.000050 
4039.479000 0.000000 
4039.720000 0.000000 
4039.961000 0.000000 
4040.202000 0.000000 
4040.443000 0.000049 
4040.684000 0.000049 
4040.925000 0.000099 
4041.166000 0.000148 
4041.407000 0.000099 
4041.648000 0.000049 
4041.889000 0.000049 
4042.130000 0.000049 
4042.371000 0.000099 
4042.613000 0.000099 
4042.854000 0.000099 
4043.095000 0.000099 
4043.336000 0.000148 
4043.577000 0.000198 
4043.818000 0.000148 
4044.059000 0.000049 
4044.300000 -0.000049 
4044.541000 -0.000049 
4044.782000 0.000000 
4045.023000 0.000099 
4045.264000 0.000148 
4045.505000 0.000148 
4045.746000 0.000148 
4045.987000 0.000148 
4046.229000 0.000148 
4046.469000 0.000148 
4046.710000 0.000148 
4046.952000 0.000148 
4047.193000 0.000099 
4047.434000 0.000099 
4047.675000 0.000099 
4047.916000 0.000099 
4048.157000 0.000099 
4048.398000 0.000099 
4048.639000 0.000099 
4048.880000 0.000049 
4049.121000 0.000049 
4049.362000 0.000099 
4049.603000 0.000099 
4049.844000 0.000148 
4050.085000 0.000198 
4050.326000 0.000198 
4050.568000 0.000198 
4050.809000 0.000148 
4051.050000 0.000148 
4051.291000 0.000099 
4051.532000 0.000099 
4051.773000 0.000049 
4052.014000 0.000000 
4052.255000 0.000000 
4052.496000 0.000049 
4052.737000 0.000000 
4052.978000 -0.000049 
4053.219000 -0.000049 
4053.460000 0.000000 
4053.701000 0.000049 
4053.942000 0.000099 
4054.184000 0.000148 
4054.425000 0.000197 
4054.666000 0.000197 
4054.907000 0.000197 
4055.148000 0.000197 
4055.389000 0.000197 
4055.630000 0.000148 
4055.871000 0.000148 
4056.112000 0.000099 
4056.353000 0.000049 
4056.594000 0.000049 
4056.835000 0.000049 
4057.076000 0.000049 
4057.317000 0.000099 
4057.558000 0.000099 
4057.799000 0.000049 
4058.041000 0.000049 
4058.281000 0.000049 
4058.523000 0.000099 
4058.764000 0.000099 
4059.005000 0.000148 
4059.246000 0.000148 
4059.487000 0.000148 
4059.728000 0.000197 
4059.969000 0.000197 
4060.210000 0.000197 
4060.451000 0.000148 
4060.692000 0.000148 
4060.933000 0.000098 
4061.174000 0.000049 
4061.415000 0.000049 
4061.656000 0.000049 
4061.897000 0.000098 
4062.138000 0.000148 
4062.380000 0.000197 
4062.621000 0.000246 
4062.862000 0.000197 
4063.103000 0.000197 
4063.344000 0.000148 
4063.585000 0.000098 
4063.826000 0.000098 
4064.067000 0.000098 
4064.308000 0.000148 
4064.549000 0.000148 
4064.790000 0.000049 
4065.031000 0.000049 
4065.272000 0.000049 
4065.513000 0.000148 
4065.754000 0.000148 
4065.996000 0.000197 
4066.237000 0.000197 
4066.478000 0.000197 
4066.719000 0.000148 
4066.960000 0.000148 
4067.201000 0.000098 
4067.442000 0.000098 
4067.683000 0.000049 
4067.924000 0.000000 
4068.165000 0.000000 
4068.406000 0.000000 
4068.647000 0.000000 
4068.888000 0.000000 
4069.129000 0.000049 
4069.370000 0.000098 
4069.612000 0.000147 
4069.853000 0.000147 
4070.094000 0.000147 
4070.335000 0.000147 
4070.576000 0.000147 
4070.817000 0.000098 
4071.058000 0.000147 
4071.299000 0.000196 
4071.540000 0.000246 
4071.781000 0.000196 
4072.022000 0.000147 
4072.263000 0.000098 
4072.504000 0.000049 
4072.745000 0.000098 
4072.986000 0.000098 
4073.227000 0.000147 
4073.469000 0.000098 
4073.709000 0.000098 
4073.951000 0.000049 
4074.192000 0.000049 
4074.433000 0.000098 
4074.674000 0.000049 
4074.915000 0.000049 
4075.156000 0.000098 
4075.397000 0.000098 
4075.638000 0.000098 
4075.879000 0.000049 
4076.120000 0.000098 
4076.361000 0.000147 
4076.602000 0.000147 
4076.843000 0.000049 
4077.084000 0.000000 
4077.325000 0.000000 
4077.566000 0.000000 
4077.808000 0.000000 
4078.049000 0.000049 
4078.290000 0.000049 
4078.531000 0.000098 
4078.772000 0.000098 
4079.013000 0.000147 
4079.254000 0.000147 
4079.495000 0.000147 
4079.736000 0.000196 
4079.977000 0.000147 
4080.218000 0.000147 
4080.459000 0.000147 
4080.700000 0.000147 
4080.941000 0.000196 
4081.182000 0.000245 
4081.424000 0.000245 
4081.665000 0.000196 
4081.906000 0.000098 
4082.147000 0.000098 
4082.388000 0.000098 
4082.629000 0.000147 
4082.870000 0.000147 
4083.111000 0.000147 
4083.352000 0.000098 
4083.593000 0.000049 
4083.834000 0.000000 
4084.075000 -0.000049 
4084.316000 -0.000098 
4084.557000 -0.000196 
4084.798000 -0.000196 
4085.040000 -0.000147 
4085.281000 -0.000049 
4085.521000 0.000000 
4085.763000 0.000049 
4086.004000 0.000098 
4086.245000 0.000147 
4086.486000 0.000196 
4086.727000 0.000147 
4086.968000 0.000098 
4087.209000 0.000049 
4087.450000 0.000000 
4087.691000 0.000000 
4087.932000 0.000000 
4088.173000 0.000000 
4088.414000 0.000000 
4088.655000 0.000000 
4088.896000 0.000049 
4089.137000 0.000098 
4089.379000 0.000098 
4089.620000 0.000049 
4089.861000 0.000049 
4090.102000 0.000147 
4090.343000 0.000147 
4090.584000 0.000147 
4090.825000 0.000098 
4091.066000 0.000098 
4091.307000 0.000098 
4091.548000 0.000098 
4091.789000 0.000098 
4092.030000 0.000098 
4092.271000 0.000098 
4092.512000 0.000098 
4092.753000 0.000098 
4092.994000 0.000098 
4093.236000 0.000147 
4093.477000 0.000098 
4093.718000 0.000049 
4093.959000 0.000098 
4094.200000 0.000147 
4094.441000 0.000195 
4094.682000 0.000195 
4094.923000 0.000147 
4095.164000 0.000098 
4095.405000 0.000049 
4095.646000 0.000049 
4095.887000 0.000049 
4096.128000 0.000000 
4096.369000 -0.000049 
4096.610000 -0.000049 
4096.852000 0.000000 
4097.093000 0.000098 
4097.333000 0.000098 
4097.575000 0.000049 
4097.816000 0.000049 
4098.057000 0.000049 
4098.298000 0.000049 
4098.539000 0.000098 
4098.780000 0.000146 
4099.021000 0.000195 
4099.262000 0.000195 
4099.503000 0.000098 
4099.744000 0.000049 
4099.985000 0.000049 
4100.227000 0.000049 
4100.467000 0.000000 
4100.708000 -0.000049 
4100.950000 -0.000098 
4101.190000 -0.000146 
4101.432000 -0.000098 
4101.673000 -0.000049 
4101.914000 0.000049 
4102.155000 0.000098 
4102.396000 0.000049 
4102.637000 0.000000 
4102.878000 0.000000 
4103.119000 0.000049 
4103.360000 0.000049 
4103.601000 0.000097 
4103.842000 0.000146 
4104.083000 0.000195 
4104.324000 0.000146 
4104.565000 0.000097 
4104.807000 0.000049 
4105.047000 0.000000 
4105.289000 -0.000049 
4105.530000 -0.000049 
4105.771000 0.000000 
4106.012000 0.000049 
4106.253000 0.000097 
4106.494000 0.000097 
4106.735000 0.000049 
4106.976000 -0.000049 
4107.217000 -0.000049 
4107.458000 -0.000049 
4107.699000 0.000000 
4107.940000 0.000049 
4108.182000 0.000146 
4108.422000 0.000146 
4108.664000 0.000146 
4108.905000 0.000146 
4109.146000 0.000146 
4109.387000 0.000146 
4109.628000 0.000146 
4109.869000 0.000146 
4110.110000 0.000097 
4110.351000 0.000049 
4110.592000 -0.000049 
4110.833000 -0.000049 
4111.074000 0.000000 
4111.315000 0.000049 
4111.556000 0.000049 
4111.797000 0.000049 
4112.039000 0.000049 
4112.279000 0.000000 
4112.521000 0.000000 
4112.762000 0.000000 
4113.002000 0.000049 
4113.244000 0.000049 
4113.485000 0.000049 
4113.726000 0.000049 
4113.967000 0.000049 
4114.208000 0.000097 
4114.449000 0.000097 
4114.690000 0.000097 
4114.931000 0.000049 
4115.172000 0.000049 
4115.413000 0.000049 
4115.654000 0.000097 
4115.896000 0.000146 
4116.136000 0.000146 
4116.377000 0.000194 
4116.619000 0.000194 
4116.860000 0.000194 
4117.101000 0.000146 
4117.342000 0.000097 
4117.583000 0.000000 
4117.824000 0.000000 
4118.065000 0.000000 
4118.306000 0.000049 
4118.547000 0.000049 
4118.788000 0.000000 
4119.029000 0.000000 
4119.270000 0.000000 
4119.511000 0.000000 
4119.752000 0.000049 
4119.994000 0.000049 
4120.234000 0.000097 
4120.476000 0.000097 
4120.717000 0.000146 
4120.958000 0.000146 
4121.199000 0.000146 
4121.440000 0.000146 
4121.681000 0.000146 
4121.922000 0.000146 
4122.163000 0.000146 
4122.404000 0.000146 
4122.645000 0.000146 
4122.886000 0.000146 
4123.127000 0.000097 
4123.368000 0.000049 
4123.609000 0.000049 
4123.851000 0.000048 
4124.091000 0.000048 
4124.333000 0.000048 
4124.574000 0.000000 
4124.814000 0.000000 
4125.056000 0.000000 
4125.297000 0.000000 
4125.538000 0.000000 
4125.779000 0.000048 
4126.020000 0.000097 
4126.261000 0.000097 
4126.502000 0.000097 
4126.743000 0.000097 
4126.984000 0.000097 
4127.225000 0.000097 
4127.466000 0.000097 
4127.708000 0.000048 
4127.949000 0.000048 
4128.189000 0.000000 
4128.431000 -0.000048 
4128.672000 -0.000048 
4128.913000 0.000000 
4129.154000 0.000048 
4129.395000 0.000048 
4129.636000 0.000048 
4129.877000 0.000097 
4130.118000 0.000145 
4130.359000 0.000145 
4130.600000 0.000145 
4130.841000 0.000145 
4131.083000 0.000097 
4131.323000 0.000048 
4131.564000 0.000048 
4131.806000 0.000048 
4132.046000 0.000097 
4132.288000 0.000048 
4132.529000 0.000000 
4132.770000 -0.000048 
4133.011000 0.000000 
4133.252000 0.000097 
4133.493000 0.000097 
4133.734000 0.000048 
4133.975000 -0.000048 
4134.216000 -0.000097 
4134.457000 -0.000097 
4134.698000 -0.000048 
4134.939000 0.000000 
4135.180000 0.000000 
4135.421000 0.000000 
4135.663000 -0.000048 
4135.903000 -0.000048 
4136.145000 -0.000048 
4136.386000 0.000000 
4136.627000 0.000097 
4136.868000 0.000145 
4137.109000 0.000145 
4137.350000 0.000097 
4137.591000 0.000097 
4137.832000 0.000097 
4138.073000 0.000097 
4138.314000 0.000048 
4138.555000 0.000097 
4138.796000 0.000097 
4139.038000 0.000097 
4139.278000 0.000097 
4139.520000 0.000097 
4139.761000 0.000097 
4140.001000 0.000048 
4140.243000 0.000000 
4140.484000 0.000000 
4140.725000 0.000000 
4140.966000 0.000000 
4141.207000 0.000048 
4141.448000 0.000000 
4141.689000 0.000000 
4141.930000 0.000048 
4142.171000 0.000048 
4142.412000 0.000097 
4142.653000 0.000145 
4142.895000 0.000193 
4143.135000 0.000193 
4143.376000 0.000145 
4143.618000 0.000145 
4143.858000 0.000145 
4144.100000 0.000145 
4144.341000 0.000097 
4144.582000 0.000048 
4144.823000 0.000048 
4145.064000 0.000048 
4145.305000 0.000000 
4145.546000 0.000000 
4145.787000 0.000048 
4146.028000 0.000096 
4146.269000 0.000145 
4146.510000 0.000193 
4146.751000 0.000193 
4146.992000 0.000145 
4147.233000 0.000096 
4147.475000 0.000000 
4147.716000 0.000000 
4147.957000 0.000000 
4148.198000 0.000000 
4148.439000 0.000000 
4148.680000 0.000000 
4148.921000 0.000048 
4149.162000 0.000000 
4149.403000 -0.000048 
4149.644000 -0.000096 
4149.885000 -0.000048 
4150.126000 -0.000048 
4150.367000 0.000000 
4150.608000 -0.000048 
4150.850000 -0.000048 
4151.090000 -0.000096 
4151.332000 -0.000096 
4151.573000 -0.000096 
4151.813000 -0.000096 
4152.055000 -0.000145 
4152.296000 -0.000144 
4152.537000 -0.000096 
4152.778000 -0.000096 
4153.019000 -0.000048 
4153.260000 -0.000048 
4153.501000 0.000048 
4153.742000 0.000096 
4153.983000 0.000096 
4154.224000 0.000048 
4154.465000 0.000000 
4154.707000 0.000000 
4154.947000 0.000048 
4155.188000 0.000048 
4155.430000 0.000000 
4155.670000 0.000048 
4155.912000 0.000048 
4156.153000 0.000096 
4156.394000 0.000096 
4156.635000 0.000144 
4156.876000 0.000192 
4157.117000 0.000144 
4157.358000 0.000096 
4157.599000 0.000048 
4157.840000 0.000048 
4158.081000 0.000048 
4158.322000 0.000000 
4158.563000 -0.000048 
4158.805000 -0.000048 
4159.045000 -0.000048 
4159.287000 -0.000096 
4159.528000 -0.000096 
4159.769000 -0.000096 
4160.010000 -0.000096 
4160.251000 -0.000048 
4160.492000 0.000000 
4160.733000 0.000048 
4160.974000 0.000048 
4161.215000 0.000048 
4161.456000 0.000048 
4161.697000 0.000000 
4161.938000 0.000000 
4162.179000 -0.000048 
4162.420000 -0.000048 
4162.662000 -0.000048 
4162.902000 -0.000048 
4163.144000 -0.000048 
4163.385000 0.000000 
4163.625000 0.000000 
4163.867000 0.000048 
4164.108000 0.000000 
4164.349000 0.000000 
4164.590000 0.000000 
4164.831000 0.000000 
4165.072000 0.000000 
4165.313000 0.000000 
4165.554000 -0.000048 
4165.795000 -0.000096 
4166.036000 -0.000192 
4166.277000 -0.000192 
4166.519000 -0.000192 
4166.759000 -0.000144 
4167.000000 -0.000096 
4167.242000 -0.000048 
4167.483000 -0.000048 
4167.724000 0.000000 
4167.965000 0.000000 
4168.206000 0.000000 
4168.447000 0.000000 
4168.688000 0.000000 
4168.929000 0.000000 
4169.170000 0.000000 
4169.411000 -0.000048 
4169.652000 -0.000144 
4169.894000 -0.000192 
4170.134000 -0.000240 
4170.375000 -0.000144 
4170.617000 -0.000048 
4170.857000 0.000000 
4171.099000 0.000000 
4171.340000 0.000048 
4171.581000 0.000048 
4171.822000 0.000048 
4172.063000 0.000000 
4172.304000 0.000000 
4172.545000 -0.000048 
4172.786000 -0.000096 
4173.027000 -0.000144 
4173.268000 -0.000096 
4173.509000 -0.000048 
4173.750000 0.000000 
4173.991000 0.000000 
4174.232000 0.000048 
4174.474000 0.000096 
4174.714000 0.000144 
4174.956000 0.000192 
4175.197000 0.000192 
4175.438000 0.000144 
4175.679000 0.000144 
4175.920000 0.000096 
4176.161000 0.000048 
4176.402000 -0.000048 
4176.643000 -0.000096 
4176.884000 -0.000144 
4177.125000 -0.000144 
4177.366000 -0.000096 
4177.607000 -0.000048 
4177.848000 -0.000048 
4178.089000 -0.000144 
4178.331000 -0.000144 
4178.572000 -0.000144 
4178.813000 -0.000048 
4179.054000 0.000000 
4179.295000 0.000000 
4179.536000 0.000048 
4179.777000 0.000096 
4180.018000 0.000048 
4180.259000 0.000048 
4180.500000 0.000000 
4180.741000 -0.000048 
4180.982000 -0.000096 
4181.223000 -0.000096 
4181.464000 -0.000096 
4181.706000 0.000000 
4181.946000 0.000000 
4182.188000 -0.000048 
4182.429000 -0.000143 
4182.669000 -0.000143 
4182.911000 -0.000096 
4183.152000 -0.000048 
4183.393000 -0.000048 
4183.634000 0.000000 
4183.875000 0.000000 
4184.116000 0.000000 
4184.357000 0.000000 
4184.598000 -0.000048 
4184.839000 -0.000096 
4185.080000 -0.000096 
4185.321000 -0.000096 
4185.563000 -0.000096 
4185.803000 -0.000048 
4186.044000 -0.000096 
4186.286000 -0.000096 
4186.526000 -0.000096 
4186.768000 -0.000048 
4187.009000 0.000000 
4187.250000 0.000048 
4187.491000 0.000096 
4187.732000 0.000048 
4187.973000 0.000000 
4188.214000 -0.000048 
4188.455000 0.000000 
4188.696000 0.000095 
4188.937000 0.000143 
4189.178000 0.000191 
4189.419000 0.000239 
4189.661000 0.000239 
4189.901000 0.000191 
4190.143000 0.000048 
4190.384000 -0.000048 
4190.625000 -0.000048 
4190.866000 -0.000048 
4191.107000 -0.000048 
4191.348000 0.000000 
4191.589000 0.000048 
4191.830000 0.000048 
4192.071000 0.000048 
4192.312000 0.000048 
4192.553000 0.000095 
4192.794000 0.000143 
4193.035000 0.000143 
4193.276000 0.000095 
4193.518000 0.000048 
4193.758000 0.000048 
4194.000000 0.000095 
4194.241000 0.000095 
4194.481000 0.000095 
4194.723000 0.000095 
4194.964000 0.000095 
4195.205000 0.000095 
4195.446000 0.000095 
4195.687000 0.000095 
4195.928000 0.000191 
4196.169000 0.000238 
4196.410000 0.000334 
4196.651000 0.000334 
4196.892000 0.000334 
4197.133000 0.000286 
4197.375000 0.000381 
4197.615000 0.000476 
4197.856000 0.000572 
4198.098000 0.000572 
4198.339000 0.000572 
4198.580000 0.000572 
4198.821000 0.000667 
4199.062000 0.000714 
4199.303000 0.000714 
4199.544000 0.000714 
4199.785000 0.000762 
4200.026000 0.000810 
4200.267000 0.000809 
4200.508000 0.000762 
4200.750000 0.000762 
4200.990000 0.000809 
4201.231000 0.000809 
4201.473000 0.000809 
4201.713000 0.000809 
4201.955000 0.000809 
4202.196000 0.000809 
4202.437000 0.000857 
4202.678000 0.000904 
4202.919000 0.000952 
4203.160000 0.000952 
4203.401000 0.000952 
4203.642000 0.000952 
4203.883000 0.000856 
4204.124000 0.000809 
4204.365000 0.000809 
4204.606000 0.000856 
4204.847000 0.000809 
4205.088000 0.000809 
4205.330000 0.000761 
4205.570000 0.000713 
4205.812000 0.000666 
4206.053000 0.000666 
4206.294000 0.000713 
4206.535000 0.000808 
4206.776000 0.000856 
4207.017000 0.000808 
4207.258000 0.000761 
4207.499000 0.000665 
4207.740000 0.000570 
4207.981000 0.000523 
4208.222000 0.000523 
4208.463000 0.000523 
4208.704000 0.000570 
4208.945000 0.000523 
4209.187000 0.000523 
4209.428000 0.000570 
4209.668000 0.000570 
4209.910000 0.000523 
4210.151000 0.000475 
4210.392000 0.000475 
4210.633000 0.000475 
4210.874000 0.000475 
4211.115000 0.000475 
4211.356000 0.000475 
4211.597000 0.000475 
4211.838000 0.000427 
4212.079000 0.000380 
4212.320000 0.000332 
4212.562000 0.000285 
4212.802000 0.000237 
4213.043000 0.000237 
4213.285000 0.000237 
4213.525000 0.000285 
4213.767000 0.000285 
4214.008000 0.000285 
4214.249000 0.000237 
4214.490000 0.000142 
4214.731000 0.000095 
4214.972000 0.000047 
4215.213000 0.000095 
4215.454000 0.000142 
4215.695000 0.000142 
4215.936000 0.000190 
4216.177000 0.000190 
4216.418000 0.000190 
4216.659000 0.000142 
4216.900000 0.000095 
4217.142000 0.000047 
4217.382000 0.000000 
4217.624000 -0.000095 
4217.865000 -0.000142 
4218.106000 -0.000142 
4218.347000 -0.000095 
4218.588000 -0.000095 
4218.829000 -0.000095 
4219.070000 -0.000142 
4219.311000 -0.000142 
4219.552000 -0.000095 
4219.793000 0.000000 
4220.034000 0.000047 
4220.275000 0.000000 
4220.517000 -0.000047 
4220.757000 -0.000095 
4220.999000 -0.000095 
4221.240000 -0.000047 
4221.480000 -0.000047 
4221.722000 -0.000047 
4221.963000 -0.000047 
4222.204000 0.000000 
4222.445000 0.000000 
4222.686000 0.000047 
4222.927000 0.000047 
4223.168000 0.000047 
4223.409000 0.000047 
4223.650000 0.000047 
4223.891000 0.000047 
4224.132000 0.000000 
4224.374000 -0.000047 
4224.614000 -0.000095 
4224.855000 -0.000047 
4225.097000 0.000047 
4225.337000 0.000000 
4225.579000 -0.000047 
4225.820000 -0.000142 
4226.061000 -0.000189 
4226.302000 -0.000189 
4226.543000 -0.000142 
4226.784000 -0.000142 
4227.025000 -0.000142 
4227.266000 -0.000095 
4227.507000 -0.000047 
4227.748000 -0.000047 
4227.989000 -0.000095 
4228.230000 -0.000047 
4228.471000 0.000000 
4228.712000 0.000000 
4228.954000 0.000000 
4229.195000 0.000000 
4229.436000 -0.000047 
4229.677000 -0.000095 
4229.918000 -0.000095 
4230.159000 -0.000142 
4230.400000 -0.000142 
4230.641000 -0.000189 
4230.882000 -0.000236 
4231.123000 -0.000236 
4231.364000 -0.000142 
4231.605000 -0.000047 
4231.846000 0.000000 
4232.087000 0.000095 
4232.329000 0.000142 
4232.569000 0.000142 
4232.811000 0.000094 
4233.052000 0.000000 
4233.292000 -0.000142 
4233.534000 -0.000142 
4233.775000 -0.000189 
4234.016000 -0.000189 
4234.257000 -0.000189 
4234.498000 -0.000236 
4234.739000 -0.000283 
4234.980000 -0.000283 
4235.221000 -0.000236 
4235.462000 -0.000189 
4235.703000 -0.000142 
4235.944000 -0.000142 
4236.186000 -0.000094 
4236.426000 -0.000047 
4236.667000 -0.000047 
4236.909000 -0.000094 
4237.149000 -0.000094 
4237.391000 -0.000094 
4237.632000 -0.000047 
4237.873000 -0.000142 
4238.114000 -0.000189 
4238.355000 -0.000189 
4238.596000 -0.000142 
4238.837000 -0.000094 
4239.078000 -0.000094 
4239.319000 -0.000142 
4239.560000 -0.000142 
4239.801000 -0.000189 
4240.042000 -0.000189 
4240.284000 -0.000189 
4240.524000 -0.000141 
4240.766000 -0.000094 
4241.007000 -0.000047 
4241.248000 0.000000 
4241.489000 0.000000 
4241.730000 -0.000047 
4241.971000 -0.000047 
4242.212000 -0.000047 
4242.453000 -0.000094 
4242.694000 -0.000094 
4242.935000 -0.000141 
4243.176000 -0.000141 
4243.417000 -0.000141 
4243.658000 -0.000094 
4243.899000 -0.000094 
4244.141000 -0.000094 
4244.381000 -0.000141 
4244.623000 -0.000188 
4244.864000 -0.000236 
4245.104000 -0.000283 
4245.346000 -0.000236 
4245.587000 -0.000141 
4245.828000 -0.000094 
4246.069000 -0.000094 
4246.310000 -0.000094 
4246.551000 -0.000141 
4246.792000 -0.000235 
4247.033000 -0.000283 
4247.274000 -0.000235 
4247.515000 -0.000188 
4247.756000 -0.000188 
4247.998000 -0.000141 
4248.238000 -0.000141 
4248.479000 -0.000094 
4248.721000 -0.000047 
4248.962000 0.000000 
4249.203000 -0.000047 
4249.444000 -0.000094 
4249.685000 -0.000141 
4249.926000 -0.000188 
4250.167000 -0.000141 
4250.408000 -0.000141 
4250.649000 -0.000094 
4250.890000 -0.000094 
4251.131000 -0.000141 
4251.373000 -0.000141 
4251.613000 -0.000141 
4251.854000 -0.000141 
4252.096000 -0.000141 
4252.336000 -0.000188 
4252.578000 -0.000282 
4252.819000 -0.000329 
4253.060000 -0.000376 
4253.301000 -0.000329 
4253.542000 -0.000235 
4253.783000 -0.000188 
4254.024000 -0.000141 
4254.265000 -0.000188 
4254.506000 -0.000188 
4254.747000 -0.000188 
4254.988000 -0.000188 
4255.229000 -0.000094 
4255.470000 -0.000094 
4255.711000 -0.000094 
4255.953000 -0.000141 
4256.193000 -0.000235 
4256.435000 -0.000235 
4256.676000 -0.000282 
4256.917000 -0.000235 
4257.158000 -0.000188 
4257.399000 -0.000188 
4257.640000 -0.000188 
4257.881000 -0.000235 
4258.122000 -0.000188 
4258.363000 -0.000141 
4258.604000 -0.000094 
4258.845000 -0.000094 
4259.086000 -0.000141 
4259.327000 -0.000188 
4259.568000 -0.000188 
4259.810000 -0.000188 
4260.051000 -0.000188 
4260.292000 -0.000141 
4260.533000 -0.000141 
4260.774000 -0.000094 
4261.015000 -0.000094 
4261.256000 -0.000047 
4261.497000 0.000000 
4261.738000 -0.000047 
4261.979000 -0.000141 
4262.220000 -0.000188 
4262.461000 -0.000235 
4262.702000 -0.000188 
4262.943000 -0.000188 
4263.185000 -0.000141 
4263.425000 -0.000141 
4263.667000 -0.000141 
4263.908000 -0.000141 
4264.148000 -0.000141 
4264.390000 -0.000141 
4264.631000 -0.000141 
4264.872000 -0.000094 
4265.113000 -0.000141 
4265.354000 -0.000141 
4265.595000 -0.000188 
4265.836000 -0.000188 
4266.077000 -0.000188 
4266.318000 -0.000141 
4266.559000 -0.000141 
4266.800000 -0.000141 
4267.042000 -0.000141 
4267.282000 -0.000234 
4267.523000 -0.000328 
4267.765000 -0.000328 
4268.006000 -0.000328 
4268.247000 -0.000281 
4268.488000 -0.000281 
4268.729000 -0.000234 
4268.970000 -0.000234 
4269.211000 -0.000234 
4269.452000 -0.000281 
4269.693000 -0.000375 
4269.934000 -0.000328 
4270.175000 -0.000234 
4270.416000 -0.000187 
4270.657000 -0.000140 
4270.898000 -0.000094 
4271.140000 0.000000 
4271.380000 0.000000 
4271.622000 -0.000047 
4271.863000 -0.000140 
4272.104000 -0.000187 
4272.345000 -0.000234 
4272.586000 -0.000234 
4272.827000 -0.000187 
4273.068000 -0.000187 
4273.309000 -0.000187 
4273.550000 -0.000234 
4273.791000 -0.000234 
4274.032000 -0.000187 
4274.273000 -0.000094 
4274.514000 -0.000047 
4274.755000 -0.000094 
4274.997000 -0.000094 
4275.237000 -0.000094 
4275.479000 -0.000094 
4275.720000 -0.000094 
4275.960000 -0.000140 
4276.202000 -0.000187 
4276.443000 -0.000327 
4276.684000 -0.000421 
4276.925000 -0.000421 
4277.166000 -0.000327 
4277.407000 -0.000234 
4277.648000 -0.000140 
4277.889000 -0.000094 
4278.130000 -0.000047 
4278.371000 -0.000047 
4278.612000 -0.000093 
4278.854000 -0.000187 
4279.094000 -0.000234 
4279.335000 -0.000280 
4279.577000 -0.000327 
4279.818000 -0.000280 
4280.059000 -0.000234 
4280.300000 -0.000093 
4280.541000 -0.000047 
4280.782000 -0.000047 
4281.023000 -0.000093 
4281.264000 -0.000140 
4281.505000 -0.000140 
4281.746000 -0.000093 
4281.987000 -0.000047 
4282.229000 -0.000047 
4282.469000 -0.000093 
4282.710000 -0.000093 
4282.952000 -0.000140 
4283.192000 -0.000140 
4283.434000 -0.000140 
4283.675000 -0.000140 
4283.916000 -0.000093 
4284.157000 -0.000047 
4284.398000 -0.000047 
4284.639000 -0.000093 
4284.880000 -0.000047 
4285.121000 0.000000 
4285.362000 0.000000 
4285.603000 0.000000 
4285.844000 0.000047 
4286.085000 0.000047 
4286.326000 0.000000 
4286.567000 -0.000047 
4286.809000 -0.000093 
4287.049000 -0.000093 
4287.291000 -0.000093 
4287.532000 -0.000047 
4287.773000 -0.000047 
4288.014000 -0.000047 
4288.255000 0.000000 
4288.496000 0.000047 
4288.737000 0.000093 
4288.978000 0.000093 
4289.219000 0.000093 
4289.460000 0.000093 
4289.701000 0.000140 
4289.942000 0.000186 
4290.183000 0.000186 
4290.424000 0.000186 
4290.666000 0.000186 
4290.907000 0.000186 
4291.147000 0.000186 
4291.389000 0.000233 
4291.630000 0.000280 
4291.871000 0.000326 
4292.112000 0.000373 
4292.353000 0.000419 
4292.594000 0.000466 
4292.835000 0.000466 
4293.076000 0.000512 
4293.317000 0.000559 
4293.558000 0.000559 
4293.799000 0.000559 
4294.041000 0.000559 
4294.281000 0.000559 
4294.522000 0.000605 
4294.764000 0.000699 
4295.004000 0.000792 
4295.246000 0.000838 
4295.487000 0.000885 
4295.728000 0.000885 
4295.969000 0.000885 
4296.210000 0.000885 
4296.451000 0.000838 
4296.692000 0.000838 
4296.933000 0.000931 
4297.174000 0.000977 
4297.415000 0.001070 
4297.656000 0.001024 
4297.897000 0.001024 
4298.138000 0.001024 
4298.379000 0.001024 
4298.621000 0.001070 
4298.861000 0.001163 
4299.103000 0.001210 
4299.344000 0.001303 
4299.585000 0.001302 
4299.826000 0.001256 
4300.067000 0.001256 
4300.308000 0.001256 
4300.549000 0.001256 
4300.790000 0.001302 
4301.031000 0.001349 
4301.272000 0.001395 
4301.513000 0.001441 
4301.754000 0.001395 
4301.996000 0.001348 
4302.236000 0.001302 
4302.478000 0.001255 
4302.719000 0.001209 
4302.959000 0.001208 
4303.201000 0.001208 
4303.442000 0.001162 
4303.683000 0.001115 
4303.924000 0.001022 
4304.165000 0.000976 
4304.406000 0.000929 
4304.647000 0.000976 
4304.888000 0.001069 
4305.129000 0.001115 
4305.370000 0.001115 
4305.611000 0.001115 
4305.853000 0.001068 
4306.093000 0.000975 
4306.334000 0.000882 
4306.576000 0.000789 
4306.816000 0.000789 
4307.058000 0.000789 
4307.299000 0.000789 
4307.540000 0.000836 
4307.781000 0.000789 
4308.022000 0.000789 
4308.263000 0.000743 
4308.504000 0.000743 
4308.745000 0.000743 
4308.986000 0.000743 
4309.227000 0.000696 
4309.468000 0.000650 
4309.709000 0.000603 
4309.950000 0.000650 
4310.191000 0.000696 
4310.433000 0.000696 
4310.674000 0.000696 
4310.915000 0.000650 
4311.156000 0.000557 
4311.397000 0.000464 
4311.638000 0.000417 
4311.879000 0.000464 
4312.120000 0.000510 
4312.361000 0.000557 
4312.602000 0.000510 
4312.843000 0.000510 
4313.084000 0.000464 
4313.325000 0.000417 
4313.566000 0.000371 
4313.808000 0.000278 
4314.048000 0.000232 
4314.290000 0.000232 
4314.531000 0.000232 
4314.771000 0.000278 
4315.013000 0.000278 
4315.254000 0.000278 
4315.495000 0.000278 
4315.736000 0.000278 
4315.977000 0.000278 
4316.218000 0.000324 
4316.459000 0.000324 
4316.700000 0.000278 
4316.941000 0.000278 
4317.182000 0.000278 
4317.423000 0.000278 
4317.665000 0.000232 
4317.905000 0.000185 
4318.146000 0.000139 
4318.388000 0.000139 
4318.629000 0.000139 
4318.870000 0.000185 
4319.111000 0.000185 
4319.352000 0.000185 
4319.593000 0.000185 
4319.834000 0.000185 
4320.075000 0.000185 
4320.316000 0.000278 
4320.557000 0.000324 
4320.798000 0.000370 
4321.039000 0.000324 
4321.280000 0.000231 
4321.521000 0.000139 
4321.763000 0.000139 
4322.003000 0.000139 
4322.245000 0.000185 
4322.486000 0.000139 
4322.727000 0.000093 
4322.968000 0.000046 
4323.209000 -0.000046 
4323.450000 -0.000046 
4323.691000 0.000046 
4323.932000 0.000139 
4324.173000 0.000231 
4324.414000 0.000277 
4324.655000 0.000231 
4324.896000 0.000185 
4325.137000 0.000139 
4325.378000 0.000139 
4325.620000 0.000139 
4325.860000 0.000139 
4326.102000 0.000139 
4326.343000 0.000139 
4326.583000 0.000092 
4326.825000 0.000092 
4327.066000 0.000092 
4327.307000 0.000092 
4327.548000 0.000139 
4327.789000 0.000139 
4328.030000 0.000092 
4328.271000 0.000046 
4328.512000 0.000046 
4328.753000 0.000000 
4328.994000 0.000000 
4329.235000 -0.000046 
4329.477000 -0.000046 
4329.718000 0.000000 
4329.958000 0.000046 
4330.200000 0.000092 
4330.441000 0.000092 
4330.682000 0.000046 
4330.923000 0.000000 
4331.164000 -0.000046 
4331.405000 -0.000046 
4331.646000 0.000000 
4331.887000 0.000046 
4332.128000 0.000092 
4332.369000 0.000046 
4332.610000 -0.000046 
4332.852000 -0.000092 
4333.092000 -0.000092 
4333.333000 -0.000046 
4333.575000 0.000000 
4333.815000 0.000046 
4334.057000 0.000046 
4334.298000 0.000046 
4334.539000 0.000046 
4334.780000 0.000046 
4335.021000 0.000000 
4335.262000 -0.000046 
4335.503000 -0.000092 
4335.744000 -0.000092 
4335.985000 -0.000046 
4336.226000 0.000000 
4336.467000 0.000046 
4336.708000 0.000092 
4336.949000 0.000092 
4337.190000 0.000046 
4337.432000 0.000046 
4337.672000 0.000046 
4337.914000 0.000046 
4338.155000 0.000046 
4338.396000 0.000092 
4338.637000 0.000138 
4338.878000 0.000184 
4339.119000 0.000184 
4339.360000 0.000184 
4339.601000 0.000138 
4339.842000 0.000092 
4340.083000 0.000092 
4340.324000 0.000046 
4340.565000 -0.000046 
4340.806000 -0.000138 
4341.047000 -0.000138 
4341.289000 -0.000092 
4341.530000 0.000000 
4341.771000 0.000092 
4342.012000 0.000138 
4342.253000 0.000138 
4342.494000 0.000092 
4342.735000 0.000138 
4342.976000 0.000138 
4343.217000 0.000138 
4343.458000 0.000138 
4343.699000 0.000046 
4343.940000 0.000000 
4344.181000 -0.000092 
4344.422000 -0.000138 
4344.664000 -0.000138 
4344.904000 -0.000138 
4345.146000 -0.000138 
4345.387000 -0.000184 
4345.627000 -0.000184 
4345.869000 -0.000138 
4346.110000 -0.000046 
4346.351000 0.000000 
4346.592000 0.000046 
4346.833000 0.000046 
4347.074000 0.000000 
4347.315000 -0.000046 
4347.556000 -0.000092 
4347.797000 -0.000138 
4348.038000 -0.000138 
4348.279000 -0.000138 
4348.521000 -0.000138 
4348.761000 -0.000138 
4349.002000 -0.000092 
4349.244000 -0.000092 
4349.485000 -0.000092 
4349.726000 -0.000138 
4349.967000 -0.000184 
4350.208000 -0.000230 
4350.449000 -0.000184 
4350.690000 -0.000092 
4350.931000 0.000000 
4351.172000 0.000046 
4351.413000 0.000092 
4351.654000 0.000092 
4351.895000 0.000092 
4352.136000 0.000046 
4352.377000 0.000000 
4352.619000 0.000000 
4352.859000 0.000046 
4353.101000 0.000046 
4353.342000 0.000000 
4353.583000 0.000000 
4353.824000 -0.000046 
4354.065000 -0.000092 
4354.306000 -0.000092 
4354.547000 -0.000046 
4354.788000 -0.000046 
4355.029000 0.000000 
4355.270000 0.000046 
4355.511000 0.000046 
4355.752000 0.000046 
4355.993000 0.000000 
4356.234000 -0.000046 
4356.476000 -0.000046 
4356.716000 -0.000046 
4356.958000 -0.000046 
4357.199000 0.000000 
4357.439000 0.000000 
4357.681000 0.000000 
4357.922000 0.000000 
4358.163000 -0.000046 
4358.404000 -0.000046 
4358.645000 0.000000 
4358.886000 0.000000 
4359.127000 0.000000 
4359.368000 0.000000 
4359.609000 0.000000 
4359.850000 0.000000 
4360.091000 -0.000092 
4360.333000 -0.000138 
4360.573000 -0.000138 
4360.814000 -0.000138 
4361.056000 -0.000092 
4361.297000 -0.000046 
4361.538000 -0.000046 
4361.779000 -0.000046 
4362.020000 -0.000046 
4362.261000 -0.000046 
4362.502000 -0.000046 
4362.743000 0.000000 
4362.984000 0.000000 
4363.225000 0.000046 
4363.466000 0.000046 
4363.708000 0.000046 
4363.948000 0.000000 
4364.189000 -0.000046 
4364.431000 -0.000092 
4364.671000 -0.000092 
4364.913000 -0.000092 
4365.154000 -0.000092 
4365.395000 -0.000046 
4365.636000 -0.000046 
4365.877000 0.000000 
4366.118000 0.000046 
4366.359000 0.000046 
4366.600000 0.000046 
4366.841000 0.000000 
4367.082000 -0.000092 
4367.323000 -0.000183 
4367.564000 -0.000229 
4367.805000 -0.000229 
4368.046000 -0.000183 
4368.288000 -0.000092 
4368.528000 0.000000 
4368.770000 0.000046 
4369.011000 0.000092 
4369.252000 0.000046 
4369.493000 0.000046 
4369.734000 0.000000 
4369.975000 0.000000 
4370.216000 -0.000046 
4370.457000 -0.000046 
4370.698000 -0.000092 
4370.939000 -0.000092 
4371.180000 -0.000092 
4371.421000 -0.000092 
4371.662000 -0.000046 
4371.903000 0.000000 
4372.145000 0.000000 
4372.386000 -0.000046 
4372.626000 -0.000091 
4372.868000 -0.000137 
4373.109000 -0.000183 
4373.350000 -0.000137 
4373.591000 -0.000091 
4373.832000 0.000000 
4374.073000 0.000046 
4374.314000 0.000046 
4374.555000 0.000000 
4374.796000 -0.000137 
4375.037000 -0.000183 
4375.278000 -0.000183 
4375.520000 -0.000137 
4375.760000 -0.000091 
4376.001000 -0.000091 
4376.243000 -0.000091 
4376.483000 -0.000137 
4376.725000 -0.000137 
4376.966000 -0.000137 
4377.207000 -0.000091 
4377.448000 0.000000 
4377.689000 0.000091 
4377.930000 0.000091 
4378.171000 0.000091 
4378.412000 0.000046 
4378.653000 0.000000 
4378.894000 -0.000046 
4379.135000 -0.000091 
4379.376000 -0.000046 
4379.617000 0.000000 
4379.858000 0.000000 
4380.100000 0.000000 
4380.341000 0.000000 
4380.582000 -0.000046 
4380.823000 -0.000091 
4381.064000 -0.000183 
4381.305000 -0.000228 
4381.546000 -0.000274 
4381.787000 -0.000228 
4382.028000 -0.000183 
4382.269000 -0.000091 
4382.510000 -0.000046 
4382.751000 -0.000046 
4382.992000 -0.000091 
4383.233000 -0.000137 
4383.475000 -0.000183 
4383.715000 -0.000228 
4383.957000 -0.000228 
4384.198000 -0.000228 
4384.438000 -0.000137 
4384.680000 -0.000091 
4384.921000 -0.000091 
4385.162000 -0.000091 
4385.403000 -0.000137 
4385.644000 -0.000137 
4385.885000 -0.000137 
4386.126000 -0.000091 
4386.367000 -0.000091 
4386.608000 -0.000046 
4386.849000 0.000000 
4387.090000 0.000000 
4387.332000 0.000000 
4387.572000 -0.000046 
4387.813000 -0.000091 
4388.055000 -0.000091 
4388.295000 -0.000091 
4388.537000 -0.000091 
4388.778000 -0.000137 
4389.019000 -0.000137 
4389.260000 -0.000137 
4389.501000 -0.000091 
4389.742000 -0.000046 
4389.983000 -0.000046 
4390.224000 0.000000 
4390.465000 -0.000046 
4390.706000 -0.000137 
4390.947000 -0.000182 
4391.188000 -0.000137 
4391.430000 -0.000091 
4391.670000 -0.000046 
4391.912000 -0.000046 
4392.153000 -0.000091 
4392.394000 -0.000137 
4392.635000 -0.000182 
4392.876000 -0.000228 
4393.117000 -0.000228 
4393.358000 -0.000228 
4393.599000 -0.000182 
4393.840000 -0.000091 
4394.081000 -0.000046 
4394.322000 0.000000 
4394.563000 0.000000 
4394.804000 -0.000046 
4395.045000 -0.000091 
4395.287000 -0.000046 
4395.527000 0.000000 
4395.769000 0.000091 
4396.010000 0.000136 
4396.250000 0.000136 
4396.492000 0.000091 
4396.733000 0.000000 
4396.974000 -0.000045 
4397.215000 -0.000045 
4397.456000 -0.000045 
4397.697000 -0.000045 
4397.938000 -0.000045 
4398.179000 -0.000045 
4398.420000 0.000045 
4398.661000 0.000045 
4398.902000 0.000045 
4399.144000 0.000000 
4399.384000 -0.000045 
4399.625000 -0.000045 
4399.867000 -0.000091 
4400.108000 -0.000136 
4400.349000 -0.000227 
4400.590000 -0.000273 
4400.831000 -0.000318 
4401.072000 -0.000273 
4401.313000 -0.000227 
4401.554000 -0.000136 
4401.795000 -0.000091 
4402.036000 -0.000136 
4402.277000 -0.000136 
4402.518000 -0.000182 
4402.759000 -0.000227 
4403.000000 -0.000182 
4403.242000 -0.000091 
4403.482000 0.000000 
4403.724000 0.000045 
4403.965000 0.000000 
4404.206000 -0.000045 
4404.447000 -0.000091 
4404.688000 -0.000045 
4404.929000 -0.000045 
4405.170000 -0.000091 
4405.411000 -0.000136 
4405.652000 -0.000227 
4405.893000 -0.000272 
4406.134000 -0.000272 
4406.375000 -0.000182 
4406.616000 -0.000136 
4406.857000 -0.000045 
4407.099000 0.000045 
4407.339000 0.000091 
4407.581000 0.000045 
4407.822000 -0.000045 
4408.063000 -0.000136 
4408.304000 -0.000227 
4408.545000 -0.000272 
4408.786000 -0.000272 
4409.027000 -0.000318 
4409.268000 -0.000227 
4409.509000 -0.000181 
4409.750000 -0.000136 
4409.991000 -0.000091 
4410.232000 -0.000045 
4410.473000 0.000045 
4410.714000 0.000045 
4410.956000 0.000000 
4411.197000 -0.000045 
4411.438000 -0.000091 
4411.679000 -0.000091 
4411.920000 -0.000136 
4412.161000 -0.000181 
4412.402000 -0.000181 
4412.643000 -0.000136 
4412.884000 -0.000091 
4413.125000 -0.000045 
4413.366000 -0.000045 
4413.607000 -0.000045 
4413.848000 -0.000045 
4414.089000 -0.000045 
4414.331000 -0.000045 
4414.571000 -0.000045 
4414.813000 -0.000045 
4415.054000 -0.000091 
4415.294000 -0.000136 
4415.536000 -0.000226 
4415.777000 -0.000226 
4416.018000 -0.000226 
4416.259000 -0.000226 
4416.500000 -0.000226 
4416.741000 -0.000226 
4416.982000 -0.000226 
4417.223000 -0.000226 
4417.464000 -0.000181 
4417.705000 -0.000181 
4417.946000 -0.000181 
4418.188000 -0.000181 
4418.428000 -0.000226 
4418.669000 -0.000226 
4418.911000 -0.000226 
4419.151000 -0.000181 
4419.393000 -0.000226 
4419.634000 -0.000181 
4419.875000 -0.000136 
4420.116000 -0.000045 
4420.357000 0.000000 
4420.598000 0.000000 
4420.839000 0.000000 
4421.080000 0.000000 
4421.321000 -0.000045 
4421.562000 -0.000090 
4421.803000 -0.000181 
4422.044000 -0.000181 
4422.285000 -0.000136 
4422.526000 -0.000090 
4422.768000 0.000000 
4423.009000 0.000045 
4423.250000 0.000090 
4423.491000 0.000090 
4423.732000 0.000045 
4423.973000 0.000000 
4424.214000 -0.000045 
4424.455000 -0.000090 
4424.696000 -0.000136 
4424.937000 -0.000136 
4425.178000 -0.000136 
4425.419000 -0.000136 
4425.660000 -0.000136 
4425.901000 -0.000090 
4426.143000 -0.000045 
4426.383000 0.000000 
4426.625000 0.000045 
4426.866000 0.000000 
4427.106000 0.000000 
4427.348000 -0.000045 
4427.589000 -0.000090 
4427.830000 -0.000090 
4428.071000 -0.000090 
4428.312000 -0.000135 
4428.553000 -0.000135 
4428.794000 -0.000135 
4429.035000 -0.000135 
4429.276000 -0.000135 
4429.517000 -0.000135 
4429.758000 -0.000135 
4430.000000 -0.000135 
4430.240000 -0.000090 
4430.481000 -0.000090 
4430.723000 -0.000045 
4430.964000 -0.000090 
4431.205000 -0.000181 
4431.446000 -0.000226 
4431.687000 -0.000226 
4431.928000 -0.000181 
4432.169000 -0.000180 
4432.410000 -0.000180 
4432.651000 -0.000226 
4432.892000 -0.000226 
4433.133000 -0.000226 
4433.374000 -0.000180 
4433.615000 -0.000135 
4433.856000 -0.000135 
4434.098000 -0.000226 
4434.338000 -0.000271 
4434.580000 -0.000226 
4434.821000 -0.000225 
4435.062000 -0.000180 
4435.303000 -0.000225 
4435.544000 -0.000316 
4435.785000 -0.000361 
4436.026000 -0.000361 
4436.267000 -0.000270 
4436.508000 -0.000180 
4436.749000 -0.000090 
4436.990000 -0.000045 
4437.231000 -0.000090 
4437.472000 -0.000090 
4437.713000 -0.000135 
4437.955000 -0.000180 
4438.195000 -0.000225 
4438.437000 -0.000225 
4438.678000 -0.000180 
4438.918000 -0.000090 
4439.160000 -0.000045 
4439.401000 -0.000045 
4439.642000 -0.000090 
4439.883000 -0.000090 
4440.124000 -0.000090 
4440.365000 -0.000045 
4440.606000 0.000045 
4440.847000 0.000045 
4441.088000 0.000045 
4441.329000 0.000000 
4441.570000 -0.000090 
4441.812000 -0.000180 
4442.053000 -0.000225 
4442.293000 -0.000180 
4442.535000 -0.000180 
4442.776000 -0.000180 
4443.017000 -0.000180 
4443.258000 -0.000225 
4443.499000 -0.000270 
4443.740000 -0.000315 
4443.981000 -0.000270 
4444.222000 -0.000180 
4444.463000 -0.000135 
4444.704000 -0.000135 
4444.945000 -0.000135 
4445.187000 -0.000135 
4445.427000 -0.000180 
4445.668000 -0.000225 
4445.910000 -0.000270 
4446.150000 -0.000315 
4446.392000 -0.000315 
4446.633000 -0.000270 
4446.874000 -0.000180 
4447.115000 -0.000180 
4447.356000 -0.000135 
4447.597000 -0.000135 
4447.838000 -0.000090 
4448.079000 0.000000 
4448.320000 0.000000 
4448.561000 -0.000045 
4448.802000 -0.000135 
4449.043000 -0.000180 
4449.284000 -0.000180 
4449.525000 -0.000180 
4449.767000 -0.000135 
4450.007000 -0.000135 
4450.249000 -0.000180 
4450.490000 -0.000225 
4450.731000 -0.000225 
4450.972000 -0.000225 
4451.213000 -0.000180 
4451.454000 -0.000180 
4451.695000 -0.000135 
4451.936000 -0.000090 
4452.177000 -0.000090 
4452.418000 -0.000090 
4452.659000 -0.000135 
4452.900000 -0.000135 
4453.142000 -0.000135 
4453.382000 -0.000135 
4453.624000 -0.000225 
4453.865000 -0.000225 
4454.105000 -0.000180 
4454.347000 -0.000135 
4454.588000 -0.000090 
4454.829000 -0.000045 
4455.070000 0.000000 
4455.311000 -0.000045 
4455.552000 -0.000135 
4455.793000 -0.000180 
4456.034000 -0.000180 
4456.275000 -0.000090 
4456.516000 -0.000045 
4456.757000 -0.000045 
4456.999000 -0.000045 
4457.239000 -0.000045 
4457.480000 -0.000045 
4457.722000 -0.000045 
4457.962000 -0.000045 
4458.204000 -0.000090 
4458.445000 -0.000135 
4458.686000 -0.000224 
4458.927000 -0.000224 
4459.168000 -0.000224 
4459.409000 -0.000135 
4459.650000 -0.000045 
4459.891000 0.000000 
4460.132000 -0.000090 
4460.373000 -0.000179 
4460.614000 -0.000269 
4460.855000 -0.000269 
4461.096000 -0.000224 
4461.337000 -0.000179 
4461.579000 -0.000090 
4461.820000 -0.000045 
4462.061000 0.000000 
4462.302000 -0.000090 
4462.543000 -0.000134 
4462.784000 -0.000134 
4463.025000 -0.000090 
4463.266000 -0.000045 
4463.507000 -0.000090 
4463.748000 -0.000134 
4463.989000 -0.000179 
4464.230000 -0.000179 
4464.471000 -0.000179 
4464.712000 -0.000224 
4464.954000 -0.000224 
4465.194000 -0.000269 
4465.436000 -0.000314 
4465.677000 -0.000314 
4465.917000 -0.000313 
4466.159000 -0.000313 
4466.400000 -0.000313 
4466.641000 -0.000269 
4466.882000 -0.000224 
4467.123000 -0.000090 
4467.364000 -0.000045 
4467.605000 0.000000 
4467.846000 -0.000045 
4468.087000 -0.000090 
4468.328000 -0.000134 
4468.569000 -0.000090 
4468.811000 -0.000045 
4469.051000 -0.000045 
4469.292000 -0.000045 
4469.534000 -0.000089 
4469.774000 -0.000089 
4470.016000 -0.000089 
4470.257000 0.000000 
4470.498000 0.000000 
4470.739000 -0.000045 
4470.980000 -0.000089 
4471.221000 -0.000134 
4471.462000 -0.000179 
4471.703000 -0.000224 
4471.944000 -0.000179 
4472.185000 -0.000134 
4472.426000 -0.000089 
4472.667000 -0.000045 
4472.909000 -0.000089 
4473.149000 -0.000134 
4473.391000 -0.000134 
4473.632000 -0.000134 
4473.873000 -0.000179 
4474.114000 -0.000179 
4474.355000 -0.000179 
4474.596000 -0.000179 
4474.837000 -0.000134 
4475.078000 -0.000089 
4475.319000 -0.000089 
4475.560000 -0.000089 
4475.801000 -0.000089 
4476.042000 -0.000045 
4476.283000 -0.000045 
4476.524000 -0.000045 
4476.766000 -0.000089 
4477.006000 -0.000089 
4477.248000 -0.000089 
4477.489000 -0.000089 
4477.729000 -0.000089 
4477.971000 -0.000089 
4478.212000 -0.000045 
4478.453000 -0.000045 
4478.694000 -0.000089 
4478.935000 -0.000179 
4479.176000 -0.000313 
4479.417000 -0.000402 
4479.658000 -0.000402 
4479.899000 -0.000313 
4480.140000 -0.000179 
4480.381000 -0.000089 
4480.623000 -0.000089 
4480.863000 -0.000134 
4481.104000 -0.000134 
4481.346000 -0.000089 
4481.587000 -0.000089 
4481.828000 -0.000045 
4482.069000 -0.000045 
4482.310000 0.000000 
4482.551000 0.000000 
4482.792000 -0.000045 
4483.033000 -0.000089 
4483.274000 -0.000134 
4483.515000 -0.000178 
4483.756000 -0.000134 
4483.997000 -0.000134 
4484.238000 -0.000134 
4484.479000 -0.000134 
4484.721000 -0.000134 
4484.961000 -0.000134 
4485.203000 -0.000089 
4485.444000 -0.000045 
4485.685000 0.000000 
4485.926000 0.000000 
4486.167000 0.000000 
4486.408000 -0.000089 
4486.649000 -0.000178 
4486.890000 -0.000223 
4487.131000 -0.000178 
4487.372000 -0.000178 
4487.613000 -0.000223 
4487.854000 -0.000267 
4488.095000 -0.000267 
4488.336000 -0.000223 
4488.578000 -0.000223 
4488.818000 -0.000223 
4489.060000 -0.000223 
4489.301000 -0.000267 
4489.542000 -0.000223 
4489.783000 -0.000223 
4490.024000 -0.000178 
4490.265000 -0.000178 
4490.506000 -0.000178 
4490.747000 -0.000223 
4490.988000 -0.000267 
4491.229000 -0.000223 
4491.470000 -0.000178 
4491.711000 -0.000089 
4491.952000 -0.000045 
4492.193000 -0.000045 
4492.435000 -0.000045 
4492.676000 -0.000045 
4492.917000 -0.000089 
4493.158000 -0.000134 
4493.399000 -0.000178 
4493.640000 -0.000178 
4493.881000 -0.000178 
4494.122000 -0.000134 
4494.363000 -0.000134 
4494.604000 -0.000133 
4494.845000 -0.000089 
4495.086000 -0.000044 
4495.327000 -0.000089 
4495.568000 -0.000178 
4495.810000 -0.000222 
4496.050000 -0.000222 
4496.292000 -0.000178 
4496.533000 -0.000089 
4496.773000 -0.000044 
4497.015000 -0.000089 
4497.256000 -0.000178 
4497.497000 -0.000222 
4497.738000 -0.000222 
4497.979000 -0.000178 
4498.220000 -0.000133 
4498.461000 -0.000089 
4498.702000 -0.000089 
4498.943000 -0.000133 
4499.184000 -0.000222 
4499.425000 -0.000311 
4499.667000 -0.000311 
4499.907000 -0.000222 
4500.148000 -0.000089 
4500.390000 0.000000 
4500.630000 0.000044 
4500.872000 0.000044 
4501.113000 0.000000 
4501.354000 -0.000089 
4501.595000 -0.000178 
4501.836000 -0.000178 
4502.077000 -0.000178 
4502.318000 -0.000178 
4502.559000 -0.000133 
4502.800000 -0.000089 
4503.041000 -0.000133 
4503.282000 -0.000178 
4503.523000 -0.000178 
4503.765000 -0.000133 
4504.005000 -0.000044 
4504.247000 -0.000044 
4504.488000 -0.000089 
4504.729000 -0.000133 
4504.970000 -0.000133 
4505.211000 -0.000044 
4505.452000 0.000000 
4505.693000 0.000000 
4505.934000 0.000000 
4506.175000 -0.000089 
4506.416000 -0.000133 
4506.657000 -0.000178 
4506.898000 -0.000178 
4507.139000 -0.000177 
4507.380000 -0.000133 
4507.622000 -0.000044 
4507.862000 0.000044 
4508.104000 0.000089 
4508.345000 0.000089 
4508.585000 0.000044 
4508.827000 0.000044 
4509.068000 0.000000 
4509.309000 0.000000 
4509.550000 -0.000044 
4509.791000 -0.000044 
4510.032000 -0.000044 
4510.273000 -0.000089 
4510.514000 -0.000044 
4510.755000 -0.000044 
4510.996000 -0.000044 
4511.237000 -0.000089 
4511.479000 -0.000177 
4511.719000 -0.000222 
4511.960000 -0.000266 
4512.202000 -0.000266 
4512.443000 -0.000266 
4512.684000 -0.000222 
4512.925000 -0.000133 
4513.166000 -0.000044 
4513.407000 0.000000 
4513.648000 0.000000 
4513.889000 -0.000044 
4514.130000 -0.000089 
4514.371000 -0.000133 
4514.612000 -0.000133 
4514.854000 -0.000089 
4515.094000 -0.000089 
4515.335000 -0.000044 
4515.577000 -0.000044 
4515.817000 -0.000044 
4516.059000 -0.000044 
4516.300000 0.000000 
4516.541000 0.000000 
4516.782000 0.000000 
4517.023000 -0.000044 
4517.264000 -0.000089 
4517.505000 -0.000089 
4517.746000 -0.000044 
4517.987000 -0.000044 
4518.228000 -0.000044 
4518.469000 -0.000133 
4518.710000 -0.000133 
4518.951000 -0.000133 
4519.192000 -0.000133 
4519.434000 -0.000133 
4519.674000 -0.000089 
4519.916000 -0.000044 
4520.157000 -0.000044 
4520.397000 0.000000 
4520.639000 0.000000 
4520.880000 0.000044 
4521.121000 0.000044 
4521.362000 0.000044 
4521.603000 0.000088 
4521.844000 0.000088 
4522.085000 0.000044 
4522.326000 -0.000044 
4522.567000 -0.000088 
4522.808000 -0.000044 
4523.049000 0.000000 
4523.291000 0.000088 
4523.532000 0.000133 
4523.772000 0.000133 
4524.014000 0.000088 
4524.255000 0.000000 
4524.496000 -0.000044 
4524.737000 0.000000 
4524.978000 0.000044 
4525.219000 0.000088 
4525.460000 0.000088 
4525.701000 0.000044 
4525.942000 0.000044 
4526.183000 0.000000 
4526.424000 0.000000 
4526.666000 0.000044 
4526.906000 0.000088 
4527.147000 0.000133 
4527.389000 0.000177 
4527.629000 0.000177 
4527.871000 0.000177 
4528.112000 0.000088 
4528.353000 0.000000 
4528.594000 -0.000088 
4528.835000 -0.000088 
4529.076000 -0.000044 
4529.317000 -0.000044 
4529.558000 0.000000 
4529.799000 0.000000 
4530.040000 -0.000044 
4530.281000 -0.000044 
4530.522000 0.000000 
4530.763000 0.000044 
4531.004000 0.000088 
4531.246000 0.000088 
4531.486000 0.000044 
4531.728000 0.000000 
4531.969000 0.000000 
4532.210000 0.000000 
4532.451000 -0.000044 
4532.692000 -0.000044 
4532.933000 -0.000044 
4533.174000 0.000000 
4533.415000 0.000044 
4533.656000 0.000088 
4533.897000 0.000088 
4534.138000 0.000132 
4534.379000 0.000088 
4534.621000 0.000044 
4534.861000 0.000000 
4535.103000 -0.000044 
4535.344000 -0.000088 
4535.584000 -0.000132 
4535.826000 -0.000132 
4536.067000 -0.000088 
4536.308000 -0.000088 
4536.549000 -0.000088 
4536.790000 -0.000088 
4537.031000 -0.000088 
4537.272000 -0.000044 
4537.513000 -0.000044 
4537.754000 -0.000044 
4537.995000 0.000000 
4538.236000 0.000000 
4538.478000 0.000044 
4538.718000 0.000088 
4538.959000 0.000088 
4539.201000 0.000088 
4539.441000 0.000044 
4539.683000 0.000044 
4539.924000 0.000000 
4540.165000 0.000000 
4540.406000 0.000000 
4540.647000 0.000044 
4540.888000 0.000088 
4541.129000 0.000088 
4541.370000 0.000088 
4541.611000 0.000044 
4541.852000 0.000044 
4542.093000 0.000044 
4542.334000 0.000044 
4542.575000 0.000044 
4542.816000 -0.000044 
4543.058000 -0.000088 
4543.299000 -0.000132 
4543.540000 -0.000176 
4543.781000 -0.000176 
4544.022000 -0.000088 
4544.263000 0.000044 
4544.504000 0.000132 
4544.745000 0.000132 
4544.986000 0.000088 
4545.227000 0.000044 
4545.468000 0.000000 
4545.709000 0.000000 
4545.950000 -0.000044 
4546.191000 -0.000044 
4546.433000 -0.000088 
4546.673000 -0.000132 
4546.915000 -0.000132 
4547.156000 -0.000132 
4547.396000 -0.000044 
4547.638000 0.000044 
4547.879000 0.000044 
4548.120000 0.000000 
4548.361000 -0.000044 
4548.602000 -0.000132 
4548.843000 -0.000220 
4549.084000 -0.000264 
4549.325000 -0.000264 
4549.566000 -0.000220 
4549.807000 -0.000176 
4550.048000 -0.000132 
4550.290000 -0.000088 
4550.530000 -0.000088 
4550.771000 -0.000132 
4551.013000 -0.000176 
4551.253000 -0.000176 
4551.495000 -0.000132 
4551.736000 -0.000088 
4551.977000 -0.000088 
4552.218000 -0.000132 
4552.459000 -0.000132 
4552.700000 -0.000176 
4552.941000 -0.000176 
4553.182000 -0.000132 
4553.423000 -0.000132 
4553.664000 -0.000088 
4553.905000 -0.000088 
4554.146000 -0.000088 
4554.388000 -0.000088 
4554.628000 -0.000044 
4554.870000 -0.000044 
4555.111000 0.000000 
4555.352000 0.000000 
4555.593000 -0.000044 
4555.834000 -0.000088 
4556.075000 -0.000132 
4556.316000 -0.000132 
4556.557000 -0.000088 
4556.798000 -0.000044 
4557.039000 -0.000044 
4557.280000 -0.000044 
4557.521000 -0.000044 
4557.762000 -0.000088 
4558.003000 -0.000132 
4558.245000 -0.000132 
4558.485000 -0.000132 
4558.727000 -0.000044 
4558.968000 0.000000 
4559.208000 0.000044 
4559.450000 -0.000044 
4559.691000 -0.000088 
4559.932000 -0.000175 
4560.173000 -0.000175 
4560.414000 -0.000219 
4560.655000 -0.000263 
4560.896000 -0.000263 
4561.137000 -0.000263 
4561.378000 -0.000219 
4561.619000 -0.000175 
4561.860000 -0.000132 
4562.102000 -0.000132 
4562.342000 -0.000132 
4562.583000 -0.000132 
4562.825000 -0.000088 
4563.066000 -0.000088 
4563.307000 -0.000088 
4563.548000 -0.000088 
4563.789000 -0.000131 
4564.030000 -0.000175 
4564.271000 -0.000219 
4564.512000 -0.000263 
4564.753000 -0.000219 
4564.994000 -0.000131 
4565.235000 -0.000044 
4565.477000 0.000000 
4565.717000 -0.000044 
4565.958000 -0.000088 
4566.200000 -0.000088 
4566.440000 -0.000088 
4566.682000 0.000000 
4566.923000 0.000000 
4567.164000 -0.000044 
4567.405000 -0.000131 
4567.646000 -0.000175 
4567.887000 -0.000131 
4568.128000 -0.000044 
4568.369000 0.000088 
4568.610000 0.000175 
4568.851000 0.000175 
4569.092000 0.000088 
4569.333000 -0.000088 
4569.574000 -0.000175 
4569.815000 -0.000219 
4570.057000 -0.000263 
4570.297000 -0.000263 
4570.539000 -0.000219 
4570.780000 -0.000131 
4571.021000 -0.000131 
4571.262000 -0.000175 
4571.503000 -0.000175 
4571.744000 -0.000175 
4571.985000 -0.000131 
4572.226000 -0.000175 
4572.467000 -0.000175 
4572.708000 -0.000131 
4572.949000 -0.000131 
4573.190000 -0.000087 
4573.431000 -0.000087 
4573.672000 -0.000087 
4573.914000 -0.000087 
4574.155000 -0.000087 
4574.396000 -0.000087 
4574.637000 -0.000131 
4574.878000 -0.000219 
4575.119000 -0.000262 
4575.360000 -0.000262 
4575.601000 -0.000175 
4575.842000 -0.000087 
4576.083000 -0.000044 
4576.324000 0.000000 
4576.565000 -0.000044 
4576.806000 -0.000087 
4577.047000 -0.000131 
4577.289000 -0.000175 
4577.529000 -0.000218 
4577.771000 -0.000262 
4578.012000 -0.000262 
4578.252000 -0.000218 
4578.494000 -0.000087 
4578.735000 0.000000 
4578.976000 0.000000 
4579.217000 0.000000 
4579.458000 0.000044 
4579.699000 0.000131 
4579.940000 0.000131 
4580.181000 0.000044 
4580.422000 -0.000087 
4580.663000 -0.000131 
4580.904000 -0.000175 
4581.146000 -0.000175 
4581.386000 -0.000131 
4581.627000 -0.000087 
4581.869000 -0.000044 
4582.109000 -0.000044 
4582.351000 -0.000044 
4582.592000 -0.000087 
4582.833000 -0.000131 
4583.074000 -0.000175 
4583.315000 -0.000175 
4583.556000 -0.000131 
4583.797000 -0.000087 
4584.038000 -0.000087 
4584.279000 -0.000087 
4584.520000 -0.000087 
4584.761000 -0.000174 
4585.002000 -0.000218 
4585.244000 -0.000174 
4585.484000 -0.000131 
4585.726000 -0.000087 
4585.967000 -0.000087 
4586.208000 -0.000087 
4586.449000 -0.000044 
4586.690000 0.000044 
4586.931000 0.000044 
4587.172000 0.000044 
4587.413000 0.000000 
4587.654000 0.000000 
4587.895000 0.000000 
4588.136000 -0.000044 
4588.377000 -0.000044 
4588.618000 -0.000087 
4588.859000 -0.000174 
4589.101000 -0.000218 
4589.341000 -0.000261 
4589.583000 -0.000261 
4589.824000 -0.000218 
4590.064000 -0.000218 
4590.306000 -0.000174 
4590.547000 -0.000131 
4590.788000 -0.000131 
4591.029000 -0.000131 
4591.270000 -0.000218 
4591.511000 -0.000261 
4591.752000 -0.000218 
4591.993000 -0.000174 
4592.234000 -0.000174 
4592.475000 -0.000218 
4592.716000 -0.000218 
4592.958000 -0.000218 
4593.198000 -0.000131 
4593.439000 -0.000087 
4593.681000 -0.000044 
4593.922000 -0.000044 
4594.163000 -0.000044 
4594.404000 -0.000044 
4594.645000 -0.000044 
4594.886000 -0.000044 
4595.127000 -0.000044 
4595.368000 -0.000044 
4595.609000 -0.000087 
4595.850000 -0.000087 
4596.091000 -0.000044 
4596.333000 -0.000044 
4596.573000 -0.000044 
4596.814000 -0.000044 
4597.056000 -0.000087 
4597.296000 -0.000087 
4597.538000 -0.000087 
4597.779000 -0.000087 
4598.020000 -0.000087 
4598.261000 -0.000130 
4598.502000 -0.000130 
4598.743000 -0.000130 
4598.984000 -0.000043 
4599.225000 0.000087 
4599.466000 0.000087 
4599.707000 0.000043 
4599.948000 -0.000043 
4600.189000 -0.000043 
4600.430000 -0.000043 
4600.671000 0.000000 
4600.913000 -0.000043 
4601.153000 -0.000087 
4601.395000 -0.000130 
4601.636000 -0.000217 
4601.877000 -0.000304 
4602.118000 -0.000348 
4602.359000 -0.000391 
4602.600000 -0.000348 
4602.841000 -0.000261 
4603.082000 -0.000174 
4603.323000 -0.000130 
4603.564000 -0.000130 
4603.805000 -0.000130 
4604.046000 -0.000130 
4604.287000 -0.000043 
4604.528000 0.000000 
4604.770000 0.000000 
4605.011000 -0.000043 
4605.251000 -0.000043 
4605.493000 0.000000 
4605.734000 0.000000 
4605.975000 0.000000 
4606.216000 0.000000 
4606.457000 0.000043 
4606.698000 0.000087 
4606.939000 0.000043 
4607.180000 0.000000 
4607.421000 -0.000043 
4607.662000 -0.000087 
4607.903000 -0.000130 
4608.145000 -0.000174 
4608.385000 -0.000174 
4608.626000 -0.000174 
4608.868000 -0.000130 
4609.108000 -0.000130 
4609.350000 -0.000087 
4609.591000 -0.000043 
4609.832000 0.000043 
4610.073000 0.000043 
4610.314000 0.000000 
4610.555000 -0.000043 
4610.796000 -0.000130 
4611.037000 -0.000087 
4611.278000 -0.000043 
4611.519000 -0.000043 
4611.760000 -0.000087 
4612.001000 -0.000087 
4612.242000 -0.000087 
4612.483000 -0.000043 
4612.725000 -0.000087 
4612.965000 -0.000130 
4613.207000 -0.000217 
4613.448000 -0.000260 
4613.689000 -0.000260 
4613.930000 -0.000217 
4614.171000 -0.000173 
4614.412000 -0.000087 
4614.653000 -0.000043 
4614.894000 -0.000043 
4615.135000 -0.000043 
4615.376000 0.000000 
4615.617000 -0.000043 
4615.858000 -0.000087 
4616.100000 -0.000130 
4616.340000 -0.000130 
4616.582000 -0.000087 
4616.823000 -0.000087 
4617.063000 -0.000173 
4617.305000 -0.000173 
4617.546000 -0.000130 
4617.787000 -0.000087 
4618.028000 -0.000043 
4618.269000 -0.000043 
4618.510000 -0.000043 
4618.751000 0.000000 
4618.992000 -0.000043 
4619.233000 -0.000043 
4619.474000 -0.000087 
4619.715000 -0.000087 
4619.957000 -0.000087 
4620.197000 -0.000043 
4620.438000 0.000000 
4620.680000 0.000043 
4620.920000 0.000000 
4621.162000 -0.000087 
4621.403000 -0.000130 
4621.644000 -0.000087 
4621.885000 0.000000 
4622.126000 0.000087 
4622.367000 0.000130 
4622.608000 0.000087 
4622.849000 0.000000 
4623.090000 -0.000087 
4623.331000 -0.000173 
4623.572000 -0.000173 
4623.813000 -0.000173 
4624.054000 -0.000130 
4624.295000 -0.000086 
4624.537000 0.000000 
4624.778000 0.000043 
4625.019000 0.000043 
4625.260000 0.000000 
4625.501000 -0.000043 
4625.742000 -0.000043 
4625.983000 -0.000086 
4626.224000 -0.000086 
4626.465000 -0.000043 
4626.706000 -0.000043 
4626.947000 -0.000086 
4627.188000 -0.000130 
4627.429000 -0.000130 
4627.670000 -0.000130 
4627.912000 -0.000086 
4628.152000 -0.000086 
4628.394000 -0.000086 
4628.635000 -0.000086 
4628.875000 -0.000086 
4629.117000 -0.000086 
4629.358000 -0.000086 
4629.599000 0.000000 
4629.840000 0.000043 
4630.081000 0.000086 
4630.322000 0.000043 
4630.563000 0.000000 
4630.804000 -0.000086 
4631.045000 -0.000130 
4631.286000 -0.000130 
4631.527000 -0.000086 
4631.769000 -0.000043 
4632.009000 0.000000 
4632.250000 0.000000 
4632.492000 0.000000 
4632.733000 0.000000 
4632.974000 0.000000 
4633.215000 -0.000043 
4633.456000 -0.000129 
4633.697000 -0.000216 
4633.938000 -0.000216 
4634.179000 -0.000129 
4634.420000 -0.000043 
4634.661000 0.000043 
4634.902000 0.000086 
4635.143000 0.000086 
4635.384000 0.000043 
4635.625000 -0.000043 
4635.867000 -0.000043 
4636.107000 0.000000 
4636.349000 0.000043 
4636.590000 0.000000 
4636.831000 0.000000 
4637.072000 0.000000 
4637.313000 0.000000 
4637.554000 0.000000 
4637.795000 -0.000043 
4638.036000 -0.000043 
4638.277000 -0.000043 
4638.518000 -0.000043 
4638.759000 -0.000086 
4639.000000 -0.000172 
4639.241000 -0.000216 
4639.482000 -0.000172 
4639.724000 -0.000086 
4639.964000 0.000000 
4640.206000 0.000043 
4640.447000 0.000000 
4640.688000 -0.000043 
4640.929000 -0.000043 
4641.170000 -0.000043 
4641.411000 0.000000 
4641.652000 0.000000 
4641.893000 -0.000043 
4642.134000 -0.000043 
4642.375000 -0.000043 
4642.616000 0.000000 
4642.857000 0.000043 
4643.098000 0.000043 
4643.339000 0.000043 
4643.581000 0.000000 
4643.821000 0.000000 
4644.063000 -0.000043 
4644.304000 -0.000129 
4644.545000 -0.000129 
4644.786000 -0.000129 
4645.027000 -0.000043 
4645.268000 -0.000043 
4645.509000 -0.000086 
4645.750000 -0.000129 
4645.991000 -0.000129 
4646.232000 -0.000086 
4646.473000 0.000000 
4646.714000 0.000043 
4646.956000 0.000086 
4647.196000 0.000086 
4647.438000 0.000086 
4647.679000 0.000043 
4647.919000 -0.000043 
4648.161000 -0.000086 
4648.402000 -0.000129 
4648.643000 -0.000086 
4648.884000 -0.000086 
4649.125000 -0.000086 
4649.366000 -0.000086 
4649.607000 -0.000086 
4649.848000 -0.000043 
4650.089000 0.000000 
4650.330000 0.000043 
4650.571000 0.000043 
4650.813000 0.000000 
4651.053000 -0.000043 
4651.294000 -0.000129 
4651.536000 -0.000172 
4651.776000 -0.000172 
4652.018000 -0.000086 
4652.259000 0.000000 
4652.500000 0.000043 
4652.741000 -0.000043 
4652.982000 -0.000172 
4653.223000 -0.000215 
4653.464000 -0.000172 
4653.705000 -0.000043 
4653.946000 0.000043 
4654.187000 0.000086 
4654.428000 0.000086 
4654.669000 0.000043 
4654.910000 0.000000 
4655.151000 -0.000043 
4655.393000 -0.000086 
4655.634000 -0.000129 
4655.875000 -0.000086 
4656.116000 0.000000 
4656.357000 0.000043 
4656.598000 0.000086 
4656.839000 0.000086 
4657.080000 0.000086 
4657.321000 0.000086 
4657.562000 0.000086 
4657.803000 0.000043 
4658.044000 0.000000 
4658.285000 -0.000043 
4658.526000 -0.000043 
4658.768000 0.000000 
4659.008000 0.000043 
4659.250000 0.000043 
4659.491000 0.000000 
4659.731000 -0.000043 
4659.973000 -0.000129 
4660.214000 -0.000172 
4660.455000 -0.000172 
4660.696000 -0.000172 
4660.937000 -0.000129 
4661.178000 -0.000043 
4661.419000 0.000000 
4661.660000 -0.000043 
4661.901000 -0.000086 
4662.142000 -0.000129 
4662.383000 -0.000086 
4662.625000 0.000043 
4662.865000 0.000129 
4663.106000 0.000129 
4663.348000 0.000043 
4663.589000 -0.000043 
4663.830000 -0.000086 
4664.071000 -0.000086 
4664.312000 0.000000 
4664.553000 0.000086 
4664.794000 0.000129 
4665.035000 0.000086 
4665.276000 0.000043 
4665.517000 -0.000043 
4665.758000 -0.000086 
4665.999000 -0.000129 
4666.240000 -0.000129 
4666.481000 -0.000129 
4666.723000 -0.000086 
4666.963000 -0.000086 
4667.205000 -0.000086 
4667.446000 -0.000086 
4667.687000 -0.000086 
4667.928000 -0.000043 
4668.169000 0.000043 
4668.410000 0.000086 
4668.651000 0.000043 
4668.892000 -0.000086 
4669.133000 -0.000171 
4669.374000 -0.000257 
4669.615000 -0.000214 
4669.856000 -0.000171 
4670.097000 -0.000086 
4670.338000 -0.000086 
4670.580000 -0.000043 
4670.820000 0.000000 
4671.062000 0.000043 
4671.303000 0.000043 
4671.543000 0.000086 
4671.785000 0.000128 
4672.026000 0.000214 
4672.267000 0.000257 
4672.508000 0.000171 
4672.749000 0.000043 
4672.990000 -0.000086 
4673.231000 -0.000171 
4673.472000 -0.000171 
4673.713000 -0.000128 
4673.954000 -0.000086 
4674.195000 -0.000086 
4674.437000 -0.000086 
4674.677000 -0.000086 
4674.918000 -0.000086 
4675.160000 -0.000043 
4675.401000 -0.000086 
4675.642000 -0.000086 
4675.883000 -0.000043 
4676.124000 0.000000 
4676.365000 0.000043 
4676.606000 0.000000 
4676.847000 -0.000043 
4677.088000 -0.000128 
4677.329000 -0.000171 
4677.570000 -0.000171 
4677.812000 -0.000086 
4678.052000 0.000000 
4678.293000 0.000043 
4678.535000 0.000085 
4678.775000 0.000043 
4679.017000 0.000000 
4679.258000 -0.000085 
4679.499000 -0.000085 
4679.740000 -0.000085 
4679.981000 -0.000043 
4680.222000 0.000043 
4680.463000 0.000128 
4680.704000 0.000128 
4680.945000 0.000085 
4681.186000 -0.000043 
4681.427000 -0.000171 
4681.668000 -0.000214 
4681.909000 -0.000171 
4682.150000 -0.000085 
4682.392000 0.000043 
4682.632000 0.000128 
4682.874000 0.000128 
4683.115000 0.000085 
4683.356000 0.000000 
4683.597000 -0.000085 
4683.838000 -0.000128 
4684.079000 -0.000171 
4684.320000 -0.000171 
4684.561000 -0.000128 
4684.802000 -0.000043 
4685.043000 0.000085 
4685.284000 0.000171 
4685.525000 0.000171 
4685.766000 0.000085 
4686.007000 0.000043 
4686.249000 -0.000043 
4686.490000 -0.000085 
4686.730000 -0.000085 
4686.972000 -0.000128 
4687.213000 -0.000128 
4687.454000 -0.000171 
4687.695000 -0.000171 
4687.936000 -0.000085 
4688.177000 0.000000 
4688.418000 0.000085 
4688.659000 0.000085 
4688.900000 0.000043 
4689.141000 -0.000043 
4689.382000 -0.000085 
4689.624000 0.000000 
4689.864000 0.000085 
4690.105000 0.000171 
4690.347000 0.000213 
4690.587000 0.000213 
4690.829000 0.000171 
4691.070000 0.000085 
4691.311000 0.000000 
4691.552000 0.000000 
4691.793000 0.000000 
4692.034000 0.000000 
4692.275000 -0.000043 
4692.516000 -0.000128 
4692.757000 -0.000213 
4692.998000 -0.000213 
4693.239000 -0.000170 
4693.480000 -0.000170 
4693.721000 -0.000170 
4693.962000 -0.000128 
4694.204000 -0.000128 
4694.445000 -0.000085 
4694.686000 -0.000043 
4694.927000 0.000000 
4695.168000 -0.000085 
4695.409000 -0.000128 
4695.650000 -0.000170 
4695.891000 -0.000128 
4696.132000 -0.000043 
4696.373000 0.000000 
4696.614000 -0.000043 
4696.855000 -0.000043 
4697.096000 -0.000085 
4697.337000 -0.000043 
4697.579000 -0.000043 
4697.819000 -0.000043 
4698.061000 -0.000043 
4698.302000 -0.000043 
4698.542000 -0.000043 
4698.784000 0.000000 
4699.025000 0.000085 
4699.266000 0.000085 
4699.507000 0.000043 
4699.748000 0.000000 
4699.989000 -0.000043 
4700.230000 0.000000 
4700.471000 0.000000 
4700.712000 0.000000 
4700.953000 0.000000 
4701.194000 0.000085 
4701.436000 0.000170 
4701.676000 0.000170 
4701.917000 0.000128 
4702.159000 0.000043 
4702.399000 0.000000 
4702.641000 -0.000043 
4702.882000 -0.000085 
4703.123000 -0.000085 
4703.364000 -0.000043 
4703.605000 0.000000 
4703.846000 0.000085 
4704.087000 0.000085 
4704.328000 0.000085 
4704.569000 0.000043 
4704.810000 0.000000 
4705.051000 -0.000043 
4705.292000 -0.000085 
4705.533000 -0.000128 
4705.774000 -0.000128 
4706.016000 -0.000085 
4706.257000 -0.000042 
4706.498000 0.000000 
4706.739000 0.000042 
4706.980000 0.000000 
4707.221000 -0.000085 
4707.462000 -0.000127 
4707.703000 -0.000170 
4707.944000 -0.000212 
4708.185000 -0.000212 
4708.426000 -0.000127 
4708.667000 0.000000 
4708.908000 0.000000 
4709.149000 -0.000042 
4709.391000 -0.000042 
4709.631000 0.000000 
4709.873000 0.000085 
4710.114000 0.000127 
4710.354000 0.000085 
4710.596000 0.000000 
4710.837000 0.000000 
4711.078000 0.000042 
4711.319000 0.000042 
4711.560000 0.000085 
4711.801000 0.000085 
4712.042000 0.000085 
4712.283000 0.000042 
4712.524000 0.000000 
4712.765000 0.000000 
4713.006000 -0.000042 
4713.248000 -0.000085 
4713.488000 -0.000127 
4713.729000 -0.000170 
4713.971000 -0.000127 
4714.212000 -0.000085 
4714.453000 -0.000042 
4714.694000 0.000042 
4714.935000 0.000085 
4715.176000 0.000127 
4715.417000 0.000085 
4715.658000 0.000085 
4715.899000 0.000085 
4716.140000 0.000085 
4716.381000 0.000042 
4716.622000 -0.000042 
4716.863000 -0.000085 
4717.104000 -0.000127 
4717.346000 -0.000127 
4717.586000 -0.000042 
4717.828000 0.000042 
4718.069000 0.000085 
4718.310000 0.000042 
4718.551000 0.000000 
4718.792000 -0.000042 
4719.033000 -0.000085 
4719.274000 -0.000127 
4719.515000 -0.000085 
4719.756000 -0.000042 
4719.997000 0.000042 
4720.238000 0.000127 
4720.479000 0.000127 
4720.720000 0.000127 
4720.961000 0.000085 
4721.203000 0.000085 
4721.443000 0.000085 
4721.685000 0.000127 
4721.926000 0.000169 
4722.167000 0.000127 
4722.408000 0.000085 
4722.649000 0.000085 
4722.890000 0.000085 
4723.131000 0.000085 
4723.372000 0.000042 
4723.613000 0.000000 
4723.854000 0.000000 
4724.095000 0.000042 
4724.336000 0.000085 
4724.577000 0.000085 
4724.818000 0.000085 
4725.060000 0.000042 
4725.301000 0.000042 
4725.542000 0.000000 
4725.783000 0.000000 
4726.024000 0.000000 
4726.265000 0.000000 
4726.506000 0.000042 
4726.747000 0.000042 
4726.988000 0.000000 
4727.229000 0.000000 
4727.470000 0.000000 
4727.711000 0.000042 
4727.952000 0.000042 
4728.193000 0.000000 
4728.435000 0.000000 
4728.675000 0.000000 
4728.917000 0.000042 
4729.158000 0.000085 
4729.398000 0.000085 
4729.640000 0.000042 
4729.881000 0.000000 
4730.122000 -0.000042 
4730.363000 -0.000042 
4730.604000 -0.000042 
4730.845000 0.000000 
4731.086000 0.000042 
4731.327000 0.000127 
4731.568000 0.000169 
4731.809000 0.000169 
4732.050000 0.000042 
4732.292000 -0.000085 
4732.532000 -0.000127 
4732.773000 -0.000085 
4733.015000 0.000000 
4733.255000 0.000042 
4733.497000 0.000127 
4733.738000 0.000169 
4733.979000 0.000211 
4734.220000 0.000253 
4734.461000 0.000253 
4734.702000 0.000211 
4734.943000 0.000127 
4735.184000 0.000084 
4735.425000 0.000084 
4735.666000 0.000127 
4735.907000 0.000127 
4736.148000 0.000127 
4736.389000 0.000127 
4736.630000 0.000084 
4736.872000 0.000042 
4737.113000 0.000000 
4737.354000 -0.000084 
4737.595000 -0.000169 
4737.836000 -0.000127 
4738.077000 0.000000 
4738.318000 0.000084 
4738.559000 0.000084 
4738.800000 0.000000 
4739.041000 -0.000042 
4739.282000 0.000042 
4739.523000 0.000127 
4739.764000 0.000169 
4740.005000 0.000127 
4740.247000 0.000127 
4740.487000 0.000084 
4740.729000 0.000042 
4740.970000 -0.000042 
4741.210000 -0.000084 
4741.452000 -0.000127 
4741.693000 -0.000084 
4741.934000 -0.000042 
4742.175000 -0.000042 
4742.416000 -0.000084 
4742.657000 -0.000127 
4742.898000 -0.000084 
4743.139000 0.000000 
4743.380000 0.000169 
4743.621000 0.000211 
4743.862000 0.000211 
4744.104000 0.000084 
4744.344000 0.000000 
4744.585000 -0.000084 
4744.827000 -0.000084 
4745.068000 0.000000 
4745.309000 0.000084 
4745.550000 0.000126 
4745.791000 0.000126 
4746.032000 0.000000 
4746.273000 -0.000126 
4746.514000 -0.000253 
4746.755000 -0.000253 
4746.996000 -0.000169 
4747.237000 -0.000042 
4747.478000 0.000084 
4747.719000 0.000211 
4747.960000 0.000253 
4748.202000 0.000253 
4748.442000 0.000211 
4748.684000 0.000211 
4748.925000 0.000211 
4749.166000 0.000211 
4749.407000 0.000126 
4749.648000 0.000042 
4749.889000 -0.000042 
4750.130000 -0.000042 
4750.371000 -0.000042 
4750.612000 -0.000042 
4750.853000 -0.000042 
4751.094000 -0.000042 
4751.335000 -0.000042 
4751.576000 -0.000042 
4751.817000 -0.000042 
4752.059000 -0.000042 
4752.299000 -0.000042 
4752.541000 -0.000042 
4752.782000 0.000042 
4753.022000 0.000126 
4753.264000 0.000168 
4753.505000 0.000126 
4753.746000 0.000042 
4753.987000 0.000000 
4754.228000 -0.000042 
4754.469000 -0.000042 
4754.710000 0.000000 
4754.951000 0.000000 
4755.192000 0.000000 
4755.433000 0.000000 
4755.674000 0.000000 
4755.916000 0.000042 
4756.157000 0.000042 
4756.397000 0.000042 
4756.639000 0.000042 
4756.880000 0.000000 
4757.121000 -0.000042 
4757.362000 -0.000042 
4757.603000 0.000000 
4757.844000 0.000042 
4758.085000 0.000084 
4758.326000 0.000084 
4758.567000 0.000000 
4758.808000 -0.000042 
4759.049000 -0.000084 
4759.291000 -0.000042 
4759.531000 0.000084 
4759.772000 0.000210 
4760.014000 0.000252 
4760.254000 0.000168 
4760.496000 0.000042 
4760.737000 -0.000042 
4760.978000 0.000000 
4761.219000 0.000042 
4761.460000 0.000084 
4761.701000 0.000084 
4761.942000 0.000042 
4762.183000 0.000000 
4762.424000 -0.000042 
4762.665000 -0.000042 
4762.906000 -0.000042 
4763.147000 0.000042 
4763.388000 0.000084 
4763.629000 0.000126 
4763.871000 0.000084 
4764.111000 0.000084 
4764.353000 0.000042 
4764.594000 0.000000 
4764.835000 -0.000042 
4765.076000 0.000000 
4765.317000 0.000084 
4765.558000 0.000210 
4765.799000 0.000252 
4766.040000 0.000294 
4766.281000 0.000252 
4766.522000 0.000210 
4766.763000 0.000084 
4767.004000 0.000000 
4767.245000 -0.000126 
4767.486000 -0.000252 
4767.728000 -0.000294 
4767.969000 -0.000252 
4768.209000 -0.000084 
4768.451000 0.000084 
4768.692000 0.000084 
4768.933000 0.000084 
4769.174000 0.000042 
4769.415000 0.000084 
4769.656000 0.000084 
4769.897000 0.000042 
4770.138000 0.000042 
4770.379000 0.000084 
4770.620000 0.000084 
4770.861000 0.000084 
4771.103000 0.000000 
4771.343000 -0.000084 
4771.584000 -0.000126 
4771.826000 -0.000168 
4772.066000 -0.000168 
4772.308000 -0.000084 
4772.549000 0.000042 
4772.790000 0.000126 
4773.031000 0.000126 
4773.272000 0.000126 
4773.513000 0.000042 
4773.754000 -0.000042 
4773.995000 -0.000084 
4774.236000 -0.000042 
4774.477000 0.000042 
4774.718000 0.000126 
4774.959000 0.000168 
4775.200000 0.000126 
4775.441000 0.000000 
4775.683000 -0.000084 
4775.924000 -0.000168 
4776.165000 -0.000167 
4776.406000 -0.000042 
4776.647000 0.000126 
4776.888000 0.000209 
4777.129000 0.000251 
4777.370000 0.000251 
4777.611000 0.000209 
4777.852000 0.000167 
4778.093000 0.000084 
4778.334000 0.000084 
4778.575000 0.000126 
4778.816000 0.000084 
4779.058000 0.000042 
4779.298000 -0.000042 
4779.540000 0.000000 
4779.781000 0.000042 
4780.021000 0.000042 
4780.263000 0.000000 
4780.504000 -0.000042 
4780.745000 0.000000 
4780.986000 0.000042 
4781.227000 0.000125 
4781.468000 0.000209 
4781.709000 0.000251 
4781.950000 0.000293 
4782.191000 0.000251 
4782.432000 0.000209 
4782.673000 0.000167 
4782.915000 0.000125 
4783.155000 0.000084 
4783.396000 0.000042 
4783.638000 0.000084 
4783.878000 0.000125 
4784.120000 0.000125 
4784.361000 0.000125 
4784.602000 0.000167 
4784.843000 0.000209 
4785.084000 0.000209 
4785.325000 0.000167 
4785.566000 0.000125 
4785.807000 0.000167 
4786.048000 0.000209 
4786.289000 0.000209 
4786.530000 0.000167 
4786.771000 0.000084 
4787.013000 -0.000042 
4787.253000 -0.000084 
4787.495000 -0.000084 
4787.736000 0.000000 
4787.977000 0.000125 
4788.218000 0.000209 
4788.459000 0.000209 
4788.700000 0.000209 
4788.941000 0.000209 
4789.182000 0.000251 
4789.423000 0.000334 
4789.664000 0.000334 
4789.905000 0.000292 
4790.146000 0.000251 
4790.387000 0.000167 
4790.628000 0.000083 
4790.870000 0.000042 
4791.110000 0.000000 
4791.352000 -0.000042 
4791.593000 -0.000083 
4791.833000 -0.000083 
4792.075000 -0.000042 
4792.316000 0.000000 
4792.557000 0.000000 
4792.798000 0.000000 
4793.039000 0.000042 
4793.280000 0.000042 
4793.521000 0.000042 
4793.762000 0.000000 
4794.003000 0.000042 
4794.244000 0.000083 
4794.485000 0.000125 
4794.727000 0.000167 
4794.967000 0.000167 
4795.208000 0.000167 
4795.450000 0.000125 
4795.691000 0.000125 
4795.932000 0.000125 
4796.173000 0.000167 
4796.414000 0.000208 
4796.655000 0.000208 
4796.896000 0.000167 
4797.137000 0.000083 
4797.378000 0.000042 
4797.619000 -0.000042 
4797.860000 0.000000 
4798.101000 0.000042 
4798.342000 0.000083 
4798.583000 0.000083 
4798.825000 0.000083 
4799.065000 0.000083 
4799.307000 0.000083 
4799.548000 0.000083 
4799.789000 0.000042 
4800.030000 0.000000 
4800.271000 -0.000042 
4800.512000 0.000000 
4800.753000 0.000042 
4800.994000 0.000083 
4801.235000 0.000083 
4801.476000 0.000083 
4801.717000 0.000042 
4801.958000 0.000042 
4802.199000 0.000042 
4802.440000 0.000000 
4802.682000 -0.000042 
4802.922000 -0.000167 
4803.164000 -0.000208 
4803.405000 -0.000250 
4803.646000 -0.000167 
4803.887000 -0.000042 
4804.128000 0.000083 
4804.369000 0.000167 
4804.610000 0.000208 
4804.851000 0.000250 
4805.092000 0.000250 
4805.333000 0.000208 
4805.574000 0.000166 
4805.815000 0.000083 
4806.056000 0.000042 
4806.297000 0.000000 
4806.539000 0.000000 
4806.780000 -0.000042 
4807.021000 -0.000042 
4807.262000 0.000000 
4807.503000 0.000042 
4807.744000 0.000083 
4807.985000 0.000166 
4808.226000 0.000208 
4808.467000 0.000291 
4808.708000 0.000333 
4808.949000 0.000250 
4809.190000 0.000166 
4809.431000 0.000083 
4809.672000 0.000083 
4809.914000 0.000083 
4810.154000 0.000125 
4810.396000 0.000083 
4810.637000 -0.000042 
4810.877000 -0.000125 
4811.119000 -0.000125 
4811.360000 -0.000042 
4811.601000 0.000042 
4811.842000 0.000083 
4812.083000 0.000125 
4812.324000 0.000208 
4812.565000 0.000249 
4812.806000 0.000249 
4813.047000 0.000208 
4813.288000 0.000083 
4813.529000 0.000083 
4813.771000 0.000083 
4814.011000 0.000125 
4814.252000 0.000125 
4814.494000 0.000083 
4814.734000 0.000000 
4814.976000 -0.000083 
4815.217000 -0.000125 
4815.458000 -0.000125 
4815.699000 -0.000125 
4815.940000 -0.000042 
4816.181000 0.000000 
4816.422000 0.000083 
4816.663000 0.000125 
4816.904000 0.000125 
4817.145000 0.000083 
4817.386000 0.000042 
4817.627000 -0.000042 
4817.869000 -0.000083 
4818.109000 -0.000125 
4818.351000 -0.000083 
4818.592000 -0.000083 
4818.833000 -0.000042 
4819.074000 -0.000042 
4819.315000 -0.000041 
4819.556000 -0.000041 
4819.797000 0.000041 
4820.038000 0.000124 
4820.279000 0.000166 
4820.520000 0.000207 
4820.761000 0.000207 
4821.002000 0.000166 
4821.243000 0.000124 
4821.484000 0.000083 
4821.726000 0.000041 
4821.966000 0.000000 
4822.208000 -0.000041 
4822.449000 -0.000083 
4822.689000 -0.000124 
4822.931000 -0.000083 
4823.172000 -0.000083 
4823.413000 -0.000124 
4823.654000 -0.000166 
4823.895000 -0.000124 
4824.136000 -0.000041 
4824.377000 0.000000 
4824.618000 0.000000 
4824.859000 0.000041 
4825.100000 0.000083 
4825.341000 0.000124 
4825.583000 0.000124 
4825.823000 0.000083 
4826.064000 0.000000 
4826.306000 -0.000041 
4826.547000 -0.000083 
4826.788000 -0.000124 
4827.029000 -0.000083 
4827.270000 -0.000041 
4827.511000 0.000000 
4827.752000 0.000083 
4827.993000 0.000124 
4828.234000 0.000124 
4828.475000 0.000041 
4828.716000 -0.000041 
4828.957000 -0.000041 
4829.198000 0.000083 
4829.439000 0.000166 
4829.681000 0.000207 
4829.921000 0.000166 
4830.163000 0.000083 
4830.404000 -0.000041 
4830.645000 -0.000083 
4830.886000 -0.000083 
4831.127000 0.000000 
4831.368000 0.000041 
4831.609000 0.000083 
4831.850000 0.000000 
4832.091000 -0.000041 
4832.332000 -0.000083 
4832.573000 -0.000083 
4832.814000 -0.000083 
4833.055000 -0.000083 
4833.296000 -0.000083 
4833.538000 -0.000041 
4833.778000 0.000000 
4834.020000 -0.000041 
4834.261000 -0.000124 
4834.501000 -0.000207 
4834.743000 -0.000207 
4834.984000 -0.000124 
4835.225000 -0.000083 
4835.466000 -0.000083 
4835.707000 -0.000083 
4835.948000 -0.000083 
4836.189000 -0.000041 
4836.430000 0.000041 
4836.671000 0.000124 
4836.912000 0.000165 
4837.153000 0.000124 
4837.395000 0.000041 
4837.636000 -0.000083 
4837.876000 -0.000124 
4838.118000 -0.000124 
4838.359000 -0.000083 
4838.600000 0.000041 
4838.841000 0.000165 
4839.082000 0.000124 
4839.323000 0.000041 
4839.564000 -0.000083 
4839.805000 -0.000124 
4840.046000 -0.000083 
4840.287000 -0.000083 
4840.528000 -0.000083 
4840.770000 -0.000083 
4841.010000 -0.000083 
4841.251000 -0.000083 
4841.493000 -0.000041 
4841.733000 0.000000 
4841.975000 0.000041 
4842.216000 0.000083 
4842.457000 0.000041 
4842.698000 -0.000041 
4842.939000 -0.000041 
4843.180000 0.000041 
4843.421000 0.000124 
4843.662000 0.000165 
4843.903000 0.000206 
4844.144000 0.000165 
4844.385000 0.000124 
4844.626000 0.000083 
4844.867000 0.000041 
4845.108000 0.000000 
4845.350000 0.000000 
4845.590000 0.000000 
4845.832000 0.000041 
4846.073000 0.000000 
4846.314000 -0.000041 
4846.555000 -0.000083 
4846.796000 -0.000041 
4847.037000 0.000041 
4847.278000 0.000083 
4847.519000 0.000041 
4847.760000 -0.000041 
4848.001000 -0.000083 
4848.242000 -0.000083 
4848.483000 -0.000083 
4848.725000 -0.000041 
4848.965000 0.000000 
4849.207000 0.000041 
4849.448000 0.000082 
4849.688000 0.000124 
4849.930000 0.000124 
4850.171000 0.000124 
4850.412000 0.000082 
4850.653000 0.000000 
4850.894000 -0.000041 
4851.135000 0.000000 
4851.376000 0.000041 
4851.617000 0.000124 
4851.858000 0.000165 
4852.099000 0.000124 
4852.340000 0.000041 
4852.582000 -0.000082 
4852.822000 -0.000206 
4853.063000 -0.000206 
4853.305000 -0.000206 
4853.545000 -0.000165 
4853.787000 -0.000165 
4854.028000 -0.000165 
4854.269000 -0.000165 
4854.510000 -0.000165 
4854.751000 -0.000165 
4854.992000 -0.000082 
4855.233000 0.000041 
4855.474000 0.000124 
4855.715000 0.000165 
4855.956000 0.000124 
4856.197000 0.000082 
4856.438000 0.000041 
4856.679000 0.000041 
4856.920000 0.000082 
4857.162000 0.000041 
4857.403000 0.000000 
4857.644000 0.000000 
4857.885000 0.000000 
4858.126000 0.000000 
4858.367000 0.000000 
4858.608000 0.000000 
4858.849000 0.000000 
4859.090000 -0.000041 
4859.331000 -0.000082 
4859.572000 -0.000082 
4859.813000 0.000000 
4860.054000 0.000082 
4860.295000 0.000123 
4860.537000 0.000123 
4860.777000 0.000123 
4861.019000 0.000082 
4861.260000 0.000041 
4861.500000 0.000000 
4861.742000 0.000000 
4861.983000 0.000041 
4862.224000 0.000123 
4862.465000 0.000165 
4862.706000 0.000123 
4862.947000 0.000041 
4863.188000 -0.000123 
4863.429000 -0.000206 
4863.670000 -0.000206 
4863.911000 -0.000206 
4864.152000 -0.000123 
4864.394000 -0.000041 
4864.634000 0.000000 
4864.875000 0.000041 
4865.117000 0.000000 
4865.357000 0.000000 
4865.599000 0.000041 
4865.840000 0.000041 
4866.081000 0.000041 
4866.322000 0.000041 
4866.563000 0.000082 
4866.804000 0.000123 
4867.045000 0.000205 
4867.286000 0.000288 
4867.527000 0.000329 
4867.768000 0.000329 
4868.009000 0.000247 
4868.250000 0.000123 
4868.492000 0.000041 
4868.732000 0.000000 
4868.974000 0.000000 
4869.215000 0.000000 
4869.456000 0.000082 
4869.697000 0.000123 
4869.938000 0.000123 
4870.179000 0.000041 
4870.420000 0.000000 
4870.661000 0.000082 
4870.902000 0.000246 
4871.143000 0.000287 
4871.384000 0.000246 
4871.625000 0.000123 
4871.866000 0.000000 
4872.107000 -0.000082 
4872.349000 -0.000123 
4872.589000 -0.000123 
4872.831000 -0.000041 
4873.072000 -0.000041 
4873.313000 -0.000041 
4873.554000 -0.000041 
4873.795000 -0.000041 
4874.036000 0.000041 
4874.277000 0.000123 
4874.518000 0.000205 
4874.759000 0.000205 
4875.000000 0.000164 
4875.241000 0.000082 
4875.482000 -0.000041 
4875.723000 -0.000123 
4875.964000 -0.000164 
4876.206000 -0.000164 
4876.446000 -0.000123 
4876.688000 -0.000123 
4876.929000 -0.000082 
4877.170000 -0.000082 
4877.411000 -0.000041 
4877.652000 0.000000 
4877.893000 0.000000 
4878.134000 0.000000 
4878.375000 0.000000 
4878.616000 0.000041 
4878.857000 0.000082 
4879.098000 0.000123 
4879.339000 0.000123 
4879.581000 0.000082 
4879.821000 0.000041 
4880.063000 0.000000 
4880.304000 0.000000 
4880.544000 0.000000 
4880.786000 0.000041 
4881.027000 0.000041 
4881.268000 0.000041 
4881.509000 0.000041 
4881.750000 0.000000 
4881.991000 -0.000123 
4882.232000 -0.000205 
4882.473000 -0.000246 
4882.714000 -0.000164 
4882.955000 -0.000082 
4883.196000 -0.000041 
4883.438000 -0.000041 
4883.678000 -0.000082 
4883.919000 -0.000082 
4884.161000 -0.000082 
4884.401000 -0.000082 
4884.643000 -0.000082 
4884.884000 -0.000082 
4885.125000 -0.000123 
4885.366000 -0.000123 
4885.607000 -0.000082 
4885.848000 -0.000041 
4886.089000 -0.000041 
4886.330000 -0.000041 
4886.571000 -0.000082 
4886.812000 -0.000123 
4887.053000 -0.000164 
4887.294000 -0.000164 
4887.535000 -0.000123 
4887.776000 -0.000082 
4888.018000 -0.000082 
4888.259000 -0.000123 
4888.500000 -0.000123 
4888.741000 0.000000 
4888.982000 0.000082 
4889.223000 0.000164 
4889.464000 0.000123 
4889.705000 0.000082 
4889.946000 0.000000 
4890.187000 -0.000082 
4890.428000 -0.000123 
4890.669000 -0.000164 
4890.910000 -0.000123 
4891.151000 -0.000082 
4891.393000 0.000041 
4891.633000 0.000082 
4891.875000 0.000041 
4892.116000 0.000000 
4892.356000 -0.000041 
4892.598000 -0.000041 
4892.839000 0.000000 
4893.080000 0.000082 
4893.321000 0.000163 
4893.562000 0.000204 
4893.803000 0.000163 
4894.044000 0.000041 
4894.285000 -0.000082 
4894.526000 -0.000123 
4894.767000 -0.000123 
4895.008000 -0.000082 
4895.250000 -0.000123 
4895.490000 -0.000204 
4895.731000 -0.000245 
4895.973000 -0.000204 
4896.213000 -0.000082 
4896.455000 -0.000041 
4896.696000 -0.000041 
4896.937000 -0.000123 
4897.178000 -0.000163 
4897.419000 -0.000082 
4897.660000 -0.000041 
4897.901000 0.000000 
4898.142000 -0.000041 
4898.383000 0.000000 
4898.624000 0.000082 
4898.865000 0.000163 
4899.106000 0.000122 
4899.348000 0.000041 
4899.588000 0.000000 
4899.830000 0.000041 
4900.071000 0.000082 
4900.312000 0.000122 
4900.553000 0.000163 
4900.794000 0.000163 
4901.035000 0.000082 
4901.276000 0.000000 
4901.517000 -0.000041 
4901.758000 -0.000041 
4901.999000 0.000000 
4902.240000 0.000041 
4902.481000 0.000041 
4902.722000 0.000000 
4902.963000 -0.000122 
4903.205000 -0.000163 
4903.445000 -0.000204 
4903.687000 -0.000163 
4903.928000 -0.000122 
4904.168000 -0.000082 
4904.410000 0.000000 
4904.651000 0.000082 
4904.892000 0.000082 
4905.133000 0.000041 
4905.374000 0.000000 
4905.615000 0.000000 
4905.856000 0.000041 
4906.097000 0.000082 
4906.338000 0.000122 
4906.579000 0.000163 
4906.820000 0.000122 
4907.062000 0.000082 
4907.302000 0.000041 
4907.543000 0.000082 
4907.785000 0.000122 
4908.026000 0.000122 
4908.267000 0.000122 
4908.508000 0.000081 
4908.749000 0.000000 
4908.990000 -0.000081 
4909.231000 -0.000163 
4909.472000 -0.000163 
4909.713000 -0.000122 
4909.954000 -0.000081 
4910.195000 0.000000 
4910.437000 0.000081 
4910.677000 0.000163 
4910.918000 0.000244 
4911.160000 0.000244 
4911.400000 0.000122 
4911.642000 0.000041 
4911.883000 -0.000041 
4912.124000 -0.000041 
4912.365000 0.000000 
4912.606000 0.000081 
4912.847000 0.000122 
4913.088000 0.000122 
4913.329000 0.000122 
4913.570000 0.000081 
4913.811000 0.000081 
4914.052000 0.000081 
4914.293000 0.000081 
4914.534000 0.000081 
4914.775000 0.000041 
4915.017000 0.000081 
4915.257000 0.000122 
4915.499000 0.000163 
4915.740000 0.000122 
4915.980000 0.000041 
4916.222000 -0.000041 
4916.463000 -0.000041 
4916.704000 -0.000081 
4916.945000 -0.000122 
4917.186000 -0.000163 
4917.427000 -0.000122 
4917.668000 -0.000081 
4917.909000 -0.000041 
4918.150000 0.000041 
4918.391000 0.000081 
4918.632000 0.000203 
4918.874000 0.000244 
4919.115000 0.000203 
4919.355000 0.000122 
4919.597000 0.000000 
4919.838000 -0.000081 
4920.079000 -0.000122 
4920.320000 -0.000081 
4920.561000 0.000041 
4920.802000 0.000122 
4921.043000 0.000203 
4921.284000 0.000203 
4921.525000 0.000163 
4921.766000 0.000122 
4922.007000 0.000041 
4922.249000 0.000041 
4922.489000 0.000041 
4922.730000 0.000041 
4922.972000 0.000041 
4923.212000 0.000081 
4923.454000 0.000122 
4923.695000 0.000162 
4923.936000 0.000203 
4924.177000 0.000162 
4924.418000 0.000122 
4924.659000 0.000081 
4924.900000 0.000081 
4925.141000 0.000122 
4925.382000 0.000122 
4925.623000 0.000041 
4925.864000 -0.000041 
4926.105000 -0.000081 
4926.346000 -0.000041 
4926.587000 0.000081 
4926.829000 0.000162 
4927.069000 0.000162 
4927.311000 0.000162 
4927.552000 0.000122 
4927.793000 0.000122 
4928.034000 0.000122 
4928.275000 0.000162 
4928.516000 0.000162 
4928.757000 0.000122 
4928.998000 0.000000 
4929.239000 -0.000162 
4929.480000 -0.000243 
4929.721000 -0.000203 
4929.962000 -0.000122 
4930.204000 -0.000041 
4930.444000 -0.000041 
4930.686000 -0.000122 
4930.927000 -0.000243 
4931.167000 -0.000243 
4931.409000 -0.000203 
4931.650000 -0.000081 
4931.891000 0.000041 
4932.132000 0.000081 
4932.373000 0.000081 
4932.614000 0.000081 
4932.855000 0.000081 
4933.096000 0.000122 
4933.337000 0.000162 
4933.578000 0.000162 
4933.819000 0.000162 
4934.061000 0.000162 
4934.301000 0.000081 
4934.542000 0.000000 
4934.784000 -0.000081 
4935.024000 -0.000122 
4935.266000 -0.000122 
4935.507000 -0.000081 
4935.748000 -0.000081 
4935.989000 -0.000081 
4936.230000 -0.000081 
4936.471000 -0.000041 
4936.712000 -0.000041 
4936.953000 -0.000041 
4937.194000 -0.000081 
4937.435000 -0.000081 
4937.676000 -0.000122 
4937.917000 -0.000081 
4938.158000 0.000041 
4938.399000 0.000121 
4938.641000 0.000121 
4938.882000 0.000040 
4939.123000 0.000000 
4939.364000 0.000000 
4939.605000 0.000040 
4939.846000 0.000081 
4940.087000 0.000121 
4940.328000 0.000121 
4940.569000 0.000162 
4940.810000 0.000162 
4941.051000 0.000162 
4941.292000 0.000081 
4941.533000 0.000000 
4941.774000 -0.000040 
4942.016000 -0.000040 
4942.256000 0.000000 
4942.498000 0.000040 
4942.739000 0.000081 
4942.979000 0.000121 
4943.221000 0.000162 
4943.462000 0.000162 
4943.703000 0.000121 
4943.944000 0.000081 
4944.185000 0.000081 
4944.426000 0.000121 
4944.667000 0.000162 
4944.908000 0.000202 
4945.149000 0.000121 
4945.390000 0.000040 
4945.631000 -0.000040 
4945.873000 0.000000 
4946.113000 0.000081 
4946.354000 0.000121 
4946.596000 0.000121 
4946.837000 0.000081 
4947.078000 0.000000 
4947.319000 0.000000 
4947.560000 -0.000040 
4947.801000 0.000000 
4948.042000 0.000040 
4948.283000 0.000121 
4948.524000 0.000162 
4948.765000 0.000162 
4949.006000 0.000162 
4949.247000 0.000121 
4949.488000 0.000081 
4949.729000 0.000040 
4949.971000 0.000040 
4950.211000 0.000040 
4950.453000 0.000040 
4950.694000 0.000000 
4950.935000 0.000040 
4951.176000 0.000121 
4951.417000 0.000162 
4951.658000 0.000121 
4951.899000 0.000040 
4952.140000 -0.000040 
4952.381000 -0.000081 
4952.622000 -0.000121 
4952.863000 -0.000121 
4953.104000 -0.000081 
4953.345000 -0.000040 
4953.586000 0.000000 
4953.828000 0.000000 
4954.068000 0.000081 
4954.310000 0.000202 
4954.551000 0.000363 
4954.792000 0.000444 
4955.033000 0.000404 
4955.274000 0.000323 
4955.515000 0.000202 
4955.756000 0.000081 
4955.997000 0.000000 
4956.238000 0.000000 
4956.479000 -0.000040 
4956.720000 -0.000040 
4956.961000 -0.000040 
4957.202000 -0.000081 
4957.443000 -0.000081 
4957.685000 -0.000121 
4957.925000 -0.000161 
4958.167000 -0.000121 
4958.408000 -0.000040 
4958.649000 0.000000 
4958.890000 0.000000 
4959.131000 0.000040 
4959.372000 0.000040 
4959.613000 0.000040 
4959.854000 0.000040 
4960.095000 0.000081 
4960.336000 0.000081 
4960.577000 0.000081 
4960.818000 0.000040 
4961.060000 0.000081 
4961.300000 0.000161 
4961.542000 0.000202 
4961.783000 0.000242 
4962.023000 0.000202 
4962.265000 0.000161 
4962.506000 0.000121 
4962.747000 0.000121 
4962.988000 0.000201 
4963.229000 0.000242 
4963.470000 0.000161 
4963.711000 0.000081 
4963.952000 -0.000040 
4964.193000 -0.000121 
4964.434000 -0.000081 
4964.675000 -0.000040 
4964.917000 0.000040 
4965.157000 0.000161 
4965.398000 0.000201 
4965.640000 0.000201 
4965.880000 0.000201 
4966.122000 0.000242 
4966.363000 0.000282 
4966.604000 0.000242 
4966.845000 0.000242 
4967.086000 0.000242 
4967.327000 0.000201 
4967.568000 0.000161 
4967.809000 0.000161 
4968.050000 0.000121 
4968.291000 0.000161 
4968.532000 0.000161 
4968.773000 0.000121 
4969.014000 0.000121 
4969.255000 0.000080 
4969.497000 0.000000 
4969.738000 -0.000121 
4969.979000 -0.000241 
4970.220000 -0.000322 
4970.461000 -0.000322 
4970.702000 -0.000241 
4970.943000 -0.000121 
4971.184000 0.000040 
4971.425000 0.000201 
4971.666000 0.000241 
4971.907000 0.000241 
4972.148000 0.000201 
4972.389000 0.000121 
4972.630000 0.000080 
4972.872000 0.000080 
4973.112000 0.000080 
4973.354000 0.000080 
4973.595000 0.000040 
4973.835000 0.000040 
4974.077000 0.000080 
4974.318000 0.000201 
4974.559000 0.000322 
4974.800000 0.000362 
4975.041000 0.000322 
4975.282000 0.000281 
4975.523000 0.000281 
4975.764000 0.000281 
4976.005000 0.000281 
4976.246000 0.000281 
4976.487000 0.000241 
4976.729000 0.000201 
4976.969000 0.000121 
4977.210000 0.000121 
4977.452000 0.000121 
4977.692000 0.000201 
4977.934000 0.000161 
4978.175000 0.000080 
4978.416000 0.000000 
4978.657000 -0.000040 
4978.898000 0.000040 
4979.139000 0.000121 
4979.380000 0.000201 
4979.621000 0.000161 
4979.862000 0.000080 
4980.103000 0.000000 
4980.344000 0.000000 
4980.585000 0.000040 
4980.827000 0.000120 
4981.067000 0.000120 
4981.309000 0.000040 
4981.550000 -0.000040 
4981.791000 -0.000040 
4982.032000 0.000000 
4982.273000 0.000040 
4982.514000 0.000040 
4982.755000 0.000000 
4982.996000 -0.000040 
4983.237000 -0.000040 
4983.478000 0.000000 
4983.719000 0.000000 
4983.960000 0.000080 
4984.201000 0.000161 
4984.442000 0.000241 
4984.684000 0.000281 
4984.924000 0.000201 
4985.166000 0.000080 
4985.407000 0.000040 
4985.647000 0.000080 
4985.889000 0.000160 
4986.130000 0.000201 
4986.371000 0.000241 
4986.612000 0.000201 
4986.853000 0.000160 
4987.094000 0.000120 
4987.335000 0.000080 
4987.576000 0.000000 
4987.817000 0.000000 
4988.058000 0.000000 
4988.299000 0.000040 
4988.541000 0.000080 
4988.781000 0.000040 
4989.022000 0.000040 
4989.264000 0.000040 
4989.505000 0.000040 
4989.746000 0.000080 
4989.987000 0.000160 
4990.228000 0.000200 
4990.469000 0.000200 
4990.710000 0.000160 
4990.951000 0.000080 
4991.192000 0.000120 
4991.433000 0.000160 
4991.674000 0.000200 
4991.916000 0.000240 
4992.156000 0.000160 
4992.397000 0.000040 
4992.639000 -0.000080 
4992.879000 -0.000120 
4993.121000 -0.000120 
4993.362000 -0.000040 
4993.603000 0.000080 
4993.844000 0.000120 
4994.085000 0.000120 
4994.326000 0.000080 
4994.567000 0.000080 
4994.808000 0.000080 
4995.049000 0.000120 
4995.290000 0.000080 
4995.531000 0.000040 
4995.772000 0.000000 
4996.013000 0.000080 
4996.254000 0.000160 
4996.496000 0.000200 
4996.736000 0.000200 
4996.978000 0.000240 
4997.219000 0.000240 
4997.460000 0.000200 
4997.701000 0.000120 
4997.942000 0.000080 
4998.183000 0.000040 
4998.424000 0.000040 
4998.665000 0.000120 
4998.906000 0.000200 
4999.147000 0.000240 
4999.388000 0.000200 
4999.629000 0.000080 
4999.870000 -0.000040 
5000.111000 -0.000040 
