wavenumber,1,2,3,4,5,6,7,8,9,10,11,12,13,14,15,16,17,18
400.00,0.000039,0.000064,0.000092,0.000114,0.000108,0.000108,0.000092,0.000087,0.000096,0.000103,0.000106,0.000113,0.000135,0.000127,0.000151,0.000163,0.000174,0.000187
401.99,0.000040,0.000067,0.000096,0.000118,0.000113,0.000112,0.000094,0.000089,0.000099,0.000106,0.000109,0.000116,0.000139,0.000131,0.000155,0.000168,0.000179,0.000193
404.01,0.000043,0.000070,0.000100,0.000123,0.000117,0.000116,0.000097,0.000092,0.000102,0.000109,0.000113,0.000120,0.000143,0.000135,0.000160,0.000174,0.000185,0.000199
405.99,0.000045,0.000073,0.000105,0.000128,0.000122,0.000121,0.000101,0.000096,0.000106,0.000114,0.000117,0.000124,0.000149,0.000140,0.000166,0.000180,0.000192,0.000207
408.00,0.000047,0.000077,0.000110,0.000134,0.000127,0.000126,0.000105,0.000100,0.000110,0.000118,0.000122,0.000130,0.000155,0.000147,0.000173,0.000188,0.000200,0.000215
410.00,0.000049,0.000081,0.000115,0.000140,0.000133,0.000131,0.000110,0.000104,0.000115,0.000124,0.000128,0.000136,0.000162,0.000153,0.000181,0.000196,0.000209,0.000225
412.00,0.000052,0.000085,0.000121,0.000147,0.000139,0.000137,0.000115,0.000110,0.000121,0.000130,0.000134,0.000143,0.000170,0.000161,0.000190,0.000206,0.000219,0.000236
413.99,0.000054,0.000089,0.000127,0.000153,0.000145,0.000143,0.000121,0.000115,0.000127,0.000136,0.000142,0.000150,0.000178,0.000170,0.000200,0.000216,0.000230,0.000248
416.01,0.000057,0.000093,0.000133,0.000161,0.000152,0.000150,0.000126,0.000121,0.000133,0.000143,0.000149,0.000158,0.000188,0.000179,0.000210,0.000227,0.000242,0.000260
418.01,0.000060,0.000098,0.000140,0.000168,0.000159,0.000156,0.000133,0.000127,0.000140,0.000151,0.000157,0.000167,0.000197,0.000189,0.000221,0.000239,0.000254,0.000274
419.99,0.000063,0.000103,0.000146,0.000176,0.000166,0.000164,0.000140,0.000134,0.000148,0.000159,0.000167,0.000177,0.000208,0.000200,0.000233,0.000252,0.000268,0.000289
421.99,0.000066,0.000107,0.000153,0.000184,0.000174,0.000172,0.000147,0.000141,0.000156,0.000167,0.000176,0.000187,0.000219,0.000211,0.000245,0.000266,0.000283,0.000305
424.00,0.000069,0.000112,0.000160,0.000193,0.000182,0.000180,0.000154,0.000149,0.000164,0.000176,0.000186,0.000197,0.000231,0.000223,0.000258,0.000280,0.000298,0.000321
426.00,0.000072,0.000117,0.000167,0.000202,0.000190,0.000188,0.000163,0.000157,0.000173,0.000186,0.000197,0.000209,0.000244,0.000236,0.000273,0.000295,0.000314,0.000338
428.01,0.000075,0.000122,0.000175,0.000211,0.000199,0.000198,0.000171,0.000166,0.000183,0.000196,0.000208,0.000220,0.000257,0.000249,0.000287,0.000311,0.000331,0.000357
430.00,0.000077,0.000128,0.000182,0.000221,0.000209,0.000207,0.000180,0.000174,0.000192,0.000206,0.000219,0.000232,0.000271,0.000263,0.000303,0.000327,0.000349,0.000376
432.00,0.000080,0.000133,0.000190,0.000231,0.000219,0.000217,0.000189,0.000184,0.000203,0.000218,0.000231,0.000245,0.000285,0.000277,0.000319,0.000345,0.000368,0.000396
434.01,0.000083,0.000139,0.000198,0.000242,0.000229,0.000228,0.000199,0.000193,0.000213,0.000229,0.000243,0.000258,0.000300,0.000292,0.000335,0.000363,0.000387,0.000416
436.00,0.000086,0.000144,0.000207,0.000253,0.000240,0.000239,0.000209,0.000204,0.000224,0.000241,0.000256,0.000272,0.000316,0.000308,0.000353,0.000382,0.000407,0.000438
438.00,0.000089,0.000150,0.000215,0.000265,0.000252,0.000251,0.000220,0.000214,0.000236,0.000253,0.000270,0.000286,0.000332,0.000324,0.000371,0.000402,0.000428,0.000461
440.01,0.000092,0.000156,0.000224,0.000278,0.000265,0.000264,0.000232,0.000225,0.000248,0.000267,0.000284,0.000301,0.000349,0.000341,0.000391,0.000423,0.000450,0.000485
442.01,0.000095,0.000163,0.000234,0.000292,0.000278,0.000277,0.000244,0.000237,0.000261,0.000280,0.000299,0.000317,0.000368,0.000358,0.000411,0.000445,0.000474,0.000510
443.99,0.000099,0.000170,0.000244,0.000307,0.000292,0.000292,0.000256,0.000249,0.000275,0.000295,0.000314,0.000334,0.000387,0.000377,0.000432,0.000468,0.000499,0.000537
445.99,0.000102,0.000177,0.000255,0.000322,0.000308,0.000307,0.000270,0.000262,0.000289,0.000310,0.000330,0.000351,0.000407,0.000397,0.000455,0.000492,0.000525,0.000565
448.01,0.000105,0.000184,0.000266,0.000339,0.000324,0.000324,0.000284,0.000276,0.000304,0.000327,0.000348,0.000369,0.000428,0.000417,0.000479,0.000519,0.000552,0.000595
450.00,0.000108,0.000192,0.000277,0.000357,0.000342,0.000342,0.000300,0.000291,0.000321,0.000344,0.000366,0.000389,0.000451,0.000439,0.000505,0.000546,0.000582,0.000626
452.00,0.000112,0.000200,0.000289,0.000377,0.000361,0.000362,0.000316,0.000307,0.000338,0.000363,0.000386,0.000409,0.000476,0.000463,0.000532,0.000576,0.000614,0.000660
454.01,0.000115,0.000208,0.000302,0.000398,0.000382,0.000383,0.000334,0.000324,0.000357,0.000384,0.000407,0.000432,0.000503,0.000488,0.000562,0.000609,0.000648,0.000698
456.00,0.000118,0.000217,0.000315,0.000420,0.000405,0.000407,0.000354,0.000343,0.000378,0.000406,0.000430,0.000456,0.000532,0.000516,0.000595,0.000644,0.000685,0.000738
458.00,0.000121,0.000225,0.000328,0.000445,0.000430,0.000432,0.000376,0.000363,0.000400,0.000430,0.000455,0.000483,0.000564,0.000546,0.000630,0.000682,0.000727,0.000782
460.00,0.000124,0.000234,0.000342,0.000471,0.000457,0.000461,0.000400,0.000386,0.000425,0.000457,0.000482,0.000512,0.000599,0.000579,0.000670,0.000725,0.000772,0.000831
462.00,0.000127,0.000242,0.000355,0.000499,0.000486,0.000492,0.000427,0.000411,0.000453,0.000487,0.000513,0.000545,0.000638,0.000616,0.000714,0.000773,0.000823,0.000886
463.99,0.000129,0.000251,0.000369,0.000529,0.000518,0.000527,0.000457,0.000440,0.000485,0.000521,0.000548,0.000582,0.000683,0.000658,0.000764,0.000826,0.000880,0.000948
466.00,0.000131,0.000259,0.000382,0.000561,0.000553,0.000566,0.000491,0.000472,0.000521,0.000559,0.000587,0.000623,0.000733,0.000704,0.000819,0.000887,0.000945,0.001017
467.99,0.000133,0.000266,0.000394,0.000595,0.000591,0.000609,0.000531,0.000510,0.000562,0.000604,0.000633,0.000671,0.000791,0.000759,0.000885,0.000958,0.001020,0.001098
469.99,0.000134,0.000273,0.000406,0.000631,0.000632,0.000657,0.000577,0.000554,0.000610,0.000655,0.000686,0.000728,0.000859,0.000823,0.000960,0.001039,0.001107,0.001192
472.01,0.000134,0.000279,0.000416,0.000667,0.000676,0.000710,0.000629,0.000604,0.000665,0.000715,0.000747,0.000793,0.000936,0.000896,0.001047,0.001133,0.001207,0.001300
474.00,0.000134,0.000284,0.000425,0.000704,0.000722,0.000770,0.000691,0.000664,0.000732,0.000786,0.000821,0.000872,0.001030,0.000985,0.001152,0.001247,0.001328,0.001429
476.01,0.000133,0.000287,0.000431,0.000740,0.000770,0.000834,0.000763,0.000735,0.000810,0.000870,0.000910,0.000966,0.001141,0.001092,0.001276,0.001381,0.001471,0.001583
477.99,0.000132,0.000288,0.000434,0.000774,0.000818,0.000904,0.000849,0.000821,0.000905,0.000972,0.001019,0.001081,0.001273,0.001222,0.001424,0.001541,0.001642,0.001767
480.01,0.000130,0.000287,0.000435,0.000805,0.000864,0.000977,0.000948,0.000923,0.001017,0.001092,0.001151,0.001221,0.001431,0.001381,0.001601,0.001733,0.001846,0.001987
482.00,0.000127,0.000285,0.000433,0.000830,0.000908,0.001052,0.001063,0.001044,0.001151,0.001236,0.001312,0.001393,0.001620,0.001575,0.001812,0.001961,0.002089,0.002249
484.00,0.000124,0.000281,0.000428,0.000848,0.000944,0.001124,0.001192,0.001186,0.001307,0.001404,0.001506,0.001599,0.001839,0.001807,0.002057,0.002226,0.002371,0.002553
486.00,0.000121,0.000275,0.000420,0.000858,0.000971,0.001189,0.001333,0.001347,0.001484,0.001594,0.001737,0.001844,0.002089,0.002084,0.002336,0.002529,0.002694,0.002900
488.00,0.000118,0.000268,0.000409,0.000856,0.000984,0.001237,0.001473,0.001517,0.001672,0.001795,0.001993,0.002115,0.002352,0.002391,0.002631,0.002848,0.003033,0.003265
490.00,0.000114,0.000259,0.000396,0.000843,0.000982,0.001265,0.001601,0.001682,0.001854,0.001991,0.002258,0.002397,0.002609,0.002710,0.002918,0.003159,0.003365,0.003622
492.00,0.000110,0.000249,0.000381,0.000819,0.000964,0.001266,0.001695,0.001819,0.002005,0.002153,0.002497,0.002651,0.002821,0.002996,0.003155,0.003415,0.003638,0.003916
494.00,0.000106,0.000239,0.000366,0.000787,0.000932,0.001243,0.001742,0.001904,0.002098,0.002254,0.002670,0.002834,0.002953,0.003204,0.003303,0.003575,0.003808,0.004099
496.01,0.000102,0.000228,0.000349,0.000748,0.000888,0.001194,0.001732,0.001922,0.002118,0.002275,0.002743,0.002912,0.002981,0.003292,0.003334,0.003609,0.003844,0.004138
498.01,0.000098,0.000218,0.000332,0.000707,0.000838,0.001131,0.001674,0.001877,0.002069,0.002222,0.002714,0.002881,0.002912,0.003257,0.003257,0.003525,0.003755,0.004042
500.00,0.000094,0.000208,0.000316,0.000664,0.000786,0.001059,0.001578,0.001779,0.001961,0.002106,0.002590,0.002750,0.002760,0.003108,0.003086,0.003341,0.003558,0.003831
502.01,0.000091,0.000198,0.000301,0.000624,0.000734,0.000984,0.001464,0.001654,0.001823,0.001958,0.002415,0.002564,0.002565,0.002898,0.002869,0.003105,0.003308,0.003561
504.01,0.000087,0.000189,0.000287,0.000585,0.000684,0.000911,0.001345,0.001518,0.001673,0.001796,0.002216,0.002352,0.002354,0.002659,0.002633,0.002849,0.003035,0.003268
506.00,0.000084,0.000181,0.000273,0.000549,0.000639,0.000843,0.001230,0.001383,0.001524,0.001637,0.002014,0.002138,0.002145,0.002417,0.002399,0.002597,0.002766,0.002978
508.00,0.000081,0.000173,0.000262,0.000517,0.000598,0.000784,0.001126,0.001261,0.001390,0.001493,0.001830,0.001943,0.001957,0.002196,0.002188,0.002368,0.002523,0.002716
510.00,0.000079,0.000166,0.000251,0.000488,0.000561,0.000729,0.001031,0.001150,0.001267,0.001361,0.001660,0.001762,0.001783,0.001992,0.001994,0.002158,0.002299,0.002475
512.01,0.000076,0.000160,0.000241,0.000463,0.000529,0.000681,0.000949,0.001053,0.001161,0.001247,0.001514,0.001607,0.001634,0.001817,0.001827,0.001978,0.002107,0.002268
514.01,0.000074,0.000155,0.000233,0.000441,0.000501,0.000640,0.000878,0.000970,0.001069,0.001148,0.001387,0.001472,0.001504,0.001664,0.001682,0.001821,0.001940,0.002088
516.00,0.000072,0.000150,0.000225,0.000421,0.000476,0.000604,0.000816,0.000897,0.000989,0.001062,0.001277,0.001356,0.001392,0.001533,0.001556,0.001685,0.001795,0.001932
518.00,0.000071,0.000145,0.000217,0.000403,0.000453,0.000571,0.000761,0.000834,0.000919,0.000987,0.001182,0.001255,0.001294,0.001419,0.001447,0.001566,0.001668,0.001796
519.99,0.000069,0.000141,0.000211,0.000386,0.000433,0.000542,0.000714,0.000780,0.000860,0.000923,0.001102,0.001169,0.001210,0.001322,0.001353,0.001464,0.001560,0.001679
522.00,0.000067,0.000137,0.000205,0.000373,0.000416,0.000518,0.000674,0.000734,0.000808,0.000868,0.001032,0.001096,0.001138,0.001238,0.001273,0.001377,0.001467,0.001579
524.00,0.000066,0.000134,0.000200,0.000360,0.000401,0.000496,0.000639,0.000692,0.000763,0.000820,0.000971,0.001031,0.001074,0.001165,0.001201,0.001300,0.001385,0.001491
526.01,0.000065,0.000131,0.000196,0.000349,0.000387,0.000476,0.000607,0.000656,0.000723,0.000776,0.000917,0.000973,0.001017,0.001100,0.001138,0.001232,0.001312,0.001412
528.01,0.000064,0.000128,0.000192,0.000339,0.000374,0.000458,0.000578,0.000623,0.000686,0.000737,0.000867,0.000921,0.000966,0.001041,0.001080,0.001169,0.001245,0.001341
530.00,0.000063,0.000126,0.000187,0.000329,0.000362,0.000442,0.000554,0.000596,0.000656,0.000705,0.000827,0.000878,0.000924,0.000993,0.001033,0.001118,0.001191,0.001282
532.00,0.000062,0.000124,0.000184,0.000321,0.000352,0.000428,0.000532,0.000570,0.000628,0.000675,0.000790,0.000838,0.000884,0.000948,0.000989,0.001070,0.001140,0.001227
533.99,0.000061,0.000122,0.000181,0.000313,0.000343,0.000415,0.000511,0.000547,0.000602,0.000647,0.000756,0.000802,0.000848,0.000907,0.000948,0.001026,0.001093,0.001177
535.99,0.000061,0.000120,0.000178,0.000307,0.000335,0.000404,0.000493,0.000526,0.000579,0.000622,0.000725,0.000769,0.000816,0.000870,0.000912,0.000987,0.001052,0.001132
538.01,0.000060,0.000118,0.000175,0.000300,0.000327,0.000392,0.000476,0.000506,0.000558,0.000599,0.000696,0.000739,0.000785,0.000835,0.000878,0.000950,0.001012,0.001090
539.99,0.000059,0.000116,0.000173,0.000294,0.000320,0.000383,0.000461,0.000490,0.000540,0.000580,0.000672,0.000713,0.000760,0.000806,0.000849,0.000919,0.000979,0.001054
542.01,0.000059,0.000115,0.000171,0.000289,0.000313,0.000373,0.000446,0.000472,0.000520,0.000559,0.000646,0.000686,0.000732,0.000775,0.000819,0.000887,0.000944,0.001017
544.01,0.000058,0.000114,0.000168,0.000284,0.000307,0.000364,0.000433,0.000458,0.000505,0.000542,0.000626,0.000664,0.000711,0.000751,0.000795,0.000860,0.000916,0.000986
546.00,0.000057,0.000112,0.000166,0.000279,0.000301,0.000357,0.000422,0.000445,0.000490,0.000527,0.000607,0.000644,0.000690,0.000728,0.000772,0.000835,0.000890,0.000958
548.01,0.000057,0.000111,0.000165,0.000275,0.000296,0.000349,0.000410,0.000432,0.000476,0.000511,0.000588,0.000624,0.000670,0.000705,0.000749,0.000811,0.000864,0.000930
549.99,0.000057,0.000110,0.000163,0.000270,0.000290,0.000342,0.000400,0.000420,0.000463,0.000497,0.000571,0.000606,0.000652,0.000685,0.000729,0.000789,0.000840,0.000905
552.00,0.000056,0.000109,0.000161,0.000267,0.000286,0.000336,0.000390,0.000410,0.000452,0.000485,0.000555,0.000590,0.000635,0.000667,0.000711,0.000769,0.000819,0.000882
553.99,0.000056,0.000108,0.000160,0.000263,0.000281,0.000329,0.000380,0.000398,0.000439,0.000471,0.000539,0.000572,0.000618,0.000646,0.000691,0.000748,0.000796,0.000857
555.99,0.000055,0.000107,0.000158,0.000260,0.000277,0.000324,0.000372,0.000389,0.000428,0.000460,0.000525,0.000557,0.000603,0.000630,0.000674,0.000730,0.000777,0.000837
558.00,0.000055,0.000106,0.000157,0.000256,0.000273,0.000318,0.000364,0.000380,0.000418,0.000449,0.000512,0.000543,0.000589,0.000614,0.000659,0.000713,0.000759,0.000817
560.00,0.000055,0.000105,0.000155,0.000253,0.000269,0.000313,0.000356,0.000371,0.000409,0.000439,0.000499,0.000530,0.000575,0.000599,0.000643,0.000696,0.000742,0.000798
561.99,0.000054,0.000104,0.000154,0.000250,0.000265,0.000308,0.000348,0.000363,0.000400,0.000429,0.000487,0.000517,0.000562,0.000585,0.000629,0.000681,0.000725,0.000781
564.02,0.000054,0.000104,0.000153,0.000247,0.000262,0.000303,0.000342,0.000355,0.000392,0.000421,0.000477,0.000506,0.000551,0.000573,0.000617,0.000667,0.000711,0.000765
566.00,0.000054,0.000103,0.000152,0.000244,0.000258,0.000298,0.000335,0.000347,0.000383,0.000411,0.000465,0.000494,0.000539,0.000558,0.000603,0.000652,0.000695,0.000748
567.99,0.000053,0.000102,0.000151,0.000242,0.000256,0.000294,0.000329,0.000341,0.000375,0.000403,0.000456,0.000484,0.000528,0.000547,0.000591,0.000639,0.000681,0.000733
570.00,0.000053,0.000101,0.000149,0.000239,0.000252,0.000290,0.000322,0.000334,0.000368,0.000395,0.000446,0.000473,0.000518,0.000535,0.000579,0.000627,0.000667,0.000718
571.98,0.000053,0.000101,0.000148,0.000237,0.000249,0.000286,0.000317,0.000327,0.000361,0.000388,0.000437,0.000464,0.000508,0.000524,0.000568,0.000615,0.000655,0.000705
573.99,0.000053,0.000100,0.000147,0.000234,0.000247,0.000282,0.000311,0.000321,0.000354,0.000380,0.000428,0.000454,0.000499,0.000514,0.000558,0.000603,0.000643,0.000692
576.00,0.000052,0.000099,0.000146,0.000232,0.000244,0.000279,0.000306,0.000316,0.000348,0.000374,0.000420,0.000446,0.000489,0.000504,0.000547,0.000593,0.000631,0.000679
578.00,0.000052,0.000099,0.000146,0.000230,0.000241,0.000275,0.000301,0.000309,0.000341,0.000366,0.000410,0.000436,0.000480,0.000493,0.000536,0.000581,0.000618,0.000666
580.01,0.000052,0.000098,0.000145,0.000228,0.000239,0.000272,0.000296,0.000304,0.000335,0.000360,0.000403,0.000427,0.000471,0.000483,0.000527,0.000570,0.000608,0.000654
582.00,0.000052,0.000098,0.000144,0.000225,0.000236,0.000268,0.000291,0.000299,0.000329,0.000354,0.000396,0.000420,0.000463,0.000475,0.000518,0.000561,0.000598,0.000643
584.01,0.000051,0.000097,0.000143,0.000224,0.000234,0.000265,0.000286,0.000293,0.000323,0.000347,0.000388,0.000412,0.000455,0.000465,0.000509,0.000551,0.000587,0.000631
585.99,0.000051,0.000097,0.000142,0.000222,0.000232,0.000262,0.000282,0.000289,0.000319,0.000342,0.000382,0.000406,0.000449,0.000458,0.000502,0.000543,0.000579,0.000623
587.99,0.000051,0.000096,0.000141,0.000219,0.000229,0.000259,0.000278,0.000285,0.000314,0.000337,0.000376,0.000399,0.000442,0.000451,0.000494,0.000535,0.000570,0.000613
590.01,0.000051,0.000096,0.000141,0.000218,0.000227,0.000256,0.000274,0.000279,0.000308,0.000331,0.000368,0.000390,0.000433,0.000441,0.000485,0.000524,0.000559,0.000601
592.00,0.000051,0.000095,0.000140,0.000216,0.000225,0.000254,0.000270,0.000275,0.000304,0.000326,0.000362,0.000385,0.000427,0.000435,0.000478,0.000517,0.000551,0.000593
594.00,0.000050,0.000094,0.000139,0.000214,0.000223,0.000250,0.000266,0.000271,0.000299,0.000321,0.000357,0.000378,0.000421,0.000428,0.000471,0.000509,0.000542,0.000584
595.98,0.000050,0.000094,0.000138,0.000213,0.000221,0.000248,0.000262,0.000267,0.000294,0.000316,0.000350,0.000371,0.000414,0.000420,0.000463,0.000501,0.000533,0.000574
598.01,0.000050,0.000094,0.000137,0.000211,0.000219,0.000245,0.000258,0.000262,0.000289,0.000311,0.000344,0.000365,0.000407,0.000413,0.000455,0.000493,0.000525,0.000565
599.99,0.000050,0.000093,0.000137,0.000209,0.000217,0.000243,0.000256,0.000260,0.000286,0.000308,0.000340,0.000361,0.000403,0.000408,0.000451,0.000488,0.000520,0.000560
602.01,0.000050,0.000093,0.000136,0.000208,0.000215,0.000240,0.000251,0.000254,0.000280,0.000301,0.000332,0.000352,0.000394,0.000398,0.000441,0.000477,0.000508,0.000547
604.01,0.000049,0.000092,0.000135,0.000206,0.000213,0.000238,0.000248,0.000251,0.000276,0.000297,0.000327,0.000348,0.000389,0.000393,0.000435,0.000471,0.000502,0.000540
605.99,0.000049,0.000092,0.000135,0.000205,0.000212,0.000236,0.000245,0.000248,0.000273,0.000294,0.000323,0.000343,0.000385,0.000388,0.000430,0.000466,0.000496,0.000534
608.01,0.000049,0.000091,0.000134,0.000203,0.000210,0.000233,0.000241,0.000243,0.000268,0.000288,0.000316,0.000336,0.000377,0.000380,0.000422,0.000457,0.000487,0.000524
610.02,0.000049,0.000091,0.000133,0.000202,0.000208,0.000231,0.000238,0.000241,0.000265,0.000285,0.000313,0.000332,0.000373,0.000376,0.000418,0.000452,0.000482,0.000518
612.00,0.000049,0.000091,0.000133,0.000200,0.000207,0.000229,0.000235,0.000237,0.000261,0.000280,0.000308,0.000326,0.000367,0.000369,0.000411,0.000445,0.000474,0.000510
613.99,0.000049,0.000090,0.000133,0.000200,0.000205,0.000227,0.000232,0.000233,0.000257,0.000276,0.000302,0.000320,0.000361,0.000362,0.000404,0.000437,0.000466,0.000501
615.99,0.000048,0.000090,0.000131,0.000198,0.000203,0.000225,0.000230,0.000231,0.000255,0.000273,0.000299,0.000318,0.000358,0.000359,0.000401,0.000434,0.000462,0.000497
618.01,0.000048,0.000089,0.000131,0.000196,0.000202,0.000222,0.000226,0.000227,0.000250,0.000268,0.000293,0.000311,0.000352,0.000352,0.000393,0.000426,0.000453,0.000488
620.00,0.000048,0.000089,0.000131,0.000195,0.000200,0.000220,0.000223,0.000223,0.000246,0.000264,0.000287,0.000305,0.000346,0.000345,0.000387,0.000419,0.000446,0.000480
622.01,0.000048,0.000089,0.000130,0.000194,0.000198,0.000218,0.000220,0.000220,0.000243,0.000261,0.000284,0.000301,0.000342,0.000340,0.000382,0.000413,0.000440,0.000474
623.99,0.000048,0.000088,0.000129,0.000193,0.000197,0.000216,0.000218,0.000218,0.000240,0.000258,0.000280,0.000297,0.000337,0.000336,0.000377,0.000408,0.000435,0.000468
626.02,0.000048,0.000088,0.000129,0.000192,0.000196,0.000215,0.000215,0.000214,0.000236,0.000254,0.000275,0.000292,0.000333,0.000330,0.000372,0.000403,0.000429,0.000462
627.98,0.000048,0.000088,0.000129,0.000191,0.000195,0.000213,0.000212,0.000211,0.000233,0.000250,0.000271,0.000288,0.000328,0.000325,0.000367,0.000397,0.000423,0.000455
630.00,0.000048,0.000087,0.000128,0.000189,0.000193,0.000210,0.000209,0.000208,0.000229,0.000246,0.000266,0.000282,0.000322,0.000319,0.000360,0.000390,0.000415,0.000447
631.99,0.000047,0.000087,0.000127,0.000188,0.000192,0.000209,0.000206,0.000205,0.000226,0.000243,0.000262,0.000278,0.000318,0.000315,0.000356,0.000385,0.000410,0.000442
633.99,0.000047,0.000087,0.000127,0.000187,0.000190,0.000207,0.000204,0.000203,0.000223,0.000240,0.000259,0.000275,0.000314,0.000310,0.000352,0.000381,0.000405,0.000436
636.01,0.000047,0.000087,0.000127,0.000186,0.000189,0.000205,0.000202,0.000200,0.000221,0.000237,0.000255,0.000271,0.000310,0.000306,0.000347,0.000376,0.000400,0.000431
638.00,0.000047,0.000086,0.000126,0.000185,0.000188,0.000203,0.000199,0.000197,0.000217,0.000233,0.000250,0.000266,0.000305,0.000300,0.000341,0.000370,0.000394,0.000424
640.00,0.000047,0.000086,0.000126,0.000184,0.000187,0.000202,0.000196,0.000194,0.000214,0.000230,0.000246,0.000261,0.000301,0.000295,0.000337,0.000364,0.000388,0.000418
642.01,0.000047,0.000086,0.000126,0.000183,0.000185,0.000200,0.000194,0.000191,0.000211,0.000226,0.000242,0.000257,0.000296,0.000290,0.000331,0.000359,0.000382,0.000411
644.00,0.000047,0.000086,0.000125,0.000182,0.000184,0.000198,0.000192,0.000189,0.000208,0.000223,0.000239,0.000253,0.000293,0.000286,0.000327,0.000354,0.000377,0.000406
645.99,0.000047,0.000085,0.000125,0.000181,0.000183,0.000197,0.000189,0.000185,0.000204,0.000219,0.000234,0.000248,0.000288,0.000280,0.000322,0.000348,0.000371,0.000399
648.00,0.000047,0.000085,0.000125,0.000180,0.000182,0.000195,0.000186,0.000183,0.000201,0.000216,0.000229,0.000244,0.000283,0.000275,0.000317,0.000343,0.000365,0.000393
649.98,0.000047,0.000085,0.000124,0.000180,0.000181,0.000194,0.000184,0.000180,0.000198,0.000213,0.000226,0.000240,0.000279,0.000271,0.000312,0.000338,0.000360,0.000388
652.02,0.000047,0.000085,0.000124,0.000179,0.000180,0.000192,0.000181,0.000177,0.000195,0.000209,0.000221,0.000235,0.000274,0.000265,0.000307,0.000332,0.000354,0.000381
653.98,0.000047,0.000085,0.000124,0.000178,0.000179,0.000191,0.000179,0.000174,0.000192,0.000206,0.000217,0.000230,0.000270,0.000260,0.000302,0.000327,0.000348,0.000375
656.00,0.000047,0.000085,0.000124,0.000177,0.000178,0.000189,0.000177,0.000172,0.000189,0.000203,0.000214,0.000227,0.000266,0.000256,0.000298,0.000322,0.000343,0.000370
657.98,0.000047,0.000085,0.000123,0.000176,0.000177,0.000188,0.000174,0.000169,0.000186,0.000200,0.000210,0.000223,0.000262,0.000252,0.000293,0.000318,0.000338,0.000364
659.98,0.000047,0.000085,0.000123,0.000176,0.000176,0.000186,0.000172,0.000167,0.000184,0.000197,0.000206,0.000219,0.000258,0.000247,0.000289,0.000313,0.000333,0.000359
661.99,0.000047,0.000084,0.000123,0.000174,0.000174,0.000184,0.000170,0.000164,0.000181,0.000194,0.000202,0.000215,0.000254,0.000243,0.000284,0.000308,0.000328,0.000353
664.01,0.000047,0.000084,0.000122,0.000174,0.000174,0.000183,0.000167,0.000161,0.000178,0.000191,0.000199,0.000211,0.000250,0.000238,0.000280,0.000303,0.000323,0.000347
666.00,0.000047,0.000084,0.000122,0.000173,0.000172,0.000182,0.000165,0.000158,0.000175,0.000188,0.000194,0.000206,0.000246,0.000233,0.000275,0.000297,0.000317,0.000341
668.00,0.000047,0.000084,0.000122,0.000172,0.000172,0.000180,0.000163,0.000156,0.000172,0.000184,0.000190,0.000202,0.000242,0.000228,0.000270,0.000292,0.000311,0.000335
670.02,0.000047,0.000084,0.000122,0.000172,0.000171,0.000179,0.000161,0.000154,0.000169,0.000182,0.000187,0.000198,0.000238,0.000224,0.000266,0.000288,0.000307,0.000331
672.00,0.000047,0.000084,0.000122,0.000171,0.000170,0.000178,0.000158,0.000151,0.000166,0.000179,0.000183,0.000194,0.000234,0.000220,0.000262,0.000283,0.000302,0.000325
673.99,0.000047,0.000084,0.000122,0.000171,0.000170,0.000177,0.000157,0.000149,0.000164,0.000176,0.000180,0.000191,0.000231,0.000216,0.000258,0.000280,0.000298,0.000321
676.00,0.000047,0.000084,0.000122,0.000170,0.000169,0.000176,0.000154,0.000146,0.000161,0.000173,0.000176,0.000187,0.000227,0.000211,0.000254,0.000274,0.000292,0.000315
678.01,0.000047,0.000084,0.000122,0.000170,0.000168,0.000174,0.000152,0.000143,0.000158,0.000170,0.000172,0.000183,0.000222,0.000206,0.000249,0.000269,0.000287,0.000309
679.99,0.000047,0.000084,0.000122,0.000169,0.000167,0.000173,0.000150,0.000141,0.000155,0.000167,0.000168,0.000178,0.000218,0.000202,0.000244,0.000264,0.000282,0.000303
681.99,0.000047,0.000084,0.000122,0.000169,0.000166,0.000172,0.000147,0.000138,0.000152,0.000163,0.000164,0.000174,0.000214,0.000196,0.000239,0.000259,0.000276,0.000297
683.99,0.000047,0.000084,0.000122,0.000169,0.000166,0.000171,0.000146,0.000136,0.000150,0.000161,0.000161,0.000171,0.000211,0.000194,0.000236,0.000256,0.000273,0.000293
686.01,0.000047,0.000084,0.000122,0.000168,0.000165,0.000170,0.000144,0.000134,0.000148,0.000158,0.000158,0.000167,0.000208,0.000189,0.000232,0.000251,0.000268,0.000288
687.99,0.000047,0.000084,0.000123,0.000168,0.000165,0.000169,0.000142,0.000132,0.000145,0.000156,0.000154,0.000164,0.000204,0.000185,0.000228,0.000247,0.000263,0.000283
689.99,0.000047,0.000084,0.000123,0.000167,0.000164,0.000168,0.000140,0.000129,0.000142,0.000153,0.000151,0.000160,0.000201,0.000181,0.000224,0.000243,0.000259,0.000278
691.99,0.000048,0.000085,0.000123,0.000167,0.000163,0.000166,0.000138,0.000127,0.000140,0.000150,0.000147,0.000156,0.000196,0.000176,0.000220,0.000238,0.000253,0.000273
694.01,0.000048,0.000085,0.000123,0.000167,0.000163,0.000166,0.000135,0.000124,0.000136,0.000146,0.000142,0.000151,0.000192,0.000171,0.000214,0.000232,0.000247,0.000266
695.99,0.000048,0.000085,0.000123,0.000167,0.000163,0.000165,0.000134,0.000122,0.000134,0.000144,0.000140,0.000148,0.000189,0.000168,0.000211,0.000229,0.000244,0.000262
697.98,0.000048,0.000085,0.000123,0.000167,0.000162,0.000163,0.000131,0.000119,0.000131,0.000141,0.000136,0.000144,0.000185,0.000163,0.000207,0.000224,0.000239,0.000257
699.99,0.000048,0.000085,0.000124,0.000166,0.000162,0.000163,0.000130,0.000117,0.000129,0.000139,0.000132,0.000141,0.000182,0.000159,0.000203,0.000220,0.000234,0.000252
702.00,0.000049,0.000086,0.000124,0.000167,0.000162,0.000162,0.000128,0.000116,0.000128,0.000137,0.000130,0.000138,0.000179,0.000156,0.000201,0.000217,0.000231,0.000249
703.98,0.000049,0.000086,0.000124,0.000166,0.000161,0.000161,0.000126,0.000113,0.000125,0.000134,0.000127,0.000134,0.000176,0.000152,0.000196,0.000213,0.000226,0.000244
706.02,0.000049,0.000086,0.000125,0.000167,0.000161,0.000161,0.000124,0.000111,0.000122,0.000131,0.000122,0.000130,0.000172,0.000147,0.000192,0.000208,0.000221,0.000238
708.01,0.000049,0.000086,0.000125,0.000166,0.000161,0.000160,0.000123,0.000109,0.000120,0.000129,0.000120,0.000127,0.000169,0.000144,0.000189,0.000204,0.000218,0.000234
709.98,0.000049,0.000087,0.000126,0.000167,0.000161,0.000159,0.000121,0.000106,0.000117,0.000126,0.000116,0.000123,0.000165,0.000139,0.000184,0.000200,0.000213,0.000229
712.00,0.000050,0.000087,0.000126,0.000167,0.000160,0.000159,0.000120,0.000105,0.000116,0.000125,0.000115,0.000122,0.000164,0.000138,0.000183,0.000198,0.000211,0.000227
713.98,0.000050,0.000088,0.000127,0.000167,0.000161,0.000158,0.000119,0.000104,0.000114,0.000123,0.000112,0.000119,0.000161,0.000134,0.000180,0.000195,0.000208,0.000224
716.02,0.000050,0.000088,0.000127,0.000167,0.000160,0.000158,0.000117,0.000102,0.000112,0.000120,0.000109,0.000115,0.000158,0.000130,0.000176,0.000191,0.000203,0.000219
717.98,0.000051,0.000089,0.000128,0.000168,0.000161,0.000157,0.000115,0.000100,0.000110,0.000118,0.000106,0.000113,0.000155,0.000127,0.000173,0.000188,0.000200,0.000215
719.99,0.000051,0.000089,0.000129,0.000168,0.000161,0.000157,0.000115,0.000099,0.000109,0.000117,0.000104,0.000110,0.000153,0.000125,0.000171,0.000185,0.000197,0.000213
722.02,0.000051,0.000089,0.000129,0.000168,0.000161,0.000157,0.000113,0.000097,0.000107,0.000115,0.000102,0.000108,0.000151,0.000122,0.000169,0.000182,0.000194,0.000209
724.01,0.000051,0.000090,0.000130,0.000169,0.000161,0.000157,0.000112,0.000096,0.000106,0.000114,0.000100,0.000106,0.000149,0.000120,0.000166,0.000180,0.000192,0.000206
726.01,0.000052,0.000091,0.000131,0.000170,0.000162,0.000157,0.000111,0.000095,0.000104,0.000112,0.000097,0.000103,0.000147,0.000117,0.000164,0.000177,0.000189,0.000203
728.01,0.000052,0.000091,0.000131,0.000170,0.000162,0.000157,0.000111,0.000094,0.000104,0.000111,0.000097,0.000103,0.000146,0.000116,0.000163,0.000177,0.000188,0.000203
729.98,0.000053,0.000092,0.000132,0.000171,0.000163,0.000157,0.000110,0.000093,0.000103,0.000110,0.000095,0.000101,0.000145,0.000114,0.000162,0.000175,0.000187,0.000201
732.01,0.000053,0.000092,0.000134,0.000172,0.000163,0.000157,0.000110,0.000092,0.000102,0.000109,0.000094,0.000100,0.000143,0.000113,0.000160,0.000173,0.000185,0.000199
734.00,0.000054,0.000093,0.000135,0.000173,0.000164,0.000158,0.000110,0.000092,0.000102,0.000109,0.000094,0.000099,0.000143,0.000112,0.000160,0.000173,0.000185,0.000199
736.00,0.000054,0.000094,0.000135,0.000174,0.000165,0.000159,0.000110,0.000093,0.000102,0.000110,0.000094,0.000100,0.000144,0.000113,0.000161,0.000174,0.000185,0.000199
738.01,0.000054,0.000095,0.000137,0.000175,0.000166,0.000159,0.000110,0.000092,0.000102,0.000109,0.000093,0.000099,0.000143,0.000112,0.000160,0.000173,0.000185,0.000199
739.97,0.000055,0.000095,0.000138,0.000177,0.000167,0.000161,0.000111,0.000093,0.000103,0.000110,0.000094,0.000100,0.000145,0.000113,0.000162,0.000175,0.000186,0.000201
742.00,0.000056,0.000097,0.000139,0.000178,0.000169,0.000162,0.000112,0.000094,0.000103,0.000111,0.000095,0.000101,0.000146,0.000114,0.000163,0.000176,0.000188,0.000202
743.99,0.000056,0.000097,0.000140,0.000180,0.000170,0.000163,0.000113,0.000095,0.000105,0.000113,0.000097,0.000103,0.000148,0.000117,0.000165,0.000179,0.000191,0.000205
745.99,0.000056,0.000098,0.000142,0.000181,0.000172,0.000165,0.000115,0.000097,0.000107,0.000115,0.000100,0.000106,0.000151,0.000120,0.000169,0.000183,0.000195,0.000210
748.00,0.000057,0.000099,0.000143,0.000183,0.000174,0.000167,0.000117,0.000099,0.000109,0.000117,0.000103,0.000109,0.000154,0.000123,0.000172,0.000186,0.000198,0.000213
750.02,0.000058,0.000100,0.000144,0.000185,0.000175,0.000169,0.000119,0.000102,0.000112,0.000121,0.000107,0.000113,0.000158,0.000128,0.000177,0.000192,0.000204,0.000220
751.99,0.000058,0.000101,0.000146,0.000187,0.000178,0.000171,0.000122,0.000105,0.000115,0.000124,0.000110,0.000117,0.000162,0.000132,0.000181,0.000196,0.000209,0.000225
753.98,0.000059,0.000102,0.000148,0.000190,0.000180,0.000174,0.000125,0.000108,0.000119,0.000128,0.000115,0.000122,0.000168,0.000138,0.000187,0.000203,0.000216,0.000233
755.97,0.000059,0.000103,0.000149,0.000192,0.000183,0.000177,0.000129,0.000112,0.000123,0.000133,0.000121,0.000128,0.000174,0.000145,0.000194,0.000210,0.000224,0.000241
757.98,0.000060,0.000105,0.000151,0.000195,0.000185,0.000180,0.000132,0.000116,0.000128,0.000137,0.000126,0.000134,0.000180,0.000151,0.000201,0.000218,0.000232,0.000250
759.99,0.000061,0.000106,0.000153,0.000198,0.000189,0.000184,0.000137,0.000121,0.000134,0.000144,0.000134,0.000142,0.000188,0.000161,0.000210,0.000228,0.000243,0.000261
762.02,0.000061,0.000107,0.000154,0.000201,0.000192,0.000188,0.000142,0.000127,0.000140,0.000150,0.000142,0.000151,0.000197,0.000170,0.000220,0.000239,0.000254,0.000273
764.00,0.000062,0.000108,0.000156,0.000204,0.000195,0.000192,0.000147,0.000132,0.000146,0.000157,0.000149,0.000159,0.000205,0.000179,0.000229,0.000248,0.000265,0.000285
765.99,0.000062,0.000109,0.000158,0.000207,0.000199,0.000196,0.000153,0.000139,0.000153,0.000164,0.000159,0.000168,0.000215,0.000190,0.000241,0.000261,0.000278,0.000299
767.99,0.000063,0.000111,0.000161,0.000211,0.000203,0.000201,0.000160,0.000146,0.000160,0.000172,0.000168,0.000179,0.000226,0.000202,0.000253,0.000273,0.000291,0.000313
770.00,0.000064,0.000112,0.000162,0.000215,0.000207,0.000207,0.000167,0.000153,0.000169,0.000182,0.000179,0.000190,0.000238,0.000215,0.000266,0.000288,0.000307,0.000330
772.02,0.000064,0.000114,0.000164,0.000218,0.000211,0.000212,0.000174,0.000161,0.000177,0.000191,0.000190,0.000202,0.000250,0.000228,0.000279,0.000302,0.000322,0.000346
773.99,0.000065,0.000115,0.000167,0.000223,0.000216,0.000218,0.000182,0.000170,0.000187,0.000201,0.000203,0.000215,0.000264,0.000243,0.000295,0.000319,0.000340,0.000366
775.98,0.000066,0.000116,0.000169,0.000227,0.000221,0.000224,0.000190,0.000179,0.000197,0.000212,0.000216,0.000229,0.000278,0.000259,0.000311,0.000336,0.000358,0.000386
778.03,0.000066,0.000118,0.000171,0.000231,0.000226,0.000230,0.000199,0.000188,0.000208,0.000223,0.000229,0.000243,0.000292,0.000274,0.000327,0.000353,0.000377,0.000405
779.97,0.000067,0.000119,0.000173,0.000236,0.000231,0.000237,0.000208,0.000199,0.000219,0.000235,0.000243,0.000258,0.000308,0.000292,0.000344,0.000373,0.000397,0.000427
781.98,0.000067,0.000121,0.000175,0.000241,0.000237,0.000245,0.000218,0.000210,0.000231,0.000248,0.000259,0.000275,0.000325,0.000310,0.000363,0.000393,0.000419,0.000451
784.01,0.000068,0.000122,0.000177,0.000245,0.000242,0.000252,0.000228,0.000220,0.000243,0.000260,0.000273,0.000290,0.000341,0.000328,0.000382,0.000413,0.000440,0.000474
785.98,0.000068,0.000123,0.000179,0.000250,0.000248,0.000260,0.000238,0.000231,0.000255,0.000274,0.000289,0.000307,0.000359,0.000347,0.000401,0.000434,0.000462,0.000498
788.02,0.000069,0.000125,0.000182,0.000255,0.000254,0.000267,0.000249,0.000243,0.000268,0.000288,0.000306,0.000325,0.000377,0.000367,0.000422,0.000456,0.000486,0.000523
790.01,0.000069,0.000126,0.000184,0.000261,0.000260,0.000275,0.000260,0.000255,0.000281,0.000302,0.000323,0.000343,0.000396,0.000387,0.000442,0.000479,0.000510,0.000549
792.02,0.000070,0.000127,0.000186,0.000266,0.000266,0.000283,0.000270,0.000267,0.000294,0.000315,0.000339,0.000360,0.000413,0.000407,0.000462,0.000500,0.000533,0.000574
794.03,0.000070,0.000129,0.000188,0.000271,0.000272,0.000291,0.000282,0.000279,0.000308,0.000331,0.000357,0.000379,0.000433,0.000428,0.000484,0.000524,0.000558,0.000601
795.99,0.000071,0.000130,0.000190,0.000276,0.000279,0.000300,0.000293,0.000292,0.000321,0.000345,0.000374,0.000397,0.000452,0.000449,0.000506,0.000547,0.000583,0.000628
798.02,0.000071,0.000131,0.000192,0.000281,0.000285,0.000308,0.000305,0.000305,0.000336,0.000361,0.000393,0.000418,0.000473,0.000472,0.000529,0.000573,0.000610,0.000657
800.00,0.000071,0.000132,0.000194,0.000286,0.000291,0.000316,0.000317,0.000318,0.000350,0.000376,0.000411,0.000436,0.000492,0.000493,0.000551,0.000596,0.000635,0.000684
801.99,0.000072,0.000133,0.000195,0.000291,0.000297,0.000325,0.000328,0.000330,0.000364,0.000391,0.000429,0.000455,0.000512,0.000515,0.000573,0.000620,0.000660,0.000711
803.99,0.000072,0.000134,0.000197,0.000295,0.000302,0.000332,0.000339,0.000342,0.000377,0.000405,0.000446,0.000473,0.000531,0.000535,0.000594,0.000642,0.000684,0.000737
806.00,0.000072,0.000135,0.000198,0.000300,0.000308,0.000340,0.000351,0.000355,0.000391,0.000420,0.000464,0.000493,0.000551,0.000557,0.000616,0.000667,0.000710,0.000764
808.02,0.000072,0.000136,0.000200,0.000304,0.000313,0.000347,0.000361,0.000367,0.000404,0.000434,0.000481,0.000511,0.000569,0.000577,0.000636,0.000689,0.000734,0.000790
809.98,0.000072,0.000137,0.000201,0.000307,0.000318,0.000354,0.000371,0.000378,0.000416,0.000447,0.000497,0.000527,0.000586,0.000596,0.000655,0.000709,0.000755,0.000813
812.02,0.000073,0.000137,0.000202,0.000311,0.000323,0.000360,0.000381,0.000389,0.000428,0.000460,0.000513,0.000544,0.000603,0.000615,0.000674,0.000730,0.000777,0.000837
814.00,0.000073,0.000138,0.000203,0.000314,0.000326,0.000366,0.000389,0.000398,0.000438,0.000471,0.000526,0.000558,0.000617,0.000631,0.000690,0.000747,0.000796,0.000857
815.99,0.000073,0.000138,0.000203,0.000316,0.000329,0.000371,0.000397,0.000407,0.000448,0.000481,0.000538,0.000572,0.000631,0.000646,0.000705,0.000764,0.000813,0.000876
818.00,0.000073,0.000138,0.000204,0.000318,0.000332,0.000375,0.000404,0.000414,0.000457,0.000490,0.000550,0.000583,0.000643,0.000660,0.000719,0.000778,0.000828,0.000892
820.01,0.000073,0.000138,0.000204,0.000320,0.000334,0.000378,0.000409,0.000421,0.000464,0.000498,0.000559,0.000594,0.000653,0.000671,0.000730,0.000790,0.000842,0.000906
822.03,0.000072,0.000138,0.000204,0.000320,0.000335,0.000380,0.000413,0.000426,0.000469,0.000504,0.000566,0.000601,0.000660,0.000680,0.000738,0.000799,0.000851,0.000916
823.99,0.000072,0.000138,0.000204,0.000321,0.000336,0.000381,0.000415,0.000428,0.000471,0.000506,0.000569,0.000605,0.000663,0.000683,0.000742,0.000803,0.000855,0.000921
825.97,0.000072,0.000138,0.000203,0.000320,0.000335,0.000381,0.000415,0.000428,0.000471,0.000506,0.000569,0.000604,0.000663,0.000683,0.000742,0.000803,0.000855,0.000921
828.02,0.000072,0.000137,0.000202,0.000319,0.000334,0.000379,0.000414,0.000427,0.000470,0.000505,0.000568,0.000603,0.000662,0.000682,0.000740,0.000801,0.000854,0.000919
830.01,0.000072,0.000137,0.000202,0.000317,0.000332,0.000377,0.000411,0.000423,0.000466,0.000501,0.000563,0.000597,0.000656,0.000675,0.000734,0.000794,0.000846,0.000911
832.02,0.000072,0.000136,0.000201,0.000315,0.000329,0.000373,0.000405,0.000417,0.000459,0.000493,0.000554,0.000588,0.000646,0.000664,0.000723,0.000782,0.000833,0.000897
834.03,0.000071,0.000135,0.000199,0.000311,0.000325,0.000368,0.000398,0.000408,0.000450,0.000483,0.000541,0.000575,0.000633,0.000650,0.000708,0.000766,0.000816,0.000879
835.98,0.000071,0.000134,0.000198,0.000307,0.000321,0.000362,0.000388,0.000398,0.000438,0.000471,0.000526,0.000559,0.000617,0.000631,0.000690,0.000747,0.000796,0.000857
838.01,0.000070,0.000133,0.000196,0.000303,0.000315,0.000354,0.000378,0.000386,0.000425,0.000457,0.000509,0.000540,0.000598,0.000610,0.000669,0.000724,0.000771,0.000830
839.98,0.000070,0.000132,0.000194,0.000298,0.000309,0.000346,0.000365,0.000371,0.000409,0.000440,0.000487,0.000517,0.000576,0.000585,0.000644,0.000697,0.000743,0.000799
842.03,0.000070,0.000130,0.000191,0.000292,0.000302,0.000336,0.000350,0.000354,0.000390,0.000419,0.000462,0.000491,0.000549,0.000555,0.000614,0.000665,0.000708,0.000762
844.02,0.000069,0.000129,0.000189,0.000286,0.000295,0.000326,0.000334,0.000336,0.000371,0.000398,0.000436,0.000463,0.000521,0.000523,0.000583,0.000631,0.000672,0.000724
846.02,0.000069,0.000128,0.000187,0.000281,0.000288,0.000316,0.000319,0.000319,0.000352,0.000378,0.000411,0.000436,0.000495,0.000493,0.000553,0.000599,0.000638,0.000687
848.03,0.000068,0.000126,0.000185,0.000274,0.000280,0.000305,0.000301,0.000299,0.000330,0.000354,0.000382,0.000405,0.000464,0.000458,0.000519,0.000562,0.000598,0.000644
849.98,0.000068,0.000124,0.000182,0.000267,0.000271,0.000293,0.000285,0.000280,0.000309,0.000332,0.000354,0.000376,0.000435,0.000425,0.000486,0.000526,0.000561,0.000604
852.01,0.000067,0.000123,0.000179,0.000261,0.000263,0.000282,0.000268,0.000261,0.000288,0.000309,0.000327,0.000347,0.000405,0.000392,0.000453,0.000491,0.000523,0.000563
853.97,0.000067,0.000121,0.000177,0.000254,0.000255,0.000271,0.000250,0.000241,0.000266,0.000286,0.000298,0.000316,0.000375,0.000357,0.000419,0.000453,0.000483,0.000520
856.02,0.000066,0.000120,0.000174,0.000248,0.000248,0.000260,0.000235,0.000224,0.000247,0.000265,0.000272,0.000289,0.000347,0.000327,0.000389,0.000421,0.000448,0.000482
858.00,0.000065,0.000118,0.000171,0.000241,0.000239,0.000249,0.000218,0.000206,0.000227,0.000244,0.000247,0.000262,0.000319,0.000296,0.000357,0.000387,0.000412,0.000443
859.99,0.000065,0.000116,0.000169,0.000235,0.000232,0.000239,0.000204,0.000190,0.000209,0.000225,0.000224,0.000237,0.000295,0.000268,0.000329,0.000357,0.000380,0.000409
861.99,0.000064,0.000115,0.000166,0.000229,0.000224,0.000229,0.000190,0.000174,0.000192,0.000206,0.000202,0.000214,0.000270,0.000242,0.000302,0.000327,0.000349,0.000375
864.01,0.000064,0.000113,0.000164,0.000223,0.000217,0.000220,0.000177,0.000160,0.000176,0.000189,0.000181,0.000192,0.000248,0.000217,0.000277,0.000300,0.000320,0.000344
866.03,0.000063,0.000111,0.000161,0.000217,0.000211,0.000211,0.000165,0.000147,0.000162,0.000174,0.000163,0.000173,0.000228,0.000196,0.000255,0.000276,0.000294,0.000317
867.98,0.000062,0.000110,0.000159,0.000212,0.000204,0.000203,0.000154,0.000135,0.000149,0.000160,0.000146,0.000155,0.000210,0.000176,0.000235,0.000254,0.000270,0.000291
870.02,0.000062,0.000109,0.000157,0.000207,0.000199,0.000196,0.000144,0.000124,0.000137,0.000147,0.000131,0.000139,0.000193,0.000158,0.000216,0.000234,0.000249,0.000268
871.99,0.000061,0.000107,0.000155,0.000202,0.000193,0.000189,0.000135,0.000115,0.000127,0.000136,0.000118,0.000126,0.000178,0.000142,0.000199,0.000216,0.000230,0.000247
873.97,0.000061,0.000106,0.000153,0.000198,0.000188,0.000182,0.000126,0.000106,0.000116,0.000125,0.000105,0.000112,0.000164,0.000127,0.000183,0.000198,0.000211,0.000227
875.96,0.000061,0.000105,0.000151,0.000194,0.000184,0.000176,0.000119,0.000098,0.000108,0.000116,0.000095,0.000101,0.000152,0.000114,0.000170,0.000184,0.000196,0.000211
877.96,0.000060,0.000104,0.000150,0.000190,0.000179,0.000170,0.000112,0.000090,0.000099,0.000107,0.000084,0.000090,0.000140,0.000101,0.000157,0.000169,0.000180,0.000194
879.97,0.000060,0.000103,0.000148,0.000187,0.000176,0.000166,0.000106,0.000084,0.000093,0.000100,0.000076,0.000081,0.000131,0.000092,0.000146,0.000158,0.000169,0.000182
881.99,0.000060,0.000102,0.000147,0.000184,0.000172,0.000161,0.000101,0.000079,0.000087,0.000093,0.000069,0.000073,0.000122,0.000082,0.000136,0.000147,0.000157,0.000169
884.02,0.000059,0.000101,0.000145,0.000181,0.000169,0.000157,0.000096,0.000073,0.000081,0.000087,0.000062,0.000065,0.000114,0.000074,0.000127,0.000138,0.000147,0.000158
885.98,0.000059,0.000100,0.000144,0.000178,0.000166,0.000154,0.000092,0.000069,0.000076,0.000082,0.000056,0.000059,0.000107,0.000067,0.000120,0.000130,0.000138,0.000149
888.02,0.000059,0.000100,0.000143,0.000176,0.000163,0.000151,0.000088,0.000065,0.000072,0.000077,0.000050,0.000054,0.000101,0.000060,0.000113,0.000122,0.000130,0.000140
890.00,0.000059,0.000099,0.000142,0.000174,0.000161,0.000147,0.000084,0.000061,0.000067,0.000072,0.000045,0.000048,0.000095,0.000054,0.000106,0.000115,0.000122,0.000132
891.98,0.000059,0.000099,0.000142,0.000172,0.000158,0.000144,0.000080,0.000057,0.000063,0.000068,0.000040,0.000042,0.000089,0.000048,0.000099,0.000107,0.000114,0.000123
893.97,0.000059,0.000099,0.000141,0.000170,0.000156,0.000142,0.000077,0.000054,0.000059,0.000064,0.000035,0.000037,0.000083,0.000042,0.000093,0.000101,0.000107,0.000116
895.98,0.000059,0.000098,0.000141,0.000169,0.000155,0.000140,0.000075,0.000051,0.000056,0.000061,0.000032,0.000034,0.000079,0.000038,0.000089,0.000096,0.000102,0.000110
897.99,0.000059,0.000098,0.000140,0.000168,0.000153,0.000138,0.000072,0.000048,0.000053,0.000057,0.000027,0.000029,0.000075,0.000033,0.000083,0.000090,0.000096,0.000103
900.01,0.000059,0.000098,0.000140,0.000166,0.000152,0.000136,0.000069,0.000044,0.000049,0.000053,0.000022,0.000024,0.000069,0.000027,0.000077,0.000083,0.000089,0.000096
902.04,0.000059,0.000098,0.000140,0.000166,0.000151,0.000134,0.000067,0.000042,0.000047,0.000050,0.000019,0.000020,0.000066,0.000023,0.000073,0.000079,0.000084,0.000091
904.00,0.000059,0.000098,0.000141,0.000165,0.000150,0.000133,0.000064,0.000039,0.000043,0.000046,0.000014,0.000015,0.000061,0.000017,0.000068,0.000073,0.000078,0.000084
905.96,0.000060,0.000099,0.000141,0.000164,0.000149,0.000131,0.000061,0.000036,0.000039,0.000042,0.000010,0.000010,0.000056,0.000011,0.000062,0.000067,0.000072,0.000077
908.02,0.000060,0.000099,0.000142,0.000165,0.000148,0.000130,0.000059,0.000033,0.000037,0.000039,0.000006,0.000006,0.000051,0.000007,0.000058,0.000062,0.000066,0.000071
910.00,0.000061,0.000099,0.000142,0.000164,0.000148,0.000129,0.000057,0.000031,0.000034,0.000037,0.000002,0.000003,0.000048,0.000003,0.000054,0.000058,0.000062,0.000067
911.99,0.000061,0.000100,0.000143,0.000164,0.000147,0.000128,0.000054,0.000028,0.000031,0.000033,-0.000002,-0.000002,0.000043,-0.000003,0.000049,0.000053,0.000056,0.000060
913.99,0.000062,0.000101,0.000144,0.000165,0.000147,0.000127,0.000052,0.000025,0.000028,0.000030,-0.000007,-0.000007,0.000039,-0.000008,0.000043,0.000047,0.000050,0.000054
916.00,0.000062,0.000102,0.000145,0.000165,0.000147,0.000126,0.000050,0.000023,0.000025,0.000027,-0.000011,-0.000012,0.000035,-0.000013,0.000039,0.000042,0.000045,0.000048
918.02,0.000063,0.000102,0.000146,0.000165,0.000147,0.000125,0.000048,0.000020,0.000022,0.000023,-0.000015,-0.000016,0.000030,-0.000019,0.000034,0.000037,0.000039,0.000042
919.96,0.000064,0.000103,0.000147,0.000166,0.000147,0.000125,0.000046,0.000017,0.000019,0.000020,-0.000020,-0.000021,0.000026,-0.000024,0.000029,0.000032,0.000034,0.000036
922.00,0.000065,0.000105,0.000149,0.000167,0.000148,0.000125,0.000043,0.000014,0.000016,0.000017,-0.000024,-0.000025,0.000022,-0.000029,0.000025,0.000027,0.000029,0.000031
923.96,0.000065,0.000106,0.000150,0.000168,0.000148,0.000124,0.000042,0.000012,0.000013,0.000014,-0.000027,-0.000029,0.000019,-0.000033,0.000021,0.000023,0.000024,0.000026
926.01,0.000066,0.000107,0.000152,0.000169,0.000149,0.000124,0.000040,0.000009,0.000010,0.000011,-0.000032,-0.000034,0.000015,-0.000038,0.000016,0.000018,0.000019,0.000020
927.99,0.000067,0.000108,0.000154,0.000170,0.000149,0.000124,0.000037,0.000006,0.000007,0.000007,-0.000037,-0.000039,0.000010,-0.000045,0.000011,0.000012,0.000012,0.000013
929.97,0.000068,0.000110,0.000155,0.000171,0.000150,0.000124,0.000036,0.000005,0.000005,0.000005,-0.000040,-0.000042,0.000007,-0.000048,0.000008,0.000008,0.000009,0.000010
931.97,0.000070,0.000111,0.000158,0.000174,0.000152,0.000125,0.000035,0.000002,0.000003,0.000003,-0.000044,-0.000046,0.000004,-0.000052,0.000004,0.000004,0.000005,0.000005
933.97,0.000071,0.000113,0.000160,0.000175,0.000153,0.000125,0.000033,0.000000,0.000000,0.000000,-0.000047,-0.000050,0.000001,-0.000056,0.000001,0.000001,0.000001,0.000001
935.98,0.000072,0.000115,0.000163,0.000177,0.000154,0.000125,0.000032,-0.000001,-0.000002,-0.000002,-0.000050,-0.000053,-0.000002,-0.000060,-0.000002,-0.000003,-0.000003,-0.000003
938.00,0.000073,0.000116,0.000165,0.000179,0.000156,0.000126,0.000031,-0.000002,-0.000003,-0.000003,-0.000052,-0.000055,-0.000004,-0.000062,-0.000004,-0.000005,-0.000005,-0.000005
940.03,0.000074,0.000118,0.000168,0.000181,0.000157,0.000127,0.000030,-0.000004,-0.000004,-0.000005,-0.000055,-0.000058,-0.000006,-0.000066,-0.000007,-0.000008,-0.000008,-0.000009
941.97,0.000076,0.000120,0.000171,0.000184,0.000159,0.000128,0.000030,-0.000005,-0.000005,-0.000006,-0.000056,-0.000060,-0.000008,-0.000068,-0.000008,-0.000009,-0.000010,-0.000011
944.02,0.000077,0.000123,0.000174,0.000186,0.000161,0.000130,0.000030,-0.000005,-0.000006,-0.000006,-0.000057,-0.000061,-0.000008,-0.000069,-0.000009,-0.000010,-0.000011,-0.000011
945.98,0.000079,0.000125,0.000177,0.000189,0.000163,0.000131,0.000030,-0.000005,-0.000006,-0.000006,-0.000058,-0.000061,-0.000008,-0.000069,-0.000009,-0.000010,-0.000011,-0.000011
947.96,0.000080,0.000127,0.000180,0.000192,0.000166,0.000133,0.000031,-0.000005,-0.000005,-0.000005,-0.000057,-0.000060,-0.000007,-0.000068,-0.000008,-0.000009,-0.000009,-0.000010
950.03,0.000082,0.000130,0.000183,0.000196,0.000169,0.000135,0.000032,-0.000003,-0.000004,-0.000004,-0.000055,-0.000059,-0.000005,-0.000066,-0.000006,-0.000006,-0.000007,-0.000007
952.02,0.000084,0.000132,0.000187,0.000199,0.000171,0.000138,0.000034,-0.000002,-0.000003,-0.000003,-0.000054,-0.000057,-0.000004,-0.000065,-0.000004,-0.000004,-0.000005,-0.000005
954.02,0.000086,0.000135,0.000190,0.000203,0.000175,0.000141,0.000036,0.000000,0.000000,0.000000,-0.000051,-0.000054,0.000000,-0.000061,0.000000,0.000000,0.000000,0.000000
956.02,0.000087,0.000137,0.000194,0.000206,0.000178,0.000144,0.000038,0.000003,0.000003,0.000003,-0.000047,-0.000050,0.000004,-0.000057,0.000005,0.000005,0.000005,0.000006
958.04,0.000089,0.000140,0.000198,0.000211,0.000182,0.000147,0.000041,0.000005,0.000006,0.000006,-0.000043,-0.000046,0.000008,-0.000052,0.000009,0.000010,0.000011,0.000012
959.97,0.000091,0.000143,0.000202,0.000215,0.000186,0.000151,0.000045,0.000009,0.000010,0.000011,-0.000038,-0.000040,0.000015,-0.000045,0.000016,0.000018,0.000019,0.000020
962.00,0.000093,0.000146,0.000207,0.000219,0.000190,0.000155,0.000049,0.000014,0.000015,0.000016,-0.000031,-0.000033,0.000021,-0.000038,0.000024,0.000026,0.000028,0.000030
964.04,0.000095,0.000149,0.000211,0.000224,0.000194,0.000159,0.000053,0.000018,0.000020,0.000022,-0.000025,-0.000027,0.000028,-0.000030,0.000032,0.000034,0.000036,0.000039
966.00,0.000098,0.000153,0.000216,0.000229,0.000199,0.000164,0.000058,0.000024,0.000026,0.000028,-0.000017,-0.000018,0.000037,-0.000021,0.000041,0.000045,0.000047,0.000051
967.96,0.000100,0.000156,0.000220,0.000234,0.000203,0.000168,0.000064,0.000030,0.000033,0.000035,-0.000009,-0.000010,0.000046,-0.000011,0.000051,0.000055,0.000059,0.000063
970.03,0.000102,0.000159,0.000225,0.000240,0.000209,0.000174,0.000069,0.000036,0.000039,0.000042,0.000000,0.000000,0.000055,0.000000,0.000062,0.000067,0.000071,0.000077
972.01,0.000105,0.000163,0.000230,0.000245,0.000214,0.000180,0.000076,0.000043,0.000047,0.000050,0.000010,0.000010,0.000066,0.000011,0.000074,0.000080,0.000085,0.000092
973.99,0.000107,0.000167,0.000235,0.000251,0.000220,0.000185,0.000082,0.000050,0.000055,0.000059,0.000020,0.000021,0.000077,0.000024,0.000086,0.000093,0.000099,0.000107
975.99,0.000109,0.000170,0.000241,0.000257,0.000225,0.000192,0.000090,0.000058,0.000064,0.000068,0.000031,0.000033,0.000089,0.000037,0.000100,0.000108,0.000115,0.000124
978.00,0.000112,0.000174,0.000246,0.000263,0.000231,0.000198,0.000097,0.000066,0.000072,0.000078,0.000043,0.000045,0.000102,0.000051,0.000114,0.000123,0.000131,0.000142
980.01,0.000114,0.000178,0.000252,0.000270,0.000238,0.000205,0.000105,0.000074,0.000082,0.000088,0.000054,0.000058,0.000115,0.000065,0.000129,0.000139,0.000148,0.000159
982.03,0.000117,0.000182,0.000257,0.000277,0.000244,0.000212,0.000113,0.000083,0.000091,0.000098,0.000067,0.000071,0.000129,0.000080,0.000144,0.000156,0.000166,0.000179
983.96,0.000120,0.000186,0.000263,0.000284,0.000251,0.000219,0.000121,0.000092,0.000101,0.000109,0.000080,0.000084,0.000143,0.000095,0.000160,0.000173,0.000184,0.000198
986.00,0.000123,0.000191,0.000269,0.000291,0.000258,0.000227,0.000130,0.000102,0.000112,0.000120,0.000093,0.000099,0.000157,0.000112,0.000176,0.000191,0.000203,0.000219
988.04,0.000126,0.000195,0.000276,0.000298,0.000265,0.000234,0.000139,0.000111,0.000122,0.000131,0.000106,0.000113,0.000172,0.000127,0.000193,0.000208,0.000222,0.000239
990.00,0.000129,0.000200,0.000282,0.000306,0.000273,0.000243,0.000148,0.000121,0.000133,0.000143,0.000120,0.000127,0.000188,0.000144,0.000210,0.000227,0.000242,0.000260
991.97,0.000132,0.000204,0.000288,0.000313,0.000280,0.000251,0.000158,0.000131,0.000145,0.000155,0.000134,0.000143,0.000203,0.000161,0.000228,0.000246,0.000262,0.000282
994.04,0.000135,0.000209,0.000295,0.000321,0.000288,0.000259,0.000167,0.000141,0.000156,0.000167,0.000149,0.000158,0.000219,0.000178,0.000245,0.000266,0.000283,0.000305
996.02,0.000138,0.000214,0.000302,0.000330,0.000296,0.000268,0.000177,0.000152,0.000168,0.000180,0.000163,0.000173,0.000236,0.000196,0.000264,0.000286,0.000304,0.000327
998.00,0.000141,0.000219,0.000309,0.000338,0.000304,0.000277,0.000187,0.000162,0.000179,0.000192,0.000177,0.000188,0.000252,0.000213,0.000282,0.000305,0.000325,0.000350
1000.00,0.000145,0.000224,0.000316,0.000346,0.000312,0.000286,0.000197,0.000173,0.000191,0.000205,0.000192,0.000204,0.000268,0.000231,0.000300,0.000325,0.000346,0.000373
1002.00,0.000148,0.000229,0.000324,0.000355,0.000321,0.000295,0.000207,0.000184,0.000203,0.000218,0.000207,0.000220,0.000285,0.000248,0.000319,0.000345,0.000368,0.000396
1004.02,0.000151,0.000234,0.000331,0.000364,0.000330,0.000304,0.000218,0.000195,0.000215,0.000231,0.000222,0.000236,0.000302,0.000266,0.000338,0.000366,0.000390,0.000419
1006.04,0.000155,0.000240,0.000339,0.000373,0.000338,0.000314,0.000228,0.000206,0.000227,0.000244,0.000237,0.000252,0.000319,0.000285,0.000357,0.000386,0.000412,0.000443
1007.96,0.000159,0.000245,0.000347,0.000382,0.000347,0.000323,0.000238,0.000216,0.000238,0.000256,0.000252,0.000267,0.000336,0.000302,0.000375,0.000406,0.000433,0.000466
1010.00,0.000162,0.000251,0.000354,0.000391,0.000356,0.000333,0.000249,0.000227,0.000251,0.000269,0.000267,0.000283,0.000353,0.000320,0.000395,0.000427,0.000455,0.000490
1012.04,0.000166,0.000257,0.000363,0.000401,0.000365,0.000343,0.000260,0.000239,0.000263,0.000282,0.000282,0.000299,0.000370,0.000338,0.000414,0.000448,0.000477,0.000514
1013.99,0.000170,0.000263,0.000371,0.000410,0.000375,0.000353,0.000270,0.000250,0.000275,0.000295,0.000297,0.000315,0.000387,0.000356,0.000433,0.000469,0.000499,0.000537
1015.95,0.000174,0.000269,0.000379,0.000420,0.000384,0.000363,0.000281,0.000261,0.000287,0.000309,0.000312,0.000331,0.000404,0.000374,0.000452,0.000490,0.000522,0.000561
1018.02,0.000179,0.000275,0.000388,0.000430,0.000394,0.000373,0.000291,0.000272,0.000299,0.000321,0.000326,0.000346,0.000421,0.000392,0.000471,0.000510,0.000543,0.000585
1019.99,0.000183,0.000281,0.000397,0.000440,0.000403,0.000383,0.000302,0.000283,0.000311,0.000334,0.000341,0.000362,0.000438,0.000410,0.000490,0.000531,0.000565,0.000609
1021.97,0.000187,0.000288,0.000406,0.000450,0.000413,0.000393,0.000312,0.000293,0.000323,0.000347,0.000356,0.000378,0.000455,0.000427,0.000509,0.000551,0.000587,0.000632
1023.96,0.000192,0.000294,0.000415,0.000461,0.000423,0.000403,0.000323,0.000304,0.000336,0.000360,0.000371,0.000393,0.000472,0.000445,0.000528,0.000572,0.000609,0.000656
1025.96,0.000196,0.000301,0.000425,0.000471,0.000433,0.000414,0.000334,0.000315,0.000348,0.000373,0.000385,0.000409,0.000489,0.000462,0.000547,0.000593,0.000631,0.000680
1027.96,0.000201,0.000308,0.000435,0.000482,0.000443,0.000424,0.000344,0.000326,0.000360,0.000386,0.000400,0.000425,0.000506,0.000480,0.000566,0.000613,0.000653,0.000703
1029.97,0.000206,0.000315,0.000445,0.000493,0.000454,0.000435,0.000355,0.000337,0.000372,0.000399,0.000414,0.000440,0.000523,0.000497,0.000585,0.000633,0.000675,0.000726
1031.99,0.000211,0.000323,0.000455,0.000504,0.000464,0.000445,0.000366,0.000348,0.000384,0.000412,0.000429,0.000455,0.000540,0.000515,0.000604,0.000654,0.000697,0.000750
1034.02,0.000216,0.000330,0.000466,0.000515,0.000475,0.000456,0.000376,0.000359,0.000395,0.000425,0.000443,0.000470,0.000557,0.000532,0.000623,0.000674,0.000718,0.000773
1035.95,0.000222,0.000338,0.000477,0.000527,0.000486,0.000467,0.000387,0.000370,0.000407,0.000437,0.000457,0.000486,0.000573,0.000549,0.000641,0.000694,0.000739,0.000796
1037.99,0.000227,0.000346,0.000488,0.000539,0.000496,0.000478,0.000397,0.000380,0.000419,0.000450,0.000472,0.000501,0.000590,0.000566,0.000660,0.000714,0.000761,0.000819
1040.04,0.000233,0.000355,0.000499,0.000551,0.000507,0.000489,0.000408,0.000391,0.000431,0.000463,0.000486,0.000516,0.000606,0.000583,0.000678,0.000734,0.000782,0.000842
1041.99,0.000239,0.000363,0.000511,0.000563,0.000518,0.000500,0.000418,0.000401,0.000442,0.000475,0.000500,0.000530,0.000623,0.000600,0.000697,0.000754,0.000803,0.000865
1043.95,0.000245,0.000372,0.000523,0.000575,0.000530,0.000511,0.000429,0.000412,0.000454,0.000488,0.000514,0.000545,0.000639,0.000616,0.000715,0.000774,0.000825,0.000888
1046.03,0.000251,0.000381,0.000536,0.000588,0.000541,0.000522,0.000439,0.000423,0.000466,0.000500,0.000527,0.000560,0.000656,0.000633,0.000733,0.000794,0.000846,0.000910
1048.00,0.000258,0.000390,0.000549,0.000601,0.000553,0.000534,0.000449,0.000433,0.000477,0.000513,0.000541,0.000574,0.000672,0.000649,0.000752,0.000813,0.000867,0.000933
1049.98,0.000265,0.000400,0.000562,0.000614,0.000565,0.000545,0.000460,0.000444,0.000489,0.000525,0.000555,0.000589,0.000688,0.000666,0.000770,0.000833,0.000888,0.000956
1051.97,0.000272,0.000410,0.000576,0.000628,0.000577,0.000557,0.000470,0.000454,0.000500,0.000537,0.000568,0.000603,0.000704,0.000682,0.000788,0.000853,0.000908,0.000978
1053.96,0.000279,0.000421,0.000591,0.000642,0.000590,0.000568,0.000481,0.000464,0.000512,0.000550,0.000582,0.000618,0.000720,0.000698,0.000806,0.000872,0.000929,0.001000
1055.97,0.000287,0.000431,0.000606,0.000656,0.000602,0.000580,0.000491,0.000475,0.000523,0.000562,0.000596,0.000632,0.000737,0.000715,0.000824,0.000892,0.000950,0.001023
1057.98,0.000295,0.000443,0.000622,0.000671,0.000615,0.000592,0.000502,0.000485,0.000535,0.000575,0.000609,0.000647,0.000753,0.000731,0.000842,0.000912,0.000971,0.001045
1060.00,0.000303,0.000455,0.000638,0.000686,0.000629,0.000605,0.000512,0.000496,0.000546,0.000587,0.000623,0.000661,0.000769,0.000747,0.000860,0.000931,0.000992,0.001068
1062.02,0.000312,0.000467,0.000655,0.000702,0.000643,0.000618,0.000523,0.000507,0.000558,0.000600,0.000636,0.000676,0.000786,0.000764,0.000879,0.000951,0.001013,0.001091
1064.06,0.000321,0.000480,0.000673,0.000718,0.000656,0.000630,0.000534,0.000517,0.000570,0.000612,0.000650,0.000690,0.000802,0.000780,0.000897,0.000971,0.001034,0.001113
1065.98,0.000331,0.000493,0.000691,0.000735,0.000671,0.000643,0.000545,0.000528,0.000581,0.000624,0.000663,0.000704,0.000818,0.000796,0.000915,0.000991,0.001055,0.001136
1068.03,0.000341,0.000508,0.000711,0.000752,0.000686,0.000657,0.000556,0.000538,0.000593,0.000637,0.000677,0.000719,0.000835,0.000813,0.000934,0.001011,0.001077,0.001160
1069.98,0.000352,0.000523,0.000732,0.000771,0.000702,0.000671,0.000567,0.000549,0.000605,0.000650,0.000691,0.000734,0.000852,0.000829,0.000953,0.001031,0.001099,0.001183
1072.04,0.000363,0.000538,0.000753,0.000790,0.000718,0.000685,0.000578,0.000560,0.000617,0.000663,0.000705,0.000748,0.000869,0.000846,0.000972,0.001052,0.001120,0.001206
1074.00,0.000374,0.000555,0.000776,0.000809,0.000735,0.000700,0.000590,0.000571,0.000630,0.000676,0.000719,0.000764,0.000886,0.000863,0.000991,0.001073,0.001143,0.001230
1075.96,0.000387,0.000572,0.000800,0.000831,0.000752,0.000715,0.000601,0.000583,0.000642,0.000690,0.000733,0.000779,0.000904,0.000880,0.001011,0.001094,0.001165,0.001254
1078.05,0.000399,0.000591,0.000825,0.000853,0.000771,0.000731,0.000614,0.000594,0.000655,0.000703,0.000748,0.000794,0.000922,0.000898,0.001031,0.001116,0.001189,0.001279
1080.03,0.000413,0.000610,0.000852,0.000876,0.000790,0.000748,0.000626,0.000606,0.000668,0.000717,0.000763,0.000810,0.000940,0.000915,0.001051,0.001138,0.001212,0.001305
1082.02,0.000427,0.000631,0.000881,0.000901,0.000811,0.000765,0.000639,0.000618,0.000681,0.000732,0.000778,0.000826,0.000959,0.000934,0.001072,0.001161,0.001236,0.001331
1084.01,0.000442,0.000653,0.000911,0.000927,0.000832,0.000784,0.000652,0.000631,0.000695,0.000747,0.000794,0.000843,0.000978,0.000953,0.001094,0.001184,0.001262,0.001358
1086.01,0.000458,0.000677,0.000944,0.000955,0.000856,0.000803,0.000666,0.000644,0.000710,0.000762,0.000810,0.000860,0.000999,0.000972,0.001117,0.001209,0.001288,0.001386
1088.02,0.000475,0.000702,0.000978,0.000984,0.000880,0.000823,0.000680,0.000658,0.000725,0.000778,0.000827,0.000878,0.001020,0.000992,0.001140,0.001234,0.001315,0.001415
1090.04,0.000493,0.000728,0.001015,0.001016,0.000906,0.000845,0.000696,0.000672,0.000741,0.000796,0.000845,0.000897,0.001042,0.001014,0.001166,0.001262,0.001344,0.001447
1091.94,0.000511,0.000756,0.001054,0.001050,0.000934,0.000868,0.000712,0.000687,0.000757,0.000813,0.000863,0.000916,0.001065,0.001036,0.001191,0.001289,0.001374,0.001479
1093.97,0.000531,0.000787,0.001097,0.001087,0.000964,0.000893,0.000729,0.000703,0.000775,0.000832,0.000883,0.000937,0.001090,0.001059,0.001219,0.001319,0.001405,0.001513
1096.01,0.000552,0.000819,0.001142,0.001127,0.000997,0.000920,0.000747,0.000720,0.000794,0.000853,0.000904,0.000960,0.001117,0.001085,0.001249,0.001352,0.001440,0.001550
1098.06,0.000573,0.000854,0.001190,0.001170,0.001032,0.000949,0.000766,0.000738,0.000813,0.000874,0.000926,0.000983,0.001145,0.001111,0.001280,0.001385,0.001476,0.001589
1099.99,0.000595,0.000890,0.001241,0.001216,0.001070,0.000981,0.000788,0.000758,0.000835,0.000897,0.000950,0.001009,0.001176,0.001140,0.001315,0.001423,0.001516,0.001632
1102.05,0.000619,0.000929,0.001296,0.001267,0.001112,0.001015,0.000811,0.000779,0.000859,0.000922,0.000976,0.001036,0.001209,0.001172,0.001352,0.001463,0.001558,0.001677
1104.00,0.000643,0.000971,0.001354,0.001323,0.001158,0.001053,0.000836,0.000803,0.000885,0.000950,0.001005,0.001066,0.001245,0.001205,0.001392,0.001507,0.001605,0.001728
1105.95,0.000667,0.001014,0.001416,0.001382,0.001208,0.001094,0.000864,0.000829,0.000913,0.000981,0.001036,0.001100,0.001285,0.001244,0.001437,0.001555,0.001657,0.001784
1108.03,0.000693,0.001061,0.001483,0.001448,0.001263,0.001141,0.000896,0.000858,0.000945,0.001015,0.001072,0.001138,0.001330,0.001286,0.001488,0.001610,0.001715,0.001846
1110.00,0.000719,0.001111,0.001554,0.001521,0.001324,0.001191,0.000930,0.000889,0.000980,0.001052,0.001110,0.001178,0.001379,0.001331,0.001542,0.001669,0.001777,0.001913
1111.98,0.000745,0.001162,0.001628,0.001599,0.001390,0.001247,0.000968,0.000924,0.001018,0.001094,0.001152,0.001223,0.001433,0.001382,0.001603,0.001734,0.001847,0.001989
1113.96,0.000771,0.001216,0.001705,0.001684,0.001463,0.001310,0.001011,0.000964,0.001062,0.001141,0.001200,0.001274,0.001495,0.001440,0.001671,0.001809,0.001927,0.002074
1115.95,0.000797,0.001271,0.001786,0.001776,0.001543,0.001379,0.001059,0.001009,0.001112,0.001195,0.001256,0.001333,0.001565,0.001507,0.001750,0.001894,0.002018,0.002172
1117.94,0.000823,0.001329,0.001872,0.001878,0.001632,0.001456,0.001113,0.001059,0.001167,0.001253,0.001316,0.001397,0.001642,0.001579,0.001836,0.001987,0.002117,0.002278
1119.95,0.000848,0.001387,0.001958,0.001986,0.001728,0.001541,0.001175,0.001118,0.001231,0.001323,0.001388,0.001473,0.001733,0.001665,0.001938,0.002097,0.002234,0.002405
1121.96,0.000870,0.001445,0.002045,0.002103,0.001832,0.001636,0.001244,0.001182,0.001302,0.001398,0.001466,0.001556,0.001832,0.001759,0.002049,0.002217,0.002362,0.002542
1123.97,0.000892,0.001504,0.002134,0.002227,0.001946,0.001740,0.001322,0.001255,0.001382,0.001485,0.001556,0.001651,0.001945,0.001867,0.002175,0.002354,0.002508,0.002699
1126.00,0.000913,0.001562,0.002223,0.002361,0.002070,0.001855,0.001410,0.001338,0.001475,0.001584,0.001660,0.001762,0.002075,0.001991,0.002321,0.002512,0.002675,0.002880
1128.03,0.000931,0.001619,0.002311,0.002500,0.002202,0.001980,0.001509,0.001432,0.001579,0.001695,0.001776,0.001886,0.002221,0.002131,0.002484,0.002688,0.002863,0.003082
1129.94,0.000946,0.001672,0.002395,0.002646,0.002342,0.002117,0.001619,0.001538,0.001694,0.001820,0.001907,0.002024,0.002384,0.002288,0.002666,0.002885,0.003073,0.003308
1131.99,0.000960,0.001724,0.002476,0.002796,0.002490,0.002263,0.001740,0.001654,0.001823,0.001958,0.002054,0.002180,0.002565,0.002464,0.002869,0.003105,0.003307,0.003560
1134.04,0.000971,0.001771,0.002552,0.002948,0.002643,0.002418,0.001874,0.001783,0.001965,0.002111,0.002216,0.002352,0.002765,0.002659,0.003092,0.003347,0.003565,0.003837
1135.98,0.000979,0.001813,0.002621,0.003100,0.002799,0.002583,0.002022,0.001929,0.002125,0.002283,0.002401,0.002549,0.002990,0.002881,0.003344,0.003619,0.003855,0.004150
1138.04,0.000986,0.001852,0.002686,0.003253,0.002960,0.002754,0.002179,0.002083,0.002295,0.002465,0.002597,0.002757,0.003229,0.003116,0.003611,0.003908,0.004162,0.004481
1139.99,0.000990,0.001887,0.002744,0.003404,0.003121,0.002929,0.002342,0.002244,0.002472,0.002655,0.002803,0.002976,0.003479,0.003363,0.003890,0.004210,0.004484,0.004827
1141.94,0.000993,0.001916,0.002794,0.003544,0.003276,0.003103,0.002515,0.002416,0.002663,0.002860,0.003027,0.003213,0.003746,0.003632,0.004189,0.004534,0.004829,0.005198
1144.03,0.000994,0.001941,0.002838,0.003681,0.003428,0.003278,0.002690,0.002591,0.002856,0.003067,0.003254,0.003454,0.004018,0.003904,0.004493,0.004863,0.005179,0.005575
1146.00,0.000994,0.001963,0.002878,0.003812,0.003577,0.003451,0.002867,0.002769,0.003051,0.003277,0.003484,0.003698,0.004293,0.004180,0.004801,0.005196,0.005534,0.005957
1147.97,0.000993,0.001982,0.002912,0.003933,0.003717,0.003617,0.003040,0.002944,0.003244,0.003484,0.003712,0.003940,0.004564,0.004453,0.005104,0.005524,0.005884,0.006334
1149.95,0.000990,0.001996,0.002939,0.004042,0.003846,0.003773,0.003209,0.003115,0.003433,0.003687,0.003936,0.004178,0.004830,0.004722,0.005401,0.005845,0.006226,0.006702
1151.94,0.000988,0.002009,0.002964,0.004145,0.003967,0.003921,0.003368,0.003276,0.003610,0.003877,0.004146,0.004401,0.005080,0.004974,0.005681,0.006148,0.006548,0.007049
1153.93,0.000985,0.002019,0.002984,0.004238,0.004079,0.004060,0.003520,0.003430,0.003780,0.004060,0.004347,0.004614,0.005318,0.005215,0.005947,0.006437,0.006856,0.007380
1155.94,0.000982,0.002028,0.003003,0.004322,0.004181,0.004187,0.003659,0.003571,0.003936,0.004227,0.004531,0.004810,0.005538,0.005436,0.006193,0.006702,0.007139,0.007684
1157.94,0.000979,0.002037,0.003020,0.004402,0.004277,0.004304,0.003785,0.003698,0.004075,0.004377,0.004695,0.004983,0.005734,0.005633,0.006412,0.006940,0.007392,0.007957
1159.96,0.000975,0.002042,0.003033,0.004475,0.004365,0.004412,0.003898,0.003810,0.004199,0.004510,0.004838,0.005135,0.005908,0.005804,0.006607,0.007150,0.007616,0.008198
1161.98,0.000972,0.002050,0.003048,0.004544,0.004447,0.004512,0.004002,0.003914,0.004313,0.004632,0.004970,0.005275,0.006068,0.005963,0.006786,0.007345,0.007823,0.008421
1164.01,0.000970,0.002058,0.003064,0.004611,0.004526,0.004605,0.004095,0.004005,0.004413,0.004740,0.005084,0.005396,0.006209,0.006099,0.006944,0.007515,0.008005,0.008617
1166.04,0.000966,0.002064,0.003078,0.004679,0.004606,0.004699,0.004186,0.004092,0.004509,0.004843,0.005192,0.005511,0.006345,0.006229,0.007096,0.007680,0.008180,0.008805
1167.95,0.000963,0.002071,0.003092,0.004743,0.004679,0.004785,0.004266,0.004169,0.004594,0.004934,0.005286,0.005611,0.006464,0.006342,0.007229,0.007824,0.008333,0.008970
1170.00,0.000960,0.002081,0.003111,0.004816,0.004762,0.004876,0.004346,0.004244,0.004677,0.005023,0.005376,0.005706,0.006580,0.006450,0.007359,0.007964,0.008483,0.009131
1172.06,0.000957,0.002087,0.003125,0.004882,0.004838,0.004964,0.004423,0.004317,0.004757,0.005110,0.005464,0.005800,0.006694,0.006556,0.007486,0.008102,0.008630,0.009289
1173.98,0.000953,0.002095,0.003141,0.004956,0.004922,0.005057,0.004502,0.004390,0.004837,0.005195,0.005549,0.005891,0.006807,0.006658,0.007612,0.008238,0.008775,0.009446
1176.06,0.000949,0.002104,0.003160,0.005035,0.005010,0.005153,0.004580,0.004460,0.004915,0.005279,0.005631,0.005978,0.006916,0.006757,0.007734,0.008371,0.008916,0.009598
1178.00,0.000945,0.002112,0.003177,0.005116,0.005102,0.005254,0.004663,0.004537,0.004999,0.005370,0.005721,0.006073,0.007035,0.006864,0.007867,0.008514,0.009069,0.009762
1179.94,0.000938,0.002118,0.003191,0.005200,0.005198,0.005360,0.004747,0.004613,0.005083,0.005459,0.005808,0.006165,0.007152,0.006968,0.007998,0.008656,0.009220,0.009925
1182.03,0.000933,0.002124,0.003206,0.005287,0.005299,0.005473,0.004840,0.004698,0.005177,0.005561,0.005908,0.006272,0.007285,0.007089,0.008147,0.008817,0.009391,0.010109
1183.99,0.000926,0.002130,0.003222,0.005383,0.005410,0.005596,0.004938,0.004787,0.005276,0.005666,0.006012,0.006382,0.007423,0.007213,0.008302,0.008985,0.009570,0.010301
1185.96,0.000917,0.002132,0.003232,0.005478,0.005524,0.005729,0.005053,0.004894,0.005393,0.005792,0.006138,0.006516,0.007588,0.007365,0.008486,0.009184,0.009782,0.010530
1187.93,0.000909,0.002137,0.003247,0.005588,0.005655,0.005877,0.005175,0.005005,0.005516,0.005924,0.006269,0.006654,0.007761,0.007522,0.008679,0.009393,0.010005,0.010770
1190.05,0.000897,0.002134,0.003250,0.005692,0.005785,0.006033,0.005311,0.005133,0.005656,0.006075,0.006421,0.006815,0.007958,0.007704,0.008900,0.009632,0.010260,0.011044
1192.04,0.000885,0.002132,0.003255,0.005800,0.005921,0.006193,0.005448,0.005259,0.005795,0.006224,0.006569,0.006973,0.008154,0.007882,0.009118,0.009869,0.010512,0.011315
1194.03,0.000871,0.002124,0.003252,0.005913,0.006068,0.006376,0.005615,0.005415,0.005967,0.006409,0.006757,0.007172,0.008396,0.008107,0.009389,0.010162,0.010824,0.011651
1196.03,0.000855,0.002114,0.003246,0.006031,0.006226,0.006572,0.005790,0.005577,0.006146,0.006601,0.006949,0.007376,0.008647,0.008337,0.009670,0.010466,0.011148,0.012000
1198.04,0.000837,0.002097,0.003230,0.006144,0.006386,0.006781,0.005986,0.005761,0.006349,0.006819,0.007170,0.007610,0.008933,0.008602,0.009990,0.010812,0.011516,0.012396
1200.05,0.000819,0.002080,0.003213,0.006259,0.006553,0.007007,0.006211,0.005976,0.006585,0.007073,0.007431,0.007888,0.009266,0.008916,0.010362,0.011214,0.011945,0.012858
1202.07,0.000798,0.002055,0.003184,0.006366,0.006720,0.007241,0.006448,0.006201,0.006834,0.007340,0.007705,0.008179,0.009615,0.009245,0.010753,0.011638,0.012396,0.013343
1203.95,0.000774,0.002023,0.003144,0.006469,0.006893,0.007498,0.006719,0.006461,0.007120,0.007647,0.008022,0.008515,0.010018,0.009625,0.011203,0.012124,0.012914,0.013901
1205.98,0.000749,0.001985,0.003096,0.006555,0.007056,0.007760,0.007019,0.006754,0.007442,0.007993,0.008386,0.008901,0.010472,0.010061,0.011711,0.012674,0.013500,0.014532
1208.02,0.000723,0.001944,0.003041,0.006639,0.007225,0.008040,0.007346,0.007073,0.007795,0.008372,0.008782,0.009322,0.010968,0.010537,0.012265,0.013274,0.014139,0.015219
1210.07,0.000696,0.001899,0.002981,0.006714,0.007393,0.008336,0.007711,0.007433,0.008191,0.008797,0.009231,0.009799,0.011525,0.011076,0.012888,0.013949,0.014857,0.015993
1211.97,0.000667,0.001845,0.002906,0.006757,0.007537,0.008628,0.008110,0.007834,0.008633,0.009272,0.009740,0.010339,0.012147,0.011686,0.013584,0.014701,0.015659,0.016856
1214.03,0.000637,0.001785,0.002821,0.006782,0.007670,0.008928,0.008550,0.008278,0.009123,0.009798,0.010308,0.010941,0.012836,0.012367,0.014355,0.015536,0.016548,0.017813
1215.95,0.000606,0.001719,0.002726,0.006777,0.007776,0.009217,0.009019,0.008761,0.009655,0.010369,0.010931,0.011604,0.013585,0.013116,0.015192,0.016442,0.017513,0.018852
1218.03,0.000574,0.001651,0.002626,0.006751,0.007865,0.009506,0.009534,0.009300,0.010248,0.011007,0.011636,0.012352,0.014420,0.013961,0.016126,0.017453,0.018590,0.020011
1219.96,0.000544,0.001580,0.002520,0.006683,0.007905,0.009757,0.010083,0.009891,0.010900,0.011707,0.012431,0.013195,0.015337,0.014915,0.017152,0.018563,0.019773,0.021284
1222.05,0.000510,0.001497,0.002394,0.006566,0.007897,0.009972,0.010648,0.010511,0.011583,0.012441,0.013273,0.014089,0.016299,0.015925,0.018228,0.019728,0.021013,0.022620
1223.99,0.000480,0.001420,0.002277,0.006422,0.007844,0.010138,0.011243,0.011191,0.012332,0.013245,0.014229,0.015104,0.017353,0.017072,0.019407,0.021004,0.022373,0.024083
1225.94,0.000447,0.001334,0.002143,0.006227,0.007729,0.010233,0.011813,0.011865,0.013075,0.014043,0.015199,0.016134,0.018399,0.018236,0.020576,0.022270,0.023721,0.025535
1228.05,0.000415,0.001246,0.002006,0.005989,0.007552,0.010249,0.012360,0.012543,0.013823,0.014846,0.016212,0.017209,0.019452,0.019452,0.021754,0.023545,0.025080,0.026998
1230.01,0.000384,0.001160,0.001871,0.005715,0.007309,0.010156,0.012821,0.013165,0.014508,0.015583,0.017196,0.018254,0.020417,0.020634,0.022834,0.024714,0.026326,0.028339
1231.98,0.000354,0.001074,0.001735,0.005402,0.006998,0.009939,0.013127,0.013647,0.015039,0.016153,0.018027,0.019136,0.021165,0.021631,0.023671,0.025620,0.027290,0.029379
1233.96,0.000326,0.000989,0.001598,0.005060,0.006634,0.009625,0.013325,0.014040,0.015473,0.016619,0.018782,0.019938,0.021777,0.022538,0.024356,0.026362,0.028081,0.030230
1235.94,0.000298,0.000906,0.001464,0.004698,0.006224,0.009208,0.013340,0.014251,0.015705,0.016869,0.019317,0.020506,0.022105,0.023181,0.024723,0.026760,0.028505,0.030687
1237.93,0.000272,0.000827,0.001338,0.004329,0.005781,0.008689,0.013112,0.014193,0.015642,0.016801,0.019492,0.020691,0.022017,0.023391,0.024625,0.026654,0.028393,0.030567
1239.93,0.000249,0.000753,0.001218,0.003959,0.005319,0.008104,0.012696,0.013920,0.015340,0.016477,0.019363,0.020555,0.021593,0.023237,0.024152,0.026142,0.027848,0.029980
1241.93,0.000226,0.000682,0.001102,0.003588,0.004843,0.007456,0.012063,0.013379,0.014745,0.015838,0.018836,0.019996,0.020756,0.022605,0.023216,0.025129,0.026769,0.028820
1243.94,0.000206,0.000617,0.000996,0.003233,0.004372,0.006776,0.011232,0.012577,0.013861,0.014888,0.017889,0.018990,0.019512,0.021469,0.021825,0.023624,0.025166,0.027094
1245.95,0.000186,0.000556,0.000897,0.002899,0.003923,0.006106,0.010310,0.011633,0.012821,0.013771,0.016686,0.017713,0.018049,0.020026,0.020188,0.021852,0.023279,0.025062
1247.97,0.000170,0.000502,0.000809,0.002590,0.003501,0.005455,0.009327,0.010588,0.011669,0.012533,0.015291,0.016232,0.016426,0.018352,0.018373,0.019888,0.021187,0.022810
1250.00,0.000154,0.000453,0.000729,0.002311,0.003117,0.004853,0.008355,0.009523,0.010495,0.011273,0.013821,0.014672,0.014775,0.016587,0.016526,0.017889,0.019057,0.020517
1252.03,0.000141,0.000411,0.000660,0.002062,0.002770,0.004297,0.007407,0.008462,0.009326,0.010017,0.012319,0.013077,0.013129,0.014785,0.014685,0.015895,0.016933,0.018231
1254.08,0.000128,0.000369,0.000592,0.001827,0.002443,0.003775,0.006495,0.007428,0.008186,0.008793,0.010831,0.011498,0.011524,0.012999,0.012890,0.013952,0.014863,0.016002
1255.97,0.000117,0.000335,0.000535,0.001627,0.002165,0.003326,0.005695,0.006513,0.007178,0.007710,0.009502,0.010088,0.010104,0.011405,0.011302,0.012234,0.013033,0.014031
1258.02,0.000108,0.000304,0.000485,0.001448,0.001915,0.002922,0.004959,0.005664,0.006242,0.006705,0.008258,0.008766,0.008787,0.009911,0.009828,0.010639,0.011333,0.012201
1259.92,0.000098,0.000275,0.000437,0.001289,0.001696,0.002572,0.004333,0.004942,0.005447,0.005850,0.007199,0.007643,0.007667,0.008640,0.008576,0.009283,0.009889,0.010646
1261.99,0.000090,0.000249,0.000396,0.001149,0.001504,0.002265,0.003776,0.004297,0.004736,0.005087,0.006249,0.006634,0.006667,0.007500,0.007457,0.008072,0.008599,0.009257
1264.06,0.000084,0.000229,0.000363,0.001032,0.001341,0.002000,0.003290,0.003733,0.004114,0.004419,0.005414,0.005747,0.005791,0.006498,0.006477,0.007011,0.007468,0.008041
1265.98,0.000076,0.000206,0.000327,0.000917,0.001185,0.001757,0.002861,0.003239,0.003569,0.003834,0.004688,0.004977,0.005024,0.005626,0.005620,0.006083,0.006480,0.006976
1268.07,0.000072,0.000192,0.000304,0.000835,0.001072,0.001572,0.002518,0.002839,0.003129,0.003361,0.004094,0.004346,0.004404,0.004913,0.004926,0.005332,0.005680,0.006115
1270.00,0.000067,0.000177,0.000278,0.000752,0.000957,0.001392,0.002199,0.002470,0.002722,0.002924,0.003551,0.003770,0.003832,0.004262,0.004286,0.004640,0.004942,0.005321
1271.94,0.000062,0.000163,0.000257,0.000683,0.000865,0.001250,0.001953,0.002189,0.002412,0.002591,0.003139,0.003333,0.003396,0.003768,0.003798,0.004111,0.004379,0.004714
1274.05,0.000058,0.000150,0.000236,0.000617,0.000777,0.001113,0.001716,0.001916,0.002111,0.002268,0.002739,0.002907,0.002972,0.003287,0.003324,0.003598,0.003833,0.004126
1276.00,0.000054,0.000139,0.000218,0.000561,0.000702,0.000997,0.001516,0.001687,0.001859,0.001997,0.002404,0.002552,0.002617,0.002885,0.002927,0.003168,0.003375,0.003633
1277.96,0.000051,0.000131,0.000205,0.000516,0.000641,0.000902,0.001349,0.001495,0.001648,0.001770,0.002122,0.002253,0.002320,0.002547,0.002594,0.002808,0.002991,0.003220
1280.08,0.000049,0.000123,0.000192,0.000478,0.000590,0.000824,0.001217,0.001344,0.001481,0.001591,0.001902,0.002019,0.002085,0.002283,0.002332,0.002524,0.002689,0.002895
1282.05,0.000046,0.000115,0.000179,0.000438,0.000537,0.000744,0.001087,0.001198,0.001320,0.001418,0.001690,0.001794,0.001858,0.002029,0.002078,0.002249,0.002396,0.002579
1284.03,0.000043,0.000107,0.000166,0.000401,0.000490,0.000675,0.000975,0.001071,0.001181,0.001268,0.001508,0.001601,0.001662,0.001810,0.001859,0.002012,0.002143,0.002307
1286.01,0.000042,0.000102,0.000159,0.000376,0.000456,0.000622,0.000885,0.000968,0.001067,0.001146,0.001357,0.001441,0.001501,0.001629,0.001679,0.001817,0.001936,0.002084
1288.00,0.000039,0.000096,0.000149,0.000350,0.000423,0.000575,0.000812,0.000886,0.000977,0.001049,0.001241,0.001317,0.001375,0.001489,0.001538,0.001664,0.001773,0.001909
1289.99,0.000038,0.000092,0.000142,0.000327,0.000393,0.000528,0.000732,0.000795,0.000877,0.000942,0.001108,0.001177,0.001234,0.001330,0.001380,0.001494,0.001591,0.001713
1291.99,0.000036,0.000086,0.000133,0.000303,0.000363,0.000485,0.000668,0.000725,0.000798,0.000858,0.001008,0.001070,0.001124,0.001210,0.001257,0.001361,0.001449,0.001560
1294.00,0.000035,0.000083,0.000129,0.000289,0.000344,0.000456,0.000619,0.000669,0.000737,0.000791,0.000927,0.000984,0.001037,0.001112,0.001160,0.001255,0.001337,0.001440
1296.01,0.000032,0.000077,0.000119,0.000267,0.000318,0.000422,0.000573,0.000620,0.000683,0.000734,0.000860,0.000913,0.000962,0.001032,0.001076,0.001164,0.001240,0.001335
1298.03,0.000032,0.000075,0.000115,0.000254,0.000300,0.000395,0.000530,0.000571,0.000629,0.000676,0.000789,0.000838,0.000886,0.000947,0.000991,0.001072,0.001142,0.001230
1300.05,0.000031,0.000073,0.000112,0.000244,0.000285,0.000371,0.000488,0.000523,0.000576,0.000619,0.000719,0.000763,0.000811,0.000863,0.000907,0.000982,0.001046,0.001126
1302.08,0.000030,0.000069,0.000106,0.000230,0.000269,0.000350,0.000460,0.000493,0.000543,0.000583,0.000678,0.000719,0.000764,0.000813,0.000855,0.000925,0.000986,0.001061
1303.95,0.000029,0.000067,0.000103,0.000219,0.000254,0.000327,0.000423,0.000451,0.000497,0.000534,0.000618,0.000656,0.000700,0.000741,0.000783,0.000848,0.000903,0.000972
1305.99,0.000028,0.000065,0.000099,0.000208,0.000241,0.000309,0.000397,0.000422,0.000466,0.000500,0.000577,0.000613,0.000655,0.000693,0.000733,0.000793,0.000845,0.000910
1308.04,0.000026,0.000061,0.000093,0.000197,0.000229,0.000294,0.000380,0.000406,0.000447,0.000481,0.000556,0.000590,0.000630,0.000667,0.000704,0.000762,0.000812,0.000874
1309.93,0.000026,0.000060,0.000092,0.000191,0.000221,0.000281,0.000358,0.000380,0.000419,0.000450,0.000518,0.000550,0.000590,0.000622,0.000659,0.000714,0.000760,0.000818
1311.99,0.000026,0.000058,0.000089,0.000183,0.000210,0.000266,0.000334,0.000354,0.000390,0.000419,0.000481,0.000510,0.000549,0.000577,0.000614,0.000664,0.000708,0.000762
1314.06,0.000025,0.000056,0.000086,0.000177,0.000203,0.000257,0.000322,0.000340,0.000375,0.000403,0.000462,0.000491,0.000528,0.000555,0.000590,0.000639,0.000681,0.000733
1315.96,0.000024,0.000054,0.000082,0.000168,0.000192,0.000242,0.000301,0.000318,0.000351,0.000377,0.000432,0.000458,0.000494,0.000518,0.000552,0.000598,0.000637,0.000685
1318.04,0.000023,0.000052,0.000080,0.000162,0.000184,0.000231,0.000286,0.000302,0.000333,0.000357,0.000409,0.000434,0.000468,0.000491,0.000524,0.000567,0.000604,0.000650
1319.96,0.000023,0.000052,0.000079,0.000158,0.000180,0.000224,0.000275,0.000289,0.000319,0.000342,0.000390,0.000414,0.000448,0.000468,0.000501,0.000543,0.000578,0.000622
1322.05,0.000022,0.000050,0.000076,0.000152,0.000173,0.000216,0.000266,0.000280,0.000309,0.000332,0.000379,0.000403,0.000435,0.000455,0.000487,0.000527,0.000561,0.000604
1323.98,0.000022,0.000048,0.000073,0.000145,0.000164,0.000203,0.000247,0.000259,0.000285,0.000307,0.000349,0.000371,0.000402,0.000419,0.000449,0.000486,0.000518,0.000558
1326.08,0.000021,0.000047,0.000071,0.000142,0.000161,0.000200,0.000244,0.000256,0.000282,0.000303,0.000346,0.000367,0.000397,0.000415,0.000444,0.000481,0.000512,0.000552
1328.02,0.000021,0.000047,0.000072,0.000141,0.000158,0.000195,0.000234,0.000244,0.000269,0.000289,0.000328,0.000348,0.000379,0.000393,0.000424,0.000459,0.000488,0.000526
1329.96,0.000020,0.000044,0.000067,0.000132,0.000149,0.000184,0.000223,0.000234,0.000257,0.000276,0.000314,0.000334,0.000362,0.000377,0.000405,0.000439,0.000467,0.000503
1331.91,0.000020,0.000044,0.000066,0.000130,0.000146,0.000179,0.000214,0.000224,0.000247,0.000265,0.000301,0.000320,0.000348,0.000361,0.000389,0.000421,0.000448,0.000483
1334.04,0.000020,0.000043,0.000066,0.000128,0.000144,0.000177,0.000212,0.000221,0.000244,0.000262,0.000297,0.000315,0.000343,0.000356,0.000384,0.000415,0.000442,0.000476
1336.01,0.000019,0.000041,0.000063,0.000121,0.000135,0.000166,0.000196,0.000204,0.000225,0.000242,0.000273,0.000290,0.000317,0.000328,0.000354,0.000384,0.000409,0.000440
1337.97,0.000018,0.000039,0.000060,0.000117,0.000131,0.000162,0.000195,0.000204,0.000225,0.000242,0.000275,0.000292,0.000317,0.000330,0.000355,0.000384,0.000409,0.000440
1339.94,0.000018,0.000039,0.000059,0.000116,0.000130,0.000160,0.000193,0.000202,0.000222,0.000239,0.000271,0.000288,0.000313,0.000326,0.000350,0.000379,0.000403,0.000434
1341.92,0.000018,0.000039,0.000059,0.000115,0.000128,0.000156,0.000184,0.000192,0.000211,0.000227,0.000256,0.000272,0.000297,0.000308,0.000333,0.000360,0.000383,0.000413
1344.09,0.000018,0.000039,0.000059,0.000112,0.000125,0.000152,0.000177,0.000183,0.000202,0.000217,0.000244,0.000259,0.000284,0.000293,0.000318,0.000344,0.000367,0.000395
1346.08,0.000017,0.000038,0.000057,0.000109,0.000122,0.000147,0.000172,0.000178,0.000196,0.000211,0.000238,0.000252,0.000276,0.000285,0.000309,0.000335,0.000357,0.000384
1348.07,0.000016,0.000035,0.000053,0.000103,0.000115,0.000141,0.000168,0.000175,0.000193,0.000207,0.000235,0.000250,0.000272,0.000282,0.000304,0.000329,0.000350,0.000377
1350.07,0.000016,0.000035,0.000053,0.000101,0.000113,0.000137,0.000161,0.000167,0.000184,0.000198,0.000224,0.000238,0.000260,0.000269,0.000290,0.000314,0.000335,0.000360
1352.08,0.000016,0.000035,0.000053,0.000100,0.000112,0.000135,0.000159,0.000165,0.000182,0.000195,0.000221,0.000234,0.000256,0.000265,0.000286,0.000310,0.000330,0.000355
1353.91,0.000016,0.000035,0.000052,0.000100,0.000111,0.000134,0.000157,0.000163,0.000180,0.000193,0.000218,0.000232,0.000253,0.000262,0.000283,0.000307,0.000327,0.000352
1355.93,0.000016,0.000034,0.000052,0.000098,0.000108,0.000130,0.000151,0.000156,0.000172,0.000185,0.000208,0.000221,0.000242,0.000250,0.000271,0.000293,0.000313,0.000337
1357.96,0.000015,0.000032,0.000048,0.000092,0.000103,0.000125,0.000149,0.000155,0.000171,0.000184,0.000208,0.000221,0.000241,0.000250,0.000269,0.000291,0.000310,0.000334
1359.99,0.000015,0.000032,0.000049,0.000091,0.000101,0.000122,0.000141,0.000146,0.000161,0.000173,0.000195,0.000207,0.000227,0.000234,0.000254,0.000275,0.000293,0.000315
1362.03,0.000014,0.000031,0.000047,0.000090,0.000100,0.000121,0.000141,0.000147,0.000161,0.000173,0.000196,0.000208,0.000227,0.000235,0.000254,0.000275,0.000293,0.000315
1364.07,0.000014,0.000031,0.000047,0.000088,0.000097,0.000117,0.000135,0.000140,0.000154,0.000166,0.000186,0.000198,0.000217,0.000224,0.000243,0.000263,0.000280,0.000301
1365.93,0.000014,0.000031,0.000047,0.000087,0.000096,0.000116,0.000134,0.000138,0.000153,0.000164,0.000184,0.000196,0.000215,0.000221,0.000240,0.000260,0.000277,0.000298
1367.99,0.000013,0.000029,0.000044,0.000083,0.000092,0.000111,0.000129,0.000134,0.000148,0.000159,0.000180,0.000191,0.000209,0.000216,0.000233,0.000252,0.000269,0.000290
1370.05,0.000013,0.000029,0.000044,0.000082,0.000091,0.000110,0.000128,0.000133,0.000147,0.000158,0.000178,0.000189,0.000207,0.000214,0.000231,0.000250,0.000267,0.000287
1371.93,0.000013,0.000029,0.000043,0.000081,0.000089,0.000107,0.000123,0.000127,0.000140,0.000151,0.000169,0.000180,0.000197,0.000203,0.000221,0.000239,0.000255,0.000274
1374.00,0.000013,0.000028,0.000042,0.000078,0.000086,0.000104,0.000120,0.000124,0.000137,0.000147,0.000165,0.000176,0.000193,0.000199,0.000215,0.000233,0.000248,0.000267
1376.08,0.000013,0.000027,0.000041,0.000077,0.000085,0.000103,0.000120,0.000124,0.000137,0.000147,0.000166,0.000176,0.000193,0.000199,0.000216,0.000233,0.000249,0.000268
1377.98,0.000013,0.000028,0.000042,0.000077,0.000085,0.000102,0.000118,0.000122,0.000134,0.000144,0.000162,0.000172,0.000189,0.000194,0.000211,0.000229,0.000243,0.000262
1380.07,0.000012,0.000026,0.000039,0.000073,0.000081,0.000098,0.000114,0.000118,0.000130,0.000140,0.000158,0.000167,0.000183,0.000189,0.000205,0.000222,0.000236,0.000254
1381.98,0.000012,0.000026,0.000039,0.000073,0.000081,0.000097,0.000113,0.000117,0.000129,0.000139,0.000157,0.000166,0.000182,0.000188,0.000204,0.000220,0.000235,0.000253
1384.08,0.000012,0.000026,0.000038,0.000071,0.000079,0.000094,0.000108,0.000112,0.000123,0.000132,0.000149,0.000158,0.000173,0.000178,0.000194,0.000210,0.000223,0.000241
1386.00,0.000012,0.000025,0.000038,0.000071,0.000078,0.000094,0.000107,0.000111,0.000122,0.000131,0.000147,0.000156,0.000172,0.000177,0.000192,0.000208,0.000222,0.000239
1387.93,0.000012,0.000025,0.000038,0.000071,0.000078,0.000093,0.000107,0.000110,0.000121,0.000130,0.000147,0.000156,0.000171,0.000176,0.000191,0.000207,0.000220,0.000237
1390.05,0.000011,0.000025,0.000037,0.000068,0.000075,0.000090,0.000102,0.000106,0.000116,0.000125,0.000140,0.000149,0.000164,0.000168,0.000183,0.000198,0.000211,0.000227
1391.98,0.000011,0.000024,0.000037,0.000068,0.000075,0.000089,0.000101,0.000105,0.000115,0.000124,0.000139,0.000148,0.000163,0.000167,0.000182,0.000197,0.000210,0.000226
1393.92,0.000010,0.000022,0.000033,0.000063,0.000070,0.000085,0.000100,0.000104,0.000115,0.000124,0.000140,0.000149,0.000162,0.000168,0.000181,0.000196,0.000209,0.000225
1396.06,0.000010,0.000022,0.000033,0.000062,0.000068,0.000082,0.000096,0.000099,0.000109,0.000118,0.000133,0.000141,0.000154,0.000159,0.000172,0.000186,0.000199,0.000214
1398.01,0.000010,0.000022,0.000034,0.000062,0.000069,0.000082,0.000094,0.000097,0.000107,0.000115,0.000129,0.000137,0.000151,0.000155,0.000169,0.000183,0.000194,0.000209
1399.97,0.000010,0.000022,0.000034,0.000062,0.000068,0.000082,0.000093,0.000097,0.000107,0.000114,0.000129,0.000136,0.000150,0.000154,0.000168,0.000181,0.000193,0.000208
1401.93,0.000010,0.000022,0.000033,0.000062,0.000068,0.000081,0.000093,0.000096,0.000106,0.000114,0.000128,0.000135,0.000149,0.000153,0.000166,0.000180,0.000192,0.000207
1403.90,0.000010,0.000022,0.000033,0.000061,0.000066,0.000078,0.000088,0.000091,0.000100,0.000107,0.000120,0.000127,0.000141,0.000144,0.000157,0.000170,0.000181,0.000195
1406.07,0.000010,0.000021,0.000032,0.000060,0.000065,0.000078,0.000088,0.000091,0.000101,0.000108,0.000121,0.000129,0.000142,0.000145,0.000158,0.000171,0.000183,0.000196
1408.05,0.000009,0.000020,0.000030,0.000057,0.000063,0.000076,0.000089,0.000093,0.000102,0.000110,0.000125,0.000132,0.000144,0.000150,0.000161,0.000175,0.000186,0.000200
1410.04,0.000009,0.000020,0.000030,0.000057,0.000063,0.000076,0.000089,0.000092,0.000102,0.000109,0.000124,0.000132,0.000143,0.000149,0.000160,0.000174,0.000185,0.000199
1412.03,0.000009,0.000020,0.000030,0.000055,0.000061,0.000073,0.000085,0.000088,0.000097,0.000104,0.000117,0.000124,0.000136,0.000141,0.000152,0.000165,0.000175,0.000189
1414.03,0.000009,0.000020,0.000030,0.000055,0.000061,0.000073,0.000084,0.000087,0.000096,0.000103,0.000116,0.000124,0.000135,0.000140,0.000151,0.000164,0.000174,0.000188
1416.03,0.000009,0.000020,0.000029,0.000054,0.000059,0.000070,0.000080,0.000082,0.000091,0.000097,0.000109,0.000116,0.000128,0.000131,0.000143,0.000154,0.000164,0.000177
1418.04,0.000009,0.000020,0.000030,0.000055,0.000060,0.000070,0.000078,0.000080,0.000089,0.000095,0.000106,0.000113,0.000125,0.000127,0.000139,0.000151,0.000161,0.000173
1420.05,0.000009,0.000020,0.000030,0.000054,0.000059,0.000070,0.000078,0.000080,0.000088,0.000095,0.000106,0.000112,0.000124,0.000127,0.000139,0.000150,0.000160,0.000172
1422.07,0.000009,0.000020,0.000030,0.000054,0.000059,0.000070,0.000078,0.000080,0.000088,0.000094,0.000105,0.000111,0.000123,0.000126,0.000138,0.000149,0.000159,0.000171
1424.10,0.000008,0.000017,0.000026,0.000049,0.000054,0.000066,0.000077,0.000081,0.000089,0.000095,0.000108,0.000115,0.000125,0.000130,0.000140,0.000151,0.000161,0.000173
1425.92,0.000008,0.000017,0.000026,0.000049,0.000054,0.000065,0.000077,0.000080,0.000088,0.000095,0.000108,0.000114,0.000124,0.000129,0.000139,0.000151,0.000160,0.000173
1427.96,0.000008,0.000017,0.000026,0.000048,0.000054,0.000065,0.000077,0.000080,0.000088,0.000094,0.000107,0.000114,0.000124,0.000129,0.000138,0.000150,0.000160,0.000172
1430.00,0.000008,0.000017,0.000025,0.000047,0.000052,0.000063,0.000073,0.000075,0.000083,0.000089,0.000101,0.000107,0.000117,0.000121,0.000131,0.000141,0.000151,0.000162
1432.05,0.000008,0.000017,0.000025,0.000046,0.000051,0.000060,0.000068,0.000071,0.000078,0.000084,0.000094,0.000100,0.000110,0.000113,0.000123,0.000133,0.000141,0.000152
1433.90,0.000008,0.000017,0.000025,0.000046,0.000050,0.000060,0.000068,0.000070,0.000077,0.000083,0.000093,0.000099,0.000109,0.000112,0.000122,0.000132,0.000140,0.000151
1435.96,0.000008,0.000017,0.000025,0.000046,0.000050,0.000060,0.000068,0.000070,0.000077,0.000083,0.000093,0.000098,0.000108,0.000111,0.000121,0.000131,0.000140,0.000150
1438.02,0.000008,0.000017,0.000025,0.000046,0.000050,0.000059,0.000067,0.000070,0.000077,0.000082,0.000092,0.000098,0.000108,0.000111,0.000121,0.000130,0.000139,0.000150
1440.09,0.000008,0.000017,0.000025,0.000046,0.000050,0.000059,0.000067,0.000069,0.000076,0.000082,0.000092,0.000098,0.000107,0.000110,0.000120,0.000130,0.000138,0.000149
1441.96,0.000007,0.000014,0.000022,0.000042,0.000047,0.000057,0.000069,0.000072,0.000079,0.000085,0.000097,0.000103,0.000112,0.000117,0.000125,0.000135,0.000144,0.000155
1444.04,0.000007,0.000015,0.000023,0.000043,0.000048,0.000058,0.000068,0.000071,0.000078,0.000083,0.000095,0.000100,0.000109,0.000113,0.000122,0.000132,0.000141,0.000152
1445.92,0.000007,0.000015,0.000023,0.000043,0.000048,0.000057,0.000067,0.000070,0.000077,0.000083,0.000094,0.000100,0.000109,0.000113,0.000122,0.000132,0.000140,0.000151
1448.02,0.000007,0.000015,0.000022,0.000042,0.000046,0.000055,0.000063,0.000066,0.000072,0.000078,0.000088,0.000093,0.000102,0.000105,0.000114,0.000123,0.000131,0.000141
1449.91,0.000007,0.000015,0.000022,0.000042,0.000046,0.000055,0.000063,0.000065,0.000072,0.000077,0.000087,0.000093,0.000102,0.000105,0.000114,0.000123,0.000131,0.000141
1452.01,0.000007,0.000015,0.000022,0.000041,0.000044,0.000053,0.000059,0.000061,0.000068,0.000073,0.000081,0.000086,0.000095,0.000097,0.000106,0.000115,0.000122,0.000132
1453.91,0.000007,0.000015,0.000022,0.000040,0.000044,0.000052,0.000059,0.000061,0.000067,0.000072,0.000081,0.000086,0.000095,0.000097,0.000106,0.000115,0.000122,0.000132
1456.03,0.000007,0.000015,0.000022,0.000040,0.000044,0.000052,0.000059,0.000061,0.000067,0.000072,0.000081,0.000086,0.000094,0.000097,0.000106,0.000114,0.000122,0.000131
1457.94,0.000007,0.000015,0.000022,0.000040,0.000044,0.000052,0.000059,0.000061,0.000067,0.000072,0.000080,0.000085,0.000094,0.000096,0.000105,0.000114,0.000121,0.000130
1460.07,0.000007,0.000015,0.000022,0.000040,0.000044,0.000052,0.000059,0.000060,0.000066,0.000071,0.000080,0.000085,0.000094,0.000096,0.000105,0.000113,0.000121,0.000130
1461.99,0.000006,0.000013,0.000020,0.000038,0.000042,0.000051,0.000060,0.000062,0.000068,0.000074,0.000083,0.000089,0.000096,0.000100,0.000108,0.000117,0.000124,0.000134
1463.91,0.000005,0.000012,0.000018,0.000035,0.000039,0.000048,0.000058,0.000061,0.000068,0.000073,0.000083,0.000088,0.000095,0.000100,0.000106,0.000115,0.000123,0.000132
1466.06,0.000005,0.000012,0.000018,0.000034,0.000038,0.000046,0.000054,0.000057,0.000063,0.000067,0.000076,0.000081,0.000088,0.000092,0.000099,0.000107,0.000114,0.000122
1468.00,0.000005,0.000012,0.000018,0.000034,0.000038,0.000046,0.000054,0.000057,0.000062,0.000067,0.000076,0.000081,0.000088,0.000091,0.000098,0.000106,0.000113,0.000122
1469.94,0.000005,0.000012,0.000018,0.000034,0.000038,0.000046,0.000054,0.000056,0.000062,0.000067,0.000076,0.000081,0.000088,0.000091,0.000098,0.000106,0.000113,0.000122
1472.10,0.000006,0.000012,0.000018,0.000035,0.000038,0.000046,0.000053,0.000055,0.000061,0.000065,0.000074,0.000078,0.000085,0.000088,0.000096,0.000103,0.000110,0.000119
1474.06,0.000005,0.000012,0.000018,0.000035,0.000038,0.000046,0.000053,0.000055,0.000060,0.000065,0.000073,0.000078,0.000085,0.000088,0.000095,0.000103,0.000110,0.000118
1476.01,0.000005,0.000012,0.000018,0.000035,0.000038,0.000046,0.000053,0.000055,0.000060,0.000065,0.000073,0.000078,0.000085,0.000088,0.000095,0.000103,0.000109,0.000118
1477.98,0.000005,0.000012,0.000018,0.000034,0.000038,0.000046,0.000053,0.000055,0.000060,0.000065,0.000073,0.000077,0.000085,0.000087,0.000095,0.000102,0.000109,0.000117
1479.95,0.000005,0.000012,0.000018,0.000033,0.000037,0.000043,0.000049,0.000051,0.000056,0.000060,0.000067,0.000071,0.000079,0.000081,0.000088,0.000095,0.000101,0.000109
1481.92,0.000005,0.000012,0.000018,0.000033,0.000036,0.000043,0.000049,0.000050,0.000056,0.000060,0.000067,0.000071,0.000078,0.000080,0.000088,0.000095,0.000101,0.000109
1483.90,0.000005,0.000011,0.000016,0.000031,0.000035,0.000042,0.000050,0.000052,0.000058,0.000062,0.000070,0.000075,0.000081,0.000085,0.000091,0.000098,0.000105,0.000113
1486.10,0.000004,0.000010,0.000015,0.000030,0.000034,0.000042,0.000051,0.000053,0.000059,0.000063,0.000072,0.000076,0.000082,0.000086,0.000092,0.000100,0.000106,0.000114
1488.10,0.000004,0.000010,0.000015,0.000029,0.000033,0.000040,0.000047,0.000049,0.000054,0.000058,0.000066,0.000070,0.000076,0.000079,0.000085,0.000092,0.000098,0.000105
1490.09,0.000004,0.000010,0.000015,0.000029,0.000032,0.000039,0.000047,0.000049,0.000054,0.000058,0.000066,0.000070,0.000076,0.000079,0.000085,0.000092,0.000098,0.000105
1492.09,0.000004,0.000010,0.000015,0.000029,0.000032,0.000039,0.000047,0.000049,0.000054,0.000058,0.000065,0.000069,0.000075,0.000078,0.000084,0.000091,0.000097,0.000105
1494.10,0.000004,0.000010,0.000015,0.000029,0.000032,0.000039,0.000046,0.000048,0.000053,0.000057,0.000065,0.000069,0.000075,0.000078,0.000084,0.000091,0.000097,0.000104
1496.11,0.000004,0.000010,0.000015,0.000029,0.000032,0.000039,0.000046,0.000048,0.000053,0.000057,0.000065,0.000069,0.000075,0.000078,0.000084,0.000091,0.000097,0.000104
1497.90,0.000004,0.000010,0.000015,0.000029,0.000032,0.000039,0.000046,0.000048,0.000053,0.000057,0.000065,0.000069,0.000075,0.000078,0.000084,0.000090,0.000096,0.000104
1499.93,0.000004,0.000010,0.000015,0.000029,0.000032,0.000039,0.000046,0.000048,0.000053,0.000057,0.000065,0.000069,0.000075,0.000078,0.000083,0.000090,0.000096,0.000103
1501.95,0.000004,0.000010,0.000015,0.000029,0.000032,0.000039,0.000046,0.000048,0.000053,0.000057,0.000064,0.000068,0.000074,0.000077,0.000083,0.000090,0.000096,0.000103
1503.99,0.000005,0.000010,0.000015,0.000030,0.000033,0.000039,0.000045,0.000047,0.000051,0.000055,0.000062,0.000066,0.000072,0.000075,0.000081,0.000088,0.000093,0.000100
1506.02,0.000005,0.000010,0.000015,0.000029,0.000032,0.000039,0.000045,0.000046,0.000051,0.000055,0.000062,0.000066,0.000072,0.000074,0.000081,0.000087,0.000093,0.000100
1508.07,0.000005,0.000010,0.000015,0.000029,0.000032,0.000039,0.000045,0.000046,0.000051,0.000055,0.000062,0.000066,0.000072,0.000074,0.000080,0.000087,0.000093,0.000100
1509.89,0.000004,0.000009,0.000013,0.000026,0.000029,0.000036,0.000042,0.000044,0.000049,0.000052,0.000059,0.000063,0.000069,0.000071,0.000077,0.000083,0.000088,0.000095
1511.94,0.000004,0.000009,0.000013,0.000026,0.000029,0.000036,0.000042,0.000044,0.000049,0.000052,0.000059,0.000063,0.000068,0.000071,0.000076,0.000083,0.000088,0.000095
1514.00,0.000003,0.000008,0.000012,0.000024,0.000027,0.000033,0.000040,0.000041,0.000046,0.000049,0.000056,0.000059,0.000064,0.000067,0.000072,0.000078,0.000083,0.000089
1516.07,0.000003,0.000008,0.000012,0.000024,0.000027,0.000033,0.000040,0.000041,0.000046,0.000049,0.000056,0.000059,0.000064,0.000067,0.000072,0.000078,0.000083,0.000089
1517.91,0.000003,0.000008,0.000012,0.000024,0.000027,0.000033,0.000039,0.000041,0.000045,0.000049,0.000055,0.000059,0.000064,0.000066,0.000071,0.000077,0.000082,0.000089
1519.99,0.000003,0.000008,0.000012,0.000024,0.000027,0.000033,0.000039,0.000041,0.000045,0.000049,0.000055,0.000059,0.000064,0.000066,0.000071,0.000077,0.000082,0.000089
1522.07,0.000003,0.000008,0.000012,0.000024,0.000027,0.000033,0.000039,0.000041,0.000045,0.000049,0.000055,0.000059,0.000064,0.000066,0.000071,0.000077,0.000082,0.000088
1523.93,0.000003,0.000008,0.000012,0.000024,0.000027,0.000033,0.000039,0.000041,0.000045,0.000048,0.000055,0.000058,0.000064,0.000066,0.000071,0.000077,0.000082,0.000088
1526.02,0.000003,0.000008,0.000012,0.000024,0.000027,0.000033,0.000039,0.000041,0.000045,0.000048,0.000055,0.000058,0.000063,0.000066,0.000071,0.000077,0.000081,0.000088
1527.88,0.000003,0.000008,0.000012,0.000024,0.000027,0.000033,0.000039,0.000041,0.000045,0.000048,0.000055,0.000058,0.000063,0.000066,0.000071,0.000076,0.000081,0.000088
1529.99,0.000003,0.000007,0.000011,0.000022,0.000025,0.000031,0.000037,0.000039,0.000043,0.000046,0.000053,0.000056,0.000061,0.000063,0.000068,0.000073,0.000078,0.000084
1532.10,0.000003,0.000007,0.000011,0.000022,0.000025,0.000031,0.000037,0.000039,0.000043,0.000046,0.000053,0.000056,0.000060,0.000063,0.000068,0.000073,0.000078,0.000084
1533.98,0.000003,0.000007,0.000011,0.000022,0.000025,0.000031,0.000037,0.000039,0.000043,0.000046,0.000053,0.000056,0.000060,0.000063,0.000067,0.000073,0.000078,0.000084
1536.10,0.000003,0.000007,0.000011,0.000021,0.000024,0.000029,0.000034,0.000035,0.000039,0.000041,0.000047,0.000050,0.000054,0.000056,0.000061,0.000066,0.000070,0.000075
1537.99,0.000003,0.000007,0.000011,0.000021,0.000024,0.000029,0.000034,0.000035,0.000038,0.000041,0.000047,0.000050,0.000054,0.000056,0.000061,0.000065,0.000070,0.000075
1539.88,0.000002,0.000006,0.000009,0.000019,0.000022,0.000028,0.000035,0.000037,0.000040,0.000043,0.000050,0.000053,0.000057,0.000060,0.000064,0.000069,0.000073,0.000079
1542.02,0.000002,0.000006,0.000009,0.000019,0.000022,0.000028,0.000035,0.000037,0.000040,0.000043,0.000050,0.000053,0.000057,0.000060,0.000063,0.000069,0.000073,0.000079
1543.92,0.000003,0.000006,0.000010,0.000020,0.000023,0.000028,0.000034,0.000035,0.000039,0.000042,0.000048,0.000051,0.000055,0.000057,0.000061,0.000067,0.000071,0.000076
1546.07,0.000002,0.000006,0.000009,0.000019,0.000022,0.000028,0.000034,0.000036,0.000040,0.000043,0.000049,0.000052,0.000056,0.000059,0.000063,0.000068,0.000073,0.000078
1547.99,0.000002,0.000006,0.000009,0.000019,0.000022,0.000028,0.000034,0.000036,0.000040,0.000043,0.000049,0.000052,0.000056,0.000059,0.000063,0.000068,0.000072,0.000078
1549.91,0.000002,0.000006,0.000009,0.000019,0.000022,0.000028,0.000034,0.000036,0.000040,0.000043,0.000049,0.000052,0.000056,0.000059,0.000063,0.000068,0.000072,0.000078
1552.07,0.000002,0.000006,0.000009,0.000019,0.000022,0.000028,0.000034,0.000036,0.000040,0.000043,0.000049,0.000052,0.000056,0.000059,0.000063,0.000068,0.000072,0.000078
1554.00,0.000002,0.000006,0.000009,0.000019,0.000022,0.000027,0.000034,0.000036,0.000040,0.000043,0.000049,0.000052,0.000056,0.000059,0.000062,0.000067,0.000072,0.000077
1555.94,0.000002,0.000006,0.000009,0.000019,0.000022,0.000027,0.000034,0.000036,0.000040,0.000043,0.000049,0.000052,0.000056,0.000059,0.000062,0.000067,0.000072,0.000077
1558.12,0.000002,0.000006,0.000009,0.000019,0.000022,0.000027,0.000034,0.000036,0.000040,0.000042,0.000049,0.000052,0.000056,0.000059,0.000062,0.000067,0.000072,0.000077
1560.06,0.000002,0.000006,0.000009,0.000018,0.000020,0.000025,0.000031,0.000032,0.000036,0.000038,0.000044,0.000046,0.000050,0.000053,0.000056,0.000061,0.000065,0.000070
1562.01,0.000002,0.000006,0.000009,0.000018,0.000020,0.000025,0.000031,0.000032,0.000036,0.000038,0.000044,0.000046,0.000050,0.000052,0.000056,0.000061,0.000065,0.000069
1563.97,0.000002,0.000006,0.000009,0.000018,0.000020,0.000025,0.000031,0.000032,0.000036,0.000038,0.000044,0.000046,0.000050,0.000052,0.000056,0.000061,0.000064,0.000069
1565.93,0.000002,0.000006,0.000008,0.000017,0.000019,0.000023,0.000027,0.000028,0.000031,0.000034,0.000038,0.000040,0.000044,0.000046,0.000049,0.000053,0.000057,0.000061
1567.89,0.000002,0.000005,0.000008,0.000017,0.000019,0.000023,0.000027,0.000028,0.000031,0.000034,0.000038,0.000040,0.000044,0.000046,0.000049,0.000053,0.000057,0.000061
1570.11,0.000002,0.000005,0.000008,0.000017,0.000019,0.000023,0.000027,0.000028,0.000031,0.000034,0.000038,0.000040,0.000044,0.000045,0.000049,0.000053,0.000057,0.000061
1572.08,0.000002,0.000005,0.000008,0.000017,0.000019,0.000023,0.000027,0.000028,0.000031,0.000033,0.000038,0.000040,0.000044,0.000045,0.000049,0.000053,0.000056,0.000061
1574.06,0.000002,0.000005,0.000008,0.000017,0.000019,0.000023,0.000027,0.000028,0.000031,0.000033,0.000038,0.000040,0.000044,0.000045,0.000049,0.000053,0.000056,0.000061
1576.04,0.000002,0.000005,0.000008,0.000017,0.000019,0.000023,0.000027,0.000028,0.000031,0.000033,0.000038,0.000040,0.000044,0.000045,0.000049,0.000053,0.000056,0.000061
1578.03,0.000001,0.000004,0.000006,0.000015,0.000017,0.000022,0.000028,0.000030,0.000033,0.000035,0.000041,0.000043,0.000046,0.000049,0.000052,0.000056,0.000060,0.000064
1580.03,0.000001,0.000004,0.000006,0.000015,0.000017,0.000022,0.000028,0.000030,0.000033,0.000035,0.000041,0.000043,0.000046,0.000049,0.000052,0.000056,0.000060,0.000064
1582.03,0.000001,0.000004,0.000006,0.000015,0.000017,0.000022,0.000028,0.000030,0.000033,0.000035,0.000041,0.000043,0.000046,0.000049,0.000052,0.000056,0.000059,0.000064
1584.03,0.000001,0.000004,0.000006,0.000014,0.000017,0.000022,0.000029,0.000031,0.000034,0.000036,0.000042,0.000045,0.000048,0.000051,0.000053,0.000058,0.000061,0.000066
1586.04,0.000001,0.000004,0.000006,0.000014,0.000017,0.000022,0.000028,0.000031,0.000034,0.000036,0.000042,0.000045,0.000047,0.000051,0.000053,0.000057,0.000061,0.000066
1588.06,0.000001,0.000004,0.000006,0.000014,0.000017,0.000022,0.000028,0.000031,0.000034,0.000036,0.000042,0.000045,0.000047,0.000051,0.000053,0.000057,0.000061,0.000066
1590.08,0.000001,0.000004,0.000006,0.000014,0.000017,0.000022,0.000028,0.000031,0.000034,0.000036,0.000042,0.000045,0.000047,0.000051,0.000053,0.000057,0.000061,0.000066
1592.10,0.000001,0.000004,0.000006,0.000014,0.000016,0.000022,0.000028,0.000030,0.000034,0.000036,0.000042,0.000045,0.000047,0.000050,0.000053,0.000057,0.000061,0.000065
1593.88,0.000001,0.000004,0.000006,0.000014,0.000016,0.000022,0.000028,0.000030,0.000033,0.000036,0.000042,0.000044,0.000047,0.000050,0.000053,0.000057,0.000061,0.000065
1595.91,0.000001,0.000003,0.000006,0.000014,0.000016,0.000021,0.000028,0.000030,0.000033,0.000036,0.000042,0.000044,0.000047,0.000050,0.000053,0.000057,0.000061,0.000065
1597.95,0.000001,0.000004,0.000006,0.000015,0.000017,0.000022,0.000028,0.000029,0.000032,0.000035,0.000040,0.000042,0.000045,0.000048,0.000051,0.000055,0.000058,0.000063
1600.00,0.000001,0.000004,0.000006,0.000014,0.000016,0.000020,0.000024,0.000025,0.000028,0.000030,0.000034,0.000036,0.000039,0.000041,0.000044,0.000048,0.000051,0.000055
1602.05,0.000001,0.000004,0.000006,0.000014,0.000016,0.000020,0.000024,0.000025,0.000028,0.000030,0.000034,0.000036,0.000039,0.000041,0.000044,0.000048,0.000051,0.000055
1604.11,0.000001,0.000004,0.000006,0.000014,0.000016,0.000020,0.000024,0.000025,0.000028,0.000030,0.000034,0.000036,0.000039,0.000041,0.000044,0.000048,0.000051,0.000055
1605.91,0.000001,0.000004,0.000006,0.000014,0.000016,0.000020,0.000024,0.000025,0.000028,0.000030,0.000034,0.000036,0.000039,0.000041,0.000044,0.000048,0.000051,0.000055
1607.98,0.000001,0.000004,0.000006,0.000014,0.000016,0.000020,0.000024,0.000025,0.000028,0.000030,0.000034,0.000036,0.000039,0.000041,0.000044,0.000047,0.000051,0.000054
1610.05,0.000001,0.000004,0.000006,0.000014,0.000016,0.000020,0.000024,0.000025,0.000028,0.000030,0.000034,0.000036,0.000039,0.000041,0.000044,0.000047,0.000050,0.000054
1612.12,0.000001,0.000004,0.000006,0.000014,0.000016,0.000020,0.000024,0.000025,0.000028,0.000030,0.000034,0.000036,0.000039,0.000041,0.000044,0.000047,0.000050,0.000054
1613.94,0.000001,0.000004,0.000006,0.000014,0.000016,0.000020,0.000024,0.000025,0.000028,0.000030,0.000034,0.000036,0.000039,0.000041,0.000044,0.000047,0.000050,0.000054
1616.03,0.000001,0.000004,0.000006,0.000014,0.000016,0.000020,0.000024,0.000025,0.000028,0.000030,0.000034,0.000036,0.000039,0.000041,0.000044,0.000047,0.000050,0.000054
1618.12,0.000001,0.000004,0.000006,0.000014,0.000016,0.000020,0.000024,0.000025,0.000028,0.000030,0.000034,0.000036,0.000039,0.000041,0.000044,0.000047,0.000050,0.000054
1619.96,0.000001,0.000004,0.000006,0.000014,0.000016,0.000020,0.000024,0.000025,0.000028,0.000030,0.000034,0.000036,0.000039,0.000041,0.000043,0.000047,0.000050,0.000054
1622.06,0.000001,0.000004,0.000006,0.000014,0.000016,0.000020,0.000024,0.000025,0.000028,0.000030,0.000034,0.000036,0.000039,0.000041,0.000043,0.000047,0.000050,0.000054
1623.90,0.000001,0.000004,0.000006,0.000014,0.000016,0.000020,0.000024,0.000025,0.000028,0.000030,0.000034,0.000036,0.000039,0.000040,0.000043,0.000047,0.000050,0.000054
1626.02,0.000001,0.000004,0.000006,0.000013,0.000014,0.000018,0.000021,0.000022,0.000024,0.000026,0.000029,0.000031,0.000034,0.000035,0.000038,0.000041,0.000043,0.000047
1627.87,0.000001,0.000002,0.000004,0.000011,0.000013,0.000017,0.000022,0.000023,0.000026,0.000028,0.000032,0.000034,0.000036,0.000039,0.000041,0.000044,0.000047,0.000050
1629.99,0.000001,0.000002,0.000004,0.000011,0.000013,0.000017,0.000022,0.000023,0.000026,0.000028,0.000032,0.000034,0.000036,0.000039,0.000041,0.000044,0.000047,0.000050
1632.12,0.000001,0.000002,0.000004,0.000011,0.000013,0.000017,0.000022,0.000023,0.000026,0.000028,0.000032,0.000034,0.000036,0.000039,0.000040,0.000044,0.000047,0.000050
1633.99,0.000000,0.000002,0.000003,0.000010,0.000012,0.000016,0.000022,0.000024,0.000027,0.000029,0.000034,0.000036,0.000037,0.000040,0.000042,0.000045,0.000048,0.000052
1636.13,0.000000,0.000002,0.000003,0.000010,0.000012,0.000016,0.000022,0.000024,0.000027,0.000029,0.000034,0.000036,0.000037,0.000040,0.000042,0.000045,0.000048,0.000052
1638.00,0.000000,0.000002,0.000003,0.000010,0.000012,0.000016,0.000022,0.000024,0.000027,0.000029,0.000034,0.000036,0.000037,0.000040,0.000042,0.000045,0.000048,0.000052
1639.88,0.000000,0.000002,0.000003,0.000009,0.000011,0.000014,0.000019,0.000020,0.000023,0.000024,0.000028,0.000030,0.000032,0.000034,0.000036,0.000038,0.000041,0.000044
1642.04,0.000000,0.000002,0.000003,0.000009,0.000011,0.000014,0.000019,0.000020,0.000023,0.000024,0.000028,0.000030,0.000032,0.000034,0.000035,0.000038,0.000041,0.000044
1643.93,0.000000,0.000002,0.000003,0.000009,0.000011,0.000014,0.000019,0.000020,0.000023,0.000024,0.000028,0.000030,0.000032,0.000034,0.000035,0.000038,0.000041,0.000044
1646.09,0.000000,0.000002,0.000003,0.000009,0.000011,0.000014,0.000019,0.000020,0.000023,0.000024,0.000028,0.000030,0.000032,0.000034,0.000035,0.000038,0.000041,0.000044
1647.99,0.000000,0.000002,0.000003,0.000009,0.000011,0.000014,0.000019,0.000020,0.000022,0.000024,0.000028,0.000030,0.000032,0.000034,0.000035,0.000038,0.000041,0.000044
1649.89,0.000000,0.000002,0.000003,0.000009,0.000011,0.000014,0.000019,0.000020,0.000022,0.000024,0.000028,0.000030,0.000031,0.000034,0.000035,0.000038,0.000041,0.000044
1652.07,0.000000,0.000002,0.000003,0.000009,0.000011,0.000014,0.000019,0.000020,0.000022,0.000024,0.000028,0.000030,0.000031,0.000034,0.000035,0.000038,0.000041,0.000044
1653.99,0.000000,0.000002,0.000003,0.000009,0.000011,0.000014,0.000019,0.000020,0.000022,0.000024,0.000028,0.000030,0.000031,0.000034,0.000035,0.000038,0.000041,0.000044
1655.90,0.000000,0.000002,0.000003,0.000009,0.000011,0.000014,0.000019,0.000020,0.000022,0.000024,0.000028,0.000030,0.000031,0.000033,0.000035,0.000038,0.000040,0.000043
1658.10,0.000000,0.000002,0.000003,0.000009,0.000011,0.000014,0.000019,0.000020,0.000022,0.000024,0.000028,0.000030,0.000031,0.000033,0.000035,0.000038,0.000040,0.000043
1660.03,0.000000,0.000002,0.000003,0.000009,0.000011,0.000014,0.000019,0.000020,0.000022,0.000024,0.000028,0.000030,0.000031,0.000033,0.000035,0.000038,0.000040,0.000043
1661.96,0.000000,0.000002,0.000003,0.000009,0.000011,0.000014,0.000019,0.000020,0.000022,0.000024,0.000028,0.000029,0.000031,0.000033,0.000035,0.000038,0.000040,0.000043
1663.89,0.000000,0.000001,0.000002,0.000007,0.000009,0.000012,0.000017,0.000019,0.000021,0.000022,0.000026,0.000028,0.000029,0.000031,0.000032,0.000035,0.000037,0.000040
1666.11,0.000000,0.000001,0.000002,0.000007,0.000009,0.000012,0.000017,0.000019,0.000021,0.000022,0.000026,0.000028,0.000029,0.000031,0.000032,0.000035,0.000037,0.000040
1668.06,0.000000,0.000001,0.000002,0.000007,0.000009,0.000012,0.000017,0.000019,0.000021,0.000022,0.000026,0.000028,0.000029,0.000031,0.000032,0.000035,0.000037,0.000040
1670.01,0.000000,0.000001,0.000002,0.000007,0.000009,0.000012,0.000017,0.000019,0.000021,0.000022,0.000026,0.000027,0.000029,0.000031,0.000032,0.000035,0.000037,0.000040
1671.96,0.000000,0.000001,0.000002,0.000007,0.000009,0.000012,0.000017,0.000019,0.000020,0.000022,0.000026,0.000027,0.000029,0.000031,0.000032,0.000035,0.000037,0.000040
1673.92,0.000000,0.000001,0.000002,0.000008,0.000010,0.000013,0.000016,0.000018,0.000019,0.000021,0.000024,0.000025,0.000027,0.000029,0.000030,0.000033,0.000035,0.000038
1675.88,0.000000,0.000001,0.000002,0.000008,0.000010,0.000013,0.000016,0.000018,0.000019,0.000021,0.000024,0.000025,0.000027,0.000029,0.000030,0.000033,0.000035,0.000038
1678.13,0.000000,0.000001,0.000002,0.000008,0.000010,0.000013,0.000016,0.000017,0.000019,0.000021,0.000024,0.000025,0.000027,0.000029,0.000030,0.000033,0.000035,0.000038
1680.11,0.000000,0.000001,0.000002,0.000008,0.000010,0.000013,0.000016,0.000017,0.000019,0.000021,0.000024,0.000025,0.000027,0.000029,0.000030,0.000033,0.000035,0.000038
1682.09,0.000000,0.000001,0.000002,0.000008,0.000010,0.000013,0.000016,0.000017,0.000019,0.000021,0.000024,0.000025,0.000027,0.000029,0.000030,0.000033,0.000035,0.000037
1684.07,0.000000,0.000001,0.000002,0.000008,0.000010,0.000013,0.000016,0.000017,0.000019,0.000021,0.000024,0.000025,0.000027,0.000028,0.000030,0.000033,0.000035,0.000037
1686.06,0.000000,0.000001,0.000002,0.000008,0.000010,0.000013,0.000016,0.000017,0.000019,0.000021,0.000024,0.000025,0.000027,0.000028,0.000030,0.000033,0.000035,0.000037
1688.05,0.000000,0.000001,0.000002,0.000008,0.000010,0.000013,0.000016,0.000017,0.000019,0.000021,0.000024,0.000025,0.000027,0.000028,0.000030,0.000033,0.000035,0.000037
1690.05,0.000000,0.000001,0.000002,0.000008,0.000009,0.000013,0.000016,0.000017,0.000019,0.000020,0.000024,0.000025,0.000027,0.000028,0.000030,0.000032,0.000035,0.000037
1692.05,0.000000,0.000001,0.000002,0.000007,0.000008,0.000011,0.000013,0.000014,0.000015,0.000016,0.000018,0.000020,0.000021,0.000022,0.000024,0.000026,0.000027,0.000030
1694.05,0.000000,0.000001,0.000002,0.000007,0.000008,0.000011,0.000013,0.000014,0.000015,0.000016,0.000018,0.000020,0.000021,0.000022,0.000024,0.000026,0.000027,0.000029
1696.07,0.000000,0.000001,0.000002,0.000007,0.000008,0.000011,0.000013,0.000014,0.000015,0.000016,0.000018,0.000019,0.000021,0.000022,0.000024,0.000026,0.000027,0.000029
1698.08,0.000000,0.000001,0.000002,0.000007,0.000008,0.000011,0.000013,0.000014,0.000015,0.000016,0.000018,0.000019,0.000021,0.000022,0.000024,0.000026,0.000027,0.000029
1700.10,0.000000,0.000001,0.000002,0.000007,0.000008,0.000011,0.000013,0.000014,0.000015,0.000016,0.000018,0.000019,0.000021,0.000022,0.000024,0.000026,0.000027,0.000029
1702.13,-0.000001,0.000000,0.000000,0.000005,0.000007,0.000010,0.000014,0.000015,0.000017,0.000018,0.000021,0.000023,0.000024,0.000026,0.000027,0.000029,0.000031,0.000033
1703.87,-0.000001,0.000000,0.000000,0.000005,0.000007,0.000010,0.000014,0.000015,0.000017,0.000018,0.000021,0.000023,0.000024,0.000026,0.000027,0.000029,0.000031,0.000033
1705.90,-0.000001,0.000000,0.000000,0.000005,0.000007,0.000010,0.000014,0.000015,0.000017,0.000018,0.000021,0.000023,0.000024,0.000026,0.000026,0.000029,0.000031,0.000033
1707.94,-0.000001,-0.000001,0.000000,0.000004,0.000006,0.000009,0.000015,0.000016,0.000018,0.000019,0.000023,0.000024,0.000025,0.000028,0.000028,0.000030,0.000032,0.000035
1709.99,-0.000001,-0.000001,0.000000,0.000004,0.000006,0.000009,0.000015,0.000016,0.000018,0.000019,0.000023,0.000024,0.000025,0.000028,0.000028,0.000030,0.000032,0.000035
1712.04,-0.000001,-0.000001,0.000000,0.000004,0.000006,0.000009,0.000015,0.000016,0.000018,0.000019,0.000023,0.000024,0.000025,0.000027,0.000028,0.000030,0.000032,0.000035
1714.09,-0.000001,-0.000001,0.000000,0.000004,0.000006,0.000009,0.000015,0.000016,0.000018,0.000019,0.000023,0.000024,0.000025,0.000027,0.000028,0.000030,0.000032,0.000035
1715.85,-0.000001,-0.000001,0.000000,0.000004,0.000006,0.000009,0.000015,0.000016,0.000018,0.000019,0.000023,0.000024,0.000025,0.000027,0.000028,0.000030,0.000032,0.000035
1717.92,-0.000001,-0.000001,0.000000,0.000004,0.000006,0.000009,0.000015,0.000016,0.000018,0.000019,0.000023,0.000024,0.000025,0.000027,0.000028,0.000030,0.000032,0.000035
1719.99,-0.000001,-0.000001,0.000000,0.000004,0.000006,0.000009,0.000014,0.000016,0.000018,0.000019,0.000023,0.000024,0.000025,0.000027,0.000028,0.000030,0.000032,0.000035
1722.06,-0.000001,-0.000001,0.000000,0.000004,0.000006,0.000009,0.000014,0.000016,0.000018,0.000019,0.000023,0.000024,0.000025,0.000027,0.000028,0.000030,0.000032,0.000034
1724.14,-0.000001,-0.000001,-0.000001,0.000004,0.000006,0.000009,0.000014,0.000016,0.000018,0.000019,0.000023,0.000024,0.000025,0.000027,0.000028,0.000030,0.000032,0.000034
1725.92,-0.000001,-0.000001,-0.000001,0.000004,0.000006,0.000009,0.000014,0.000016,0.000018,0.000019,0.000023,0.000024,0.000025,0.000027,0.000028,0.000030,0.000032,0.000034
1728.01,-0.000001,-0.000001,-0.000001,0.000004,0.000006,0.000009,0.000014,0.000016,0.000018,0.000019,0.000023,0.000024,0.000025,0.000027,0.000028,0.000030,0.000032,0.000034
1730.10,-0.000001,-0.000001,-0.000001,0.000003,0.000005,0.000007,0.000012,0.000013,0.000014,0.000015,0.000018,0.000019,0.000020,0.000022,0.000022,0.000024,0.000025,0.000027
1731.90,-0.000001,-0.000001,-0.000001,0.000003,0.000005,0.000007,0.000012,0.000013,0.000014,0.000015,0.000018,0.000019,0.000020,0.000022,0.000022,0.000024,0.000025,0.000027
1734.00,-0.000001,-0.000001,-0.000001,0.000003,0.000005,0.000007,0.000012,0.000013,0.000014,0.000015,0.000018,0.000019,0.000020,0.000022,0.000022,0.000024,0.000025,0.000027
1736.11,-0.000001,-0.000001,-0.000001,0.000003,0.000005,0.000007,0.000012,0.000013,0.000014,0.000015,0.000018,0.000019,0.000020,0.000022,0.000022,0.000024,0.000025,0.000027
1737.92,-0.000001,-0.000001,-0.000001,0.000003,0.000005,0.000007,0.000011,0.000013,0.000014,0.000015,0.000018,0.000019,0.000020,0.000021,0.000022,0.000024,0.000025,0.000027
1740.04,-0.000001,-0.000001,-0.000001,0.000003,0.000005,0.000007,0.000011,0.000013,0.000014,0.000015,0.000018,0.000019,0.000020,0.000021,0.000022,0.000024,0.000025,0.000027
1741.86,-0.000001,-0.000001,-0.000001,0.000003,0.000005,0.000007,0.000011,0.000013,0.000014,0.000015,0.000018,0.000019,0.000020,0.000021,0.000022,0.000024,0.000025,0.000027
1743.98,-0.000001,-0.000001,-0.000001,0.000003,0.000005,0.000007,0.000011,0.000013,0.000014,0.000015,0.000018,0.000019,0.000020,0.000021,0.000022,0.000024,0.000025,0.000027
1746.11,-0.000001,-0.000001,-0.000001,0.000003,0.000005,0.000007,0.000011,0.000013,0.000014,0.000015,0.000018,0.000019,0.000020,0.000021,0.000022,0.000024,0.000025,0.000027
1747.95,-0.000001,-0.000001,-0.000001,0.000003,0.000005,0.000007,0.000011,0.000013,0.000014,0.000015,0.000018,0.000019,0.000019,0.000021,0.000022,0.000024,0.000025,0.000027
1750.09,-0.000001,-0.000001,-0.000001,0.000003,0.000005,0.000007,0.000011,0.000013,0.000014,0.000015,0.000018,0.000019,0.000019,0.000021,0.000022,0.000024,0.000025,0.000027
1751.93,-0.000001,-0.000001,-0.000001,0.000003,0.000004,0.000007,0.000011,0.000013,0.000014,0.000015,0.000018,0.000019,0.000019,0.000021,0.000022,0.000023,0.000025,0.000027
1754.08,-0.000001,-0.000001,-0.000001,0.000003,0.000004,0.000007,0.000011,0.000013,0.000014,0.000015,0.000018,0.000019,0.000019,0.000021,0.000022,0.000023,0.000025,0.000027
1755.93,-0.000001,-0.000001,-0.000001,0.000003,0.000004,0.000007,0.000011,0.000013,0.000014,0.000015,0.000018,0.000019,0.000019,0.000021,0.000022,0.000023,0.000025,0.000027
1758.09,-0.000001,-0.000001,-0.000001,0.000003,0.000004,0.000007,0.000011,0.000013,0.000014,0.000015,0.000018,0.000019,0.000019,0.000021,0.000022,0.000023,0.000025,0.000027
1759.94,-0.000001,-0.000001,-0.000001,0.000002,0.000003,0.000005,0.000008,0.000009,0.000010,0.000011,0.000012,0.000013,0.000014,0.000015,0.000015,0.000017,0.000018,0.000019
1762.11,-0.000001,-0.000001,-0.000001,0.000002,0.000003,0.000005,0.000008,0.000009,0.000010,0.000011,0.000012,0.000013,0.000014,0.000015,0.000015,0.000017,0.000018,0.000019
1763.98,-0.000001,-0.000001,-0.000001,0.000002,0.000003,0.000005,0.000008,0.000009,0.000010,0.000011,0.000012,0.000013,0.000014,0.000015,0.000015,0.000017,0.000018,0.000019
1765.85,-0.000001,-0.000001,-0.000001,0.000002,0.000003,0.000005,0.000008,0.000009,0.000010,0.000011,0.000012,0.000013,0.000014,0.000015,0.000015,0.000017,0.000018,0.000019
1768.03,-0.000001,-0.000001,-0.000001,0.000002,0.000003,0.000005,0.000008,0.000009,0.000010,0.000010,0.000012,0.000013,0.000014,0.000015,0.000015,0.000017,0.000018,0.000019
1769.91,-0.000001,-0.000001,-0.000001,0.000002,0.000003,0.000005,0.000008,0.000009,0.000010,0.000011,0.000012,0.000013,0.000014,0.000015,0.000015,0.000017,0.000018,0.000019
1772.11,-0.000001,-0.000001,-0.000001,0.000002,0.000003,0.000005,0.000008,0.000009,0.000010,0.000010,0.000012,0.000013,0.000014,0.000015,0.000015,0.000017,0.000018,0.000019
1773.99,-0.000001,-0.000001,-0.000001,0.000002,0.000003,0.000005,0.000008,0.000009,0.000010,0.000010,0.000012,0.000013,0.000014,0.000015,0.000015,0.000017,0.000018,0.000019
1775.88,-0.000001,-0.000001,-0.000001,0.000002,0.000003,0.000005,0.000008,0.000009,0.000010,0.000010,0.000012,0.000013,0.000014,0.000015,0.000015,0.000017,0.000018,0.000019
1778.09,-0.000001,-0.000001,-0.000001,0.000002,0.000003,0.000005,0.000008,0.000009,0.000010,0.000010,0.000012,0.000013,0.000014,0.000015,0.000015,0.000016,0.000018,0.000019
1779.99,-0.000001,-0.000001,-0.000001,0.000002,0.000003,0.000005,0.000008,0.000009,0.000010,0.000010,0.000012,0.000013,0.000014,0.000015,0.000015,0.000016,0.000018,0.000019
1781.90,-0.000001,-0.000001,-0.000001,0.000002,0.000003,0.000005,0.000008,0.000009,0.000010,0.000010,0.000012,0.000013,0.000014,0.000015,0.000015,0.000016,0.000017,0.000019
1784.12,-0.000001,-0.000001,-0.000001,0.000002,0.000003,0.000005,0.000008,0.000009,0.000010,0.000010,0.000012,0.000013,0.000014,0.000015,0.000015,0.000016,0.000017,0.000019
1786.03,-0.000001,-0.000001,-0.000001,0.000002,0.000003,0.000005,0.000008,0.000009,0.000010,0.000010,0.000012,0.000013,0.000014,0.000015,0.000015,0.000016,0.000017,0.000019
1787.95,-0.000001,-0.000001,-0.000001,0.000002,0.000003,0.000005,0.000008,0.000009,0.000010,0.000010,0.000012,0.000013,0.000014,0.000015,0.000015,0.000016,0.000017,0.000019
1789.87,-0.000001,-0.000001,-0.000001,0.000002,0.000003,0.000005,0.000008,0.000009,0.000010,0.000010,0.000012,0.000013,0.000013,0.000015,0.000015,0.000016,0.000017,0.000019
1792.11,-0.000001,-0.000001,-0.000001,0.000002,0.000003,0.000005,0.000008,0.000009,0.000010,0.000010,0.000012,0.000013,0.000013,0.000015,0.000015,0.000016,0.000017,0.000019
1794.04,-0.000001,-0.000001,-0.000001,0.000002,0.000003,0.000005,0.000008,0.000009,0.000010,0.000010,0.000012,0.000013,0.000013,0.000015,0.000015,0.000016,0.000017,0.000019
1795.98,-0.000001,-0.000001,-0.000001,0.000002,0.000003,0.000005,0.000008,0.000009,0.000010,0.000010,0.000012,0.000013,0.000013,0.000015,0.000015,0.000016,0.000017,0.000019
1797.91,-0.000001,-0.000001,-0.000001,0.000002,0.000003,0.000005,0.000008,0.000009,0.000010,0.000010,0.000012,0.000013,0.000013,0.000015,0.000015,0.000016,0.000017,0.000019
1799.86,-0.000001,-0.000001,-0.000001,0.000002,0.000003,0.000005,0.000008,0.000009,0.000010,0.000010,0.000012,0.000013,0.000013,0.000014,0.000015,0.000016,0.000017,0.000019
1802.13,-0.000001,-0.000001,-0.000001,0.000002,0.000003,0.000005,0.000008,0.000009,0.000010,0.000010,0.000012,0.000013,0.000013,0.000014,0.000015,0.000016,0.000017,0.000018
1804.08,-0.000001,-0.000001,-0.000001,0.000002,0.000003,0.000005,0.000008,0.000009,0.000009,0.000010,0.000012,0.000013,0.000013,0.000014,0.000015,0.000016,0.000017,0.000018
1806.03,-0.000001,-0.000001,-0.000001,0.000002,0.000003,0.000005,0.000008,0.000009,0.000009,0.000010,0.000012,0.000013,0.000013,0.000014,0.000015,0.000016,0.000017,0.000018
1807.99,-0.000001,-0.000001,-0.000001,0.000002,0.000003,0.000005,0.000008,0.000009,0.000009,0.000010,0.000012,0.000013,0.000013,0.000014,0.000015,0.000016,0.000017,0.000018
1809.95,-0.000001,-0.000001,-0.000001,0.000002,0.000003,0.000005,0.000008,0.000009,0.000009,0.000010,0.000012,0.000013,0.000013,0.000014,0.000015,0.000016,0.000017,0.000018
1811.92,-0.000001,-0.000001,-0.000001,0.000002,0.000003,0.000005,0.000008,0.000009,0.000009,0.000010,0.000012,0.000013,0.000013,0.000014,0.000015,0.000016,0.000017,0.000018
1813.89,-0.000001,-0.000001,-0.000001,0.000002,0.000003,0.000005,0.000008,0.000009,0.000009,0.000010,0.000012,0.000013,0.000013,0.000014,0.000015,0.000016,0.000017,0.000018
1815.87,-0.000001,-0.000001,-0.000001,0.000002,0.000003,0.000005,0.000008,0.000009,0.000009,0.000010,0.000012,0.000013,0.000013,0.000014,0.000015,0.000016,0.000017,0.000018
1817.85,-0.000001,-0.000001,-0.000001,0.000002,0.000003,0.000005,0.000008,0.000009,0.000009,0.000010,0.000012,0.000013,0.000013,0.000014,0.000015,0.000016,0.000017,0.000018
1819.84,-0.000001,-0.000001,-0.000001,0.000002,0.000003,0.000005,0.000008,0.000008,0.000009,0.000010,0.000012,0.000013,0.000013,0.000014,0.000015,0.000016,0.000017,0.000018
1822.16,-0.000001,-0.000001,-0.000001,0.000002,0.000003,0.000005,0.000008,0.000009,0.000009,0.000010,0.000012,0.000013,0.000013,0.000014,0.000015,0.000016,0.000017,0.000018
1824.15,-0.000001,-0.000001,-0.000001,0.000002,0.000003,0.000005,0.000008,0.000008,0.000009,0.000010,0.000012,0.000013,0.000013,0.000014,0.000015,0.000016,0.000017,0.000018
1826.15,-0.000001,-0.000001,-0.000001,0.000002,0.000003,0.000005,0.000008,0.000008,0.000009,0.000010,0.000012,0.000013,0.000013,0.000014,0.000015,0.000016,0.000017,0.000018
1828.15,-0.000001,-0.000001,-0.000001,0.000002,0.000003,0.000005,0.000008,0.000008,0.000009,0.000010,0.000012,0.000013,0.000013,0.000014,0.000015,0.000016,0.000017,0.000018
1830.16,-0.000001,-0.000001,-0.000001,0.000002,0.000003,0.000005,0.000008,0.000008,0.000009,0.000010,0.000012,0.000013,0.000013,0.000014,0.000015,0.000016,0.000017,0.000018
1831.84,-0.000001,-0.000001,-0.000001,0.000002,0.000004,0.000005,0.000007,0.000007,0.000008,0.000009,0.000010,0.000011,0.000011,0.000012,0.000013,0.000014,0.000015,0.000016
1833.85,-0.000001,-0.000001,-0.000001,0.000002,0.000004,0.000005,0.000007,0.000007,0.000008,0.000009,0.000010,0.000011,0.000011,0.000012,0.000013,0.000014,0.000015,0.000016
1835.87,-0.000001,-0.000001,-0.000001,0.000002,0.000003,0.000005,0.000007,0.000007,0.000008,0.000009,0.000010,0.000011,0.000011,0.000012,0.000013,0.000014,0.000015,0.000016
1837.90,-0.000001,-0.000001,-0.000001,0.000002,0.000003,0.000005,0.000007,0.000007,0.000008,0.000009,0.000010,0.000010,0.000011,0.000012,0.000013,0.000014,0.000015,0.000016
1839.93,-0.000001,-0.000001,-0.000001,0.000002,0.000003,0.000005,0.000007,0.000007,0.000008,0.000009,0.000010,0.000010,0.000011,0.000012,0.000013,0.000014,0.000015,0.000016
1841.96,-0.000001,-0.000001,-0.000001,0.000002,0.000003,0.000005,0.000007,0.000007,0.000008,0.000009,0.000010,0.000010,0.000011,0.000012,0.000013,0.000014,0.000015,0.000016
1844.00,-0.000001,-0.000001,-0.000001,0.000002,0.000003,0.000005,0.000007,0.000007,0.000008,0.000009,0.000010,0.000010,0.000011,0.000012,0.000013,0.000014,0.000015,0.000016
1846.04,-0.000001,-0.000001,-0.000001,0.000002,0.000003,0.000005,0.000007,0.000007,0.000008,0.000009,0.000010,0.000010,0.000011,0.000012,0.000013,0.000014,0.000015,0.000016
1848.09,-0.000001,-0.000001,-0.000001,0.000002,0.000003,0.000005,0.000007,0.000007,0.000008,0.000009,0.000010,0.000010,0.000011,0.000012,0.000013,0.000014,0.000015,0.000016
1850.14,-0.000001,-0.000001,-0.000001,0.000002,0.000003,0.000005,0.000007,0.000007,0.000008,0.000009,0.000010,0.000010,0.000011,0.000012,0.000013,0.000014,0.000014,0.000016
1851.85,-0.000001,-0.000001,-0.000001,0.000002,0.000003,0.000005,0.000007,0.000007,0.000008,0.000009,0.000010,0.000010,0.000011,0.000012,0.000013,0.000014,0.000014,0.000016
1853.91,-0.000001,-0.000001,-0.000001,0.000002,0.000003,0.000005,0.000007,0.000007,0.000008,0.000009,0.000010,0.000010,0.000011,0.000012,0.000013,0.000014,0.000014,0.000015
1855.98,-0.000001,-0.000001,-0.000001,0.000002,0.000003,0.000005,0.000007,0.000007,0.000008,0.000009,0.000010,0.000010,0.000011,0.000012,0.000013,0.000014,0.000014,0.000015
1858.05,-0.000001,-0.000001,-0.000001,0.000002,0.000003,0.000005,0.000007,0.000007,0.000008,0.000009,0.000010,0.000010,0.000011,0.000012,0.000012,0.000013,0.000014,0.000015
1860.12,-0.000001,-0.000001,-0.000002,0.000001,0.000002,0.000003,0.000004,0.000005,0.000005,0.000005,0.000006,0.000006,0.000007,0.000007,0.000008,0.000009,0.000009,0.000010
1861.85,-0.000001,-0.000001,-0.000002,0.000001,0.000002,0.000003,0.000004,0.000005,0.000005,0.000005,0.000006,0.000006,0.000007,0.000007,0.000008,0.000009,0.000009,0.000010
1863.93,-0.000001,-0.000001,-0.000002,0.000001,0.000002,0.000003,0.000004,0.000005,0.000005,0.000005,0.000006,0.000006,0.000007,0.000007,0.000008,0.000009,0.000009,0.000010
1866.02,-0.000002,-0.000003,-0.000004,-0.000001,0.000000,0.000002,0.000005,0.000006,0.000007,0.000007,0.000009,0.000010,0.000010,0.000011,0.000011,0.000012,0.000012,0.000013
1868.11,-0.000002,-0.000003,-0.000004,-0.000001,0.000000,0.000002,0.000005,0.000006,0.000007,0.000007,0.000009,0.000010,0.000010,0.000011,0.000011,0.000012,0.000012,0.000013
1869.86,-0.000002,-0.000003,-0.000004,-0.000001,0.000000,0.000002,0.000005,0.000006,0.000007,0.000007,0.000009,0.000010,0.000009,0.000011,0.000011,0.000011,0.000012,0.000013
1871.96,-0.000002,-0.000003,-0.000004,-0.000001,0.000000,0.000002,0.000005,0.000006,0.000007,0.000007,0.000009,0.000010,0.000009,0.000011,0.000011,0.000011,0.000012,0.000013
1874.06,-0.000002,-0.000003,-0.000004,-0.000002,0.000000,0.000002,0.000005,0.000006,0.000007,0.000007,0.000009,0.000010,0.000010,0.000011,0.000011,0.000012,0.000012,0.000013
1876.17,-0.000002,-0.000003,-0.000004,-0.000002,0.000000,0.000002,0.000005,0.000006,0.000007,0.000007,0.000009,0.000010,0.000010,0.000011,0.000011,0.000012,0.000012,0.000013
1877.93,-0.000002,-0.000003,-0.000004,-0.000002,0.000000,0.000002,0.000005,0.000006,0.000007,0.000007,0.000009,0.000010,0.000010,0.000011,0.000011,0.000012,0.000012,0.000013
1880.05,-0.000002,-0.000003,-0.000004,-0.000002,0.000000,0.000002,0.000005,0.000006,0.000007,0.000007,0.000009,0.000010,0.000010,0.000011,0.000011,0.000011,0.000012,0.000013
1882.18,-0.000002,-0.000003,-0.000004,-0.000002,0.000000,0.000002,0.000005,0.000006,0.000007,0.000007,0.000009,0.000010,0.000009,0.000011,0.000011,0.000011,0.000012,0.000013
1883.95,-0.000002,-0.000003,-0.000004,-0.000002,0.000000,0.000002,0.000005,0.000006,0.000007,0.000007,0.000009,0.000010,0.000009,0.000011,0.000011,0.000011,0.000012,0.000013
1886.08,-0.000002,-0.000003,-0.000004,-0.000002,0.000000,0.000002,0.000005,0.000006,0.000007,0.000007,0.000009,0.000010,0.000009,0.000011,0.000011,0.000011,0.000012,0.000013
1887.86,-0.000002,-0.000003,-0.000004,-0.000002,0.000000,0.000002,0.000005,0.000006,0.000007,0.000007,0.000009,0.000010,0.000009,0.000011,0.000011,0.000011,0.000012,0.000013
1890.00,-0.000002,-0.000003,-0.000004,-0.000002,0.000000,0.000002,0.000005,0.000006,0.000007,0.000007,0.000009,0.000010,0.000009,0.000011,0.000011,0.000011,0.000012,0.000013
1892.15,-0.000002,-0.000003,-0.000004,-0.000002,0.000000,0.000002,0.000005,0.000006,0.000007,0.000007,0.000009,0.000010,0.000009,0.000011,0.000010,0.000011,0.000012,0.000013
1893.94,-0.000002,-0.000003,-0.000004,-0.000002,0.000000,0.000002,0.000005,0.000006,0.000007,0.000007,0.000009,0.000010,0.000009,0.000011,0.000010,0.000011,0.000012,0.000013
1896.09,-0.000002,-0.000003,-0.000004,-0.000002,0.000000,0.000002,0.000005,0.000006,0.000007,0.000007,0.000009,0.000010,0.000009,0.000011,0.000010,0.000011,0.000012,0.000013
1897.89,-0.000002,-0.000003,-0.000004,-0.000002,0.000000,0.000002,0.000005,0.000006,0.000007,0.000007,0.000009,0.000009,0.000009,0.000011,0.000010,0.000011,0.000012,0.000013
1900.06,-0.000002,-0.000003,-0.000004,-0.000002,0.000000,0.000002,0.000005,0.000006,0.000007,0.000007,0.000009,0.000009,0.000009,0.000011,0.000010,0.000011,0.000012,0.000013
1901.86,-0.000002,-0.000003,-0.000004,-0.000002,0.000000,0.000002,0.000005,0.000006,0.000007,0.000007,0.000009,0.000009,0.000009,0.000011,0.000010,0.000011,0.000012,0.000013
1904.04,-0.000002,-0.000003,-0.000004,-0.000002,0.000000,0.000002,0.000005,0.000006,0.000007,0.000007,0.000009,0.000009,0.000009,0.000011,0.000010,0.000011,0.000012,0.000013
1905.85,-0.000002,-0.000003,-0.000004,-0.000002,0.000000,0.000002,0.000005,0.000006,0.000007,0.000007,0.000009,0.000009,0.000009,0.000011,0.000010,0.000011,0.000012,0.000013
1908.03,-0.000002,-0.000003,-0.000004,-0.000002,0.000000,0.000002,0.000005,0.000006,0.000007,0.000007,0.000009,0.000009,0.000009,0.000011,0.000010,0.000011,0.000012,0.000013
1909.85,-0.000002,-0.000003,-0.000004,-0.000002,0.000000,0.000002,0.000005,0.000006,0.000007,0.000007,0.000009,0.000009,0.000009,0.000010,0.000010,0.000011,0.000012,0.000013
1912.05,-0.000002,-0.000003,-0.000004,-0.000002,0.000000,0.000002,0.000005,0.000006,0.000007,0.000007,0.000009,0.000009,0.000009,0.000010,0.000010,0.000011,0.000012,0.000013
1913.88,-0.000002,-0.000003,-0.000004,-0.000002,0.000000,0.000002,0.000005,0.000006,0.000007,0.000007,0.000009,0.000009,0.000009,0.000010,0.000010,0.000011,0.000012,0.000013
1916.08,-0.000002,-0.000003,-0.000004,-0.000002,0.000000,0.000002,0.000005,0.000006,0.000006,0.000007,0.000009,0.000009,0.000009,0.000010,0.000010,0.000011,0.000012,0.000013
1917.91,-0.000002,-0.000003,-0.000004,-0.000002,0.000000,0.000002,0.000005,0.000006,0.000006,0.000007,0.000009,0.000009,0.000009,0.000010,0.000010,0.000011,0.000012,0.000013
1920.12,-0.000002,-0.000003,-0.000004,-0.000002,0.000000,0.000002,0.000005,0.000006,0.000006,0.000007,0.000009,0.000009,0.000009,0.000010,0.000010,0.000011,0.000012,0.000012
1921.97,-0.000002,-0.000003,-0.000004,-0.000002,0.000000,0.000002,0.000005,0.000006,0.000006,0.000007,0.000009,0.000009,0.000009,0.000010,0.000010,0.000011,0.000012,0.000012
1923.82,-0.000002,-0.000003,-0.000004,-0.000002,0.000000,0.000002,0.000005,0.000006,0.000006,0.000007,0.000009,0.000009,0.000009,0.000010,0.000010,0.000011,0.000012,0.000012
1926.04,-0.000002,-0.000003,-0.000004,-0.000002,0.000000,0.000002,0.000005,0.000006,0.000006,0.000007,0.000009,0.000009,0.000009,0.000010,0.000010,0.000011,0.000012,0.000012
1927.90,-0.000002,-0.000003,-0.000004,-0.000002,0.000000,0.000002,0.000005,0.000006,0.000006,0.000007,0.000009,0.000009,0.000009,0.000010,0.000010,0.000011,0.000011,0.000012
1930.13,-0.000002,-0.000003,-0.000004,-0.000002,0.000000,0.000002,0.000005,0.000006,0.000006,0.000007,0.000009,0.000009,0.000009,0.000010,0.000010,0.000011,0.000011,0.000012
1931.99,-0.000002,-0.000003,-0.000004,-0.000003,-0.000002,0.000000,0.000002,0.000003,0.000003,0.000003,0.000004,0.000004,0.000004,0.000005,0.000004,0.000005,0.000005,0.000005
1933.86,-0.000002,-0.000003,-0.000004,-0.000003,-0.000002,0.000000,0.000002,0.000003,0.000003,0.000003,0.000004,0.000004,0.000004,0.000005,0.000004,0.000005,0.000005,0.000005
1936.11,-0.000002,-0.000003,-0.000004,-0.000003,-0.000002,0.000000,0.000002,0.000003,0.000003,0.000003,0.000004,0.000004,0.000004,0.000005,0.000004,0.000005,0.000005,0.000005
1937.98,-0.000002,-0.000003,-0.000004,-0.000003,-0.000002,0.000000,0.000002,0.000003,0.000003,0.000003,0.000004,0.000004,0.000004,0.000005,0.000004,0.000005,0.000005,0.000005
1939.86,-0.000002,-0.000003,-0.000004,-0.000003,-0.000002,0.000000,0.000002,0.000002,0.000003,0.000003,0.000004,0.000004,0.000004,0.000005,0.000004,0.000005,0.000005,0.000005
1942.12,-0.000002,-0.000003,-0.000004,-0.000003,-0.000002,0.000000,0.000002,0.000002,0.000003,0.000003,0.000004,0.000004,0.000004,0.000005,0.000004,0.000005,0.000005,0.000005
1944.01,-0.000002,-0.000003,-0.000004,-0.000003,-0.000002,0.000000,0.000002,0.000002,0.000003,0.000003,0.000004,0.000004,0.000004,0.000005,0.000004,0.000005,0.000005,0.000005
1945.90,-0.000002,-0.000003,-0.000004,-0.000003,-0.000002,0.000000,0.000002,0.000002,0.000003,0.000003,0.000004,0.000004,0.000004,0.000005,0.000004,0.000004,0.000005,0.000005
1948.18,-0.000002,-0.000003,-0.000004,-0.000003,-0.000002,0.000000,0.000002,0.000002,0.000003,0.000003,0.000004,0.000004,0.000004,0.000004,0.000004,0.000004,0.000005,0.000005
1950.08,-0.000002,-0.000003,-0.000004,-0.000003,-0.000002,0.000000,0.000002,0.000002,0.000003,0.000003,0.000004,0.000004,0.000004,0.000004,0.000004,0.000004,0.000005,0.000005
1951.98,-0.000002,-0.000003,-0.000004,-0.000003,-0.000002,0.000000,0.000002,0.000002,0.000003,0.000003,0.000004,0.000004,0.000004,0.000005,0.000004,0.000005,0.000005,0.000005
1953.89,-0.000002,-0.000003,-0.000004,-0.000003,-0.000002,0.000000,0.000002,0.000002,0.000003,0.000003,0.000004,0.000004,0.000004,0.000005,0.000004,0.000004,0.000005,0.000005
1956.18,-0.000002,-0.000003,-0.000004,-0.000003,-0.000002,0.000000,0.000002,0.000002,0.000003,0.000003,0.000004,0.000004,0.000004,0.000005,0.000004,0.000004,0.000005,0.000005
1958.10,-0.000002,-0.000003,-0.000004,-0.000003,-0.000002,0.000000,0.000002,0.000002,0.000003,0.000003,0.000004,0.000004,0.000004,0.000005,0.000004,0.000004,0.000005,0.000005
1960.02,-0.000002,-0.000003,-0.000004,-0.000003,-0.000002,-0.000001,0.000002,0.000002,0.000003,0.000003,0.000004,0.000004,0.000004,0.000004,0.000004,0.000004,0.000005,0.000005
1961.94,-0.000002,-0.000003,-0.000004,-0.000003,-0.000002,-0.000001,0.000002,0.000002,0.000003,0.000003,0.000004,0.000004,0.000004,0.000004,0.000004,0.000004,0.000005,0.000005
1963.86,-0.000002,-0.000003,-0.000004,-0.000003,-0.000002,-0.000001,0.000002,0.000002,0.000003,0.000003,0.000004,0.000004,0.000004,0.000004,0.000004,0.000004,0.000005,0.000005
1966.18,-0.000002,-0.000003,-0.000004,-0.000003,-0.000002,-0.000001,0.000002,0.000002,0.000003,0.000003,0.000004,0.000004,0.000004,0.000004,0.000004,0.000004,0.000005,0.000005
1968.12,-0.000002,-0.000003,-0.000004,-0.000003,-0.000002,-0.000001,0.000002,0.000002,0.000003,0.000003,0.000004,0.000004,0.000004,0.000004,0.000004,0.000004,0.000005,0.000005
1970.06,-0.000002,-0.000003,-0.000004,-0.000003,-0.000002,-0.000001,0.000002,0.000002,0.000003,0.000003,0.000004,0.000004,0.000004,0.000004,0.000004,0.000004,0.000005,0.000005
1972.00,-0.000002,-0.000003,-0.000004,-0.000003,-0.000002,-0.000001,0.000002,0.000002,0.000003,0.000003,0.000004,0.000004,0.000004,0.000004,0.000004,0.000004,0.000005,0.000005
1973.94,-0.000002,-0.000003,-0.000005,-0.000003,-0.000002,-0.000001,0.000002,0.000002,0.000003,0.000003,0.000004,0.000004,0.000004,0.000004,0.000004,0.000004,0.000004,0.000005
1975.89,-0.000002,-0.000003,-0.000005,-0.000003,-0.000002,-0.000001,0.000002,0.000002,0.000003,0.000003,0.000004,0.000004,0.000003,0.000004,0.000004,0.000004,0.000004,0.000005
1977.85,-0.000002,-0.000003,-0.000005,-0.000003,-0.000002,-0.000001,0.000002,0.000002,0.000003,0.000003,0.000004,0.000004,0.000003,0.000004,0.000004,0.000004,0.000004,0.000005
1979.81,-0.000002,-0.000003,-0.000005,-0.000003,-0.000002,-0.000001,0.000002,0.000002,0.000002,0.000003,0.000004,0.000004,0.000003,0.000004,0.000004,0.000004,0.000004,0.000005
1982.16,-0.000003,-0.000003,-0.000005,-0.000003,-0.000002,-0.000001,0.000002,0.000002,0.000002,0.000003,0.000004,0.000004,0.000003,0.000004,0.000004,0.000004,0.000004,0.000005
1984.13,-0.000003,-0.000003,-0.000005,-0.000003,-0.000002,-0.000001,0.000002,0.000002,0.000002,0.000003,0.000004,0.000004,0.000003,0.000004,0.000004,0.000004,0.000004,0.000005
1986.10,-0.000003,-0.000003,-0.000005,-0.000003,-0.000002,-0.000001,0.000002,0.000002,0.000002,0.000003,0.000004,0.000004,0.000003,0.000004,0.000004,0.000004,0.000004,0.000005
1988.07,-0.000003,-0.000003,-0.000005,-0.000003,-0.000002,-0.000001,0.000002,0.000002,0.000002,0.000003,0.000003,0.000004,0.000003,0.000004,0.000004,0.000004,0.000004,0.000005
1990.05,-0.000003,-0.000003,-0.000005,-0.000003,-0.000002,-0.000001,0.000002,0.000002,0.000002,0.000003,0.000003,0.000004,0.000003,0.000004,0.000004,0.000004,0.000004,0.000005
1992.03,-0.000003,-0.000003,-0.000005,-0.000003,-0.000002,-0.000001,0.000002,0.000002,0.000002,0.000003,0.000003,0.000004,0.000003,0.000004,0.000004,0.000004,0.000004,0.000005
1994.02,-0.000003,-0.000003,-0.000005,-0.000003,-0.000002,-0.000001,0.000002,0.000002,0.000002,0.000003,0.000003,0.000004,0.000003,0.000004,0.000004,0.000004,0.000004,0.000005
1996.01,-0.000003,-0.000003,-0.000005,-0.000003,-0.000002,-0.000001,0.000002,0.000002,0.000002,0.000003,0.000003,0.000004,0.000003,0.000004,0.000004,0.000004,0.000004,0.000004
1998.00,-0.000003,-0.000003,-0.000005,-0.000003,-0.000002,-0.000001,0.000002,0.000002,0.000002,0.000002,0.000003,0.000004,0.000003,0.000004,0.000004,0.000004,0.000004,0.000004
2000.00,-0.000003,-0.000003,-0.000005,-0.000003,-0.000002,-0.000001,0.000002,0.000002,0.000002,0.000002,0.000003,0.000004,0.000003,0.000004,0.000004,0.000004,0.000004,0.000004
