wavenumber,thetaR_0,thetaR_1,thetaR_2,thetaR_3,thetaR_4,thetaR_5,thetaR_6,thetaR_7,thetaR_8,thetaR_9,thetaR_10,thetaR_11,thetaR_12,thetaR_13,thetaR_14,thetaR_15,thetaR_16,thetaR_17,thetaR_18,thetaR_19,thetaR_20,thetaR_21,thetaR_22,thetaR_23,thetaR_24,thetaR_25,thetaR_26,thetaR_27,thetaR_28,thetaR_29,thetaR_30
2000.0,15.161757523652653,15.727004412833892,16.314327513049395,16.923869157504765,17.55560185535351,18.209293536831975,18.884468694666552,19.58036548217576,20.295889040863837,21.029561614726294,21.779470376369453,22.543214350289876,23.31785237491603,24.09985469184301,24.8850614685591,25.668652310242546,26.44513153071473,27.208334533925754,27.95146097188103,28.667140227174507,29.34753403387081,29.984479523068007,30.569673534165872,31.094895653680663,31.55226328583306,31.93450749866998,32.23525403063281,32.44929046098659,32.57279895355922,32.60353482088917,32.540934689988795
1998.0019980019981,15.161757523652653,15.727004412833892,16.314327513049395,16.923869157504765,17.55560185535351,18.209293536831975,18.884468694666552,19.58036548217576,20.295889040863837,21.029561614726294,21.779470376369453,22.543214350289876,23.31785237491603,24.09985469184301,24.8850614685591,25.668652310242546,26.44513153071473,27.208334533925754,27.95146097188103,28.667140227174507,29.34753403387081,29.984479523068007,30.569673534165872,31.094895653680663,31.55226328583306,31.93450749866998,32.23525403063281,32.44929046098659,32.57279895355922,32.60353482088917,32.540934689988795
1996.0079840319365,15.16157299529957,15.726681990852656,16.313864885577537,16.92326583176421,17.55485961876229,18.20841698737434,18.883465843597925,19.579248429699646,20.2946747218794,21.02827260686442,21.778135756076164,22.541870574486676,23.31654415567677,24.09863581965867,24.88399552648052,25.66781320725484,26.444603769390806,27.208213116644973,27.95185084426389,28.66815516004152,29.34929485942219,29.98711167025245,30.57330385432839,31.09964859024472,31.558256517272202,31.9418472645497,32.24403042430244,32.459573025375875,32.58463293470469,32.616938407666,32.55589749611845
1994.0179461615155,15.162609839604194,15.728361507837493,16.31624258756428,16.92639918394879,17.558807516385283,18.213239062635502,18.8892215736808,19.585996016323822,20.30246971331705,21.037166236009234,21.788172973744352,22.553087766597,23.32896654731079,24.112274589239757,24.89884468023984,25.683846298163992,26.461770585452005,27.22643650927714,27.97102391529567,28.688139070252088,29.369917555156082,30.008167837891122,30.59455639484187,31.120831848048287,31.579081393180743,31.962008192619702,32.26321400733886,32.477467925235025,32.600940431636026,32.63138291187283,32.568236244150484
1992.0318725099603,15.164703788582445,15.730663953754576,16.31876254588883,16.929144787971556,17.561785677268027,18.21645506879747,18.892678624502757,19.58969468647278,20.30640734611967,21.041336267443675,21.792564193005827,22.55768352503803,23.33374393503211,24.117203607777387,24.90388745054781,25.688956355041572,26.466892321936935,27.231504846052122,27.97596427898862,28.69286776823597,29.374342630224284,30.01219047108361,30.598072896349127,31.123736233544626,31.581268487509927,31.96337713901285,32.263671996221674,32.47693390282626,32.599348516438894,32.62868524638508,32.56440504432964
1990.049751243781,15.16750243982218,15.733191599202263,16.32099236412139,16.93104940033363,17.563337531378426,18.217626928694955,18.893444183209166,19.59002931653859,20.306289002406636,21.040746553569658,21.79148959803341,22.556116829586365,23.3316857754771,24.11466417309474,24.900888268347316,25.685532101491944,26.46309256520921,27.227395606053143,27.97162926001682,28.688409099508462,29.369880936964936,30.007864101882493,30.594036156760705,31.12015652610738,31.578322336268208,31.961245179058597,32.2625331264015,32.47695891698009,32.60069362543449,32.631485959510414,32.56877087890705
1988.0715705765408,15.16741146085483,15.733147484534484,16.32101064882017,16.931148373174313,17.563538596475386,18.217954991076187,18.89392805243775,19.59070211935025,20.307188591412388,21.04191589430387,21.792977111003935,22.55797665759136,23.333977939519826,24.11745457317806,24.904248478949658,25.689538906622357,26.46782717596954,27.23294250629915,27.9780746349383,28.695838819667124,29.378378098052416,30.017506158712163,30.604891737615585,31.13228206700237,31.5917587276792,31.97601466144989,32.27863669529957,32.494374493979564,32.619375212420756,32.651363919649356,32.58975338715541
1986.0973187686195,15.167264522573573,15.732914911201565,16.320693427579485,16.930749173381898,17.563062141084288,18.21740847889893,18.893321632434613,19.59004941593403,20.30650727673004,21.041228299376243,21.792310862314828,22.557365319098817,23.333461632088202,24.117080534222122,24.904071514997096,25.689621681212433,26.468240265904292,27.233764152322344,27.97939011050543,28.697739346056085,29.380959248244995,30.020865718497813,30.609127031407546,31.137486807158215,31.598019506174094,31.98340726483052,32.28722247829818,32.504197082750615,32.63045781466206,32.66370748927256,32.60333582552452
1984.126984126984,15.16835540983287,15.734549776588189,16.32290902648476,16.933581607931757,17.566546066402616,18.221576133498665,18.89820167186611,19.59566553070411,20.31287657941343,21.048359472433386,21.800202068149158,22.566001888107614,23.34281356360992,24.127099869894575,24.914689674256234,25.70074688395593,26.479755206183423,27.24552412639956,27.991221838103257,28.70944074863328,29.392300454487838,30.03159154578266,30.618961134207957,31.14613758352208,31.605187711481683,31.988795106542483,32.290543774870955,32.50518789217761,32.62888680625929,32.65938527748432,32.59612252719578
1982.1605550049555,15.16835540983287,15.734549776588189,16.32290902648476,16.933581607931757,17.566546066402616,18.221576133498665,18.89820167186611,19.59566553070411,20.31287657941343,21.048359472433386,21.800202068149158,22.566001888107614,23.34281356360992,24.127099869894575,24.914689674256234,25.70074688395593,26.479755206183423,27.24552412639956,27.991221838103257,28.70944074863328,29.392300454487838,30.03159154578266,30.618961134207957,31.14613758352208,31.605187711481683,31.988795106542483,32.290543774870955,32.50518789217761,32.62888680625929,32.65938527748432,32.59612252719578
1979.8059790140567,15.16826442050554,15.734505654201435,16.322927315540678,16.933680610844476,17.56674720621825,18.221904340748946,18.898685789668264,19.596338729076273,20.31377676584046,21.049529680928387,21.80169080340414,22.56786339489772,23.345107984636126,24.129893248145088,24.91805374942625,25.704758627498745,26.484496037542453,27.251078755601398,27.99767668912637,28.71688193575193,29.400811311662782,30.041249747667873,30.62983549529691,31.158284675818088,31.61864849452018,32.003591807763236,32.30667728297827,32.52263592171677,32.647603052155574,32.67929970384488,32.617142832938185
1977.8481012658226,15.168117465492204,15.734273040174289,16.32261001870885,16.93328128975987,17.566270573771014,18.22135758723898,18.89807905813581,19.595685641916372,20.313094998691184,21.048841575734208,21.8010240072492,22.567251504559586,23.34459116879949,24.12951880995804,24.917876581932937,25.70484150411854,26.484909670280604,27.251901546652494,27.998994099053647,28.718785395980337,29.403396623236933,30.04461493436697,30.634078118468974,31.163498669946755,31.62492064303831,32.010998041193396,32.31527903636746,32.532476824188265,32.65870622770103,32.691665932552176,32.63074975555233
1975.8940920766647,15.169208476976472,15.735908191632918,16.324826145605147,16.936114584977727,17.56975579387352,18.225527082417987,18.902961604842012,19.60130505902279,20.319468531933712,21.055978041755807,21.80892169859624,22.57589587122327,23.353952311095505,24.139548842238153,24.928506956974886,25.715980423526723,26.49643974531939,27.26367791370854,28.010843229742676,28.730504867244267,29.414756119373347,30.05535873158616,30.64392924461889,31.17216483168229,31.632101869895507,32.01639581927621,32.318606512366316,32.533469481331466,32.65713230237998,32.68733578519677,32.623523452570794
1973.9439399921043,15.17111950796202,15.737889989519976,16.326885417743497,16.938258979476473,17.571994022412834,18.227869052055038,18.90541855691405,19.603889712121784,20.32219522449229,21.058862868011214,21.811982629574825,22.579152849935685,23.357427308424512,24.14326585718897,24.932491942294416,25.720261115564423,26.501045375925493,27.26863878261501,28.016190119023623,28.736268285898472,29.420965376460593,30.062040850954624,30.651107752700437,31.179858470787167,31.64032331048906,32.02515046242371,32.32789148385727,32.54327291814528,32.66743301767136,32.69810336977628,32.634718831810254
1971.9976336028396,15.171066233638674,15.737936010395693,16.327049621902844,16.93856288305858,17.57246204314618,18.228528788423056,18.906301065063463,19.605029769744643,20.323631567464435,21.06063838155884,21.81414447123705,22.581752476754435,23.3605203759214,24.14691195325224,24.936754115786005,25.72520515820334,26.506738817993714,27.275149569644753,28.02358494929926,28.74461060858861,29.430313078156335,30.072443693924583,30.662604669257487,31.192474860724463,31.654068526373628,32.040015692800026,32.34384824894296,32.56027236990449,32.685406183721405,32.71696240175608,32.65435922329836
1970.0551615445233,15.171066233638674,15.737936010395693,16.327049621902844,16.93856288305858,17.57246204314618,18.228528788423056,18.906301065063463,19.605029769744643,20.323631567464435,21.06063838155884,21.81414447123705,22.581752476754435,23.3605203759214,24.14691195325224,24.936754115786005,25.72520515820334,26.506738817993714,27.275149569644753,28.02358494929926,28.74461060858861,29.430313078156335,30.072443693924583,30.662604669257487,31.192474860724463,31.654068526373628,32.040015692800026,32.34384824894296,32.56027236990449,32.685406183721405,32.71696240175608,32.65435922329836
1968.1165124975396,15.171066233638674,15.737936010395693,16.327049621902844,16.93856288305858,17.57246204314618,18.228528788423056,18.906301065063463,19.605029769744643,20.323631567464435,21.06063838155884,21.81414447123705,22.581752476754435,23.3605203759214,24.14691195325224,24.936754115786005,25.72520515820334,26.506738817993714,27.275149569644753,28.02358494929926,28.74461060858861,29.430313078156335,30.072443693924583,30.662604669257487,31.192474860724463,31.654068526373628,32.040015692800026,32.34384824894296,32.56027236990449,32.685406183721405,32.71696240175608,32.65435922329836
1966.1816751867873,15.174720958103007,15.741825475497556,16.33120037668842,16.9430047193102,17.577228321363947,18.233656769895802,18.91183224022216,19.611010169352017,20.330112038811517,21.067674806708556,21.821797898550532,22.59008913065536,23.36961150346274,24.15683346014746,24.947585940036934,25.73703032751689,26.519642139382505,27.289215907781095,28.038897066266863,28.761246563351207,29.44834322030582,30.091927332648655,30.683586552416486,31.21498165516019,31.67810554094201,32.06556411976289,32.370863206393665,32.58868199910646,32.715111987103064,32.7478409040462,32.68626491256417
1963.8648860958365,15.174720958103007,15.741825475497556,16.33120037668842,16.9430047193102,17.577228321363947,18.233656769895802,18.91183224022216,19.611010169352017,20.330112038811517,21.067674806708556,21.821797898550532,22.59008913065536,23.36961150346274,24.15683346014746,24.947585940036934,25.73703032751689,26.519642139382505,27.289215907781095,28.038897066266863,28.761246563351207,29.44834322030582,30.091927332648655,30.683586552416486,31.21498165516019,31.67810554094201,32.06556411976289,32.370863206393665,32.58868199910646,32.715111987103064,32.7478409040462,32.68626491256417
1961.9383951343925,15.174720958103007,15.741825475497556,16.33120037668842,16.9430047193102,17.577228321363947,18.233656769895802,18.91183224022216,19.611010169352017,20.330112038811517,21.067674806708556,21.821797898550532,22.59008913065536,23.36961150346274,24.15683346014746,24.947585940036934,25.73703032751689,26.519642139382505,27.289215907781095,28.038897066266863,28.761246563351207,29.44834322030582,30.091927332648655,30.683586552416486,31.21498165516019,31.67810554094201,32.06556411976289,32.370863206393665,32.58868199910646,32.715111987103064,32.7478409040462,32.68626491256417
1960.015680125441,15.174536110148372,15.741502437371945,16.33073677789392,16.942400007019288,17.576484223846478,18.2327778301066,18.910826422831466,19.60988954208068,20.328893525402584,21.066381003977007,21.820457943458372,22.588739595055838,23.368297283940773,24.155608618322457,24.946514435138436,25.736186568744845,26.51911127180851,27.28909373426976,28.039289501727932,28.76226851982176,29.45011683546926,30.094579483729838,30.687245644083617,31.21977373393862,31.68414986603757,32.07296840316982,32.37971881165721,32.599059443407434,32.72705711103963,32.76137204744427,32.70137136063196
1958.0967299784609,15.177672326493296,15.745492010690493,16.335644722710406,16.948292476364482,17.583427650558118,18.240837835853632,18.920066460546575,19.62036923770109,20.340666687292817,21.079493274031766,21.834944073712798,22.60462034884558,23.385575982478016,24.174267383100723,24.966510214616935,25.75744708436473,26.54153107247993,27.312530607256317,28.063561546293762,28.78715224033014,29.475346642279053,30.119848990465897,30.712211105278982,31.24405986643449,31.70735813565734,32.094687640078796,32.39953776204966,32.61658060446912,32.74191097377616,32.773230733391145,32.70996061977626
1956.1815336463226,15.177672326493296,15.745492010690493,16.335644722710406,16.948292476364482,17.583427650558118,18.240837835853632,18.920066460546575,19.62036923770109,20.340666687292817,21.079493274031766,21.834944073712798,22.60462034884558,23.385575982478016,24.174267383100723,24.966510214616935,25.75744708436473,26.54153107247993,27.312530607256317,28.063561546293762,28.78715224033014,29.475346642279053,30.119848990465897,30.712211105278982,31.24405986643449,31.70735813565734,32.094687640078796,32.39953776204966,32.61658060446912,32.74191097377616,32.773230733391145,32.70996061977626
1953.8882375928094,15.177672326493296,15.745492010690493,16.335644722710406,16.948292476364482,17.583427650558118,18.240837835853632,18.920066460546575,19.62036923770109,20.340666687292817,21.079493274031766,21.834944073712798,22.60462034884558,23.385575982478016,24.174267383100723,24.966510214616935,25.75744708436473,26.54153107247993,27.312530607256317,28.063561546293762,28.78715224033014,29.475346642279053,30.119848990465897,30.712211105278982,31.24405986643449,31.70735813565734,32.094687640078796,32.39953776204966,32.61658060446912,32.74191097377616,32.773230733391145,32.70996061977626
1951.9812609798944,15.17743408612411,15.745214884071894,16.33534524137889,16.947991627961425,17.58315161915224,18.24061881878316,18.919943557259277,19.62038940075051,20.34088571863756,21.07997684082986,21.835768706722785,22.60587437329238,23.3873603159996,24.176696118699216,24.96971088943408,25.761560519285386,26.54671065553066,27.3189408888648,28.07137602083671,28.796550210595488,29.486509105829267,30.1329535523992,30.727426010712755,31.26153735391608,31.727227429644874,32.117048010607135,32.424452162096216,32.64407042873122,32.77195244931638,32.80575334592508,32.74484780690614
1950.0780031201248,15.178526454984894,15.746852341236723,16.337564878299986,16.95082992594422,17.58664365588282,18.244797297290127,18.924837635861014,19.626023304322025,20.347277115346795,21.08713497501613,21.843692288583167,22.614549240309866,23.39675690035094,24.18676677979868,24.9803872014906,25.772750639791482,26.55829694045773,27.33077796109369,28.083289535324184,28.808336586329645,29.49793650233259,30.14376434791527,30.737340981263667,31.270261650990193,31.734458309072547,32.12248408468362,32.42780375023451,32.64507039769557,32.77036679683901,32.80139072382823,32.73756722333404
1948.1784531463084,15.178526454984894,15.746852341236723,16.337564878299986,16.95082992594422,17.58664365588282,18.244797297290127,18.924837635861014,19.626023304322025,20.347277115346795,21.08713497501613,21.843692288583167,22.614549240309866,23.39675690035094,24.18676677979868,24.9803872014906,25.772750639791482,26.55829694045773,27.33077796109369,28.083289535324184,28.808336586329645,29.49793650233259,30.14376434791527,30.737340981263667,31.270261650990193,31.734458309072547,32.12248408468362,32.42780375023451,32.64507039769557,32.77036679683901,32.80139072382823,32.73756722333404
1945.9038723487056,15.178194360389364,15.74629611955237,16.336783056728684,16.949824532157177,17.585421057444,18.243369163648893,18.92322202762736,19.624245889959592,20.34537250883291,21.08514817898619,21.841680215575856,22.612582269623594,23.39492040955847,24.18516256832519,24.97913469953463,25.77198777069131,26.55818048078169,27.3314832238331,28.085009192399475,28.811278453054918,29.502320134884926,30.149816360992627,30.74528908049128,31.28032749240398,31.74684943887272,32.13738536136379,32.445368785740484,32.665413647618955,32.79355695612221,32.82744602670148,32.76645310186113
1944.0124416796266,15.181091917809972,15.749107996635706,16.33950027706459,16.952438489153625,17.587923797579116,18.24575373131596,18.925482878537284,19.62637937920236,20.3473774580565,21.087026524483825,21.84343773511019,22.614229380283835,23.39647302159656,24.186642970589798,24.980572440820097,25.773420488317495,26.559654613692548,27.333054533650177,28.086743004040194,28.813249519250107,29.504612029308998,30.15252031609934,30.74850221150561,31.284150389959635,31.751383168854275,32.14272797762824,32.45161153177658,32.672637085802236,32.80182730548674,32.836812000931964,32.776943512052114
1942.124684404739,15.184284246574824,15.753055367601233,16.344249009551923,16.95803342971956,17.59440718564512,18.253163825478882,18.93385231675639,19.635733249105805,20.35773105949706,21.09838281609654,21.85578447098654,22.627535963014083,23.41068712479747,24.20168701829776,24.99634007289711,25.78977318944693,26.57641873637612,27.35001899867363,28.103658008596163,28.82982661416194,29.520525931170464,30.167412785022844,30.761988238909257,31.29582679600826,31.7608395066633,32.14955939410963,32.45543297024982,32.67309797322464,32.798625694158325,32.829707073870416,32.765765439926234
1939.8642095053347,15.184099162662122,15.752731862216407,16.34378465885526,16.957427627288443,17.593661608163778,18.25228296932913,18.932844108921017,19.63460973337228,20.356509155402144,21.097085143127487,21.854440223997713,22.62618181642028,23.409368132751574,24.200457465816537,24.995264219109522,25.788925829562967,26.5758854949121,27.34989625489059,28.104052348696893,28.830853706871018,29.522308737551022,30.17007904316659,30.76566721168761,31.300645335237714,31.76691756607395,32.157005208273226,32.46433819470772,32.68353313732899,32.81063633780855,32.84331091200849,32.78095082218723
1937.9844961240312,15.184045796007725,15.752777971102853,16.34394920806283,16.95773222994868,17.594130803531083,18.25294450684526,18.93372923071563,19.635753444430296,20.357950467133584,21.09886727199594,21.856610722265504,22.62879260710757,23.412475415878014,24.204121458366572,24.999548687633247,25.79389737284182,26.581612535895932,27.35644770757127,28.111495938222987,28.83925394134997,29.531724558381438,30.180561217057097,30.7772555697568,31.313366008628993,31.78078040699486,32.17200161216846,32.480439544857,32.70069007064381,32.82877897719253,32.862350129626144,32.80078049930578
1936.108422071636,15.184045796007725,15.752777971102853,16.34394920806283,16.95773222994868,17.594130803531083,18.25294450684526,18.93372923071563,19.635753444430296,20.357950467133584,21.09886727199594,21.856610722265504,22.62879260710757,23.412475415878014,24.204121458366572,24.999548687633247,25.79389737284182,26.581612535895932,27.35644770757127,28.111495938222987,28.83925394134997,29.531724558381438,30.180561217057097,30.7772555697568,31.313366008628993,31.78078040699486,32.17200161216846,32.480439544857,32.70069007064381,32.82877897719253,32.862350129626144,32.80078049930578
1933.8619222587506,15.183860717980282,15.752454477264314,16.34348487464878,16.957126449375842,17.593385249872384,18.252063672253477,18.93272103625053,19.634629926335663,20.35672853608256,21.097569537919256,21.855266370843157,22.627438305628594,23.411156215836666,24.202891649926364,24.99847254729078,25.793049731007873,26.581079076973285,27.356324903404467,28.111890509201224,28.840281741283647,29.533508793216903,30.183229936978893,30.780938421520535,31.31819029999392,31.786866614224945,32.17945854668032,32.489359473834966,32.71114414364249,32.8408133314885,32.875983020766405,32.81600072753462
1931.9938176197836,15.18490065093547,15.754139577878048,16.345871344975855,16.960272551668066,17.597350792444317,18.256909323660185,18.93850743824099,19.64141657485572,20.364572399853586,21.10652338649279,21.865376789360738,22.638743382772443,23.42368290571055,24.21665282892677,25.01346381432582,25.809246034193993,26.598431291925525,27.374756535967272,28.1312947457713,28.860519117418264,29.554405788256528,30.20457881899289,30.802498651816794,31.339691749194394,31.808014735578034,32.19994149703871,32.50885697903622,32.72933769506452,32.85739710647987,32.89067477805447,32.82855187187798
1930.1293186643506,15.18490064480553,15.754139566055148,16.34587132684589,16.960272527599386,17.59735076393297,18.256909293414015,18.938507410158195,19.641416553837843,20.364572391375027,21.106523395828603,21.865376820353077,22.63874343599659,23.42368297588687,24.216652901421323,25.013463860596904,25.809246006084575,26.598431114782382,27.37475610069744,28.1312939001321,28.860517657077168,29.554403448438016,30.204575267817376,30.802493486675434,31.339684497617736,31.80800486196011,32.19992841620063,32.5088400769268,32.72931635594902,32.85737074489878,32.89064287285717,32.828513998988775
1927.8966647387701,15.18490064480553,15.754139566055148,16.34587132684589,16.960272527599386,17.59735076393297,18.256909293414015,18.938507410158195,19.641416553837843,20.364572391375027,21.106523395828603,21.865376820353077,22.63874343599659,23.42368297588687,24.216652901421323,25.013463860596904,25.809246006084575,26.598431114782382,27.37475610069744,28.1312939001321,28.860517657077168,29.554403448438016,30.204575267817376,30.802493486675434,31.339684497617736,31.80800486196011,32.19992841620063,32.5088400769268,32.72931635594902,32.85737074489878,32.89064287285717,32.828513998988775
1926.0400616332818,15.18676229515693,15.756172149915812,16.348100623559617,16.96272792592015,17.60006566658626,18.259921537609905,18.941859694353806,19.645156856983174,20.3687543659058,21.11120670975783,21.870627417003433,22.644633672383378,23.430291592867047,24.224064771087843,25.021769449970424,25.818540492278327,26.60881308725391,27.386325793086794,28.144150909855508,28.87475813749458,29.570116797535558,30.221840388972197,30.82137475887401,31.36022765902649,31.830233073079643,32.22383881514749,32.53440115671461,32.75646647086092,32.88601798453235,32.92066643122818,32.85976702521611
1923.816852635629,15.18785602395978,15.757811917730438,16.35032377896787,16.965571240131386,17.603564540296162,18.264109029039272,18.94676534657548,19.65080530434661,20.37516370310684,21.118386613560666,21.87857702058305,22.653339206544484,23.439723827800524,24.23417631745986,25.03249200922931,25.829782182664808,26.620456012633415,27.39822406347451,28.156129360656543,28.886612022292923,29.581612738122566,30.232718846451007,30.831354231763637,31.369010711805497,31.837514150985438,32.229313616716865,32.537777133850085,32.757473836694686,32.88442046756542,32.916270953920865,32.85243152892561
1921.9680953296174,15.19066333451088,15.76034841340933,16.352562357060172,16.96748418748742,17.60512391337049,18.26528714184536,18.947535382951454,19.651142070857965,20.375044537750117,21.117792462743648,21.877493692125302,22.651758799093628,23.437646326499305,24.231611331390305,25.029460607741953,25.82631876516017,26.616610120261697,27.394062012963055,28.151735552587997,28.882089752489442,29.57708432654211,30.228324899405496,30.82725187678796,31.36537069543998,31.83451677030558,32.2271435627443,32.53661744939759,32.75749931625944,32.885790931201946,32.91912488855453,32.8568805923567
1920.1228878648235,15.190330702002347,15.759791225054606,16.3517790785594,16.96647678601406,17.60389870033363,18.2638557394357,18.94591581946559,19.64936000524687,20.373134607269687,21.115799738548574,21.875475215709013,22.64978515728138,23.435803204078848,24.23000095857075,25.028202995139942,25.825552593339143,26.616493126397085,27.394770697565825,28.153464019258255,28.885047499371122,29.58149283604462,30.23441292883892,30.83524944058192,31.375501848949558,31.84699144865991,32.242148880584814,32.55430900586,32.77799314661768,32.90915677562984,32.94538139127721,32.88599289819906
1917.9133103183738,15.190424681056658,15.760070756547229,16.3522622460697,16.96718264661137,17.604847188717347,18.26506752639358,18.947412115377496,19.65116229857926,20.375264327525496,21.118277833142923,21.8783216309706,22.653018215522643,23.439438871772964,24.234052005486454,25.032678051173722,25.83045511903582,26.6218203248837,27.400512409665662,28.159601659273687,28.89155310517931,29.588328321741752,30.2415296384264,30.84258810373028,31.38299303117066,31.854556565347963,32.249701806112185,32.56175825673006,32.785244556573275,32.916116518972814,32.95195915904617,32.89210500074456
1916.0758766047134,15.191518944032152,15.761711346903121,16.354486550064518,16.970027478122717,17.608347996487254,18.269257422349007,18.952320702065588,19.65681427543687,20.38167785941452,21.125462671014468,21.886276984452163,22.661730391482642,23.44887871230092,24.244172183854285,25.043410315450885,25.84170760968566,26.633475133406222,27.41242358727537,28.17159392299848,28.903421516901098,29.599839224937984,30.252423117918752,30.85258217617977,31.39178967176813,31.86184952844884,32.255186012789544,32.56514031965958,32.78625382192695,32.91451586178457,32.947554706872786,32.884754003220216
1913.8755980861245,15.191186273585494,15.761154060878226,16.35370308453544,16.969019769868357,17.607122327003676,18.267825386098707,18.950700304046222,19.655031158604125,20.37976665591923,21.123468462159693,21.88425684230354,22.659754959815217,23.4470337658612,24.24256008291038,25.042151247964256,25.84094048758515,26.63335798478735,27.413133266496814,28.17332495050369,28.906383866183816,29.604254901994658,30.258521434846916,30.860593709107977,31.401939013431363,31.87434709022902,32.270219284622215,32.582865135826424,32.80678627857559,32.93792556118199,32.97385994553615,32.91391937332411
1912.0458891013384,15.193382237847706,15.763745911497162,16.356718231764315,16.972485746569316,17.611066351766304,18.27227381841784,18.955677976770794,19.660560573327732,20.385867028552507,21.130154609018067,21.8915379021429,22.667632954884084,23.45550201574883,24.25160149922566,25.0517365559682,25.851026442756492,26.643885677300382,27.424026633284694,28.18448964044609,28.917706625205067,29.615603656432782,30.269746247350657,30.871528755396405,31.412405675600592,31.884158181094744,32.27918431111875,32.59079638757751,32.81350540689156,32.943270215036,32.97768997599049,32.91612212254689
1909.854851031322,15.194476932292693,15.765387277446388,16.358943765932025,16.975332384896326,17.614569675943955,18.276467082827534,18.960590933710762,19.666218076063707,20.392287395435105,21.137347738350183,21.899503137441393,22.676356714501193,23.464955220303285,24.26173685557116,25.06248578774246,25.862297594477354,26.655560660036752,27.43595922220951,28.19650417332464,28.92959767928064,29.627136990518906,30.2806612763206,30.881542766148755,31.421219890295724,31.891465624325665,32.28467925117195,32.594184917617056,32.81451653976827,32.941666721602445,32.973278135665474,32.90875959934561
1908.0328181644725,15.194144130670141,15.764829727953527,16.3581598670795,16.974324036587163,17.613343125378687,18.275033895202373,18.958969092870095,19.664433215709153,20.39037415489536,21.135351227821403,21.897480485574185,22.6743786558716,23.463107661482955,24.260122336353014,25.061224729257773,25.861529199882476,26.655443308584044,27.436670177490377,28.198238416231167,28.93256568186825,29.63156127513375,30.28677166120768,30.889570288131306,31.431389516385178,31.903988009941955,32.29974195751357,32.61194364127243,32.83508700574712,32.96511791946816,32.99962751893446,32.93797071812176
1905.850962454736,15.19423815750404,15.765109440621057,16.358643417251773,16.975030560601976,17.614292649190077,18.276247193466123,18.960467492796262,19.66623833550895,20.392507566145305,21.137834031051614,21.900332789098076,22.677618949607837,23.466752080618527,24.264183814535265,25.065712047947077,25.866445949844973,26.660786791381934,27.442430289067833,28.20439657066572,28.93909384980001,29.63842122626912,30.29391451079895,30.89693645000506,31.438909156316136,31.911582069957543,32.30732378278481,32.61942118813284,32.8423655471819,32.972103101721416,33.00622857051141,32.94410358110407
1904.036557501904,15.19423815750404,15.765109440621057,16.358643417251773,16.975030560601976,17.614292649190077,18.276247193466123,18.960467492796262,19.66623833550895,20.392507566145305,21.137834031051614,21.900332789098076,22.677618949607837,23.466752080618527,24.264183814535265,25.065712047947077,25.866445949844973,26.660786791381934,27.442430289067833,28.20439657066572,28.93909384980001,29.63842122626912,30.29391451079895,30.89693645000506,31.438909156316136,31.911582069957543,32.30732378278481,32.61942118813284,32.8423655471819,32.972103101721416,33.00622857051141,32.94410358110407
1901.863826550019,15.197810122612635,15.768732678425089,16.362326687988144,16.978784947102895,17.61813198902694,18.280188564544574,18.964531751977916,19.670450706905925,20.396898271717728,21.142438950830112,21.905194131578888,22.682785904516606,23.472281416330237,24.270140371199307,25.07216906533796,25.873485157105087,26.66849817564891,27.450911453602963,28.213751593248155,28.949431561986547,29.649852856848895,30.30655067495146,30.910883520231206,31.454265120306946,31.92843205855492,32.32573552818957,32.63944073508289,32.86401357307673,32.99537219281463,33.031081743709464,32.970474237446716
1900.0570017100515,15.197904195390736,15.769012531477237,16.362810488134055,16.97949184839496,17.619082038086564,18.281402560063906,18.9660310490079,19.67225695574148,20.399033080678176,21.14492346220634,21.908048500716607,22.68602867372337,23.475928778375955,24.274205322002192,25.076660452357476,25.87840663930252,26.67384712275557,27.456677826695465,28.219916864643174,28.955967748981635,29.65672175882605,30.31370341400161,30.91826048828845,31.461796427163996,31.93603855204255,32.33333041892136,32.646931804981,32.871305884485665,33.00237115196797,33.03769631951004,32.9766201047203
1897.8933383943825,15.197904195390736,15.769012531477237,16.362810488134055,16.97949184839496,17.619082038086564,18.281402560063906,18.9660310490079,19.67225695574148,20.399033080678176,21.14492346220634,21.908048500716607,22.68602867372337,23.475928778375955,24.274205322002192,25.076660452357476,25.87840663930252,26.67384712275557,27.456677826695465,28.219916864643174,28.955967748981635,29.65672175882605,30.31370341400161,30.91826048828845,31.461796427163996,31.93603855204255,32.33333041892136,32.646931804981,32.871305884485665,33.00237115196797,33.03769631951004,32.9766201047203
1896.0940462646947,15.199674979359278,15.770769080655889,16.36456054126201,16.981245793691397,17.620853417971702,18.283208638568425,18.967893441612738,19.67420231810313,20.401093848182658,21.1471386263283,21.91046440053547,22.688699771538374,23.4789183771767,24.277586169833143,25.080515164948473,25.882827858781887,26.678937318478475,27.462548636558612,28.226687874760614,28.96376461982098,29.665673630493156,30.323939565286622,30.929906284557333,31.47496866935547,31.9508404268393,32.349846337746804,32.665222491849114,32.891404113110355,33.02427852621233,33.06138143021029,33.00201828265863
1893.9393939393938,15.200864702016927,15.772691914708052,16.367272309210627,16.98480276852349,17.62531143659663,18.28862198929263,18.974313493858574,19.681675863356503,20.40966112426493,21.15683100341426,21.92130171791803,22.700687330117294,23.49204361519272,24.29181507950921,25.095788546086954,25.89905755190706,26.696002613514224,27.480293110241846,28.24491696564885,28.98224429577066,29.684130529026397,30.342062979422455,30.947352312208412,31.491366732632624,31.965802194530053,32.36297685674371,32.676133072444856,32.89972625425916,33.02967795550227,33.063571215604696,33.00076998372926
1892.147587511826,15.200864702016927,15.772691914708052,16.367272309210627,16.98480276852349,17.62531143659663,18.28862198929263,18.974313493858574,19.681675863356503,20.40966112426493,21.15683100341426,21.92130171791803,22.700687330117294,23.49204361519272,24.29181507950921,25.095788546086954,25.89905755190706,26.696002613514224,27.480293110241846,28.24491696564885,28.98224429577066,29.684130529026397,30.342062979422455,30.947352312208412,31.491366732632624,31.965802194530053,32.36297685674371,32.676133072444856,32.89972625425916,33.02967795550227,33.063571215604696,33.00076998372926
1890.00189000189,15.200531617028702,15.772133841471552,16.366487600334935,16.983793277051106,17.624083364055153,18.287186859434964,18.972689257481324,19.67988813505852,20.407744545432962,21.15483071663773,21.919274925985643,22.698704897357867,23.49019164999282,24.29019641450285,25.094524007418844,25.898286882531224,26.695884890124802,27.481006472797404,28.24665746753152,28.985223687591034,29.6885728167437,30.34819965410581,30.955416238484876,31.501584805226027,31.978387020066926,32.37811787562387,32.693987679400806,32.9204115775359,33.05326398551813,33.0900759153219,33.030156861620895
1887.861053426468,15.200625723921583,15.772413816889499,16.36697165016737,16.984500602043713,17.6250340660817,18.288401801930075,18.97418987060811,19.681696155356594,20.409881679159156,21.15731821596123,21.922133067870917,22.70195235666051,23.49384476135192,24.294268322418656,25.099023710831894,25.90321818957691,26.70124531067017,27.486786090720717,28.25283785086837,28.9917769113903,29.69546068872594,30.355373244147632,30.962815816065138,31.509140280560267,31.986018961631775,32.38573913773049,32.701505619859645,32.92773078235114,33.06028935363,33.09671590270795,33.03632665153563
1886.0807242549981,15.201721475470974,15.774057012842645,16.369200016366417,16.987351336169436,17.628543045367934,18.292602610267192,18.979112622483733,19.687366095654458,20.416317541448578,21.16453032826154,21.930121204769797,22.710703350960667,23.503329907949237,24.304440632542693,25.109815106392876,25.914536764777715,26.712972829828225,27.49877593450462,28.264913663120915,29.003732228501743,29.70705984425115,30.366353822856226,30.972892873985874,31.518012443738865,31.993376365230183,32.39127297705691,32.704918875688286,32.92874948510843,33.058673601894206,33.09226978664279,33.028906275422365
1883.9487565938207,15.20138835246619,15.773498841699992,16.368415119942185,16.986341536945307,17.627314514752616,18.291166844043904,18.977487547883253,19.685577311006778,20.41439968278548,21.162528548139786,21.92809273650241,22.70871911599792,23.5014761051399,24.302820225554147,25.108549100325064,25.913765136382242,26.712854950167664,27.499490302033514,28.266656754057074,29.00671627620866,29.711509387032386,30.372500916454154,30.98097095530621,31.52824895549723,32.00598440007674,32.40644235859231,32.722807238770464,32.94947401995547,33.08230415755868,33.118823970102454,33.05834702965154
1882.1757952192736,15.206400506496324,15.778637274120824,16.373680222104152,16.99173321127133,17.632832116364206,18.29680912214545,18.983252588545415,19.691462483406823,20.42040159140762,21.168642993888586,21.934314690104316,22.71504270741348,23.50789463292168,24.30932619008743,25.115134264595373,25.92042061723167,26.719571341846798,27.506257832159164,28.273465469827993,29.013556255956512,29.718370969039754,30.37937493371716,30.987848961952285,31.535123428389905,32.012848898310736,32.413291624619674,32.72963722813866,32.95628185210132,33.08908798736897,33.12558278815753,33.065080406996145
1880.0526414739613,15.207349375499467,15.78004779688622,16.37559105210362,16.994184168199403,17.635863773495036,18.300462266370563,18.98756753211553,19.69647820581363,20.426154690379615,21.17516642664659,21.94163629044224,22.723183471553366,23.516866778214506,24.319131006256324,25.125759797971394,25.931839254611315,26.7317373919077,27.519105237578263,28.28690581982828,29.027477302800776,29.73263587703359,30.393822498016842,31.00229501850907,31.549363628012472,32.02666293237744,32.426448868379254,32.741903618789834,32.96742766088753,33.09889600307734,33.13385633172976,33.07165056730788
1877.9342723004695,15.20716372185072,15.779723166948205,16.375124892782594,16.993575739280857,17.63511461814478,18.29957675449543,18.986553480452873,19.69534757623849,20.424924364393775,21.173859049072345,21.940281168712765,22.721817508434036,23.51553540516033,24.317889071940442,25.124672352122904,25.930982151914186,26.73119762564064,27.5189808999313,28.287305578205988,29.028519282425304,29.734445853732307,30.39653133497969,31.006035329631604,31.554265718360554,32.03285014967791,32.43403258984163,32.75097818184329,32.9780656082292,33.11114403554754,33.147732335286015,33.087141999966185
1876.1726078799247,15.207257911905968,15.780003415512569,16.375609461133394,16.99428389224557,17.636066531111783,18.300793374489132,18.988056331780605,19.69715850037016,20.42706518318219,21.176351140349855,21.943144943951737,22.725071783833226,23.519196660568408,24.321970596836955,25.129183284828247,25.935926427611037,26.736572860811695,27.524777255308717,28.29350465867485,29.035093149273774,29.74135624014868,30.40372916688184,31.013460657223277,31.561848155474127,32.040509894813944,32.44168206340182,32.75852425980072,32.98541236853552,33.11819586874263,33.154397216271356,33.09333468489413
1874.0629685157419,15.206924543185403,15.779444817783913,16.374823940959594,16.993273255633316,17.63483693370966,18.299356298372754,18.986429694445285,19.6953678970551,20.425145257099505,21.174347066317125,21.94111399886356,22.72308496196522,23.517340272672122,24.320347769467354,25.12791525097861,25.93515347290518,26.736454763632956,27.52549303799169,28.29525145527533,29.03808399971893,29.74581664768573,30.40989231218455,31.021561252566183,31.57211504582885,32.05315766246422,32.456902053099306,32.77647558865081,33.00621358941734,33.14191798950423,33.181058719252306,33.122899038849646
1871.9580681392738,15.208115415216831,15.781369796685519,16.377539161490372,16.99683535124066,17.63930215301836,18.30477939466488,18.992862555815243,19.702857885574105,20.433733228296127,21.184065046469858,21.95198250805891,22.735109986771697,23.530509914818758,24.33462862717219,25.14324862825161,25.951451559223457,26.753596980622905,27.54332280814614,28.313573704928892,29.056663756345646,29.76437911905644,30.42812482881238,31.03911740147316,31.58862121179091,32.06822201797225,32.470125806885456,32.787466035899804,33.01459824078659,33.147358837495176,33.183265577157044,33.121640895697176
1869.8578908002992,15.210222109679792,15.783687999451585,16.380078368074994,16.999604217916417,17.64230815378918,18.308028414912954,18.99635841684565,19.706601795495864,20.437723156712675,21.18829502354217,21.956441852906945,22.73978247614812,23.535372910740055,24.339652191846707,25.1483946661481,25.956673039140338,26.758837304398867,27.54851540590629,28.318641947538804,29.06152128141638,29.76893066420776,30.432267651548678,31.042743335998903,31.59161936784932,32.0704820663675,32.47154172538114,32.78794011636704,33.01404509589303,33.14570910633189,33.1804690255292,33.11766864437
1868.1113394358306,15.209888609364793,15.783129137311255,16.379292412846283,16.998592938411623,17.641077670991148,18.30659018122067,18.99473032817265,19.7048094374166,20.435801179278666,21.186288630275435,21.95440837735365,22.737793003844843,23.533513885289647,24.338026921129416,25.14712461913932,25.955898796770274,26.758719001802664,27.549232481971654,28.320392005937226,29.064517871623533,29.773399818385332,30.438443070139982,31.05086020580965,31.60190692100868,32.08315513968242,32.48679174137289,32.80592605545265,33.03488513410211,33.16947362572584,33.207175645091596,33.147279764091756
1866.019779809666,15.211079951496622,15.785055027441324,16.382009137277123,17.002157300142976,17.64554610588526,18.312017646371338,19.001168929934234,19.712306767170524,20.444398327968198,21.19601785892468,21.96529043126463,22.74983407412053,23.54670224397572,24.352329286695653,25.16248234795014,25.972224043604754,26.775891047144036,27.56709448267112,28.33874848356727,29.083133301135454,29.79199870745032,30.456711913414825,31.068451644472113,31.618446324930584,32.098249652955005,32.50004159826418,32.81693770470371,33.04328544133045,33.17492420386524,33.2093862396064,33.14601962963892
1863.932898415657,15.213748086940415,15.787366147200185,16.383936670189897,17.003675690657907,17.64663157002247,18.312649090867197,19.001329053453567,19.71198336046055,20.44358578582258,21.194718910178945,21.96351808302379,22.747613752260932,23.544074092953814,24.349350567313735,25.159229841853136,25.968796338469982,26.772410538369822,27.563708888879948,28.335631639190684,29.080484966463903,29.790043133284186,30.455694923284565,31.068636061098132,31.62010567483948,32.10166023340034,32.505473174040674,32.82464329841399,33.05349085862011,33.18781805939782,33.225111287464344,33.16466613351652
1861.8506795754981,15.213562275075125,15.787041212017765,16.383470028661307,17.00306657116628,17.64588148391161,18.311762377337118,19.000313501803443,19.710850911318808,20.44235330949526,21.19340905531498,21.96216018216142,22.746244762238156,23.542739537482856,24.34810543625547,25.158139387183386,25.96793669133204,26.771869056254666,27.56358412888255,28.336032845268278,29.08153095922353,29.79186050406384,30.458415464029873,31.072393410501004,31.62503122968108,32.10787845846458,32.51309653591456,32.8337671346507,33.06418855746301,33.20013694988562,33.239069613151905,33.180251402140726
1860.1190476190475,15.213656545400164,15.787321724095044,16.38395509826276,17.003775527894412,17.64683457955528,18.31298064832132,19.001818576183233,19.712664749896796,20.44449787005971,21.19590586888827,21.965029830760503,22.749506249280966,23.54640954498197,24.352197467714273,25.16266280204218,25.97289564623067,26.77726138045254,27.569400175780242,28.3422543785129,29.088130149111052,29.798799125830616,30.46564440124909,31.079852570565752,31.632649970406618,32.11557660190058,32.520786005941936,32.84135420018805,33.071576598238536,33.20722959564093,33.24577405125227,33.18648161433441
1858.045336306206,15.214605903806394,15.788733275187884,16.385867681697732,17.006229180293598,17.649870124317484,18.31663915761515,19.00614068384698,19.717689793300167,20.450262839432476,21.202444144698948,21.972369694061534,22.757669157251005,23.555408174988546,24.362033548880024,25.173324774186334,25.98435621251123,26.78947505179794,27.58230094107997,28.355753672020544,29.10211532141223,29.813132650991893,30.4801640626601,31.094372852863284,31.64696483670607,32.129463749299546,32.53401256861243,32.85368371730979,33.082776901819734,33.21708112694325,33.25407801311298,33.193067335016984
1855.9762435040832,15.216528534141995,15.790728582066427,16.38794260930629,17.00839164991117,17.652129163551457,18.319005039676544,19.00862507504922,19.72030590579941,20.453025584727783,21.205370281538347,21.975477962131475,22.760980385374047,23.558945349581595,24.365821825279742,25.177391410384647,25.988730402263776,26.794187632537632,27.587383952326764,28.36123974291144,29.108036872514056,29.819520906521785,30.487047885057542,31.101777432054956,31.65491029003661,32.137963712323675,32.543072877842285,32.86330129885481,33.09293898005991,33.22776485180441,33.265250572810594,33.20468657650194
1853.9117538005191,15.216622841688041,15.791009226960155,16.3884279476457,17.009101057790136,17.65308294577527,18.32022429244575,19.01013149300483,19.72212152294053,20.455172438117646,21.207869986596823,21.978351188915948,22.76424622688053,23.56262057611216,24.369920023716197,25.181922014179673,25.993697627441627,26.79958934716122,27.59321052161081,28.367472908845734,29.11464874425481,29.826473153844777,30.494291238912353,31.109251600063907,31.662544386747935,32.14567728083207,32.55077753944257,32.8709030120632,33.10034082482005,33.23487018802454,33.271966366117624,33.21092664983749
1851.8518518518517,15.217387096344966,15.792096846395053,16.38987526007697,17.01094741419568,17.655370783641402,18.32299914530344,19.013441928453208,19.726018988802053,20.459710993274246,21.21310589015553,21.984342318990404,22.771051298934463,23.570298131134127,24.37852715929527,25.19151283779956,26.004321422081173,26.811288455646082,27.606017978954416,28.381409881379266,29.1297218700787,29.842671919035006,30.511585564129344,31.127589846801456,31.681852013611547,32.165856379202715,32.57170744675321,32.89244213513361,33.12232970670778,33.25713572893867,33.29432697914196,33.23319801755733
1850.1387604070303,15.217481414666587,15.7923775405848,16.390360714574264,17.011657038675104,17.656324922231516,18.324218939723806,19.014949125422614,19.727835681177172,20.461859283770572,21.215607466371146,21.987217929044444,22.774320118651115,23.573977016711908,24.38262978419744,25.196048719587743,26.009294854428447,26.81669737298713,27.611852796037258,28.387652366782717,29.136344130295246,29.849635585913738,30.518841290371956,31.13507721812603,31.689499978199642,32.17358427176207,32.57942664433659,32.90005832611846,33.129745688298456,33.264254581320074,33.301055407679506,33.239449619913344
1848.0872297172427,15.217333492518469,15.792143189133771,16.390040752275393,17.011253973152584,17.65584333281104,18.323665914513953,19.014334754825324,19.727173607581367,20.46116730413174,21.214908180198204,21.98653941880445,22.773696642601777,23.573449685601997,24.38224718321333,25.19586742568438,26.009379787430237,26.817121907706277,27.612698553827578,28.389008600725067,29.13830662143325,29.852304981730224,30.522320843866314,31.139469928188866,31.69490518911913,32.18009385806295,32.58712097926857,32.909002296757045,33.139985063924435,33.275813051647255,33.31393257510322,33.25362015454599
1846.0402436773122,15.219965877861293,15.79436565893228,16.391823254798798,17.012567589150535,17.656661122784687,18.323963949083936,19.014093349492953,19.726378780969295,20.459812474355054,21.212996106626104,21.984084385304712,22.770726862548788,23.570009887665204,24.378401309626234,25.1917013411655,26.00500385778822,26.81267326416602,27.608342815610044,28.384940789742643,29.134750976667878,29.849513376493125,30.520569537378893,31.139054453790852,31.69613330146109,32.18327663045682,32.59256234913309,32.916987578622404,33.15076915130077,33.28960917077856,33.33090249806796,33.273866703478625
1843.9977872026552,15.223269174008735,15.798616978579023,16.397088758669664,17.018913166710618,17.664151168138194,18.33265984447575,19.024051617479167,19.737648868000758,20.472434133332964,21.226996355087838,21.99947403061553,22.787496607276214,23.588126058672035,24.39780129460254,25.212288867066412,26.02664430667964,26.83518929141041,27.63151060890484,28.40848737793119,29.15835305355105,29.87279813255463,30.543117974251054,31.16040757504415,31.715801415322556,32.200751761053766,32.60733344363345,32.92855784832057,33.15867454467882,33.29343670812421,33.330307062375475,33.26858492573935
1841.959845275373,15.222935094164217,15.798057044467262,16.396301146344037,17.0178995522372,17.662917584297492,18.33121766632097,19.022418682840293,19.73585073455252,20.470505467288348,21.224982437448524,21.997432354719763,22.785498525714306,23.586258418243066,24.39616797494323,25.211012112498548,26.025865713078268,26.83507028292283,27.632232216883757,28.410249121651596,29.161370725642612,29.877300318856996,30.54934119487307,31.168590025456766,31.72617541339527,32.21353516094626,32.622720444305834,32.9467097781947,33.17971131392588,33.31742965594244,33.35727386724908,33.298487087973214
1839.9264029438825,15.222935094164217,15.798057044467262,16.396301146344037,17.0178995522372,17.662917584297492,18.33121766632097,19.022418682840293,19.73585073455252,20.470505467288348,21.224982437448524,21.997432354719763,22.785498525714306,23.586258418243066,24.39616797494323,25.211012112498548,26.025865713078268,26.83507028292283,27.632232216883757,28.410249121651596,29.161370725642612,29.877300318856996,30.54934119487307,31.168590025456766,31.72617541339527,32.21353516094626,32.622720444305834,32.9467097781947,33.17971131392588,33.31742965594244,33.35727386724908,33.298487087973214
1837.8974453225512,15.223980453554848,15.799752048485825,16.39870329347001,17.021068606325223,17.666915077564166,18.33610622803583,19.02826116247232,19.742709086464846,20.478439363805755,21.234047578950644,22.007678450215455,22.796966926177205,23.598979399011306,24.410157683925927,25.22626922888806,26.04236789746383,26.852770544113536,27.65105537211505,28.430088582094246,29.18208589280988,29.89871492141665,30.571242918666172,31.190731779600544,31.748278519862815,32.23529464513007,32.643812438512654,32.966800838974606,33.19846922134587,33.334535044174395,33.37243187291216,33.311438133287766
1835.8729575913349,15.22379438854049,15.799426596363359,16.39823579810507,17.020458220328955,17.6661632365207,18.335217199142615,19.02724267183136,19.74157302691955,20.477202581713925,21.23273273333318,22.006314931033796,22.795591809811068,23.597638408161977,24.40890610616135,25.225172733162275,26.041503171902658,26.852225662465713,27.650929782569058,28.43049260353066,29.183139603658706,29.900546339288624,30.573985398881494,31.194520610577424,31.75324676348048,32.241568357102864,32.651505498880766,32.97600971225294,33.20926803233249,33.34697138144444,33.386523704856,33.327172137839945
1833.8529249954152,15.223888787298494,15.79970755470722,16.398721755262137,17.021168651151765,17.667118562080265,18.33643865127517,19.028752101934167,19.743392648373604,20.479354634673605,21.235239060455626,22.009196453271237,22.79886789296424,23.60132611385746,24.413019325674856,25.22972120947384,26.04649142489012,26.857651844414274,27.65678450609475,28.43675780100836,29.189787495070025,29.907538601982118,30.581272645093442,31.202042282960893,31.760931551301805,32.249335212705375,32.659265293729284,32.98366751562413,33.216725928714126,33.354131674158346,33.39329229523348,33.33346183346999
1831.8373328448433,15.224839867430697,15.801121898273903,16.40063852049273,17.023628242661637,17.670162224506164,18.340107934387916,19.033088175535305,19.748435444506303,20.485141795009604,21.2418046686781,22.016569536493826,22.807070683456157,23.61037207340448,24.422910950621873,25.240447655571405,26.05802601789289,26.86994957475056,27.669779642693218,28.45036179803157,29.20388740163663,29.92199621279239,30.59592464124521,31.216701598163425,31.7753901507141,32.263368384250484,32.67263742537589,32.996139175749285,33.228061898990404,33.36410943238681,33.401710339466604,33.3401472047464
1830.161054172767,15.226763598871418,15.80311893732133,16.402715902062788,17.025793994396782,17.672425498622573,18.342479149838983,19.03557916863489,19.75105962494979,20.487914302679698,21.2447425246812,22.019691779518183,22.81039847978546,23.61392878582726,24.42672214820058,25.24454104304535,26.062431260807237,26.87469799482914,27.674903758289577,28.455894687635126,29.209861875367952,29.928443788451215,30.602874338222826,31.22417858406581,31.783414300391062,32.271952836212435,32.681787242083715,33.00585022693485,33.23832008618087,33.37489035500741,33.41297946818294,33.351860579831595
1828.1535648994518,15.229531801516599,15.805716662121435,16.405134862574627,17.028027936737804,17.67447087010903,18.34433588643921,19.037251610913877,19.752557569325393,20.48925419022937,21.245948762958033,22.02079818335124,22.8114498043669,23.614982309145322,24.427849239906546,25.245828633390662,26.063983097228146,26.876635546857596,27.677366606655557,28.459040214976458,29.21386406952051,29.933490981522137,30.60916574238784,31.231919553784,31.792810352553047,32.28320259083835,32.6950745949291,33.02133621170558,33.256135001505534,33.39512679183435,33.435686854598046,33.37704175356814
1826.1504747991235,15.230445547055846,15.80704112863437,16.40690578875332,17.030282432541007,17.677247101931442,18.347672653321233,19.04118779234644,19.757131424185992,20.49450248623762,21.251905717201733,22.02749419745664,22.8189099834246,23.623224762291137,24.436883173259393,25.255652263555945,26.07458143624201,26.887978137262884,27.689405317577418,28.471707244681618,29.227070333581164,29.947125093215885,30.623093806520707,31.245985988781165,31.806839920630814,32.29700374675884,32.70844415942347,33.03406524256941,33.26801558863763,33.40595936477758,33.44528748890733,33.38524891944526
1824.1517694272163,15.230391850045503,15.807087560308915,16.40707163008913,17.030589699845528,17.677720843050253,18.34834125303653,19.04208327924418,19.758289768219598,20.495963872509712,21.25371477710288,22.029700173282635,22.821566797079388,23.62639095295099,24.440621663397817,25.2600299082292,26.079668308030005,26.893846500083605,27.696128248363657,28.479356874400693,29.23571569995966,29.956829627929277,30.633912519507692,31.25796245988109,31.820003259577287,32.3113657295891,32.72399678316331,33.050778950320776,33.28583839521073,33.42481705464524,33.46508496660893,33.405872678924005
1822.1574344023325,15.230205626337915,15.806761801852915,16.406603650516832,17.029978619994036,17.67696806623206,18.347451015215754,19.04106327849147,19.757151875495946,20.49472492234287,21.252397431779933,22.02833384749369,22.820188621243677,23.62504674255796,24.43936684859207,25.258930362834985,26.078801000953167,26.893299875844463,27.696002229450382,28.479762369082096,29.236773498866125,29.958668585343982,30.636666945074975,31.261768696397734,31.824995493251468,32.31767116718197,32.731730427134146,33.060038294547994,33.29669843237004,33.43732601397858,33.47926117436287,33.42170284948216
1819.8362147406735,15.231305700086072,15.808412259709163,16.408842980599488,17.032844884884412,17.68049811363353,18.351679504573088,19.04602149965898,19.762866336824583,20.501215688871298,21.2596762002941,22.036401754911157,22.829033797007234,23.634641635411715,24.449665384041374,25.269865020184458,26.09027993783545,26.905204272297006,27.708184070040627,28.49204292550671,29.248942809719694,29.970486244944173,30.647864498295025,31.27205388031046,31.834058460585464,32.32519266890025,32.73739172963802,33.063532381472264,33.29774182450324,33.43567037432118,33.474703788711636,33.41409511402231
1817.8512997636794,15.23336518674626,15.810784975848987,16.41155797970534,17.035933146852848,17.68399249787375,18.355614647737365,19.05043364407828,19.767793073809106,20.506695599284996,21.265748373452542,22.04310516619559,22.836406525048528,23.642719901797612,24.45848240286903,25.279449652123436,26.10065515440515,26.91638545141867,27.72017716393496,28.504842566475965,29.26253044722238,29.98482843639367,30.66291150249071,31.28773872115601,31.850296633483136,32.34188264653423,32.754416382880976,33.08076136351569,33.315034876121175,33.4528814058885,33.491685496150716,33.4307038096224
1815.8707100054476,15.233178889410517,15.810459062914926,16.411089740414972,17.035321677387376,17.683239177623975,18.35472369080353,19.049412730424063,19.766654062168268,20.50545532042167,21.264429497415854,22.041737130488332,22.83502650187763,23.64137377160801,24.45722568817069,25.278348350478346,26.099786393057208,26.915837869730137,27.720050915606414,28.5052488243909,29.263590293420442,29.98667103242535,30.665671465455976,31.291552681173375,31.85529901973716,32.34820083790168,32.762165456679405,33.09003876803003,33.32591542134334,33.46541299425182,33.50588598763862,33.44655932988163
1813.8944313440957,15.23422567372786,15.81215676533387,16.41349628649448,17.03849732713796,17.687246034176038,18.359625033855316,19.05527214263476,19.773534314845925,20.513416984414654,21.27352924676457,22.052025711026488,22.846546345661192,23.65415625200979,24.471288030977913,25.29369024453464,26.11638638069837,26.933649642530725,27.738999693584432,28.525228053767222,29.284458953800556,30.0082518905042,30.687750637867264,31.313880860809846,31.87759466478702,32.37015551147609,32.78345133549781,33.11031812133384,33.34485162038145,33.48268238547085,33.52118979275165,33.45963466290686
1811.922449719152,15.23686398005114,15.81438494847179,16.415283969614563,17.039815221075404,17.688066786029168,18.3599242612226,19.05502967560605,19.77273566578474,20.512055061249562,21.271606318195314,22.049555620887528,22.843556957764555,23.65069208524381,24.46741301660413,25.289490503272653,26.1119728768561,26.929160527842694,27.73460210793053,28.521119109012126,29.280865598410774,30.00542934633521,30.685979127837914,31.313460417829866,31.878837935519854,32.37337864332622,32.788963250670335,33.118408713816486,33.355779623972495,33.49666381062889,33.5383878774434,33.480152203289855
1809.9547511312217,15.236810237205926,15.814431423885322,16.415449982856927,17.04012283794524,17.688541117266638,18.36059377087589,19.055926491376912,19.773895880617477,20.513519011701586,21.273418820711406,22.051766142032488,22.846219688883195,23.653865886189156,24.471161187572847,25.293880339132926,26.11707495566855,26.93504768590719,27.741348059282107,28.528796679650352,29.2895445664003,30.0151739094545,30.696845060734272,31.32549202885155,31.8920649852106,32.38781343481602,32.80459813729751,33.135214280702165,33.373703778897266,33.51563196101514,33.55830427745666,33.50090243941372
1807.9913216416562,15.240026338596326,15.818412057104844,16.420243620494627,17.04577673947252,17.69510019535452,18.36809920781727,19.064414075118194,19.78339403225855,20.524046481541973,21.284982038990425,22.064356224565056,22.859809118050798,23.668404915398874,24.486574053312314,25.310061409567453,26.133884997842486,26.95231049302874,27.75884774117639,28.546275976417284,29.306704587642606,30.0316757161563,30.712313478966756,31.33952199922286,31.90423059865289,32.39767958217747,32.81173441961045,33.13921051869298,33.37418617076402,33.51227872326123,33.550859518624286,33.48918709659892
1806.0321473722233,15.239839876256939,15.818085825390755,16.419774878172166,17.045164551926934,17.69434591212905,18.367207015832,19.063391632085573,19.78225318249083,20.52280405284598,21.28366071437325,22.062985475726148,22.85842617883736,23.667055762361787,24.485314347201292,25.308957336317675,26.13301393103612,26.951761383277702,27.758721123445284,28.546683476940153,29.307767811575005,30.03352440980112,30.715082890610272,31.34334941348965,31.90925109145022,32.40402113323341,32.81951261846019,33.148523193393494,33.38510833842052,33.52485828919634,33.56511412315092,33.50510242121773
1804.0772145047808,15.239786112153574,15.818132322854437,16.419940983598927,17.045472365046887,17.694820586015016,18.3678770666922,19.064289251143176,19.7834145391743,20.524269574763636,21.285475325098965,22.065198766317387,22.861092483376108,23.670234101929776,24.489068201046788,25.31335419426729,26.138124578486096,26.957658870722703,27.765479378131456,28.55437552669508,29.316463611913324,30.043288296240068,30.725970718808945,31.355405498514713,31.922505109776253,32.41848519974265,32.8351787860005,33.165361633693365,33.40306644121147,33.54386085684991,33.58506474405854,33.525885988147145
1802.1265092809515,15.240701104060241,15.81945889930995,16.42171515504024,17.047731556413762,17.697603325412814,18.37122256450397,19.06823684977793,19.788003012521635,20.52953625616895,21.291455043723463,22.07192257466413,22.868586164215827,23.67851645160975,24.498149099006277,25.323232486245857,26.148785823899264,26.969073033032224,27.777598570009932,28.56713195747153,29.329767919742324,30.05702847640919,30.740011875556988,31.369590642419894,31.936657187996058,32.432410476137775,32.84867158132776,33.178210299014836,33.41506028585161,33.554797609161795,33.594758016583164,33.534172173538735
1799.8560115190787,15.240647333803922,15.819505404955905,16.421881300303124,17.04803946373234,17.698078177105383,18.371892913872525,19.06913493446358,19.789165059323604,20.53100276277275,21.29327101831486,22.074137709269987,22.871254911944714,23.681697972039963,24.50190703026108,25.327634497535662,26.153902899534827,26.9749784394933,27.784366463263794,28.574835600228667,29.338477499475314,30.06680854597804,30.750918479247435,31.38166823927435,31.949935537077764,32.44690169748542,32.86436764201898,33.19508118514505,33.43305309910967,33.57383676657913,33.61474663704657,33.55499461655308
1797.9144192736424,15.240460856077974,15.819179127531154,16.421412463102207,17.047427111060834,17.69732363559532,18.371000346410675,19.068111974721482,19.788023529204278,20.52975947160865,21.291948637695945,22.072765710642553,22.869870545319472,23.68034725308588,24.500645689710364,25.32652883144532,26.153030442236368,26.97442836431716,27.784239601423575,28.575243958552417,29.339543156792512,30.06866182031921,30.753695287961506,31.385506624996523,31.954971404920947,32.45326389946295,32.87217264470805,33.20442765154979,33.4440167871556,33.586466175886066,33.629059808623026,33.57097740285766
1795.977011494253,15.246452952317867,15.825766592496082,16.428635632873664,17.055327163621854,17.705942129993684,18.38037863160228,19.078290447355208,19.799040719087635,20.541650934192567,21.304745635143878,22.086493667523087,22.88454727241058,23.69598094400107,24.517232710859105,25.34405134690724,26.17145394184013,26.993699195367522,27.80428264097443,28.595960601394296,29.360809830192473,30.090329263827332,30.775588847249324,31.40742779358731,31.97670079816757,32.47456575554787,32.89280081812866,33.22413290469287,33.46255501448676,33.603607040923684,33.64459516769171,33.58472885867113
1794.0437746681018,15.246452952317867,15.825766592496082,16.428635632873664,17.055327163621854,17.705942129993684,18.38037863160228,19.078290447355208,19.799040719087635,20.541650934192567,21.304745635143878,22.086493667523087,22.88454727241058,23.69598094400107,24.517232710859105,25.34405134690724,26.17145394184013,26.993699195367522,27.80428264097443,28.595960601394296,29.360809830192473,30.090329263827332,30.775588847249324,31.40742779358731,31.97670079816757,32.47456575554787,32.89280081812866,33.22413290469287,33.46255501448676,33.603607040923684,33.64459516769171,33.58472885867113
1792.1146953405018,15.246117841415352,15.825204706184499,16.427844942518842,17.054309137985467,17.704702601533143,18.378928795305846,19.07664799905022,19.797231135770325,20.539708892412513,21.302716554316508,22.08443535271313,22.882531615158197,23.694095619844344,24.51558278835368,25.342760695697777,26.170666298035503,26.99357871354388,27.80501373738885,28.597746877805726,29.36387186890306,30.0949011099886,30.78191305172984,31.415748984246196,31.98725787994214,32.487583003478754,32.90847830571589,33.24263687633839,33.4840089319821,33.6280840767187,33.67211285812106,33.61524646303112
1789.8693395382138,15.247314937118496,15.827141018364077,16.430578035363364,17.057897279084116,17.709203888531338,18.384400050395474,19.083143396690247,19.804800529159532,20.548395806661343,21.312555819927983,22.09545036300929,22.89473120695602,23.707470599346276,24.530102155143336,25.35836765786165,26.187274220998432,27.011067203221618,27.82322512188132,28.616483415692112,29.382894067746648,30.113927574071187,30.800622278684124,31.433783480441992,32.00423085066953,32.50308768941922,32.92209978729172,33.25396587414569,33.49265683406396,33.63369817450712,33.67439062766316,33.613947729537685
1787.9492222420884,15.246979787847609,15.826579033127212,16.429787155279044,17.056878941720967,17.707963895457713,18.382949567736333,19.081500095726085,19.802989869616372,20.546452458821335,21.310525212515497,22.093390331444834,22.892713700545134,23.705583385969106,24.528450438039112,25.357075491697078,26.18648558490696,27.010946559338734,27.823957262910927,28.618272389621108,29.38596096888378,30.118507015003036,30.806957415210253,31.442119556625006,32.014807364583156,32.516129445107275,32.93780727813962,33.272505610598365,33.51415235081111,33.658222495277464,33.70196090546699,33.64452261117232
1786.033220217896,15.247074477959847,15.82686097110782,16.43027501180124,17.057592464745056,17.7089238255856,18.38417750741696,19.083018322340582,19.804821081458883,20.548619442242355,21.31305041819962,22.09629534820703,22.89601861646574,23.70930602952951,24.532605496597846,25.3616735116059,26.191531867207658,27.016439977555134,27.82988904491451,28.62462492338129,29.392706710895634,30.125607598209278,30.81436306720409,31.449768944867913,32.02262797890785,32.52403860497728,32.94571381081428,33.280312187498254,33.52175839826339,33.66552752216356,33.70886802695802,33.65094200792462
1784.121320249777,15.250108251880523,15.830521198107014,16.43460783853249,17.062644688261933,17.714742239946357,18.390808074706406,19.09050514153488,19.813205128458634,20.55793705597995,21.32333151169332,22.10756133063347,22.908280023729095,23.722559877457186,24.54683239378822,25.37683459886492,26.207565687704058,27.033259425676857,27.84737859032695,28.64263835607167,29.411065696764542,30.14410136419303,30.83274953889911,31.467777626106013,32.03996478100368,32.54039269762875,32.96076638006515,33.29374676440509,33.533272194110474,33.67484301189679,33.71574390429366,33.65518262707245
1781.895937277263,15.250054414392048,15.83056776970164,16.434774248623867,17.062953143130855,17.715218027747937,18.39147988103306,19.091405367865693,19.814370202706947,20.559407720539422,21.325153069849367,22.10978382698243,22.910958328460392,23.725753638277762,24.55060581337769,25.381255990778556,26.212706760642224,27.039194246409338,27.854182181016814,28.650384894199277,29.41982630715018,30.153941524073158,30.843726158770203,31.479935919309547,32.05333508931254,32.55498749091625,32.97657768537174,33.31074429214266,33.55140240708438,33.69402932150477,33.73588808074779,33.67616738887872
1779.99288002848,15.252698275471051,15.832801215632138,16.436566638320503,17.064274883593143,17.716041422693742,18.391780167173057,19.091161961670753,19.813568178595208,20.55803953724268,21.32322055453761,22.107300415649725,22.907951545156187,23.722267774088593,24.54670473789131,25.377025993792362,26.208259280563574,27.034668295789317,27.849746232294645,28.646237945511434,29.41619781693973,30.151089894527455,30.84193547363777,31.47951071285091,32.054593048078615,32.55825016940347,32.98215953967537,33.31894057787522,33.562476711289925,33.708201657858055,33.75332453067106,33.696972191675044
1778.0938833570412,15.253747777962165,15.834503785137663,16.438980772877034,17.06746151075199,17.7200634178157,18.396701695823598,19.09704761355742,19.820481858439415,20.56604307726376,21.332372014570304,22.117652041227544,22.919547362274038,23.735140813068394,24.560873899153105,25.39249259663893,26.225003373241314,27.052644851287432,27.868881408538623,28.66642564786297,29.437296859766935,30.172922108567867,30.864285135400905,31.502125667630487,32.07718784533159,32.580511417665775,33.003753515026105,33.33952289483909,33.581703612734856,33.725742239649435,33.76887303390633,33.71025941302869
1775.8835020422662,15.253560975489474,15.834176880324343,16.438510944424312,17.06684773976487,17.71930696805359,18.395806670888593,19.096021595870095,19.819336632576604,20.564795436770638,21.33104464640472,22.11627447523015,22.91815696418931,23.733783788454684,24.55960626196774,25.39138104060655,26.224125966990467,27.052091460968335,27.86875373630413,28.666836764212,29.438370106221697,30.174789259037986,30.86708373445003,31.505995515212344,32.0822666713438,32.58692988256491,33.01162977583361,33.348957074342934,33.592772584464605,33.73849517264003,33.783328114606704,33.726402072526426
1773.9932588256165,15.25673035651316,15.838214213786845,16.443484849882473,17.072828494173507,17.726365679795602,18.40401421147758,19.105447249986916,19.830046426088053,20.576850103533847,21.344497198965772,22.13116735318398,22.934518748385536,23.751625490952254,24.57891723220082,25.41212456891866,26.24623471819645,27.07546293242923,27.893246004814955,28.69226485883646,29.464503411716056,30.20135040454672,30.89374943909624,31.53239982845382,32.10800694513423,32.61157563415307,33.03473434618732,33.370071676825745,33.61146201031776,33.7543541290745,33.795996978872616,33.73558080233703
1772.10703526493,15.256543480064375,15.837887153667875,16.443014760147577,17.07221433095323,17.725608682548216,18.403118461507816,19.104420311136458,19.82890007022387,20.575601119987834,21.343168282105257,22.129788055496142,22.933126477541254,23.750266518059902,24.57764766481717,25.41101122659273,26.24535583106581,27.074908565972784,27.89311809840166,28.692676755228238,29.465578753137265,30.20322128292251,30.8965537182115,31.536277607637658,32.113096208574404,32.61800722371855,33.042626499627836,33.3795244724228,33.62255213414897,33.767130412188564,33.81047712400762,33.75174962902652
1769.9115044247785,15.25648959655868,15.837933769202124,16.443181343044184,17.0725231374498,17.726085064366096,18.403791184455443,19.10532187713024,19.830067031979752,20.57707437380518,21.34499331959803,22.132015149850936,22.935810774021984,23.753467992302895,24.58143090643865,25.415445000497858,26.250512365658537,27.080862517630948,27.899945146839777,28.70045179667798,29.474373679528917,30.213102366840957,30.907578665546882,31.548492390814882,32.12653184857343,32.63267674122908,33.058522294329954,33.39661640303875,33.64078655054282,33.786430329298085,33.83074362865781,33.77286448688092
1768.0339462517682,15.257593518451326,15.83959083212464,16.44543081730368,17.07540397177068,17.72963509872249,18.408046175183575,19.11031430902634,19.835824693092082,20.58361867166912,21.35233732350152,22.140161353251827,22.944748585461213,23.763170983083175,24.591853869863563,25.42652091114873,26.262149367928448,27.09294111935172,27.912315843554584,28.712933400025033,29.486752661881347,30.225133553778115,30.918987595933427,31.55897960891374,32.135779283907404,32.64035616647447,33.06430563675991,33.40018744225237,33.64185329978243,33.784737214355985,33.826082491715674,33.765083484094056
1765.8484901995407,15.260091262314567,15.841591018329218,16.44690334754959,17.076321468573166,17.729974145435072,18.40778880225742,19.109449752242362,19.83435144556433,20.581546844269493,21.34969131698954,22.13698282867969,22.941099696197828,23.759137800993276,24.58754989905262,25.422090535172874,26.25777102153075,27.088829916389738,27.908725333933575,28.710156078166026,29.485118818737497,30.225008067718246,30.92076431044371,31.563073061195908,32.142613736581524,32.65035215218488,33.07786453381904,33.41767492095791,33.66358275958186,33.81095450994726,33.85695326741477,33.80068427131939
1763.9795378373612,15.262307445129782,15.844209754435969,16.449953470799098,17.07983212458455,17.73397436385927,18.412306956581702,19.114512890349825,19.839984474262447,20.587771552087506,21.35652522216751,22.144437843976156,22.94918060954993,23.767840581838893,24.59685985490557,25.43198036232104,26.268198817670115,27.09973725120583,27.920035504802684,28.7217727097457,29.49692499318543,30.236866190882644,30.932516921417083,31.574544770272087,32.15361442295197,32.660681463897674,33.087317610722806,33.42604911686273,33.67068499186447,33.81660873937794,33.86100753586035,33.80301672220259
1762.114537444934,15.263076353529835,15.84530481480744,16.451411831670416,17.081694115667208,17.736283582681345,18.41511030242202,19.117860527615136,19.843929704085316,20.592370567431306,21.36183671833138,22.150522453439518,22.956100128075438,23.77565695233655,24.60563387762147,25.441770105522263,26.279057713380762,27.111711876983264,27.933163076148457,28.736078339160468,29.512418810795374,30.25354046616933,30.950343371966856,31.59347228523833,32.17356745730982,32.68155936428522,33.10899510488569,33.44837813001894,33.69349784497795,33.83972264592012,33.88423016428127,33.82615245683766
1759.9436818021823,15.263171246197091,15.845587429451731,16.45190099224533,17.08240974962752,17.73724663904325,18.41634262352295,19.119384664420682,19.8457686638198,20.59454748149199,21.364374418076185,22.15344294177162,22.959423936108863,23.779402373207958,24.609816074161454,25.44640009548454,26.284141245675965,27.117248225162783,27.939143791224385,28.742486022234015,29.5192259856888,30.26070865117371,30.957822464749796,31.60120038177049,32.18147121975283,32.68955502993386,33.11699018604207,33.45627379395113,33.70119188925705,33.84711290753411,33.8912181345095,33.83264683189565
1758.087201125176,15.263940376550005,15.846682915478869,16.453360037358483,17.08427274974013,17.739557270635547,18.419147878924864,19.12273481632806,19.849717137647172,20.599150610615293,21.3696910535579,22.159533885132888,22.96635116161623,23.787228005658093,24.61860109016192,25.45620272183554,26.29501503891279,27.1292398329324,27.95229042010152,28.75681266850334,29.53474252524167,30.27740693015364,30.97567357994716,31.620152382475688,32.20144749180883,32.71045362751656,33.138684347130464,33.47861380493644,33.72400835301866,33.87022132750541,33.914424574561146,33.85575427490331
1755.9262510974538,15.264035280097133,15.846965579959145,16.453849315517704,17.084988603262612,17.7405206887596,18.42038075071611,19.12425974641754,19.851557194157962,20.6013289931708,21.37223066888015,22.162456818057567,22.969678030698464,23.79097719531508,24.622787855945706,25.460838172425436,26.30010500819651,27.134783668399557,27.95827972970097,28.76323008662666,29.541560578373957,30.284587101833893,30.98316568979561,31.627894401012234,32.20936590693652,32.71846445562421,33.14669483929914,33.48652483756186,33.731717417693936,33.87762595745073,33.92142597789253,33.862260902722575
1754.0782318891424,15.265821703106244,15.848739776795675,16.45561918574202,17.086764762334248,17.742316997538058,18.42221491424875,19.12615398292337,19.85353897183463,20.60343182783902,21.374494969250772,22.16493075729064,22.972418412711974,23.794050271913143,24.626270036429116,25.464816551442325,26.304677621239556,27.14005936931377,27.964377573440633,28.770278096811413,29.549693787252004,30.293944774728867,30.99388769116656,31.640116727243814,32.223215500744296,32.73405352213934,33.16411499186631,33.50584149360415,33.752964920097455,33.90080389504627,33.94649710813523,33.88915094257197
1751.927119831815,15.26985895860893,15.853248824342247,16.460630365209127,17.092308441171685,17.748423069730645,18.428912176009753,19.13346936770467,19.86149662752487,20.612052020538556,21.383792801250067,22.174914692421613,22.983088610752187,23.80539674590068,24.638270663246956,25.477434987335442,26.317861200142723,27.153737092452413,27.978458332095492,28.784649303526844,29.564220619556636,30.30847025326692,31.00823381312513,31.654086847632893,32.23659809112179,32.7466273351769,33.17565552379255,33.5161284772274,33.761790420693345,33.9079804490498,33.95186527072185,33.89258561814245
1750.0875043752187,15.269522805053207,15.852684958246305,16.459836546632626,17.091285925262547,17.747177482957095,18.427454528681068,19.131817210570308,19.859675355929863,20.610096323130815,21.381748241035893,22.172839395479908,22.981055021625696,23.803493388215237,24.63660381941166,25.476130182726486,26.317064346262082,27.15361511261611,27.979199066140318,28.786460470411768,29.567327615810214,30.31311258938695,31.014660047639165,31.662547975878837,32.247339484316065,32.75987949835685,33.19162413155208,33.53498432565519,33.78366006659971,33.93293835690823,33.97992822702285,33.9237099954108
1747.9461632581717,15.26961777890485,15.852967839811571,16.460326215753902,17.092002376059302,17.74814174336355,18.428688533738885,19.133343619268068,19.86151730028482,20.612277077359618,21.384290798252273,22.17576593964572,22.98438628379261,23.807247878824295,24.640796933019978,25.480773178482178,26.322163217193175,27.15916936963818,27.985200478636383,28.792891823822753,29.574161566702752,30.320310717804194,31.022172221988768,31.67031215298862,32.255282061875654,32.76791631442662,33.19966216356239,33.54292408006839,33.79139857548167,33.94037261925235,33.98695886454663,33.930244849035574
1746.114894360049,15.270387433366503,15.854064127707623,16.461786443688606,17.093867064352153,17.750454717744123,18.431496964771423,19.136697991556247,19.865471290079235,20.616887313616356,21.389616478691412,22.18186827027514,22.991327708187157,23.815091062859857,24.649603472639146,25.490602003502715,26.33306867442238,27.17119898494597,27.99839242135057,28.80727212855252,29.589741207241428,30.337082673352874,31.04010872368403,31.689362342151426,32.275370321545765,32.78894154199245,33.22149822436822,33.565421612880876,33.81438821057625,33.96366952815453,34.0103684066761,33.95356894129119
1743.9832577607256,15.27245763639682,15.856450755868664,16.464519251998748,17.096977851550047,17.753977293940736,18.435467064140443,19.141153115601142,19.870450464865957,20.622430742321377,21.39576506910916,22.188663015871736,22.998808901307335,23.823297320342384,24.65857055805415,25.500361437279082,26.343646134121546,27.182612513635128,28.01065048295669,28.820371575235026,29.60366525431396,30.351799009925678,31.055567918150036,31.705496725279463,32.292093539183014,32.80614895665478,33.239068304076135,33.583218373963376,33.83226468241234,33.98147209305501,34.027941755228696,33.970761293885744
1741.8568193694482,15.27337660527846,15.857783855288806,16.466303213065814,17.09925093675642,17.756778996557106,18.438837696878785,19.145133267795867,19.875080306027066,20.627749149339056,21.401808555093837,22.195464441179663,23.006395952437867,23.8316907509204,24.667782198908863,25.510392000546297,26.354482859976013,27.194226737903776,28.02299523888049,28.833379381240345,29.617246278365158,30.365839834397036,31.069931149642624,31.72002169230413,32.30659828776646,32.82043368235508,33.252920246367786,33.5964180514437,33.84459318098482,33.99271895991285,34.037912930179026,33.97928645517925
1740.0382808421784,15.27332260130494,15.857830589620134,16.466470275152314,17.099560737832146,17.75725708448846,18.439513083219264,19.14603875949306,19.876252831045587,20.629230061549993,21.403643899093968,22.197705152260703,23.009097960841157,23.83491495304705,24.671594251779297,25.514861890257666,26.35968419127321,27.200235691716525,28.02988914961016,28.841234897775045,29.6261370943155,30.37583400543994,31.08108805951563,31.732388782249533,32.32020772255442,32.83529918154368,33.26903435130678,33.6137501143598,33.8630883413912,34.012298309800585,34.058474965753945,34.000709782132404
1737.921445950643,15.277081418036213,15.861733602709265,16.470526133855135,17.103778816741396,17.761647548002795,18.444086951344786,19.150807972892636,19.88123031236632,20.634429768948916,21.409080866525986,22.203395509484885,23.015058924265695,23.841164776538886,24.67815212454462,25.521747767080857,26.366918539123244,27.20783913646259,28.037882007935302,28.849636583037512,29.634965391792807,30.38510422265919,31.09081207139996,31.742574008085434,32.330856090823644,32.84640615684924,33.28058811130189,33.625730969627845,33.875468483974316,34.02504195465919,34.071538914877806,34.01404439771716
1736.111111111111,15.27684000725394,15.861452313223879,16.470221613185203,17.103472334110663,17.761365794945224,18.443862933658398,19.150681991771332,19.881251027141786,20.634655326538898,21.40958007304322,22.20424900718936,23.01636032192958,23.843021663345326,24.68068687723727,25.525098038156198,26.371237292135813,27.213294075739096,28.04465423811357,28.857918334050705,29.644956663389465,30.3970082457526,31.10482955690253,31.758896259804793,32.34965719438543,32.867834610523076,33.30475841698547,33.6527158250168,33.90529227845909,34.05767624426822,34.10690042170614,34.0519958540875
1734.0038148083922,15.279061119226721,15.864077710207516,16.473280520419344,17.106994343281936,17.765380439689853,18.4483991514632,19.155767454928107,19.88691132527098,20.640912984132758,21.416453387949545,22.211750700522366,23.024495997202308,23.851788083371133,24.690070082231824,25.535071348041484,26.381759260542623,27.22430649229243,28.05608030803315,28.869661197401697,29.656898446355573,30.409009857156775,31.1167314473361,31.770520339777097,32.360810054264604,32.87831209427534,33.31435147550206,33.66121742346582,33.91250497555624,34.06341992722024,34.111019598682105,34.05436590043903
1731.9016279875302,15.27983173798256,15.865175556261287,16.47474308180481,17.108862356895962,17.767697988032225,18.45121370742782,19.159129856568423,19.890875658964926,20.64553635090963,21.42179552413081,22.217873420612094,23.031462424634743,23.85966163396579,24.698913166916984,25.54494376669772,26.3927162689824,27.236396540800925,28.069342473793572,28.884122365298587,29.67257033293153,30.425886019180005,31.13478446561347,31.789699413958036,32.38103927621463,32.89948967517474,33.33635017440849,33.683886355322386,33.9356728641972,34.08689972342214,34.13461422480118,34.07787473925022
1730.1038062283735,15.279926841734861,15.865458889871256,16.4752336513967,17.109580305730688,17.768664518552917,18.45245095696449,19.160660716339237,19.8927235248637,20.647724793659318,21.424347865906174,22.220812205449985,23.034808771190356,23.863434461842846,24.703128292367317,25.549612870449057,26.39784574878143,27.24198627428468,28.075384533574,28.89059974721626,29.679455779122613,30.43314103774963,31.142358665043542,31.797530278575877,32.38905250418499,32.90760017796101,33.344463793643314,33.69190229012562,33.94348672456997,34.09440704396992,34.14171420205026,34.08447391026532
1728.0110592707792,15.280697652433405,15.866557089484282,16.476696778616844,17.111449159368807,17.77098325577129,18.455267139486136,19.164025286425368,19.89669068930335,20.652351790289753,21.42969458350035,22.226940624510018,23.041782190774587,23.871316476720985,24.711981486455343,25.559497197758798,26.40881658335402,27.254092127171827,28.088664459172616,28.90508049397317,29.695148780667196,30.45003938815309,31.160434272161698,31.816731435577964,32.40930215194112,32.92879513864712,33.36647522767273,33.714577556775026,33.96665271116131,34.11787487919316,34.165285106787096,34.10794579260468
1725.9233690024164,15.280643596022392,15.866603876248117,16.476864054797247,17.111759409723746,17.771462122243385,18.45594375275483,19.16493260284877,19.897865822552095,20.65383632302586,21.431534839711233,22.229187877582117,23.0444927761917,23.874551771654314,24.715807711940702,25.56398499337541,26.41404030041736,27.26012878591176,28.095592320049093,28.912977205319446,29.704089086385434,30.460092411885977,31.17166043871378,31.8291791447794,32.42300438010336,32.94376620025482,33.38270797380988,33.73204130420599,33.98529217553756,34.13761032131416,34.18601379481061,34.12954474864578
1724.1379310344828,15.285426048817058,15.8711919698238,16.481236902937287,17.115896330453097,17.775343140210563,18.45955022586978,19.168247990473745,19.90087661191796,20.656533128513615,21.433913685658204,22.231251668709774,23.04625294989796,23.87603011254454,24.71703829044275,25.565016166692708,26.41493668548645,27.26097308129093,28.09648681876891,28.914044807203897,29.705473591567074,30.461957864424864,31.174189299041075,31.832569110997603,32.427463757983936,32.9495078422807,33.38994196306616,33.74096673328836,33.996088537606774,34.15042915694543,34.2009712920063,34.14671595218619
1722.0595832615807,15.286480117048509,15.87290291949163,16.483664373084736,17.119102578979774,17.77939258023135,18.464508784451315,19.174182255697296,19.90785273171085,20.664615423452776,21.44316293871706,22.241723058639565,23.057993602769766,23.889076259283204,24.731412038437803,25.580721922220068,26.43195730187754,27.27926585601022,28.11597952002305,28.934631974668992,29.727013420832197,30.484270042007235,31.197054191993903,31.85572871705074,32.45062477293587,32.9723470881028,33.41211423811183,33.762114903877816,34.015855413982884,34.16847042853873,34.21696858916244,34.16038900321617
1719.986240110079,15.286292501888816,15.87257440555661,16.483191949153333,17.11848502844834,17.77863096816852,18.463607024486,19.173147762300875,19.906697161242295,20.663355503927505,21.4418213833087,22.240329551077963,23.056585833722117,23.88770098123176,24.730126092390744,25.579593172991824,26.431065400281156,27.278702727399267,28.115849461338634,28.935051229643136,29.7281090994685,30.486178260920113,31.199917341837004,31.859691816339215,32.45583094566025,32.978932302654094,33.420201557927314,33.771808609836974,34.02723544365238,34.1815876155018,34.23184115954592,34.17700069034807
1717.9178835251676,15.287346691135584,15.874285657388988,16.485620003821943,17.1216922625992,17.78268193266543,18.46856780436742,19.179085124667917,19.913677454327527,20.671443269311855,21.451077643976024,22.25080974167503,23.06833734719458,23.900760319300243,24.74451562760587,25.595317558828025,26.448107704074804,27.297020409394488,28.135370380909002,28.955669924177798,29.749683646980433,30.50852809530038,31.222822427415807,31.88289359072282,32.47903539062461,33.00181538911013,33.44241712773443,33.792998513291195,34.04704147292549,34.19966450394405,34.24786970720557,34.190699977062366
1715.854495538778,15.28928798314976,15.876302944025479,16.487720648608956,17.123884671531357,17.784975695207855,18.470973846470038,19.18161587215111,19.916347003769804,20.674267561959294,21.4540746361442,22.25399956258435,23.07174243215789,23.904405502711562,24.74842817639349,25.599527123189315,26.452646158833673,27.30192155684985,28.14066948544888,28.961403051304714,29.75588678595768,30.51523605655158,31.230067523892917,31.890704136684878,32.48743408031779,33.01081764865473,33.45202956123564,33.80321758258097,34.05785255305506,34.2110414388999,34.259774951262884,34.20308535058524
1714.0898183064794,15.290342590823462,15.878015010958158,16.4901500575541,17.127093962060904,17.7890296024364,18.47593866140095,19.187558589233085,19.923334218664,20.682364081193615,21.46334176101863,22.264493013346428,23.0835098862707,23.917483734366538,24.762839804784264,25.61527700594574,26.469717505612927,27.320271886900773,28.160226611242372,28.982061335316317,29.77750398388025,30.537631118670973,31.2530197645074,31.913954183813647,32.51068696825624,33.03374830096098,33.47429072654099,33.82445003913463,34.077697116662016,34.22915203629287,34.2758318102526,34.21680725981956
1712.035610340695,15.292946472999015,15.880308918304475,16.4921223172162,17.128736695085045,17.79033989555765,18.47691994564776,19.188222242774614,19.923701406569837,20.6824678370048,21.463229303369708,22.264228274378045,23.083176206277304,23.917186648223574,24.762709809742358,25.61547215759805,26.470425640576632,27.32171221998429,28.162650406773423,28.985751314739,29.782772115389772,30.54481445261658,31.262474044511233,31.926045089999835,32.525779041381476,33.05219184888619,33.49640730562788,33.85051739308945,34.107934689799784,34.26370829839944,34.31477458870592,34.26011805225927
1709.986320109439,15.292758697074857,15.879980093548111,16.491649401160984,17.1281184381025,17.78957732894192,18.47601695004431,19.187186202660484,19.92254395432529,20.681205686731268,21.46188516967403,22.262831864501916,23.081765264858493,23.91580802235472,24.761420487723317,25.6143402180226,26.46953102976869,27.321147256569937,28.162519894476905,28.986172131489194,29.783872142762558,30.54673071961421,31.265349989022955,31.93002689440052,32.53101107738467,33.05881136812393,33.50453862725189,33.86026595176809,34.11938139515031,34.276904697161044,34.32973929585884,34.276834820537665
1707.9419299743806,15.293813789666693,15.881692964544945,16.494079985292473,17.13132934148677,17.79363337114701,18.480984528249493,19.193132443479048,19.929535616211904,20.68930777450349,21.471159223268778,22.273333887619362,23.093543266793624,23.928899159462603,24.775847811122887,25.630109062816043,26.486625119469718,27.33952464514366,28.182108926706256,29.00686766763557,29.805532360263097,30.569174863995745,31.288357485781123,31.9533382377563,32.55433086412278,33.08181373153579,33.52687514209998,33.88157583451884,34.13930354057145,34.295090816066285,34.345867203028824,34.29062081788334
1705.9024223814397,15.295754985528752,15.883710256027662,16.496180756121834,17.13352201937538,17.7959275690132,18.483391197605265,19.195664038428255,19.93220626529586,20.692133456051515,21.474157937897292,22.27652581902911,23.096950919026117,23.932547455329836,24.779764132739984,25.63432321128778,26.491169167214196,27.344432651698796,28.18741648800161,29.012611270701854,29.81174852141436,30.57589903985641,31.295622764010854,31.96117383806399,32.56276050900829,33.090853977305954,33.53653378937296,33.891850557505514,34.15018087941066,34.30654566134889,34.357862864751176,34.30310971567932
1703.8677798602828,15.296810496718738,15.885423942664696,16.49861269573911,17.13673498142542,17.799986557854954,18.488362817081498,19.20161564338591,19.9392048627224,20.700244317064282,21.48344288237891,22.28704113820934,23.10874490895776,23.94565754738707,24.794213627514196,25.6501176510888,26.508292421052804,27.362842835696995,28.20704190296433,29.033346604412348,29.833451630622466,30.598388686964068,31.31867772345407,31.984533791624095,32.58612910109087,33.11390428684166,33.55891628892764,33.91320338096169,34.17014193369253,34.324765839045824,34.37401939756192,34.31691860509139
1702.127659574468,15.296473140527695,15.884857754181516,16.49781515524881,17.135707057688993,17.79873359678699,18.486895571717156,19.19995145413055,19.937368992698477,20.69827144097249,21.48137871808241,22.284944197609754,23.10668832806309,23.943730934318754,24.7925248414041,25.64879439475132,26.507483497194176,27.362718882648952,28.20779539548756,29.035190883847942,29.83661872432414,30.603125698729485,31.325241634061104,31.99318460914476,32.597121446953416,33.127477689532824,33.57528466494073,33.93254438168356,34.192586987484745,34.35039177836801,34.402842500370156,34.3488916889563
1700.1020061203672,15.300337711689972,15.88905667484265,16.502376422701047,17.14066058274904,17.804111196804033,18.49273091911899,19.206279968009454,19.944227658859703,20.70569854378605,21.489413465562443,22.29362621964468,23.11605702698604,23.953824667511114,24.803379917968265,25.66044387320027,26.519955779403823,27.376036111839262,28.221971683431242,29.050230415173807,29.85251381330349,30.61985490481917,31.342768073735222,32.01145462841612,32.616063835052955,33.147003612114666,33.595288468101906,33.952905361980285,34.21317213914368,34.37105942517914,34.42344661146602,34.36928658451732
1698.0811682798437,15.30241614634216,15.891453994785472,16.505122925146072,17.143788700028153,17.807655475582077,18.496727945047564,19.210768220957366,19.949247281525054,20.711291004228688,21.49562109221439,22.30049158597648,23.123622162666305,23.962130074168144,24.812463371266087,25.670338999725026,26.53069040775178,27.387630413201062,28.234436138558575,29.06356367205927,29.866700532460467,30.634863724605363,31.358549862800203,32.02794122012151,32.6331674518677,33.16461717799942,33.6132869663576,33.971148321373455,34.231507225410766,34.38932698980427,34.44148492446125,34.38693737678535
1696.0651289009497,15.3033387696408,15.892793067058765,16.506915826968964,17.146074450643436,17.810474442790905,18.500121443492716,19.21477797721802,19.953914742784374,20.716656466396536,21.501722623753977,22.307363725896476,23.1312943759405,23.970624956107045,24.821794605047558,25.6805090893503,26.541688232912612,27.39942868328847,28.24698885988758,29.076803783661312,29.880537908080644,30.649183776218187,31.373213006053426,32.04278346472243,32.64800234951437,33.179239288310555,33.627476883870145,33.98467914941267,34.24415220225565,34.40086779690768,34.45172007003928,34.39568998366182
1694.0538709130951,15.303284550906016,15.892840010789456,16.50708372638068,17.14638597804011,17.810955477078604,18.500801412065584,19.21569020483073,19.955096796766306,20.718150483523818,21.50357559921601,22.30962773907213,23.134026721231397,23.973888140104155,24.82565616429205,25.68504117663825,26.54696691560034,27.40553289591379,28.253998957591445,29.084799654652638,29.889596625074436,30.65937680029718,31.384603002476414,32.05542084740139,32.66192173464428,33.19445609962379,33.64398440030078,34.00244630673509,34.26312244083822,34.42095918088251,34.47282679121401,34.41768522015495
1692.047377326565,15.304057645923159,15.89394189584965,16.508552385479504,17.14826274319055,17.813285139938895,18.503632284751806,19.219074111523003,19.959088974025633,20.72280936332051,21.508962444740707,22.315806099793157,23.14106167087471,23.981845259962455,24.834600235447883,25.6950345494858,26.558067534863433,27.417791975695728,28.267458325287308,29.099488815812517,29.905529643597294,30.676549138116894,31.402988516296514,32.07496919023089,32.68255644704039,33.21607368760762,33.66645467172868,34.02561416666749,34.28681122781608,34.44497546961443,34.49696641450801,34.441740104365074
1690.0456312320432,15.306286987046807,15.896578587239633,16.511626333149135,17.151804310665867,17.817324727788026,18.508199794088597,19.224198273078592,19.964796523992206,20.729124047840003,21.515903837119705,22.32338821886455,23.149291396095755,23.990720549609417,24.844108169422586,25.70514923846211,26.568747963148503,27.428979876067274,28.279076219065946,29.11143838805438,29.917690657283536,30.688779116272936,31.415123428851064,32.08682536370436,32.693933860929356,33.22676072589496,33.6762342621689,34.03427107494174,34.29414010000447,34.45078906558473,34.501103380838636,34.44407162623828
1688.0486158001347,15.310007986567264,15.900547950857767,16.515872881355072,17.156360518342645,17.822227122929004,18.51348937294083,19.229920922208308,19.971003435562928,20.735872109154187,21.52325596911392,22.331413630750703,23.158065714817404,24.000325773541054,24.854632386374746,25.71668603955154,26.581395477933125,27.442839352587825,28.294250077728208,29.12802769372994,29.935791982809846,30.708480815332955,31.436501398053146,32.109938450686755,32.71881916131934,33.25342909562157,33.704666436738535,34.06441481492529,34.32590875490897,34.48406185676382,34.53572755146293,34.47986641164625
1686.056314280897,15.309670040665793,15.899980669033749,16.515073646575946,17.155330201024054,17.820970974245522,18.512018061246035,19.22825172200217,19.96916157432027,20.733892270968298,21.52118394490914,22.32930809213371,23.156000071847117,23.998390055309894,24.852935057111928,25.715355632315283,26.580581894024597,27.442714639990044,28.295008470146247,29.129884669117235,29.938982094534474,30.713254069875923,31.443118010232624,32.118661908947665,32.72990768464756,33.267125754302924,33.721188423488485,34.083942559651,34.34857573414721,34.509946014293,34.56484518662465,34.51216919651585
1684.068710003368,15.30976552090672,15.900265264192754,16.515566656663438,17.156052118016785,17.821943410994795,18.513263634112754,19.22979387653847,19.97102434204232,20.736099944199648,21.52376065601301,22.332277283460307,23.15938384373969,24.00220838196659,24.857204864488835,25.720089739126006,26.585787826779544,27.448393346343252,28.301152971727966,29.136478715179354,29.945998900013993,30.72065524373639,31.450852798776083,32.1266668895772,32.738107042859376,33.275432255206915,33.729505145300216,34.092165390374724,34.35659654936439,34.517656364752646,34.57214024498285,34.51895166007492
1682.0857863751053,15.312770325663829,15.904007002900423,16.52011342974415,17.161475872129465,17.8283196364765,18.520670896165104,19.238313143275327,19.980738068363454,20.74709086711277,21.53611025518156,22.346063861330883,23.174680183794216,24.019078952924243,24.87570255437114,25.74025212786382,26.60763304128357,27.47191558905153,28.32631787296369,29.163218729820535,29.97420904590829,30.75018955524863,31.481521931764405,32.15823734768186,32.770302480305354,33.307937230206285,33.76197153872904,34.124221467772095,34.38785835025305,34.54774079213037,34.60067895555932,34.54560468176818
1680.1075268817203,15.312432256259003,15.90343947084905,16.51931377839385,17.160444930407007,17.82706261377641,18.51919842106358,19.236642455696956,19.97889437073172,20.745108833677463,21.53403568952743,22.343955479379016,23.172611482779143,24.01714010535791,24.874002239675892,25.738919183482356,26.60681778081165,27.471790599667397,28.32707807215356,29.16508043808114,29.977407825742695,30.75497658698994,31.488158753637727,32.16698888934756,32.78142846916959,33.321682242349404,33.77855418336068,34.143823404155256,34.41061399705387,34.57372865694032,34.629915452978395,34.57804111139244
1678.133915086424,15.313639920751045,15.905395239668803,16.522077847690113,17.16407859933522,17.831627436589397,18.524755118530553,19.243249546931253,19.986606485538122,20.753974666762723,21.544095562366802,22.355238484450734,23.185132199745325,24.030894901226805,24.88896519669131,25.755037740896256,26.62400823062318,27.489933641478768,28.34601470615585,29.18460855263134,29.99727990806804,30.774899038968183,31.507793311948454,32.18595661064164,32.79931662735651,33.338054284458764,33.79296260433669,34.15582505154616,34.4197869495649,34.57968950154223,34.63233558589989,34.57666066825352
1675.8840288252054,15.316156282476697,15.907412309025839,16.523564341156955,17.165005804697042,17.831970463962605,18.52449440939732,19.2423726707474,19.985110250243416,20.751867563040268,21.541400550657702,22.351996117254274,23.18140404824442,24.02676722342482,24.884552742943562,25.750487541494024,26.61950314959455,27.485695413448486,28.342306103972483,29.181734270894268,29.995585703941487,30.77476866283871,31.509642805218977,32.19022566453801,32.80645689797388,33.348514846303964,33.80717307926495,34.17417733066964,34.442616768658525,34.60725935969243,34.66482054296596,34.61413837851273
1673.9203213927017,15.319352061525127,15.911487593786928,16.528590626042412,17.171056679162568,17.8391208211905,18.532819406259122,19.251946395712018,19.99600405376111,20.76414800482543,21.555126921249695,22.36721749856322,23.198155891064562,24.045067440924775,24.90439734982988,25.771845910676525,26.642313013033938,27.509857801621262,28.367680497337123,29.208134322307995,30.022775974676303,30.802462883494197,31.537504208460216,32.21786991773002,32.83345806879406,33.37441464717227,33.831493353949455,34.1964353865023,34.46234276353595,34.62401459043518,34.67821522778587,34.623847449531446
1671.9612104999164,15.319255574107398,15.911439101830473,16.528606360028572,17.17115587254464,17.839326136541477,18.53315739799755,19.252448004853488,19.996705126687786,20.765089823557943,21.556356726985506,22.368788983194133,23.200129622969435,24.047511181666323,24.907386207815215,25.775462267062085,26.646646145321235,27.515003123239687,28.373738329441995,29.21520812006931,30.030969947951196,30.81187898434079,31.548238507884022,32.230008461574585,32.84707238433889,33.3895571593778,33.84819304962903,34.21469411812891,34.48213259333096,34.645276525906006,34.700859588545825,34.647755943138534
1670.00668002672,15.320030303948174,15.912543602769736,16.530078908505274,17.173038151920224,17.841663357936227,18.535998371137758,19.255845140388967,20.00071434763562,20.769770359462836,21.561770760264817,22.37500111328713,23.207206110832352,24.05551893555097,24.916391472085106,25.785528980243832,26.657833943107985,27.527364978354786,28.38731784468601,29.230036524665742,30.047062890708517,30.829233268758973,31.566828970334683,32.2497852471577,32.867958915772746,33.41144910960288,33.87095860562772,34.23817575194752,34.506150434312424,34.66963326515213,34.72534666491769,34.672160591768694
1668.0567139282737,15.319975965387705,15.912590664845691,16.530247286458952,17.173350675739563,17.842146108061428,18.536681030024116,19.256761352684777,20.001902078434046,20.771272235974926,21.563634377266194,22.377279276797214,23.20995698777281,24.058806069827586,24.920283620093425,25.790099711959495,26.663160949816675,27.533529026281656,28.394401317341526,29.238121508052085,30.056228777160257,30.83955388928034,31.578369312821945,32.26259787764399,32.88208028728249,33.42689600976138,33.88772504728067,34.25623063578149,34.52543629486724,34.69006634330867,34.74681843268733,34.694540703265396
1666.1112962345885,15.32313483926386,15.916576389193052,16.535127991064204,17.179196723762868,17.84902939854018,18.544674071562735,19.265936067287416,20.0123282920616,20.783015811818053,21.576754949880414,22.391827551360365,23.225971580281534,24.076309882760988,24.939279775779944,25.8105671043523,26.685049525953055,27.556754971746106,28.418842394232733,29.26361287528523,30.08255970377622,30.866465839660606,31.605555921543015,32.289707320779186,32.90872047532289,33.45264285875803,33.91213382504023,34.278850044129385,34.54582457639016,34.70780835319236,34.76154236646838,34.70593308549846
1663.893510815308,15.325654361627114,15.918596334214035,16.53661686857962,17.180125589573326,17.849373107510747,18.544412790772046,19.265057079435184,20.01082811622446,20.780902662267675,21.574051542917218,22.388574253668637,23.222229868760575,24.07216605373696,24.934848799806375,25.805996470924413,26.68052286097532,27.552495141892,28.415113741423664,29.260722159830685,30.080855288723665,30.866334638052066,31.60741767178167,32.29400587218198,32.91591196987936,33.46318098763154,33.926452701435984,34.297345625445615,34.56883592245575,34.73560024521083,34.79429086053027,34.74371539258006
1661.9577862722285,15.326713914404245,15.920317237462601,16.539060184823523,17.18335524289199,17.85345544408494,18.549415959872917,19.271050198915344,20.017880183462953,20.789081169584946,21.583420756467934,22.399193117728313,23.234149504383698,24.085426833457454,24.94947700003417,25.822000532662376,26.697889328918546,27.57118440272364,28.435055743793036,29.281812368665715,30.102951199820225,30.889253246146826,31.630934333200262,32.317855014638475,32.93979005846493,33.48675204132084,33.94935646081081,34.31920820706886,34.5892824857054,34.75426889078102,34.810846736522656,34.7578638627974
1660.0265604249669,15.326620991127884,15.920272052694731,16.539078968723672,17.183457235557768,17.853663324274663,18.54975631106736,19.27155400835656,20.01858336638701,20.790025106388736,21.584652824855837,22.400767194843713,23.23612640549912,24.087874644072624,24.952471247542828,25.825624132761217,26.702232231773248,27.5763428562905,28.441131089003566,29.2889092864589,30.111175346761048,30.89870824709167,31.641718148778207,32.330055768701996,32.953481492984025,33.50198885532773,33.9661698723039,34.33760213419386,34.60923075688171,34.775713847837245,34.83369948577941,34.782006266555825
1658.0998176090202,15.329536768460411,15.923737885511203,16.543144178814874,17.188173885493843,17.859085995891473,18.555941763914326,19.27856069139815,20.02647075317951,20.798852821442374,21.594479527430202,22.41164918668113,23.24811593184113,24.101017863808355,24.966805859772983,25.84117666482363,26.71901501923422,27.594350779644152,28.46033817522999,29.309265335291325,30.13260279864995,30.921099566847165,31.66493404686723,32.35392460904655,32.977800227523865,33.5265257675791,33.99066929516559,34.36179113144677,34.63282753753472,34.79843744788248,34.855280045587065,34.80219509961061
1655.9032952475575,15.330597006217557,15.925460339095148,16.54559019255369,17.19140771111716,17.863174357137275,18.560953241086107,19.284564889568127,20.03353721452258,20.807049640131392,21.603871625388106,22.422296211266367,23.260069743493112,24.114319594299154,24.98148254169277,25.857237462011003,26.73644712758516,27.61311511900197,28.48036505553924,29.33045035150675,30.1548032836498,30.94413200057195,31.688572869528738,32.37790289915396,33.00181266254209,33.55023416956811,34.013710867539814,34.38378922318392,34.65340445542289,34.81722852415215,34.87194791936996,34.81644304639376
1653.9861065167051,15.333214791123165,15.927768164825181,16.547575934353688,17.193063004778008,17.86449578820653,18.561943749629908,19.28523541031008,20.03390856778791,20.807154681550152,21.603757650812987,22.422027596779163,23.25973077761273,24.114017429566523,24.981350155019516,25.85743646752743,26.737170233320338,27.61458796240841,28.482847097856787,29.334234465478424,30.160213644738494,30.95151990319864,31.69831015317119,32.39037279917799,33.01739810590265,33.56930381215055,34.03660349574016,34.41079747379454,34.684759082986815,34.853084594391625,34.91237427310614,34.86141613488077
1652.0733520568313,15.334236968702173,15.92939910170135,16.549873300194065,17.196087472359007,17.868310690939822,18.566614580404302,19.29082912816611,20.040492675587803,20.81479603536181,21.612520960862472,22.43197358142794,23.27091393701407,24.1264834158249,24.995132732396925,25.872554081182653,26.75362223978307,27.63235062053969,28.50186947546297,29.354434482285708,30.181474542708585,30.97368750226446,31.721191302425076,32.413735454597216,33.04097343797375,33.59279065384272,34.059675273701025,34.4331115272943,34.705967988531135,34.872848821206546,34.930375251854606,34.87736868574616
1649.8927569707969,15.336228924743734,15.931523038109146,16.552140614111543,17.198510568403307,17.870903040157906,18.569390771531584,19.293804906812504,20.043684965807834,20.818222936716452,21.616201712571034,22.435928483588082,23.275164217232362,24.131051028103315,25.000040074000307,25.877823612805056,26.759275995086014,27.638409593618302,28.508352879651454,29.361358881598257,30.188852868649978,30.981527983906762,31.729496356062047,32.42250059951226,33.050186324228584,33.60243030261272,34.06971163582383,34.44350545677483,34.71667170179136,34.883806870135636,34.941525983777964,34.888646105033104
1647.9894528675015,15.337101219978377,15.932916148819261,16.554112770199808,17.201124724072727,17.874226940606444,18.573496924086253,19.298770426709705,20.04959126148117,20.825155193988643,21.624248131956225,22.44517922059283,23.285709972948766,24.142981237676974,25.013440645231956,25.892774178055507,26.775846658921097,27.65665718845936,28.52831678402168,29.383056511445,30.212275021031775,31.006634290631077,31.756211185302462,32.45070981396997,33.07973534836989,33.63312394936699,34.10131607633944,34.475752573906426,34.74926585130785,34.91643380466079,34.97386341405703,34.920375134677506
1646.0905349794239,15.336857884560306,15.932632294277425,16.553805104693392,17.200814686213725,17.8739415415085,18.573269691459803,19.298642450698523,20.04961233655911,20.82538504375699,21.62475769364948,22.446051953079852,23.287043135658763,24.144887068041836,25.016047339138012,25.896226552246638,26.78030634796602,27.662302204639484,28.535340250629897,29.391664374453324,30.222682558316233,31.019061280183198,31.770875671729804,32.467820530721,33.09948300996296,33.65567181236421,34.12679035693039,34.50423346943275,34.780780002136424,34.95094901413055,35.0112862965514,34.96055209136505
1643.925694558606,15.337784718436149,15.933978410974087,16.555608757163178,17.20311591650333,17.876781906412013,18.576691875636644,19.302689744551625,20.054327954136134,20.830811254616187,21.630934742498635,22.453016742672936,23.29482765270789,24.153516539714794,25.025538120134385,25.906583760588536,26.791521292492803,27.674349679370618,28.54817581049943,29.405221751984485,30.236871428276846,31.033765623362065,31.785953021152782,32.483102392829274,33.11477672724352,33.67076406178011,34.14145235467086,34.51822778116071,34.79386865641453,34.96290241593435,35.02189227749651,34.96962435257096
1642.0361247947455,15.342737980030263,15.938984605312568,16.56067004409624,17.20823574531071,17.881965361718333,18.581946084456817,19.30802434962403,20.059755657166114,20.836348430534798,21.636602122044927,22.45884015520893,23.30083881384363,24.1597538587729,25.03204749055095,25.913419282097585,26.79874585782264,27.68203534121677,28.55640382853496,29.414082207394166,30.24646228856006,31.044191147624293,31.797321420816417,32.4955227089409,33.12835495530279,33.68559864593639,34.15762927682393,34.53581557178648,34.81291373226049,34.98342518320909,35.04388441090929,34.99304756526203
1639.881928501148,15.343611025308212,15.940379039326205,16.562644263804053,17.210852906570672,17.885293451651393,18.58605789881978,19.312997345323446,20.065671644632168,20.843293065117194,21.64466414828168,22.468110353346948,23.311408595206537,24.171713456638376,25.04548369763017,25.92841269636926,26.815367617519595,27.70034335945582,28.57643858043252,29.435862178690922,30.269979264258655,31.069405598599648,31.824158328506698,32.523868240969385,33.158054451336675,33.71645637328287,34.18941035003208,34.56825028763479,34.84570435274221,35.016254925760215,35.07642811850253,35.02498328371308
1638.001638001638,15.343367758709077,15.940095405925398,16.562336990750918,17.21054346178414,17.885008889315717,18.585831807701997,19.312870899699966,20.0656947522146,20.843525598849855,21.645177238786413,22.46898770567055,23.312747777028314,24.173627085064837,25.048100428356754,25.931877893133393,26.819843553090788,27.70600877478762,28.583487410409976,29.444501247175857,30.280424765413283,31.081878224154373,31.838876979500775,32.541042382267804,33.17787532635324,33.739087483517096,34.214977795840056,34.596833728090644,34.87732943197171,35.05088799274283,35.11397391563742,35.06528600311891
1636.1256544502617,15.346629578272651,15.944140434812235,16.56721810142809,17.216312885279592,17.891717095433354,18.593526115434827,19.321593779492947,20.075481782361834,20.854403041748252,21.65715921016178,22.48207292263538,23.32691589052976,24.18883463066582,25.064276468034613,25.94891947118325,26.837611151736457,27.72432202865059,28.602121420059717,29.463183913642414,30.2988356384628,31.099649401098826,31.855596587755578,32.55626110508905,33.191116267001625,33.749859397964876,34.22279136574626,34.60122012749141,34.87786002434991,35.04719366231635,35.105762373530354,35.0523554789005
1633.986928104575,15.347503072159004,15.945535783636469,16.569193906236524,17.218932544332997,17.895048881056766,18.59764315581564,19.32657391532085,20.081407262704708,20.861360017897884,21.66523698075262,22.49136287873651,23.33751010649115,24.20082404644347,25.07774861305905,25.963955690473274,26.8542833140977,27.742688726753283,28.622223715040608,29.48504073385233,30.322439012593282,31.12495978682824,31.882538640868784,32.58472030840864,33.22093688616242,33.78084423158685,34.25470369123993,34.63378809798189,34.910783548856905,35.0801535222688,35.13843103643819,35.08440882062144
1632.1201240411294,15.350123272088409,15.947845697142942,16.571181168948776,17.220588530475737,17.89636989943189,18.598631865292734,19.327240980847503,20.081773268658736,20.8614576483235,21.665113464672217,22.49108268219928,23.337157830144914,24.20050745710596,25.077601699228786,25.964141584808527,26.854996871575977,27.74415848821989,28.624712927343793,29.488847048090935,30.32789245311362,31.132418590830955,31.892382629160128,32.59734157822072,33.236727827230965,33.800183154254974,34.27793869834024,34.661220185557305,34.94265021867674,35.11661435672187,35.179556659729904,35.130174419265934
1629.9918500407498,15.35099716859546,15.949241703207836,16.573157932836537,17.223209511400906,17.89970344796953,18.602751209453693,19.332224087789267,20.087702546484103,20.86841944672257,21.673197327673854,22.50038030160494,23.347761645171314,24.212508845531467,25.091088709452258,25.979196168587414,26.871691596024494,27.76255273526112,28.64484863134486,29.510744079177947,30.351543824279844,31.15778574821647,31.91939116955055,32.62587781365934,33.26663666641442,33.83126777344148,34.309962410768385,34.69391077463554,34.975706777539386,35.14971639640456,35.21237495248197,35.162382788865656
1627.8691193228065,15.352993536739548,15.951371007349938,16.575431726861837,17.22564038159906,17.902305075650485,18.605538426250845,19.335212919249276,20.090910238338815,20.871864466840556,21.676899335112118,22.50436007247231,23.352040943265816,24.21711022407657,25.096035228971697,25.984511015367776,26.877397586185335,27.768671691775666,28.651400626122125,29.517746540247906,30.359010519821556,31.165725674894162,31.927807391973737,32.634766323342824,33.275985349645666,33.84105559385433,34.320158919075034,34.70447604980843,34.986591877300555,35.16086435012482,35.22372227116833,35.17386140412969
1626.0162601626016,15.35401635531971,15.953003705130122,16.577732540188435,17.22867065634872,17.90612893700964,18.610222289637544,19.340824808268426,20.097518872089463,20.879538076191373,21.685704166402143,22.514358538376854,23.363289385443647,24.229656262097535,25.109914686549583,25.99974443984757,26.893986412215426,27.78659414633207,28.670607529720755,29.538157226676226,30.38050916972544,31.18815842910215,31.950980666287776,32.658446771339925,33.29990189504642,33.86490386165822,34.34360822431091,34.727178857564525,35.00819535038199,35.18102329485518,35.242112536204786,35.19019264176748
1623.9038648911985,15.353772759329562,15.952719593692663,16.57742465377225,17.228360495109794,17.905843613428193,18.609995485874666,19.34069783838968,20.097541843924844,20.879771140077473,21.68621882791002,22.515238998904497,23.36463385786277,24.231578188307918,25.112543759989745,26.00322730951546,26.89848691722965,27.79229290439602,28.677700683457996,29.546854144832555,30.39102891344919,31.200724835647005,31.965815981743543,32.67576388560967,33.319895395101085,33.88774031193376,34.369416282148876,34.756040000721995,35.04013608953447,35.21600972659537,35.28004793815028,35.230918527140005
1622.0600162206003,15.359665998112419,15.959088154726699,16.58430949270304,17.23580573099973,17.913896611502967,18.618706889607502,19.350121533131706,20.10773483057758,20.89079329327468,21.69813250900354,22.528108490024263,23.37852457990104,24.246555663528056,25.12867228000439,26.020568272834936,26.917096808961524,27.81222090572255,28.69898592203466,29.56952263076259,30.41509024969797,31.226168845766775,31.99260945814314,32.70384772144862,33.34918241145038,33.918114115036936,34.400731468178336,34.78812395491613,35.07279249869666,35.24902374737688,35.31319276229366,35.263962895195746
1619.9578810950916,15.360634335547447,15.960531573263191,16.58627054384927,17.238328764354534,17.917027418418535,18.622492212277457,19.354608412767565,20.112969766168888,20.896821181166082,21.704995333739358,22.535843739355233,23.387163362458203,24.256120517566924,25.139174677072255,26.032005842512746,26.929450341113874,27.82545122560847,28.71303078088323,29.58429380811765,30.430471119788518,31.24201271116831,32.008738989498525,32.720055848471006,33.365234972954305,33.933754481417374,34.415687192521894,34.80211529511092,35.0855424054007,35.26026867103227,35.32269344648207,35.27151424137619
1618.1229773462785,15.360390243374418,15.960246720398374,16.585961664035466,17.23801736216742,17.916740626804405,18.62226375624098,19.354479679666536,20.112990977727424,20.897052654813923,21.705508810737285,22.536723743897564,23.388508539149214,24.258044874139706,25.141808635105132,26.035496971942404,26.933963626179846,27.831168683355838,28.720150232933104,29.593026598301158,30.441038582342717,31.254641235486698,32.02365360648651,32.73747238603673,33.38535099334548,33.956739410072,34.441672252886995,34.831184039673666,35.117722735308945,35.29552722327999,35.360933073859194,35.31257502141085
1616.0310277957337,15.361416093440761,15.961884407196944,16.588269860699825,17.241057924718298,17.920578272162693,18.626965581034703,19.360114485130968,20.119628362201468,20.90476183236173,21.714357112945184,22.546774762818416,23.399819873863983,24.270665452927442,25.15577560145992,26.05083214749878,26.950669598800683,27.849224615569327,28.739507544957313,29.613604749661242,30.46272125238936,31.277273277988538,32.047039214365206,32.761374932223426,33.40949499272564,33.980814956423686,34.465342111304345,34.85409332116511,35.13951076874895,35.315840916081676,35.37944077894417,35.32897976906846
1613.9444803098775,15.363321832453057,15.963971698407626,16.59056676811873,17.243596637118763,17.923395614677116,18.630103560796826,19.363620862691683,20.12355723574706,20.90917421573728,21.71932148095056,22.552367528079582,23.406125748786213,24.277777638014136,25.16379572815369,26.05986989065601,26.960841862558535,27.860654189100718,28.752321124713948,29.627930236299218,30.478684258317838,31.294992829860487,32.066622706892595,32.78291248526641,33.433053477135516,34.00643207288003,34.49302100992329,34.88379831178412,35.17116466592518,35.34932447021608,35.41459446354143,35.36560794441048
1612.1231662098983,15.36707096993838,15.96797525799504,16.594854632191996,17.248202544521906,17.928357597584718,18.63546440418708,19.369428577404825,20.129865531694037,20.91604295622653,21.726817092183683,22.560563329552007,23.415102160659035,24.287622210739936,25.1746029282867,26.071740565834837,26.973882299674457,27.874974674921205,28.768033920770424,29.64514689343145,30.497512225049086,31.31553135659596,32.08895811711267,32.807112974558315,33.45916370509633,34.034467918983495,34.52296495282419,34.91559593795077,35.20472279417324,35.38451127819249,35.451241821358764,35.40351592141885
1610.046691354049,15.368040253227134,15.969420306909019,16.596818215669234,17.250729268160736,17.93149355153747,18.639256676279523,19.37392460485153,20.135112262508905,20.92208579004224,21.733698570268906,22.56832154610365,23.423768872897877,24.29722063509353,25.18514522529545,26.083225038707187,26.986290361839462,27.888267681208415,28.78215000476728,29.659998008323218,30.512981642684473,31.331471932424172,32.105191666293386,32.82343111308745,33.47533047381514,34.050224414251375,34.53803602868498,34.929698826690796,35.21757723825462,35.39585051706398,35.46082358320908,35.411132482442035
1607.9755587715067,15.369947657270105,15.971509596921655,16.59911752679631,17.253270876322965,17.93431438844308,18.642398879107002,19.37743609240012,20.139047324902183,20.9265056730191,21.738672027517428,22.57392532386104,23.430088080145147,24.304348940311606,25.193184807437348,26.09228620675915,26.996490745706758,27.89973088907789,28.79500364188158,29.674370963428913,30.529000576041355,31.349256947786778,32.124851221893024,32.84505632330071,33.49898906842723,34.07595474320086,34.56584160617428,34.95954397286786,35.24938437204264,35.42949956072127,35.496153755440304,35.44794650296437
1605.9097478721696,15.37082384127037,15.972909806309678,16.60110106161836,17.255901978023914,17.937662339471828,18.646538009496876,19.382445662827234,20.14501124993691,20.93351204223987,21.746812376227755,22.58329359992217,23.440779249762702,24.316457174686345,25.206801195583324,26.107495949496084,27.013369804196824,27.918342090848355,28.815392290451864,29.69656005608333,30.55298580791775,31.37500176635008,32.15228228682529,32.874059810257314,33.52940831273288,34.107589729036626,34.598450745781356,34.99284847320492,35.28307525270851,35.46324708828776,35.52961874062041,35.480792629699906
1604.1065126724416,15.373455558084446,15.975231595686786,16.603100350946207,17.2575699179958,17.9389950100155,18.647537850262243,19.38312315069943,20.14538684209999,20.933618396261817,21.746696847446895,22.58302099991921,23.440434826647742,24.316149745108824,25.20666631884749,26.10769898561339,27.014108640925205,27.919849262330814,28.81793614710984,29.700444590445084,30.558548706488608,31.382610259722078,32.16232642778194,32.886942940872295,33.54553469867493,34.12734964158809,34.62220363781553,35.02090527734864,35.315681157347626,35.50056633760776,35.5717229864956,35.52765410038236
1602.0506247997437,15.37663680815812,15.979249200152474,16.60802482462152,17.263474392506765,17.945954572979215,18.65562865215475,19.39242123521968,20.15596665245166,20.945550907997173,21.76004727933294,22.597846058978096,23.45677945369404,24.33404334467072,25.22611848446784,26.12869477038268,27.03660347561812,27.943763690777057,28.843150629844562,29.726794719919756,30.585821272823555,31.410540692548047,32.19059819865957,32.91518951835947,33.57334457824464,34.1542748026834,34.647771499974354,35.04463384828527,35.33709662951691,35.51922196723166,35.587217769847385,35.53964963145453
1600.0,15.377703654335003,15.980983850677344,16.610490351928792,17.266737080533588,17.95008351545965,18.660695169594344,19.39849807207209,20.16312691203545,20.953866679711894,21.769587911531367,22.608676032459588,23.468955816533374,24.347612680625247,25.24111340642179,26.145129959252568,27.054471325825684,27.963029677251036,28.86374857881825,29.74862224474577,30.60873572160864,31.43435603721982,32.21508336049916,32.94006865338192,33.59829981422941,34.17895180656904,34.67178804652686,35.06759126226186,35.35859361223908,35.53886994917042,35.604656627051114,35.55456244027093
1597.9546180888462,15.377363028594534,15.98041137780437,16.60968275711335,17.26569455812665,17.948810651116574,18.65920201743546,19.396801399260053,20.161251619414664,20.95184740105796,21.767470784816243,22.60652062356934,23.46683715827441,24.34562336689797,25.23936565265632,26.143757505629768,27.053631020364996,27.962902533789478,28.86454006436385,29.750561518172344,30.61207353034672,31.439360992105545,32.22203636417585,32.949255366320955,33.61000121107427,34.193433100287166,34.689286519571844,35.088303805410604,35.38266498047582,35.566382842075164,35.63562464186942,35.58892671191019
1595.9144589849982,15.380388897848674,15.984186047456287,16.6142773939776,17.27118470717711,17.955275996857814,18.666725979244315,19.40547052070559,20.171154706168746,20.963074357136545,21.780111093226427,22.62066141593348,23.48256081994549,24.363004631123367,25.258468151519512,26.164629769146757,27.076301950720147,27.98737643153681,28.890791348960125,29.77852936620206,30.641656748073466,31.47041353703324,32.25436401998174,32.98261413748698,33.64409801328879,34.2279292541907,34.72380438793408,35.12243664124184,35.415989693868504,35.59847499394209,35.66607460574128,35.617355693036956
1593.8795027095953,15.38414647597727,15.988199893336313,16.618577708419252,17.275805607326674,17.960255964200293,18.67210833195936,19.41130390147769,20.177493572065487,20.969979452458148,21.787649879139074,22.62890842213234,23.491597873573276,24.372920906918765,25.269359975218574,26.176600094488933,27.089459420598253,28.00183392821242,28.90666394001707,29.795931566001464,30.66069904335631,31.4911981742034,32.276980123216944,33.007132320606225,33.67056475830501,34.25636144259295,34.75418446629137,35.15470895463086,35.450058502987304,35.63420458730812,35.70329172734592,35.655854251444154
1592.1031682853052,15.383901626515264,15.987914038381222,16.618267606071498,17.275492827515816,17.959967762367768,18.671878633308292,19.411174397115683,20.177514923078185,20.970212590450014,21.78816738154386,22.62979592710148,23.49295548203215,24.37486449815179,25.27202233716839,26.180131741489575,27.094028941076708,28.00762767584122,28.913884858411866,29.80479692580975,30.671436879901307,31.504042253515802,32.29216334398346,33.02487858621346,33.69107952715469,34.27982137571955,34.78072681420423,35.184421520693824,35.482971139354774,35.670283174090244,35.7424354267694,35.69789651978085
1590.0779138177772,15.384779422239529,15.989317165219209,16.620255789120556,17.278130822474353,17.96332546961624,18.67603112037083,19.41620179879887,20.183502182619456,20.977248998724868,21.79634586513997,22.639212030442472,23.503705984573152,24.387045606167447,25.285727392412042,26.19544839805652,27.111035779595014,28.026390253332746,28.93445123541827,29.82719277157587,30.695660331825348,31.530058796074176,32.31990106788505,33.05422427791332,33.721876103226315,34.31186719239669,34.81377732550859,35.218193611323684,35.517150218732915,35.704532806672454,35.77640893736444,35.731249716204424
1588.0578053041131,15.387814122314408,15.993101518832555,16.624861263478564,17.28363331773018,17.96980508690639,18.683571763975074,19.424890572202294,20.193428532770383,20.988503557802918,21.809018935357066,22.65339165575428,23.519475554969304,24.404480947101018,25.304893305970538,26.21639464604145,27.133792534290848,28.050963091733927,28.960815818575647,29.855289432340836,30.725388888500344,31.56127400883295,32.35240924611514,33.08778161034617,33.75618929404423,34.346596918962724,34.848544865675535,35.25259071388626,35.550751927303224,35.73691254264391,35.80715477516348,35.7599805275225
1586.0428231562253,15.387759295720745,15.993149065222896,16.625031607005415,17.283949945884952,17.970294920207632,18.684265547638805,19.425823283137838,20.194639791774705,20.990038032411316,21.810926713327962,22.655728562545946,23.522303380822184,24.407867540634008,25.308912481931877,26.221125845756397,27.13932016960608,28.057375498627827,28.968203747480963,29.863744011624064,30.734999018863583,31.572123182918993,32.36457184150851,33.10131877525341,33.771144628955284,34.36299224483832,34.86637644410407,35.27182632728323,35.57132921745136,35.75873892978476,35.83010913674113,35.78391662245571
1584.032947885316,15.391520522594798,15.997167476996099,16.62933757516264,17.288577792363082,17.97528337222411,18.68965821808819,19.431669167793128,20.20099377001865,20.996961352463916,21.818487435762535,22.664001927188668,23.531372051916005,24.417821673623216,25.31984954290348,26.233150102427853,27.152541762357995,28.071908993803923,28.98416607625176,29.88125171022345,30.75416471458972,31.593051319411398,32.38735370949321,33.12602701091601,33.79782745556925,34.39166785101543,34.89702799280072,35.30439814634142,35.60572470761274,35.794820621053624,35.86770112808388,35.82280937660382
1582.0281601012498,15.394552795312736,16.000949897299368,16.633941820697085,17.294080011883988,17.9817639583151,18.697201414149312,19.44036246893199,20.210927071934275,21.008225797361813,21.831173900462538,22.678199096844278,23.5471640244476,24.43528504674975,25.339049949597946,26.25413818411129,27.17534860473679,28.09654110030637,29.010600020105592,29.909428688205768,30.783985320307746,31.624370954176335,32.419979141221134,33.15971465643283,33.832283974208515,34.42655357070735,34.93196352231641,35.338974252075964,35.63951516789947,35.82739736320189,35.89865057713773,35.851748684903875
1580.0284405119294,15.394307610335593,16.00066358001414,16.633631136159156,17.29376655926812,17.981475053599635,18.696971085803153,19.440232568390755,20.210948495385082,21.008459807843074,21.831693528985653,22.679090587605245,23.548528271719142,24.437238949401994,25.341727583406502,26.25769166269039,27.179948468620793,28.102376043255383,29.017875736721138,29.918365614053553,30.79481504367902,31.637331117624907,32.43530673138458,33.17763770999885,33.85301190718738,34.45026655709016,34.958801581296164,35.36902690909474,35.67281268202142,35.86390451123603,35.938263821561016,35.89429723079237
1578.0337699226764,15.395090046689894,16.001780674732906,16.63512274035156,17.295676257831012,17.983850338611372,18.699863485015015,19.44369770955475,20.215046082737498,21.013253482165513,21.837250577453332,22.685481464400336,23.555825885614254,24.445517670925184,25.351061922806757,26.268154572110518,27.19160922940671,28.115297714272888,29.032112164166662,29.93395803960648,30.811788397237272,31.655690142896194,32.45503216403938,33.19868280165723,33.875299652104346,34.47368801538562,34.983215683983275,35.39426205929599,35.69867032574751,35.89016464755057,35.964692182601986,35.92065363025609
1576.0441292356186,15.401012541417153,16.00818452748554,16.642050047584483,17.30317246860612,17.991964364704582,18.708647763081032,19.453208197347887,20.22534216743022,21.024397774438206,21.84930856039802,22.69852096165597,23.569916308965336,24.460729004502454,25.36746339995911,26.285813003228938,27.210586946081385,28.135650109075623,29.053884828161948,29.95718353334995,30.83648273676492,31.681849139760917,32.48262782493205,33.22766006194564,33.90557377761923,34.505143042568434,35.015704262351996,35.427606996200154,35.732668003605454,35.92459029441778,35.99930675207411,35.955211826251094
1574.059499449079,15.400767148043805,16.0078979477148,16.641739055630627,17.302858681045098,17.991675126441873,18.708417147314872,19.45307812155049,20.225363622136758,21.024632154148687,21.84982907561357,22.699414097423507,23.571283277780136,24.46268711966838,25.370147269524676,26.289375414987155,27.21519928235094,28.141502098902084,29.06118341877508,29.966150648855706,30.84735169894768,31.69485956394808,32.49801888369821,33.24566213900528,33.926398714955454,34.52897340568671,35.04268228615047,35.457824085716474,35.76615579696967,35.961314297727455,36.03916339397044,35.99802945540845
1572.079861656972,15.40164689375559,16.009304632461706,16.643732942585988,17.30550517601249,17.99504490977268,18.71258621584931,19.45812770959468,20.231379964303585,21.031706046309175,21.85805518357659,22.70888995684551,23.582107924047836,24.47495928429574,25.383963081591737,26.304825554421296,27.232365548963127,28.160453389913787,29.081971150966222,29.988803721678977,30.87187117265309,31.721213319671264,32.52613663376582,33.27543125253275,33.95766139657969,34.561525788920186,35.076275950944186,35.492170362101355,35.80093296876128,35.996177492667215,36.073756587755604,36.0319986964271
1570.1051970482022,15.404688336196367,16.013098583708462,16.64835163239549,17.311025405586467,18.001547838042168,18.720156980525463,19.466854842084427,20.24135455178821,21.043020588905637,21.87080209022022,22.723159621306955,23.597986323629133,24.49252504994203,25.4032840015202,26.32595449639611,27.25533582173376,28.185273614654,29.108619780650024,30.017223430392416,30.901963435107863,31.75283360638825,32.55909074624925,33.30947339510192,33.992494601154704,34.59680524726157,35.11161564156782,35.527153077143176,35.835123465946054,36.029138068005636,36.10506396348486,36.06126083672361
1567.8896205707117,15.40733180950582,16.015432232839437,16.650362489940164,17.312704193330003,18.002890187334742,18.721164885158903,19.467538368507935,20.241733827982422,21.04312808658058,21.870685204123962,22.72288353305925,23.597637114234786,24.492212993591366,25.403146932266328,26.326161088194226,27.256088561619897,28.18681118082737,29.11121846691548,30.021197194497233,30.907662104106816,31.760638765039843,32.56940888583242,33.322726031524276,34.009105298901765,34.61718381192688,35.136140147691634,35.556150829451155,35.868852371487655,36.06777012861747,36.14867259589882,36.109813445451195
1565.9254619480112,15.408212315017739,16.01684026055607,16.65235847525232,17.31535375078796,18.006264248818358,18.725339748786578,19.472595627248854,20.247760140683575,21.0502147474445,21.878927459915833,22.732379591037777,23.60848677882867,24.504515867382004,25.417000118521162,26.341656340139842,27.273308840435337,28.205826612904062,29.132081734222254,30.043938452279065,30.932283598451406,31.78710941696114,32.59765921175087,33.35264386952269,34.040532886139495,34.649916785551035,35.169928992262875,35.59070514699406,35.903848100460294,36.102859505323664,36.183496284988685,36.14401393625891
1563.966218329684,15.41125689053246,16.020638751768097,16.656983395112672,17.320882229101134,18.012777823385143,18.732923991016175,19.481339560944583,20.257755406758722,21.0615544617648,21.89170470696932,22.74668549366245,23.624408085099986,24.52213200170128,25.436379657108812,26.362852894078188,27.296356364916306,28.230734212114644,29.158828099338653,30.072466155683358,30.9624935678927,31.818856021708207,32.63074649535747,33.3868235400115,34.07550469712034,34.68533188110402,35.20539661892009,35.625802847635484,35.93813511380012,36.135892651051435,36.214847199340035,36.173286230434215
1562.0118712902217,15.41213785053025,16.022047708010977,16.658980992460585,17.323534332092606,18.016155659512613,18.737104204803856,19.48640414756548,20.263791487581535,21.068653857432626,21.899963256718525,22.756202063150923,23.635283199873083,24.534466040793372,25.450270542815986,26.378393221793445,27.313629933728755,28.249811945636374,29.179763389971317,30.095289726732904,30.987208027479536,31.84543037822156,32.659111009500336,33.41686539019443,34.10706501288724,34.71820472721498,35.239330462706924,35.66050489236538,35.973278625549725,36.171127066569696,36.24981042786284,36.207618226522364
1560.0624024960998,15.41694899549744,16.026775154708826,16.6636236654268,17.328094260406374,18.020638852968457,18.74152168875378,19.490773171832103,20.26813692181203,21.073009779908443,21.90437473518748,22.760727113815694,23.63999489328972,24.539454700166697,25.455645950274516,26.384286711396022,27.320196206757416,28.25723039610011,29.188238680139346,30.105051310577025,30.998508293974513,31.858541089578043,32.67431775686851,33.4344598961809,34.12733528666714,34.74142332350434,35.26574139230604,35.690310039455774,36.00662478517302,36.20809485471673,36.29040627605071,36.25177042535405
1558.1177937052041,15.417831014446815,16.028185858879326,16.665623802601708,17.330749814466877,18.02402118925584,18.745707610206075,19.495844854479696,20.27418169180271,21.08011968735515,21.912645873129904,22.77025862401758,23.65088759530506,24.551809277321695,25.469560627603162,26.399854368315346,27.337500884058013,28.276343185719814,29.209213030302106,30.12791784077335,31.023269294917586,31.885164980659635,32.702733880948855,33.46455413549226,34.158947063566615,34.77434457893932,35.29971808440013,35.725046551967424,36.04179137497828,36.24333791998701,36.32536084417422,36.28607391710891
1555.935895441108,15.418712735909777,16.029596161570847,16.667623504601618,17.333404990429464,18.027403320044193,18.749893644069456,19.5009171484656,20.280227795682105,21.087231925453747,21.920920672435564,22.77979553032229,23.661787913780643,24.56417427103027,25.48348920866797,26.415440223990682,27.35482899640921,28.295485732109388,29.230224695505214,30.150830632903,31.04808703748672,31.911857750137663,32.73123276645865,33.4947468017889,34.19067467974855,34.80740070677433,35.33385007287542,35.75995983568616,36.07715681679654,36.27880199285543,36.360558064262854,36.32064059466571
1554.001554001554,15.421761009802049,16.033399872408484,16.672255667375925,17.3389433319576,18.03393008318833,18.75749522719192,19.509683538495775,20.290251747049393,21.09860783136076,21.933743070172763,22.79415717952123,23.67777738698475,24.581873001468484,25.50296795283313,26.436754919157675,27.378016028453512,28.320556679729226,29.257160685373833,30.179576526939616,31.07854577592227,31.943885285304823,32.764634128839894,33.52927392095354,34.22602661069047,34.84322685577454,35.369756849401554,35.79552086614754,36.11192645748953,36.31233142344694,36.3924128123742,36.350418034675144
1552.072016141549,15.424410421831118,16.03573952585439,16.674272391943287,17.340627629055,18.03527735368541,18.758507235740492,19.51037014046026,20.290632900796915,21.09871591221458,21.933625491617015,22.793879310939833,23.67742573385721,24.581558582029917,25.502829763423502,26.43696332806487,27.378775875311472,28.32210978661464,29.259787411585584,30.1835959308088,31.084313897387734,31.9517910509291,32.775092428986476,33.5427155403969,34.24288492718514,34.86392156017123,35.39467536561241,35.82499860745732,36.14622746332618,36.351631174862696,36.436785030479186,36.39982697227383
1549.9070055796653,15.425292905689462,16.037151176775595,16.676274201632083,17.34328588284982,18.038663786606282,18.762699100836112,19.515450158104947,20.296689051107457,21.105841025776222,21.941916586554353,22.803436617585177,23.68835134268922,24.593954647386667,25.516796196401117,26.45259491917554,27.396158803596936,28.341317500104783,29.280875907476208,30.206598525229005,31.109235655358603,31.97860314535934,32.80372680683227,33.57306038142225,34.27478146552825,34.89716287396328,35.42900769551984,35.860125617089246,36.181817595343986,36.387327905801925,36.47221943589338,36.434631658154004
1547.9876160990711,15.42834381567722,16.040958524533487,16.68091124774575,17.34883064594621,18.0451988543671,18.770311276725227,19.524229902013523,20.306729665895734,21.11723753577409,21.95476424913512,22.817829005905764,23.704377937912422,24.61169788391209,25.53632791603353,26.473972212392457,27.41941925107502,28.36647387833796,29.307910490954395,30.235457204957125,31.139822197240346,32.0107740252379,32.83728716841278,33.60776174790745,34.310321867432826,34.93319000237442,35.46512552393802,35.895904642821215,36.2168084476277,36.421077602748035,36.504289129994454,36.46461439132131
1546.0729746444033,15.429171629613917,16.04241895123657,16.683086229416947,17.35181061744236,18.04908329671309,18.775209209350074,19.530260276000597,20.314021610418035,21.125930398214514,21.96500735634171,22.82978106002582,23.718205946091146,24.627575508155406,25.55443311975047,26.494484076460466,27.442513838657224,28.392319049142102,29.33665960807363,30.26724174709253,31.174743391317193,32.04889375165169,32.878618560103185,33.65226009272065,34.357876606121,34.98361875412006,35.518171119452504,35.95123605328322,36.27402623280027,36.47972406445154,36.56386279661843,36.52458787181102
1543.9246564767639,15.431817619693007,16.044754457444483,16.685097886999355,17.35348871175941,18.050422993807416,18.776212025520298,19.530935813289414,20.31438958182871,21.12602296023794,21.964871755871144,22.82948258661174,23.71783115722879,24.627235663338084,25.55426771695187,26.49466433163537,27.443245884933575,28.39384655960379,29.33926546918982,30.271248337636482,31.1805109676418,32.05681642338319,32.88911738405561,33.66577294184696,34.37484470455603,35.00447011479619,35.543301558505604,35.980988933146406,36.30867251689331,36.51944454271599,36.60873436144339,36.57457543021768
1542.0200462606015,15.434862154586598,16.04855714191837,16.68973236674159,17.359033461741635,18.056961139888607,18.783831002449418,19.53972681697435,20.32444676731731,21.137442330677523,21.977749682430115,22.843913895907136,23.73390672252806,24.64503944044667,25.573873177502847,26.516130268171896,27.466611596772385,28.419126479080784,29.36644335705615,30.300271265124625,31.211283409158757,32.08919490129124,32.9229062222955,33.70072177692659,34.41064844155374,35.04077196890897,35.579699658786915,36.01704666877617,36.343932390288956,36.55344480867554,36.64102726457138,36.604745510724115
1539.8829688943642,15.435745849350106,16.04997108074037,16.69173794501908,17.36169745309068,18.06035586541046,18.788034413428722,19.544822459419716,20.330523590102654,21.144594291835087,21.986075100696702,22.853514487471447,23.744886256896365,24.657501945651823,25.587920625213926,26.531859675848896,27.484111499642744,28.43847275264275,29.387694414458387,30.323462716114793,31.23642234986608,32.11625410547578,32.95181861855175,33.73137570953485,34.442884304054644,35.07438084058039,35.61442453346752,36.05258671657523,36.379950426283386,36.58957777781087,36.676899141659355,36.63998163910296
1537.9883112888342,15.438797141364358,16.053778745979635,16.696375558717257,17.36724342203536,18.066893250103384,18.795650586871464,19.553608560572417,20.3405737237369,21.156004420453133,21.99894156907664,22.86793211717404,23.760945948052086,24.675287728283397,25.60750611445491,26.553303907352692,27.507454156210144,28.463728843597604,29.414848537940667,30.352463122059987,31.267175125890823,32.14861792241454,32.9856005837284,33.766328963014935,34.478708027778175,35.11072330012718,35.65088960843298,36.088744084136806,36.415349157060426,36.62376263346863,36.70942841431709,36.67044504557051
1536.0983102918588,15.442583678521133,16.05782810656534,16.700719122965968,17.37191671698238,18.071936442659442,18.801109009025552,19.559533258617883,20.34702201874101,21.163040461126307,22.006636850521044,22.87636592951999,23.77020570764901,24.685469131014436,25.618713036323125,26.565647962659412,27.521053810014557,28.478707965224963,29.431334279701552,30.370583016818692,31.287053324380295,32.17037054217668,33.009330221033096,33.79211852844946,34.506614200472825,35.14077004068198,35.68306230171794,36.12298496645198,36.451554681388345,36.66178331430541,36.749071464500524,36.71147979782508
1533.9776039269827,15.44233759821315,16.057540907494346,16.700407663128345,17.371602774751842,18.071647632514814,18.80087981934124,19.559406215112066,20.347048972040085,21.163283989413415,22.007171757777495,22.877280805786338,23.771604499395036,24.687472646623856,25.621460283695324,26.56929718342525,27.52578303923413,28.48471490948546,29.4388352750192,30.379810807851705,31.29825340798625,32.183795853340825,33.02523402046361,33.81074548929103,34.52818989035692,35.165489245676056,35.71107691344771,36.15439240535715,36.48638799508126,36.700004106475454,36.79056663318117,36.756062690733756
1532.0974413972729,15.445242894944021,16.061115560275347,16.70472578578807,17.376745093896357,18.07770175074286,18.807940388035114,19.567574980617515,20.356434650889422,21.174001919209076,22.019343260737195,22.891032192302628,23.787065630170666,24.704774965357384,25.640734229841744,26.59066889887255,27.549370297207844,28.510622222713373,29.467148187675498,30.41058944635395,31.331525462252394,32.219549282340225,33.06340991790124,33.85123169283974,34.57081604648332,35.21002411716852,35.75722869776798,36.20181268229319,36.53467962370149,36.748732959777314,36.839276552726176,36.80429255922874
1529.9877600979194,15.446225005626385,16.0628222686851,16.707239717150205,17.380155826328675,18.082105966795034,18.81344189588101,19.574284560858175,20.364469676129872,21.18348568419481,22.03040395136439,22.903801413043592,23.801676402586516,24.721359107132166,25.659419026530184,26.611572992388837,27.572598739789186,28.536260687008692,29.49525638717386,30.44119390923603,31.364611917348583,32.25505505530646,33.10121688913274,33.89116051666363,34.612622443501984,35.253398088510295,35.80179742856856,36.247147668130225,36.580308159644865,36.79415361004127,36.88397764977826,36.847772280875304
1527.8838808250573,15.452190017049459,16.069279258832857,16.714232628845306,17.387732249505294,18.090317288955625,18.822343407635366,19.583935497730153,20.374933173326635,21.1948286159518,22.042696620918985,22.917117053489957,23.816090443240377,24.736948155252524,25.67625951130099,26.629739418359787,27.592161502390034,28.557283415641752,29.517792804488632,30.46528423129718,31.39027887078783,32.28229965491704,33.13001420048332,33.921455716313424,34.64432757137327,35.286389943624314,35.83591706692978,36.28220189700722,36.616073271775434,36.83038136869047,36.92040325015902,36.884123727555064
1526.0186174271325,15.453075722552947,16.07069690231554,16.716244189041277,17.390405202041013,18.09372479373418,18.826564411120994,19.589054718185288,20.381040930163085,21.20202045683064,22.051072692374536,22.92678115318347,23.827148685295597,24.749507175710967,25.690424140278967,26.645609751292973,27.609829317726696,28.57682791394009,29.5392756877871,30.48874420521299,31.415725737013716,32.3097082676028,33.15931868032439,33.95254443769912,34.67703953860657,35.320513221757224,35.871189896889,36.318316973981354,36.65268538845882,36.867118239616104,36.95687889580858,36.9199533937189
1523.9256324291375,15.453617118603175,16.07153503888005,16.717437000868795,17.392019573325054,18.095837705127426,18.829264172715714,19.59244227325643,20.385231204530207,21.2071437157013,22.05727584995921,22.934228959775204,23.83602469164026,24.76001434549541,25.70278494922462,26.660065577461015,27.626638895473462,28.596264598725725,29.5616232683718,30.514291013955663,31.44475686061237,32.34249576325135,33.19610986757409,33.99354856930682,34.72241344622507,35.370346856448705,35.925492987925544,36.3770082383259,36.71558575526075,36.93394934260754,37.02726761159312,36.99344251525958
1522.0700152207,15.456679385265481,16.075358956370824,16.722097313382935,17.39759605640068,18.102415012994452,18.83693152274334,19.601292924388027,20.395361679748135,21.218652711854986,22.07026277236411,22.94879201479802,23.852258469366667,24.77800682833549,25.72261389328055,26.681794234517806,27.65031107786116,28.621899140448654,29.589208006764075,30.543776508209515,31.47605017540836,32.375454771069506,33.23053864867764,34.029194591667355,34.758967257736415,35.40744498193738,35.962724559255044,36.41392557797265,36.75171869305612,36.9688225245955,37.060419553159555,37.024444774847616
1519.9878400972793,15.459340961504296,16.07771104140731,16.72412629623052,17.39929195553792,18.1037727195184,18.837952289112188,19.601986127611212,20.39574688513933,21.218762057564327,22.070143684660795,22.94851024805296,23.851901441254515,24.777687188205043,25.722473218307794,26.682006693004233,27.65108683174544,28.623487181487075,29.591898037546134,30.547899399028324,31.48197646520229,32.383590655437146,33.24131893595575,34.04307223715836,34.77639933005778,35.42887528336952,35.988563596133716,36.44452910222028,36.787366516744534,37.00969962451902,37.10660151543717,37.07588931208693
1517.9113539769278,15.462502945925472,16.081829162789408,16.729296444005428,17.405616603616597,18.111360752498555,18.846918621500347,19.612451060534717,20.407835136063767,21.23260138969254,22.08586305478772,22.96623738589922,23.871759771412076,24.799792010120672,25.746927073209267,26.70889387304309,27.680467030164653,28.655388347804436,29.626308592526545,30.584760082754272,31.521172236281153,32.42494322247977,33.284580666964644,34.08792232995076,34.82244319717654,35.475648060169185,36.03553847524401,36.491130804685085,36.83298964198465,37.05373094440629,37.14844461336893,37.11498946868084
1516.0703456640388,15.463237046116006,16.083005867419722,16.730978070712972,17.40787275488313,18.114268953845862,18.850564951036638,19.616930744583257,20.4132530770414,21.239072582045015,22.093512832550946,22.975201431420587,23.882183799279133,24.811831024152358,25.76074407880447,26.724657914393784,27.698350415011276,28.67556292596885,29.648940974148093,30.610005724823033,31.54916839891729,32.455800905485326,33.318375784782376,34.12468656429753,34.862155164921546,35.51822561867483,36.080833113287696,36.538925081067944,36.88299848861291,37.10560732408966,37.20178953739242,37.16936581045092
1514.004542013626,15.467035737835705,16.08707019525248,16.735339935531737,17.412568308879628,18.119339114771382,18.856055952447928,19.622894714467858,20.4197486324668,21.246165421285568,22.10127629823612,22.98371700839608,23.891541498945493,24.822129593099845,25.772090953965137,26.73716883054385,27.712148554861955,28.690777490837473,29.665705048079317,30.628453312146576,31.56943054089294,32.47800083273896,33.34262314460812,34.15107087819666,34.890738817933986,35.549036843953594,36.11385958638832,36.574108840838484,36.92023291327752,37.144736778429674,37.24261206032513,37.21163885852106
1511.9443604475355,15.469903954681861,16.09055590163168,16.73951408603837,17.417508693822942,18.125130743703426,18.862791373589637,19.63067423720816,20.428680411700284,21.25636535271687,22.112867663078013,22.996829794502567,23.9063113140545,24.838696075662373,25.790595579761348,26.75775201144791,27.734945933127293,28.715915352495877,29.693294817642947,30.658585153244733,31.602166178504042,32.51336583450167,33.380599048381285,34.19158771928392,34.933668769541406,35.59418980331429,36.16098157173357,36.622883965582055,36.97028944285089,37.19565735497862,37.29394765090532,37.26292543987427
1509.8897780462025,15.47073629092871,16.09202549826197,16.74170460770968,17.42051269520058,18.129050296484923,18.867738642233633,19.63677196574577,20.436062273264874,21.265176100835983,22.1232630094105,23.008975921901946,23.920383917299937,24.854878806167324,25.80907775704825,26.778725456149235,27.758600777936163,28.742434704393265,29.722848183713648,30.691320611117014,31.638201378228786,32.55277806638899,33.4234148000464,34.237772363999255,34.98311725158259,35.64671937192556,36.21632770633298,36.680700568649286,37.03015410530745,37.25708201189546,37.356394292217914,37.32582583364506
1508.0681646810435,15.473801882815803,16.095853937654063,16.74637115724922,17.426097756317226,18.135639272487996,18.8754216395089,19.64564328953259,20.446219667414205,21.27671967394408,22.13629378342215,23.02359393462729,23.936685808629942,24.872954820928417,25.829008107775113,26.800576009509367,27.78241806251304,28.768240288621467,29.750632544167416,30.721036704913494,31.669758247939107,32.58603493552758,33.45817624862771,34.27378528429832,35.0200703420863,35.68424589401649,36.25401206656813,36.71808897757149,37.06676911069199,37.292440163191294,37.390025661043936,37.35729371565416
1506.0240963855422,15.477605832126502,16.09992485051849,16.750741171574248,17.43080330738482,18.140721616118224,18.880927412736618,19.651625101314448,20.45273670711016,21.28383831905017,22.14408817999687,23.03214651380991,23.946087690446422,24.883306042248773,25.840417595173566,26.813161200733372,27.796304063875436,28.783558442486218,29.76751827466948,30.73962651642454,31.690185776147448,32.60842600257061,33.48264295789697,34.300419310387205,35.04893572308365,35.71537180254933,36.28738619509411,36.75365228278971,37.10441267692878,37.3320048290661,37.431304796845495,37.400039168419625
1503.9855617386074,15.478246590578761,16.10105800997363,16.75244645601784,17.433171127744604,18.14385423868942,18.884940177638338,19.656647664383954,20.458914266478477,21.291332772262663,22.15307913852674,23.042832078889447,23.958684867332906,24.898050639879127,25.857563425983724,26.83297836375953,27.81907606732233,28.809577906119276,29.797080956622324,30.77302344493044,31.727693347966568,32.65029405035382,33.52908099883239,34.35158146947568,35.10490516091971,35.77614583020523,36.352863560713665,36.8236242765882,37.17855963045133,37.40989921550048,37.512421470573464,37.48377240047858
1501.9525382997897,15.480170083351965,16.103171333437867,16.754779579254787,17.435758584652245,18.146735734879755,18.88816124907254,19.660260381521333,20.462977972680854,21.29591483847876,22.158255707548694,23.04868876141356,23.965317338438798,24.90556506831967,25.866076650131156,26.84261770799828,27.82997867273066,28.82188943217912,29.81095350061483,30.78861252844977,31.745153843042864,32.66977496939878,33.550719160802146,34.37549418374059,35.13118223753044,35.80484141604492,36.383988486010004,36.85713973177388,37.214373028794896,37.447862989520225,37.552335284188736,37.525388860859664
1499.9250037498125,15.483823986797363,16.10700207690384,16.758819303785238,17.440045457008488,18.151314917003045,18.893085983007598,19.665593189899166,20.46879196870012,21.302295130560758,22.165300871809396,23.056512339094244,23.974049294793605,24.915353123664417,25.877087362674086,26.85503715223849,27.844012518277736,28.837762189133223,29.828906664772326,30.808901341075206,31.76804238746984,32.69552937474008,33.579598787025496,34.4077408350938,35.16700769695881,35.84441389974697,36.42741894904026,36.90446925072466,37.26556266441974,37.5027875085711,37.610781842880186,37.58706122880952
1497.9029358897544,15.486996120617723,16.111135424298148,16.764011248499912,17.446400258383154,18.158943578877505,18.90210591853104,19.676127625608533,20.480969021622546,21.31624648239762,22.181159955260114,23.074411944262764,23.994118500098153,24.937713458096514,25.901848117732406,26.882289786307997,27.873824138262755,28.870168158825305,29.863902481482906,30.846434044670687,31.808001918729577,32.73774047616317,33.62381422240082,34.453636865153484,35.214182844286924,35.892392013341336,36.47565738380272,36.952372573917415,37.31250169524924,37.54812275510764,37.65388965377339,37.62736039826074
1496.1101137043686,15.487539926137442,16.111977842508093,16.76521099015311,17.44802521452914,18.161072025260985,18.904827818022458,19.679546015286107,20.485201461148495,21.321426527113978,22.187438600349623,23.08195896479913,24.00312358543741,24.94838700777349,25.914421530394613,26.89701503482474,27.890972386104455,28.890027140353805,29.886772349913358,30.872621397326558,31.83781175406749,32.77146593709535,33.66172415095202,34.49596144359174,35.261097922993194,35.94400309883056,36.531984625335625,37.01333835928781,37.37792254552884,37.61770700742991,37.72724190480836,37.70399289656516
1494.0983116689079,15.490615823017672,16.11582129760039,16.76989838253357,17.45363826874625,18.167697704736256,18.912558058735407,19.688477255466676,20.495433915156244,21.333063144054957,22.20058364087405,23.096716123860418,24.01959358590434,24.966664591516196,25.934591782245693,26.919148993727404,27.91512193045998,28.91621918507819,29.915002464819768,30.902847052793,31.869945520388754,32.805369103325845,33.697201374628456,34.53275717154651,35.29889540147599,35.98242677566629,36.570606594620365,37.051689180884516,37.415506290848036,37.654019792118305,37.76179257277314,37.73632405668859
1492.0919128618323,15.494525977329348,16.120195091058008,16.774789717175075,17.459107027658828,18.173810277660277,18.919387864483294,19.69610524142234,20.503949007088003,21.34256261084563,22.211173328417036,23.108510500273727,24.032715526558945,24.981244817665036,25.95076785226182,26.93706373279607,27.934921175628723,28.938048721626725,29.939004042062237,30.929153399009916,31.898674334685964,32.83661609342068,33.73103253771267,34.56920067821307,35.33793362772482,36.023989208821185,36.61456447430967,37.09785277456058,37.463625595393125,37.703789171287916,37.81285939885225,37.78830089065993
1490.0908955446282,15.497258300995268,16.12345895846107,16.77865720807935,17.4636590274357,18.1791373512969,18.925591150552822,19.70329734088381,20.512254831625437,21.35212014277592,22.222134228711056,23.121040482798033,24.046994395369794,24.997466040621433,25.969137519602533,26.95779872587733,27.958246352355868,28.964192916628953,29.968194688837194,30.96160961771556,31.93459840413733,32.87618335024263,33.77437992738242,34.6164144216147,35.38903674804712,36.078929951677154,36.67320688991975,37.15997083753359,37.528902136511064,37.771820535138666,37.88316612821856,37.860343958857094
1488.095238095238,15.498247122518992,16.12517912769355,16.781193781333723,17.467104535081848,18.18359203510789,18.931163079396985,19.71010235963047,20.520416288311704,21.361768328296304,22.23340545194166,23.13407569286551,24.06193725286403,25.01446033264854,25.98832381213096,26.979310154177888,27.98220347077449,28.990697567670335,29.997322914362197,30.993403727510888,31.96905844300072,32.91325836367331,33.81395961011084,34.65832192338393,35.43302357372519,36.124673979905936,36.72031448931703,37.207983830450736,37.57730992300301,37.8200770702813,37.93071073499817,37.90662430317
1486.1049190072818,15.501717478743368,16.128682613279004,16.78475849549403,17.470766391797223,18.18739628316477,18.93516604390499,19.714373417577658,20.525040083421217,21.36684721917392,22.23906217105678,23.140456170923912,24.069213532172174,25.022833452781835,25.99802650063366,26.99060909401445,27.9954008462351,29.006131515303668,30.015366432821878,31.01446154244255,31.993561298677058,32.94165424642673,33.84670152829434,34.695852102286054,35.47575428911981,36.17296574489437,36.7744528821388,37.26815681501274,37.643587935389434,37.892398273808716,38.00887356616323,37.990288712008976
1483.8996883810655,15.504733919478966,16.132571763308345,16.789618554347264,17.4767043520127,18.194528278911438,18.94361757744632,19.72427941434042,20.536544715094383,21.38010342158576,22.254230769917566,23.157704514564884,24.088713517306424,25.04475881885382,26.02254926313408,27.017894990875817,28.025603688936055,29.039386373640106,30.05178164642513,31.054109650153706,32.03646911450609,32.987792489636455,33.895974628838474,34.748089032526515,35.53070148279638,36.230283300956074,36.833715247423726,37.32885893059444,37.70515737756243,37.95421323802452,38.07028572181457,38.050649159551995
1481.9205690574984,15.505620545049524,16.133992648735852,16.791637117768843,17.479389869831362,18.197956142104754,18.94786947243479,19.7294433966832,20.542715136852486,21.387380664860626,22.26272073005675,23.167517767253813,24.099964094966882,25.05756251457987,26.03702137648889,27.03414743158211,28.043741364919473,29.059502812906764,30.07395384236826,31.07839218172069,32.06288768000617,33.01633710712723,33.92659289339262,34.780679969794654,35.565110677091,36.266300070882366,36.87107265035817,37.36723725654937,37.74419151588629,37.99350387328967,38.1094137917573,38.08919248787245
1479.946721918011,15.511383470778155,16.140217420611542,16.798386835280482,17.48673672541946,18.205982605653578,18.9566695768781,19.73912411307128,20.553397817516085,21.39920252027332,22.27583628793884,23.182100240694037,24.116206559304885,25.07567876025234,26.057246267353115,27.05673655676286,28.068969729915494,29.087662277727922,30.105348989037548,31.11333429235128,32.10168654535113,33.0592904822388,33.973973589931944,34.832720836084185,35.621988065604945,36.32811680258227,36.93784189713483,37.43886908388281,37.820483943693084,38.074140120408515,38.19396682012891,38.1771371024507
1477.9781259237363,15.512276771587374,16.141648959718477,16.80042069537178,17.489442937895753,18.20943741417033,18.96095562406298,19.744330517701332,20.559620101670202,21.406542337226153,22.284400892051277,23.19200163072109,24.127560217141045,25.088601899360935,26.071855500752452,27.073144895964564,28.087282836965457,29.10797391669859,30.12773566586909,31.137849137934637,32.12835259038657,33.08809359514589,34.004855496946156,34.8655728028874,35.65664596777676,36.36435841025687,36.975387200410545,37.47738434348818,37.85958983823349,38.11342388825409,38.23299772505945,38.21548400182575
1476.0147601476015,15.515113530674121,16.145215195792574,16.80481088839055,17.49476221452758,18.215802454427916,18.968495551452666,19.753187735587346,20.569951025884244,21.41851795953521,22.298207090750072,23.2078391233733,24.145644026755377,25.109160180033385,26.095127543881738,27.09937811662865,28.116728526656196,29.14088155012578,30.164345575062686,31.1783834276887,32.17300427777087,33.137014123994845,34.05814101253061,34.92324986780706,35.71865773405401,36.43055258545462,37.04550738035919,37.551066334785716,37.93636436850548,38.19272655140365,38.314186163540846,38.29786132088973
1474.0566037735848,15.518938079471216,16.149311465953982,16.80921192365829,17.49950554294882,18.22093065076316,18.974056844729162,19.759236655423813,20.57654907641115,21.425734303320272,22.306119216772867,23.216533462450233,24.15521646463297,25.119716402539126,26.10678313023741,27.112258276984907,28.130967359563382,29.15662067759458,30.1817320011552,31.19756646706111,32.19413142096114,33.160225755553384,34.08356398529774,34.95099006785576,35.74879194503028,36.46312016494322,37.080502464461404,37.5884314430662,37.97598633224151,38.23443558188244,38.35775859076384,38.34302609204805
1472.1036360959813,15.522920453949231,16.15460569613385,16.81596032638113,17.50786210548863,18.231061247480064,18.986139222910168,19.773460112475735,20.593113734532718,21.444849870408383,22.32800310437714,23.24140811438143,24.18330573539711,25.151240816131732,26.141953851255273,27.151269643232787,28.173987865698937,29.203782371690952,30.233118370052477,31.253199051128213,32.2539556202284,33.2240965653985,34.15123271582941,35.022093421529085,35.82284509098369,36.53951556970748,37.15851611604007,37.66723764935439,38.05468144759508,38.31206987494168,38.43337418966322,38.415697807255235
1469.9397324709687,15.523646286950767,16.15577998683918,16.81764751597686,17.510134426693508,18.23399946293765,18.989833370505732,19.778010233219767,20.598630549428744,21.451455361299118,22.33583093991909,23.250603845944458,24.19402666897559,25.16365544584629,26.1562407188997,27.167615468678893,28.192584778169678,29.224824066938464,30.25679503024005,31.279690901571783,32.28342507037752,33.256679000682794,34.18702617929479,35.061147648649865,35.86515062263771,36.58499393176557,37.20701226117347,37.71851593184404,38.10842626952567,38.36789175581027,38.49082138628487,38.47427284237812
1467.9976512037579,15.529576922476224,16.16226743306715,16.824755894287378,17.5179354088214,18.24257303850182,18.999268641047777,19.788406213388097,20.610096947351725,21.4641132992688,22.349813562909763,23.266056748955947,24.211108054644164,25.18253590147086,26.177102477819,27.19065099650717,28.217994502717872,29.252813056384937,30.287568424074315,31.313447922179947,32.32035150112599,33.296938121105086,34.23074830972265,35.10841867896039,35.91600017306293,36.63938408779259,37.264828084146,37.77955909427642,38.17241311445983,38.43445676942518,38.559526495859764,38.54462218350493
1466.0606949127696,15.530317486209533,16.163456102286975,16.82645705950418,17.520221258371883,18.24552430204264,19.002975341830677,19.792968405479524,20.615625404843215,21.470730113214234,22.357652587990717,23.275263825609326,24.22184091371236,25.19496363786847,26.19140445837264,27.207015047028953,28.2366142037721,29.273883970966725,30.311283090327027,31.33998947912034,32.34988588543193,33.32960488876078,34.26665030532998,35.14761099796193,35.95847912441659,36.68507713319194,37.31358594780711,37.83115132897835,38.22652829713725,38.49070813202348,38.617463183040805,38.603745557718526
1463.9145073927682,15.533161897357841,16.167033858801986,16.830863668886384,17.525563093358787,18.251919546723745,19.01055492658075,19.80187689342049,20.626021779517096,21.482788401196416,22.37156223105904,23.291229694781816,24.240082832307824,25.215715253652732,26.214911277642706,27.233531419262185,28.266399029082788,29.307194901159406,30.348369017490327,31.381081165694898,32.39518470043855,33.379269789745436,34.320783453023445,35.20624270742799,36.02155321898963,36.75243812358209,37.38496972452544,37.90618112486893,38.30471744443666,38.571470546195606,38.700131585260486,38.687596345850174
1461.9883040935672,15.533989376578742,16.16850329337573,16.833061213620812,17.52858442699052,18.255870626195666,19.01555270995089,19.80804999504465,20.63351100962853,21.491747128155204,22.382156488269437,23.30363793569717,24.254495216527207,25.232332325864565,26.233941880882803,27.25518966752315,28.290900156094004,29.334749808306583,30.379177372517987,31.415322965033873,32.43301031269225,33.42078865593178,34.366051835647546,35.25525114992063,36.07421467658815,36.80857800969165,37.44431931093401,37.968375750861796,38.369300745468685,38.63790536506781,38.76781741373953,38.7558921952727
1460.0671630895022,15.539823480772759,16.174696864087473,16.839656361783774,17.535629118574146,18.26341945963286,19.0236677670851,19.816801760523234,20.642979347805035,21.50202229850912,22.393340169582384,23.315844215186015,24.26785148231004,25.24697997915183,26.250036758094442,27.27290203267722,28.31041409181293,29.35626180264881,30.402893873654325,31.441456664322374,32.461774929791034,33.45239205084579,34.40068737694092,35.29308743847845,36.115383964882994,36.85316395586358,37.492345028928135,38.01979339751866,38.42398403530309,38.6956463343308,38.82832841097963,38.81881346912076
1457.9384749963551,15.54066345317113,16.176182083883596,16.841873569487735,17.538674681572807,18.26740014290071,19.028701474337904,19.82301820929987,20.65052063024539,21.511043265461833,22.404008559010915,23.328340426738364,24.28236787881965,25.26371957373118,26.269211124163327,27.2947282566627,28.335110578815122,29.384042750418978,30.43396225824459,31.475995642212098,32.49993766779246,33.49429015730461,34.4463783314864,35.34256169783796,36.168552735745735,36.909848923942555,37.55227154046411,38.082588611076474,38.48918130873501,38.762696538477044,38.896618005777285,38.887688180697054
1456.02795573675,15.54645279080964,16.18243990963368,16.848664353963763,17.546072294965022,18.275489107767598,19.037578333448216,19.832792999045957,20.661318440447545,21.523005853160097,22.41729596627915,23.343132529813584,24.298865767151582,25.282146622420974,26.28981358172593,27.31777512315939,28.36089249981304,29.412869605014283,30.466159082961372,31.51189651964962,32.53987723687743,33.538592492505174,34.49534311443967,35.396447885228,36.227560316476485,36.97409983404443,37.621791303368376,38.1572906867435,38.56885632793873,38.847008432246724,38.98510843822577,38.97978969513482
1453.9110206455364,15.548246260651673,16.18531608695298,16.85275394442044,17.55151849896395,18.28244825970392,19.046220403129674,19.843301890278738,20.673892005369503,21.537855522086932,22.43464587188703,23.363217982120734,24.321930913306897,25.30844110496891,26.31958799421054,27.351275057651105,28.39835099412152,29.454497837093488,30.512135237502616,31.56235287958766,32.5948857423625,33.59814926933831,34.559352800260726,35.46470895373689,36.29975296938068,37.04977831614594,37.7003825877906,38.23810125490061,38.65108814310773,38.92978417096416,39.067504723829856,39.060875731273
1452.011035283868,15.551192058430653,16.188948657421466,16.857152424422065,17.5567696860115,18.288647054829344,19.05347018508377,19.851714784204752,20.68358899919582,21.548966372370305,22.447308727776722,23.37757864181865,24.338141612532343,25.326658722671507,26.33997154900369,27.3739823620178,28.423534336452228,29.482298579566116,30.542677257688343,31.59573485358186,32.631172375415446,33.63736173259679,34.60145882993367,35.50961330168868,36.347289135230916,37.09970269283282,37.75237224746391,38.291756512739546,38.70594070025961,38.98531103914713,39.123147336749284,39.11606280232389
1449.905756125852,15.554785090781005,16.192775520299,16.86126395461385,17.56122651570381,18.29352121860586,19.058846928810354,19.857694580363155,20.690289764090217,21.55652586722295,22.455887106833092,23.387361084827052,24.34934094491498,25.339517883047126,26.35476570957506,27.391020442759487,28.443159580791264,29.50488778186958,30.56863816001547,31.625501175107033,32.66519592387078,33.676101101372346,34.64536434061755,35.559108142546926,36.40274709194577,37.16142346013935,37.820555992190066,38.3664800116696,38.78713782590022,39.0727604193164,39.21646952514704,39.214728249654016
1448.0162177816392,15.557792316206307,16.196611373969333,16.866025585393032,17.567020543733545,18.30046428840403,19.067066178600868,19.867327982172316,20.701486276916935,21.569445331322747,22.47069979094859,23.404246780425705,24.368487482961523,25.36111893097444,26.37901769124066,27.418118415796187,28.473291908909925,29.53822946117337,30.605342706925164,31.665691069237763,32.708951732545145,33.72344960144965,34.6962661992321,35.613446009288836,36.4603152584934,37.221920500390475,37.88358192159473,38.43153940083649,38.85364988931032,39.14007635302542,39.28389636485524,39.28155745093292
1445.9224985540775,15.558635307202907,16.19810259875167,16.868252741074937,17.570081167961373,18.304466569230684,19.072129740080303,19.873584609172305,20.709080530573395,21.578534991893076,22.481456047393017,23.416854065886874,24.383142832796853,25.378030716051388,26.398403555587205,27.440202227358615,28.498299519676873,29.566383074917873,30.636853678333065,31.700751018651463,32.747721968973025,33.76604901535612,34.74275802373754,35.66382415031537,36.514491237796335,37.27971238881802,37.944706880280286,38.495611489264846,38.92018453855178,39.20850228393567,39.35357479274925,39.3518073173001
1444.043321299639,15.565587740852646,16.206113369977686,16.877436196776642,17.580562461836504,18.316382278845914,19.0856283877857,19.888827035200162,20.72624005268011,21.597797269525316,22.503018549664986,23.440925022027248,24.40993952202533,25.407776932651995,26.43132606685392,27.4765260310787,28.538241709662703,29.6101451457183,30.684612153860414,31.75264638617356,32.80384605241678,33.82643114041218,34.80735061449918,35.73248874054239,36.58698624241925,37.35568429413441,38.02368667353921,38.57701804180983,39.00333618101241,39.29263693617394,39.43787782347451,39.43544503198072
1441.9610670511897,15.566120691800739,16.20695042915726,16.878638261496473,17.582200240519263,18.318537649991647,19.08839588931511,19.892315475725027,20.73057422620375,21.603119741299714,22.50949146253114,23.44873184860162,24.419286657684484,25.41889498676797,26.44447066504172,27.491977890235837,28.55630569287119,29.63114795075616,30.708898245869246,31.780571765412514,32.83576947091902,33.86270247077028,34.848296256482676,35.778394249670306,36.638076787305515,37.41210407510666,38.08547899725262,38.64410822609474,39.075519700929334,39.36957505605927,39.51910229662825,39.52037232930768
1440.0921658986176,15.568957307311901,16.210520083238553,16.883037562567676,17.587537034689323,18.32493205995851,19.095981361679897,19.901239802612825,20.74100049415931,21.615227144343486,22.52347589664094,23.464806181495934,24.437680540689392,25.43985404531872,26.468254872389494,27.51885889781533,28.586562864919983,29.665062836926243,30.746747233488232,31.822616695828742,32.8822460981326,33.91380680282654,34.90416906593098,35.83910437442635,36.703604253629635,37.48232451500228,38.160151218301266,38.7228669998122,39.15787572812692,39.45492353770878,39.60674057207759,39.609525766934105
1438.0212827149842,15.574962866877971,16.217147994641007,16.890358475600653,17.595629610067423,18.33388373798396,19.105889148128135,19.912211049743874,20.75315364558796,21.628692400890326,22.538395745871043,23.481335716149243,24.455987470513602,25.4601182831781,26.49066754976673,27.54362063869162,28.61388112360497,29.695148089690807,30.779807813231763,31.858852083711067,32.92183854905519,33.95691129737501,34.95090176305633,35.88952999312253,36.757723129565306,37.54006042623221,38.22134138741637,38.78725586188114,39.22511399479014,39.52457370165435,39.678289269071556,39.68240244151601
1435.9563469270533,15.576763003276561,16.22003669348109,16.894468639582843,17.601107137117125,18.34088825176451,19.114594602926445,19.922806144770586,20.765841966540744,21.643692186633963,22.55593915546019,23.50166744672321,24.479362551001394,25.48679884433267,26.52091835112413,27.577703122639054,28.652045773016972,29.737624898282764,30.826794749283994,31.91050155267211,32.978242053676176,34.01808276707606,35.01676037905408,35.959883755192024,36.832254846604535,37.61831817909327,38.30273568270634,38.871065523580256,39.310502205288884,39.610614474040005,39.764003129339784,39.76679851476238
1433.8973329509606,15.579623696571034,16.223638134227027,16.898908875796884,17.606495697248203,18.347347218147988,19.122259696172815,19.93182778412389,20.776386257756243,21.655941772080038,22.570093840518915,23.517944491872587,24.49799649023678,25.508040658387362,26.545033789709667,27.60496993640079,28.68274958776372,29.7720534485879,30.865230196351852,31.953210656730096,33.02546407181416,34.07001512274008,35.073542415912705,36.02157925189076,36.898834414039364,37.68964313704512,38.37854542195248,38.95097056557975,39.39398502240929,39.69703951696124,39.8526364214109,39.856835772163336
1432.0492624946298,15.583073992734608,16.22723261761909,16.902698501444856,17.610543122352336,18.35172893681224,19.127068480125956,19.93717544816891,20.782406759272973,21.66279463904003,22.57796790036799,23.52706184217614,24.50861660878968,25.52046449310137,26.559607594809314,27.622088529970686,28.702858597057116,29.795649987651636,30.89286129478697,31.985468646098116,33.06297806526317,34.11343773428449,35.123531010565465,36.07877135415765,36.963817478638205,37.7629197163247,38.460495796240416,39.041815985006444,39.493755586995796,39.8055510783063,39.96948044346863,39.981384732088486
1430.00143000143,15.587090982289793,16.232580991390883,16.909526663888364,17.619012424556594,18.362014105849013,19.13935784062696,19.95167085615959,20.79932314977964,21.682359068140695,22.60041793967446,23.55264316024196,24.537579551416528,25.553059455819376,26.596078970233457,27.66266701645065,28.747751681479624,29.845030475373097,30.946853866768123,32.044134591995686,33.126298584942134,34.18129652641624,35.19569726948441,36.154884744563944,37.043377086010345,37.845279270038176,38.544867485992356,39.12728478420584,39.57930505282692,39.89010013493482,40.05192887566488,40.06066340966762
1427.9594459517348,15.590700953289284,16.23642898847204,16.91366443464173,17.623501774172134,18.366928578225618,19.144784620206853,19.95771289902006,20.80610154385271,21.690015609363503,22.60911789204299,23.56257814156768,24.548970451341614,25.56615924660395,26.61117521257106,27.680083791493153,28.76785059738372,29.86821030584981,30.97354828857335,32.07480741265824,33.16143581420091,34.22139467719633,35.24124741743708,36.20635217259075,37.10117682539419,37.909748526158296,38.61623675125653,39.20565026277582,39.664605640719984,39.98210236427095,40.15022273624701,40.164670750079836
1425.9232853272495,15.593566836584229,16.240037818456834,16.918114927751535,17.62890429464577,18.37340624904064,19.152474452320646,19.966766905016183,20.816687788580154,21.70231913317429,22.623341421293887,23.57894247579651,24.567714386873334,25.587538862710975,26.63546230996784,27.70756323646559,28.798816292748224,29.902959489412815,31.012373861512295,32.1179880390541,33.20922362761682,34.27400060196527,35.29882438074644,36.26897685842963,37.16883109095978,37.982302116560206,38.69343341141519,39.28709960998602,39.74978305848982,40.07035857337504,40.24080357026978,40.25674616280221
1424.0956992309882,15.597588097647442,16.24539254313553,16.924952416038426,17.637387009058624,18.383710286001325,19.1647898122323,19.98129748148227,20.833650978453537,21.721944947876715,22.645870956549274,23.60462557252361,24.596806292181913,25.620295679494888,26.672135010692088,27.748390017497986,28.84401306842629,29.95270838105316,31.0668096394487,32.17718264092997,33.2731691183289,34.342591269343615,35.37183907270758,36.34606313438597,37.249493218628686,38.06589528530972,38.77916660300813,39.37404920012939,39.83691829419474,40.156578582008166,40.32498370111806,40.337789638857934
1422.0705346985212,15.601024230265091,16.248966763730234,16.928714769916695,17.64139919809919,18.388047829761955,19.16954452862573,19.98658031013126,20.839595161456547,21.728709568998894,22.653644818948177,23.613631364787448,24.607304950115175,25.6325907939346,26.686577056977,27.765380088000995,28.864005675375395,29.976212765394244,31.094388880690097,32.209449728796656,33.31077904701664,34.386228190730876,35.42219765233344,36.40382355979569,37.315289876748274,38.14027998707587,38.86256835517774,39.466733764142205,39.93895186128958,40.267800468300464,40.444992670574436,40.465947109804375
1420.0511218403863,15.603993189241043,16.25287878035736,16.933691979477757,17.64757745313613,18.395577881667972,19.178593194939893,19.997331580963426,20.85225118197924,21.743491414572453,22.670792954767776,23.63340565272764,24.629984031856758,25.658470642310036,26.71596844864171,27.79860471351109,28.90139057331829,30.01808275431101,31.14105667906119,32.261203516770784,33.3678673554675,34.44884222727228,35.490451510462506,36.47773321363669,37.394752419407475,38.225055159650616,38.95226491180636,39.5608034469901,40.036693518737565,40.36837599319878,40.547454964267025,40.569278411938406
1418.0374361883153,15.605800128910275,16.255780401740097,16.937823585766,17.653087917636135,18.402630490202277,19.187366379573852,20.0080194809865,20.865063950120984,21.758655165230003,22.68854922656876,23.65401023041317,24.653704943180475,25.68558511622604,26.74675859458495,27.833351662934593,28.940366821094944,30.0615424593651,31.189223744295475,32.31425738488244,33.42592664842381,34.51194664034122,35.558542755859456,36.55063628418445,37.47215896605082,38.306511257838366,39.03716578729779,39.64839766063741,40.126098502139826,40.45860560455952,40.63745799816506,40.65798507349714
1416.0294534126308,15.611462687580921,16.261832863348623,16.944332918031307,17.660132886435484,18.41030353974772,19.19577575031617,20.01729157253107,20.875345926378326,21.770117783977835,22.701389854032296,23.668455971575867,24.67001577832789,25.70405688168955,26.767725579093515,27.85718850958967,28.96748932976335,30.09240677944313,31.224323342664913,32.35411708530265,33.471092993448245,34.56297386368369,35.61597382131905,36.61497880062243,37.54385636994429,38.385910473105724,39.124483564416366,39.74368880217709,40.22922993480101,40.56924043777146,40.75505304965828,40.78180377527428
1414.027149321267,15.615494667972083,16.267204676172728,16.951195714481283,17.668651364159437,18.420656478656735,19.208156354246608,20.031907536597252,20.892419130331977,21.789883489555418,22.724095259472456,23.694357950073847,24.699377600756144,25.7371437001284,26.804798430758186,27.898496596798758,29.01326034940409,30.142835126693736,31.27955611339336,32.41423796687452,33.5361043821861,34.63277789198457,35.690353418755876,36.693580426454346,37.62617657459985,38.47128885632005,39.21210482885473,39.832596259869575,40.318351855323044,40.65742901169803,40.84113368064782,40.8646303534354
1412.030499858797,15.619216438176887,16.271365962884534,16.955871995338253,17.673930369000672,18.426639985460824,19.21496218641669,20.0396717607841,20.901298442949194,21.800057764283775,22.73577020599087,23.7077678044147,24.714787728363437,25.754852942263543,26.825140962108204,27.921842986708263,29.040017432632446,30.17344419669708,31.314488861493686,32.45398952108312,33.58118277604161,34.68368935342131,35.747583058102556,36.75756827054377,37.69728947818971,38.549789623312144,39.29812082579478,39.92609073751578,40.41910184678407,40.765013735731465,40.954936598170775,40.983856363986924
1410.039481105471,15.623096175315688,16.276494303454903,16.962400031214706,17.682024580707637,18.43648328068742,19.226754840585652,20.053632191671543,20.917663731206837,21.819083807589628,22.75773136628404,23.732955875441036,24.74351001534861,25.787429208645676,26.861898963011317,27.96311228035025,29.086121147043745,30.224688441506284,31.37114952897372,32.516296337543174,33.649300667848955,34.7576975052519,35.82745248074541,36.84313925774293,37.78825097435352,38.6456631464704,39.398252024049285,40.0296516780575,40.525106519579936,40.87234787420744,41.06240086807056,41.0902196244585
1408.0540692762602,15.626722091043344,16.280361844120144,16.966561837472444,17.686543631745916,18.44143465914455,19.232227740660903,20.05973218410196,20.924515290916933,21.826833097471038,22.766549252226636,23.74304112160601,24.755092572670264,25.800773461445235,26.87730673628967,27.980925332280233,29.106722777309766,30.248503739041933,31.398643669494206,32.547970236252205,33.685683219871905,34.79933364207147,35.87488638431177,36.89689236258218,37.848794905253435,38.71338851009353,39.473434958658764,40.11242112855336,40.6154160924738,40.96995650600096,41.1668661011149,41.200905893836875
1406.07424071991,15.63069591283002,16.285780014641738,16.973598454552818,17.69539024294603,18.45230138141029,19.245344253789487,20.075348518643874,20.94290230830592,21.84828253300037,22.791373159843587,23.771570523668167,24.787675078757857,25.837769580067988,26.919084565440905,28.027853285092377,29.159159986431867,30.306787800631827,31.46307545247539,32.618795617252914,33.76307183535493,34.883355102890086,35.96548489249547,36.99386130171287,37.95175369852191,38.82176474418362,39.5864552694001,40.22911438306962,40.734631723257706,41.09039930088118,41.28714641531682,41.31960153832115
1403.9028499227852,15.633364152371618,16.289046085633576,16.97755764124835,17.700151636112658,18.457989668848736,19.25210167148038,20.083336949499387,20.952305502146313,21.859308403039638,22.804256086390165,23.786573563527984,24.80509193754839,25.85792615307524,26.942339790085132,28.054598974959408,29.18981923567431,30.341811464224623,31.502936133352446,32.663978544075476,33.81406202225698,34.940620283114285,36.02945395806608,37.064898408958115,38.03012884680242,38.907622492684276,39.67978423778538,40.32972109496823,40.84212290375254,41.204176596983885,41.40641642795675,41.44340204202149
1401.934669844385,15.638000425111638,16.29442765469933,16.983788701363782,17.707350250850688,18.466289418688167,19.261653421117337,20.094310713228847,20.964892371820078,21.873722483968553,22.820736361478264,23.805385573731648,24.826529126338063,25.882310673126064,26.970022511806402,28.08595836984502,29.225258736174652,30.38175483273887,31.54782031799071,32.714243477032944,33.87013685561387,35.002905693218885,36.09830042607442,37.14058084170047,38.11281855915454,38.99735840372054,39.77644603411513,40.43300788282288,40.95154121797012,41.319041257818476,41.525866452134885,41.566431704929826
1399.9720005599888,15.640827275694058,16.298112074457812,16.98845472753817,17.713137983867515,18.47335682028481,19.27017821706683,20.104492369695752,20.97695409727986,21.88791318617846,22.837332460072872,23.824692532492936,24.848882524057114,25.908076577641214,26.999596858522686,28.119764975593828,29.263745505962273,30.425387648972777,31.597074053051628,32.76958956211167,33.93202690233761,35.07175083987593,36.17444641313802,37.22427935354842,38.204196118215705,39.09638503383168,39.88290689740805,40.54648190389171,41.0713910117574,41.44441813619614,41.655732705663084,41.69959986052649
1398.014818957081,15.647657598497377,16.30587651907426,16.997268753103008,17.723130872081253,18.48467311478745,19.282979227000872,20.118957706640845,20.993283199710618,21.906326766071597,22.85807378137382,23.84802839995648,24.875103822764256,25.93749815791392,27.032556508429202,28.15662116554047,29.304873531006532,30.47117374187779,31.64790700705503,32.82584940576108,33.99407023623325,35.13989261111839,36.2489382063984,37.30528475182759,38.291764343154476,39.19042487802817,39.98316379469984,40.652521637094,41.182593742438534,41.55998586998355,41.77471182952696,41.82091813945952
1396.0631020522128,15.649395406080309,16.308825349601655,17.00159026489957,17.72900492183382,18.492299314574172,19.29257847851507,20.130773649581894,21.0075834889351,21.92340406434085,22.878246320725168,23.871639924419494,24.902522678360775,25.969115243471293,27.068781744927055,28.197878086870087,29.351591552717107,30.523777638800762,31.70680314373598,32.89140834080333,34.066605496018184,35.21963573847935,36.33601067292033,37.39966800006818,38.39327007919621,39.298668676105514,40.097545914292105,40.77221939298688,41.3065694571639,41.68701309079705,41.90342007192031,41.9498532902418
1393.9224979091161,15.65222764725092,16.312518389294702,17.006269108000033,17.734810864599634,18.49939178997262,19.30113701444403,20.140999909904323,21.01970334999246,21.93766965683493,22.89493793736803,23.891067656306245,24.925027596487105,25.995069885443364,27.09858960075988,28.231971703430727,29.39042879798672,30.56783559289476,31.756569027672057,32.947366878641674,34.12922216360569,35.289335525539414,36.41315232482855,37.48451425850259,38.48595523024346,39.39916570706664,40.20563664753958,40.88747185519646,41.42832709656173,41.814399899574,42.03536398601719,42.08512754911712
1391.9821826280624,15.6589013827303,16.320029409914763,17.014731737552207,17.744354974838632,18.51016475026955,19.313305811637132,20.154753423656608,21.03525475446634,21.9552588995608,22.91483421938986,23.913571802425974,24.950474159015123,26.023828767727558,27.131066916834946,28.268609507440182,29.431703223728764,30.614252845665845,31.808658578939006,33.005671148682254,34.19428196898859,35.36167066123899,36.49323690135008,37.57274688439837,38.58262486909275,39.50441505007323,40.3194260441825,41.00954801917417,41.5582015953413,41.95134240718162,42.17841407434193,42.233126356055465
1390.0472616068946,15.659500627343741,16.321243746647355,17.01667061999226,17.74714432240772,18.513949149043512,19.31825092677561,20.161048612509084,21.043115854223014,21.964931142140298,22.92659519747884,23.927734372360103,24.967389116539465,26.043887069702606,27.154701144243266,28.296294172326967,29.463953416940555,30.65162060927803,31.851726279137505,33.05504104285279,34.250561138668935,35.42545056927849,36.56506709053044,37.653102836421034,38.67187084528233,39.60276384811545,40.426898939879095,41.12593948225577,41.68305427739484,42.08393791092318,42.31778372795234,42.37808356872012
1387.9250520471894,15.66627414957056,16.32906212438808,17.025673388663655,17.757488968786564,18.52581318333023,19.33183409727257,20.17657523481219,21.060837208665927,21.985127868951828,22.949579587267248,23.953852408557957,24.997022074788692,26.07745241557779,27.192652394695532,28.339119298766622,29.512171272602387,30.70577476840322,31.91237559517369,33.12274619137564,34.32586644437837,35.50886057532816,36.657017674262995,37.75392727146931,38.7817620979862,39.72173555881766,40.55474885010677,41.262220248875174,41.82705723834148,42.23469495361304,42.47409062689452,42.53854506405348
1386.001386001386,15.670276587065281,16.334526162715704,17.032778364011094,17.76643283723233,18.53681386319518,19.34513071921897,20.19242922234905,21.079533087501552,22.006973674184373,22.974906702254607,23.983014628313544,25.03039364033832,26.11542471528778,27.235628977082392,28.387508794002557,29.566377785515073,30.766185297639762,31.97934407094695,33.19657383481638,34.406778369449086,35.596978918886926,36.75233208773902,37.85626435646495,38.890756290443015,39.83680495440537,40.67508029690247,41.38676837496749,41.9545615366426,42.36371730876934,42.60307273803684,42.66588157087305
1384.083044982699,15.674736200080487,16.33958714228031,17.03854126261047,17.77301423636755,18.544348728233697,19.353775029603973,20.202362881695606,21.090963105268372,22.020137591656766,22.990076208578483,24.000499274968334,25.05054451207847,26.13863784937537,27.262348237880822,28.41822780477764,29.601640393539505,30.8065839059948,32.02551502062551,33.24918888369688,34.46653122477468,35.664565790347304,36.828425413392786,37.94147930403195,38.98561044038881,39.94167277661245,40.790145586399746,41.51197949113084,42.089595662970204,42.5079604279653,42.7556210421737,42.825567372519224
1381.9789939192924,15.677380341400545,16.342945896891784,17.04273543589803,17.77818293788149,18.5506518866227,19.36139616793634,20.211512147145623,21.10188053118206,22.03309654732087,23.00538696064013,24.018512542102716,25.07165483863296,26.163286551732476,27.291025586924892,28.451473997936656,29.640044741501494,30.850781517656888,32.076180127411625,33.30702382416457,34.532250050809985,35.73887151500176,36.91198017579115,38.034867270733216,39.08929417935739,40.0559451632178,40.91508094921639,41.64738941294141,42.23499613793729,42.66255731298923,42.918319374158216,42.99500699392982
1380.0717637317139,15.684383688660011,16.35115234504095,17.05229219084458,17.789254010341136,18.563419693950618,19.3760631730766,20.22830248985794,21.121041587771046,22.05490033086059,23.03013124316629,24.046521542476484,25.103279274004834,26.19890279646449,27.331033621103295,28.496293760489888,29.690110435354843,30.906533355363912,32.13805297041506,33.37543218064994,34.60756898969962,35.82141327144499,37.0019666183349,38.132399020332414,39.19431803699851,40.16822257405109,41.03416135536687,41.77259323051868,42.365412316289074,42.79705956048543,43.05560292627838,43.13364445655138
1377.97988149373,15.68818975388064,16.356269995984906,17.058895884513873,17.797538702215032,18.573602820200165,19.38838668124113,20.243034863263944,21.138479785852052,22.0753715379937,23.053994281498195,24.074167758343005,25.13513265207635,26.23541899038444,27.372697514963136,28.543615094793136,29.74361695014824,30.966760832865663,32.205531517854695,33.45066810909527,34.69102175653318,35.91346721584107,37.10289769242577,38.242337461529644,39.31320896586893,40.295787788921295,41.16986695145644,41.915628748740524,42.51468742198209,42.95122323686364,43.21308754034864,43.29273303725656
1376.083665886886,15.692734532295558,16.36162187412658,17.065180901488677,17.804901496229796,18.582209159396857,19.39842625665357,20.254724338321015,21.152066080912114,22.091135305644837,23.07225349677011,24.095281305150106,25.159503730439507,26.263498095422797,27.404984645725225,28.58066073708843,29.786021243227676,31.01517017982543,32.26063174590396,33.51317315153337,34.761656753046026,35.99294497261926,37.19188769336755,38.3414271790007,39.42285818270384,40.41627806070602,41.30125013428554,42.05768041097403,42.666872417056176,43.11268102599741,43.38264337133058,43.46893760466605
1374.0038472107724,15.696375318294034,16.36648345936515,17.071437966695218,17.81275122009091,18.591873764564138,19.41015571984781,20.268799227250085,21.168800458094623,22.110879609110086,23.09539726820258,24.12225558540891,25.190782878532207,26.299600708238007,27.446473161196625,28.628139193691247,29.840130547533462,31.076580110117444,32.33002881053533,33.591243354736854,34.849062343609624,36.090294427426976,37.299698602820136,38.46008244856855,39.552557119837324,40.5569854841224,41.4526484823252,42.21913157381195,42.837397065915745,43.290962818765706,43.56706299481406,43.65763715563864
1371.9303059404583,15.7031968226848,16.374361126688633,17.08051440569569,17.82318775547028,18.603852687523897,19.42388271988259,20.2845059841948,21.18674735595304,22.131358509310342,23.118734247929613,24.148813504601662,25.220963584895486,26.333846621142925,27.48526789101031,28.67200675241227,29.889632591447693,31.132310531505713,32.39260487607875,33.661292496539154,34.92720368300595,36.17711420936329,37.39571901718216,38.565723905547735,39.668095011929964,40.682503836973225,41.58799457709947,42.363877323008616,42.990814115676336,43.45201835013345,43.73444141126871,43.8297891480655
1370.0506918755993,15.705951372844973,16.37803680621137,17.085258042425686,17.829167254584103,18.61125978158991,19.43293598109822,20.295454085968796,21.19987255244811,22.14698027555048,23.13721298746862,24.170554184034856,25.246419091867114,26.363520562046705,27.519716443705217,28.711839066463714,29.93550908453833,31.18493827114921,32.45272907378166,33.72968300256631,35.004635297392184,36.26433968603138,37.493433926914534,38.674523154969,39.788421901722,40.81459414080458,41.73182015226802,42.519095906823246,43.15673360618626,43.627584184277275,43.91825386981882,44.020153286238404
1367.9890560875513,15.707567411031889,16.38078142969528,17.089296955614454,17.83468743150767,18.61847183729864,19.442076686944972,20.30678899123325,21.213698653098714,22.163628642211282,23.15705122719958,24.193988562522232,25.27389608220476,26.395527511862074,27.55678096305501,28.754526635321806,29.984418264269618,31.24069278735278,32.51596593421922,33.80103575099537,35.08471152538942,36.35369209347797,37.592524620819304,38.783681599772606,39.9077980607851,40.94410988984673,41.87112386767242,42.66752687484563,43.313303946939456,43.79098557199421,44.08689384840509,44.19222140833281
1365.9336156262807,15.714390854499358,16.388662388060375,17.098378750592786,17.845132329769314,18.630463363491923,19.45582213344816,20.322522107019886,21.231682477167226,22.184158423663007,23.18045734246583,24.220639298356204,25.30420009855012,26.429935729209493,27.595787532315263,28.7986685434474,30.034273006786645,31.296873404468506,32.5791125717858,33.871802793521596,35.16374929336027,36.44162216020817,37.6899080674957,38.89098009315734,40.02532860749499,41.07199554925877,42.00924452565146,42.815476112480965,43.47035952945631,43.95610136563245,44.2587193196472,44.36915101078256
1364.070386031919,15.717863280740593,16.393212662727006,17.104177997023726,17.852376358189826,18.63937593758736,19.466658562741795,20.335573155466946,21.247278557836744,22.202674020207812,23.202315557688863,24.246316375467366,25.33422968810288,26.464912580351204,27.63637016713795,28.845580325072145,30.088300834919323,31.358863070910388,32.64995959582475,33.95243736066752,35.25511378980753,36.54463980938185,37.80544145044478,39.01977902166566,40.16796807780652,41.22880644484661,42.18024231099428,43.00029562006195,43.66820633894971,44.16573110531006,44.478454369735424,44.5969390456937
1362.0266957232363,15.724648792562109,16.401171770476797,17.11347921576305,17.863211520891063,18.651963195664806,19.481245673851056,20.352441046109814,21.266745128586383,22.22509813354695,23.228101110124673,24.275916303874368,25.36814969184864,26.503714252120993,27.680673113074654,28.896062716374654,30.14569766817562,31.423961227577013,32.72358859509085,34.03545452083344,35.34838239852339,36.64899892881922,37.92166626073485,39.14853127758157,40.3097374708383,41.38384552595645,42.34850008406103,43.1813576187611,43.8612512182506,44.3695144489443,44.691328478421404,44.81691247889379
1359.9891200870395,15.728303676681884,16.406056007122128,17.119770729430588,17.87111162583969,18.661699358368534,19.49307448740459,20.36665138832877,21.28366145390059,22.245083819347123,23.251561738910542,24.303302710955865,25.39996054181453,26.54049782311347,27.7230278637747,28.94463608533902,30.20118241008781,31.48708843205203,32.79511637491854,34.116151224882856,35.43900314616378,36.750254350056686,38.03418266249009,39.272802171387625,40.44606762319102,41.532290507413705,42.50880662053291,43.35291253096857,44.04304864490055,44.56015135246763,44.889036132249444,45.019626373379715
1357.9576317218903,15.7341464440048,16.413525933275196,17.129077971244985,17.88249079113797,18.67541188312712,19.50941108007549,20.38593447855695,21.306247555346086,22.271365680768145,23.28197011241032,24.33830750959144,25.440071088971663,26.586261811988177,27.775028546836896,29.003487102693786,30.267519547692228,31.561557487275298,32.87835621885225,34.20877112302881,35.5415534858527,36.86319020203151,38.157820176519785,39.40726878293346,40.591248515711925,41.687775722362126,42.67384542290247,43.526383602389714,44.2234555339067,44.74565135152662,45.077506668307485,45.208766322082624
1355.9322033898306,15.740932146251255,16.421481110020785,17.13837108527465,17.893313805345485,18.687983339921736,19.52397949322667,20.402782031917603,21.325694084749212,22.293772889357523,23.307745933273278,24.367910479792265,25.474014532369353,26.62511754053612,27.819429677217844,29.05412944341753,30.325160839134572,31.62701357534703,32.95249302122764,34.29249102722242,35.63577464379601,36.968817129703446,38.275704243318316,39.53815774063357,40.735725355136154,41.846189015898304,42.846235938238436,43.71241509000998,44.42236048228602,44.956203988256895,45.29803421196762,45.43720461311747
1353.9128080151638,15.744418032563141,16.426052523183866,17.14420174060209,17.900602803267866,18.696958603612796,19.534901570901702,20.415948261966733,21.34144310235101,22.312489424913924,23.329865813104902,24.39392568458233,25.504478094738666,26.66064796520665,27.860714440567843,29.101926969394434,30.380300152838124,31.690390605752636,33.02506227046324,34.37525107025162,35.72974571789552,37.07500900175637,38.39507273519766,39.6715489292705,40.88380775585702,42.00937618549457,43.02460492017725,43.90562964643544,44.629611275035515,45.17617942029743,45.52893400366677,45.67680248827097
1352.0822065981613,15.751225329884008,16.434041562292762,17.15354368540848,17.911492861675047,18.709619211824243,19.549585908665374,20.432944095629548,21.361076934355253,22.335130901972974,23.355932308127016,24.42388691623644,25.538860579504068,26.700039005382347,27.905765233299746,29.153354271887054,30.43888575467841,31.756977641600564,33.10054716377142,34.460569653329216,35.82585187019792,37.18284406534559,38.51552412803084,39.80539695814176,41.03166084155347,42.17159674094927,43.201231011915326,44.096301034137085,44.833511660798266,45.39200840129095,45.75492076137244,45.91076770937487
1350.0742540839747,15.754656754699614,16.438667696526892,17.159562644247824,17.919132532948517,18.719141426198366,19.56129108439148,20.447176367448815,21.37822975557213,22.355653077995854,23.380334375513964,24.452747719173026,25.572833810429106,26.739859361992405,27.952253693546844,29.20742179495591,30.501534473787626,31.829298322366014,33.18371136709303,34.55581468806325,35.9344563001093,37.30609134276049,38.65465202044969,39.96153104393475,41.205731767373265,42.36424344217698,43.4126958256976,44.32632730131564,45.08125905148744,45.65600405715862,46.033063270047485,46.200394380302164
1348.0722566729576,15.761475011619385,16.446672866949662,17.16892720843,17.93005332384467,18.73184288380324,19.576028856200978,20.46424125484389,21.397951988064086,22.378406871189405,23.406542691642258,24.48288709776847,25.607439067037642,26.77952786006381,27.99764877353836,29.259274790188687,30.560644550913533,31.896529155182627,33.25998339303577,34.642091427869865,36.031722986959856,37.415323987593,38.77677516476909,40.09736300764775,41.355917419672096,42.52917662882543,43.59243665502916,44.52052325361831,45.28908249198991,45.87612073252955,46.26364500725898,46.43918334565765
1346.0761879122358,15.763950733962774,16.450785587586903,17.174915212994478,17.938185658813786,18.742422898696198,19.589398003763478,20.480783110162182,21.41809641967463,22.40263425947338,23.435388039439637,24.51694381206587,25.64736210520534,26.826035825634918,28.05152441131251,29.321363165886186,30.631848006601594,31.977797913261394,33.35230045314637,34.746450193187584,36.14909592513145,37.54662067097105,38.92278838799919,40.2587025445208,41.53293258395728,42.72187133508957,43.80038413829059,44.74279159409288,45.524185564691415,46.122010471603765,46.51775805569393,46.69854720713967
1344.0860215053763,15.770415238025942,16.45818732260962,17.18341876667819,17.947983264182312,18.753738841534123,19.60249364709364,20.49596258630926,21.435713028482475,22.423097590092347,23.459171799013564,24.54459429267676,25.679507144203402,26.86339400598502,28.094914098114725,29.371710771613596,30.690194609124774,32.04530300725894,33.4302411927683,34.83621399128098,36.25216374820547,37.66453789241006,39.05711979120392,40.410968259834,41.7045227675199,42.913939694851024,44.013724349929696,44.97770622854698,45.78036359194409,46.39843483316148,46.812666404835284,47.00946403487764
1341.9216317767043,15.774016287522029,16.463086080450484,17.189817390202563,17.956112747514027,18.76386285633937,19.61491278877019,20.51101902525712,21.453795545411747,22.444646944152513,23.484686334745334,24.574635632467874,25.71470573226908,26.904454162211678,28.142618099023263,29.426921294688153,30.75385465034733,32.11843210787197,33.513926495816435,34.93159431223014,36.36040453439805,37.7867947537223,39.19448836190328,40.564418730133085,41.87481880539913,43.101543979068076,44.21869672511694,45.199605328212726,46.01816766681954,46.650500580418644,47.0767434025035,47.28277516170593
1339.9437223636608,15.781943697530233,16.472928509042266,17.201832202466704,17.970589671975254,18.781127677728833,19.63533131047742,20.53500126116698,21.481800071565885,22.477185300797462,23.52232731585707,24.618009229198165,25.764506404788214,26.961442996538544,28.207623257000645,29.50083598241332,30.837631611600223,32.21307339812128,33.620467023112475,35.05107737571167,36.4938474112933,37.93514238960189,39.358553577512296,40.744808314066155,42.07184670914775,43.31513583017353,44.44829406363661,45.44408286695404,46.275781157302156,46.91888433500427,47.35297271796169,47.56349853144943
1337.971635001338,15.78538868759481,16.477576869281833,17.20788562520705,17.978280711887674,18.790724218176713,19.647141579717275,20.549379425638477,21.49915241632606,22.497976980124353,23.547089616487025,24.647347229799262,25.79910683204143,27.00208196305984,28.255173410248965,29.55627238642118,30.90203541425919,32.28763199712826,33.706469031002584,35.14990021035214,36.6069348423174,38.06396894205962,39.50457249787423,40.90938011570123,42.25614653265482,43.520040457596686,44.67425381326988,45.69098974615531,46.54285163591623,47.20458069421975,47.65498782188391,47.878822013975004
1336.005344021376,15.79314476407845,16.48708958946078,17.219405242136883,17.992091454578006,18.80714865077951,19.66654540201413,20.57217671082519,21.5258112585987,22.529025490562063,23.58312215771951,24.689030713541943,25.847186813321898,27.057388144262784,28.318624009348557,29.62887661870681,30.984893077725243,32.381928833516625,33.81346615955266,35.270915517200955,36.743313801397484,38.21704203839972,39.675596392557,41.09946020826068,42.466140029553976,43.75044189728408,44.925069577127545,45.96161429744409,46.831965031455944,47.510091941710634,47.97404849030191,48.20792611061319
1334.0448239060831,15.79941181183781,16.494146896286008,17.22741281702032,18.001239095429465,18.81766113473406,19.678688490490348,20.586264061797753,21.542212333339712,22.54817452786179,23.605528260956852,24.7152890489861,25.877990843729687,27.093542709686872,28.36105890360493,29.678660078410523,31.04324428142301,32.45022807985007,33.89326083636618,35.36391927908406,36.85139555793573,38.34220048809599,39.81991507958305,41.26503773892473,42.65499066731272,43.964363962955126,45.16548368571484,46.22938092612932,47.127200717262994,47.83201329941846,48.320879024408306,48.57689754412307
1331.9126265316995,15.804151815602582,16.500914494728615,17.23649663794248,18.012965178824434,18.832397371555704,19.69684943122112,20.608316063911605,21.56867898654717,22.579642254127577,23.642651929179777,24.758797367581582,25.928691192899905,27.15232494272826,28.42889747628648,29.756613650191372,31.132451666124357,32.55189910416355,34.00866029876941,35.49434181328642,36.998128849759155,38.506474082442594,40.002832137429095,41.46748786728603,42.87754377012752,44.20714842555933,45.42805743920715,46.51061081201794,47.42517273657972,48.144000914500964,48.643394727410126,48.90584123188455
1329.9640909695438,15.811941166790813,16.510477973774858,17.24808903447134,18.02687629537093,18.848956608085782,19.716430857276137,20.631343982736215,21.59563397298959,22.611067614782755,23.679160485447827,24.801078395238658,25.97751725935635,27.208558257865025,28.493495205596584,29.83063141963767,31.21704420600874,32.64831662551113,34.11823876763724,35.618484798168225,37.13827810685258,38.66406560903747,40.17923424995553,41.66391826161307,43.09496396603024,44.446137069755814,45.68866915749833,46.79223468230167,47.72641287392363,48.46260826252381,48.976279573823994,49.249186154260016
1328.0212483399735,15.815128304945192,16.514821855456727,17.253809756766653,18.034231206438005,18.858246296910288,19.728006012434545,20.645613205982897,21.613072623891693,22.63222774260499,23.704681869298575,24.83170065669577,26.014092924770566,27.252066518908574,28.54505594164949,29.891518785735755,31.288698732932847,32.7323542990568,34.21645492780472,35.73284991049581,37.27092151736869,38.81724236697354,40.35526913942073,41.865120672048285,43.32350775320121,44.70390200677045,45.97704601474772,47.111905205050256,48.07712858449105,48.843005411714216,49.383776083031684,49.68000283689496
1326.0840737302744,15.822893742263425,16.524368067698383,17.265394110146314,18.048146769461546,18.87482659228794,19.74763029511324,20.66871227981667,21.64013518828424,22.663807228569215,23.7414036779158,24.87426964688272,26.063300905097,27.30879937176119,28.610299837212843,29.966364716094972,31.374344299873712,32.8301013101758,34.32770088639279,35.85907093057911,37.41364359052535,38.977997342249765,40.53553143897314,42.06622098967519,43.54652130149353,44.94951199940743,46.245388697814334,47.402411108633736,48.38838468523328,49.17267138904359,49.72858954999462,50.03589804375533
1323.9772275916855,15.830311458855897,16.533310510010296,17.276108924138565,18.060920324662412,18.889989885759228,19.7655656712952,20.689861039510703,21.665006148636184,22.69298627414639,23.775564306239517,24.914184453846364,26.109853868176035,27.36299866066265,28.673290698061024,30.03944171783302,31.45896187742671,32.927881061664266,34.440433454308845,35.988709499314766,37.56228506814514,39.14784622033467,40.72884030575339,42.285201061518194,43.79321677394049,45.22563448679407,46.552113766821236,47.74014893739581,48.756550968603136,49.56949983078817,50.15103709464408,50.47968972996998
1322.0518244315178,15.83481374755337,16.539808356893527,17.28491352698811,18.072387599463354,18.904526606727472,19.783636329217646,20.71199544903366,21.691807811931096,22.725141472349165,23.81385183635953,24.959485851088957,26.163163843483012,27.425435330013773,28.746104970123948,30.124024923244612,31.55685034688134,33.04075587038969,34.57011292976221,36.1371313318877,37.731473997604084,39.339862385646285,40.9457026566643,42.52878015141232,44.0650924843143,45.526917782004695,46.88323858221475,48.10065144033975,49.14486776192194,49.98283024086256,50.585320115068996,50.929735086731085
1319.9577613516367,15.841066148134562,16.546968836962467,17.293169676863343,18.081962390653512,18.91568472608582,19.796691568298687,20.7273192917222,21.709839368041774,22.74639890176894,23.838945392789892,24.98913263992404,26.19820432551689,27.466851498544347,28.795039965823694,30.181803604878443,31.624999974863815,33.121025543861705,34.66448969771521,36.24784992254142,37.86101583482752,39.49093798308683,41.12120969430311,42.73172784189434,44.29848187788703,45.79356861205268,47.1855578708169,48.440349361540406,49.5226433143317,50.39807126857096,51.03588216306323,51.41186956769535
1318.0440226703572,15.845573966148343,16.553478276657493,17.301994504841335,18.093461893057334,18.93027007454983,19.814832965131817,20.749553940742704,21.736780298066606,22.778744638249055,23.877490424657875,25.034778556922927,26.251971397509244,27.529890321213145,28.868642591987427,30.267413298455427,31.724218341938634,33.235615284977406,34.79637055894104,36.399084578116344,38.0337814132237,39.68747781163342,41.34375876605482,42.9824049017541,44.57914162746563,46.10561053181542,47.529695097608275,48.816353278147176,49.92909678963038,50.83218204669725,51.49341902484042,51.88727593979175
1315.9626266614027,15.85298272404022,16.562534789119518,17.312975073987847,18.10668717946345,18.94611208759727,19.833723077562684,20.77199203887831,21.763345173561635,22.810105711485537,23.914420858891567,25.07816976902729,26.302848885858904,27.58943060050546,28.93819083039771,30.348500970028187,31.818579804454817,33.345201630015936,34.92335830793352,36.54587576468669,38.202990259127056,39.88189757876121,41.56630057244764,43.23599868162591,44.866588762285865,46.429379358748825,47.891656556572606,49.21746666128713,50.369075968698844,51.30919790034719,52.00391483515554,52.4259743062514
1314.0604467805517,15.861728183685965,16.57364797769367,17.326797305040355,18.12360679440619,18.966570740914023,19.858222746824264,20.801102792267848,21.797713705890953,22.850464625763287,23.96159861968723,25.1331011798704,26.366585837338228,27.663152687492524,29.02321523135712,30.446290699887538,31.930749071326574,33.47351651684127,35.069730332054625,36.712345015191474,38.391693768546546,40.095017403561435,41.80598490862889,43.504248630422616,45.165103867924195,46.7593580609508,48.2535549953498,49.61073248633009,50.79189294014281,51.75829802892067,52.47452756606213,52.91197299697726
1311.9916032537392,15.865830736693816,16.579498745734487,17.33470286801103,18.13392317639264,18.979711202850368,19.87466672742599,20.821406126632507,21.822520247517822,22.880519383794137,23.997762493626016,25.1763673214454,26.418097583086457,27.724222871536703,29.095346485599034,30.531196050874733,32.03037171205581,33.59004701847275,35.20561870258787,36.87030383692664,38.574687083081514,40.306228027364774,42.0487505294216,43.78195468432556,45.48101965152906,47.11640341829005,48.6539908929524,50.05578321067549,51.28133292059003,52.290070224627485,53.04449176939634,53.51389055828218
1309.9292638197537,15.873261313366916,16.588588945949464,17.345732935547716,18.147218856646525,18.99565104855844,19.893690513808483,20.844024509950643,21.849325801143166,22.912199137046457,24.03511207595924,25.22030677104834,26.469688804706905,27.784688609377348,29.16609049393921,30.613823870522786,32.12671105764934,33.70216620011633,35.33584068088738,37.021212365635364,38.74911984834609,40.507249695674616,42.2795962175117,44.045931858134,45.781354633991825,47.45601915212461,49.035208077039584,50.47995094111107,51.748420190139036,52.79828406381903,53.59002002056047,54.09087582678317
1308.0444735120993,15.880439135467654,16.59738505041027,17.35644629636276,18.160200338687467,19.011312247219212,19.912514033982653,20.866575883083428,21.876267249661986,22.94430539773287,24.073288482287072,25.265609761144646,26.52334895474264,27.84813617508058,29.24098325150113,30.702076748201307,32.23052659255537,33.82406417383691,35.47868429187451,37.18822686858213,38.94389759411371,40.73373281215608,42.54202474389076,44.3487412108162,46.129002672321334,47.85272177892368,49.484566891169905,50.98447228766347,52.308957200260224,53.413481719161204,54.255894438515135,54.80068258468962
1305.9945148230377,15.891266175103501,16.6108116994221,17.37285683275715,18.18003445836686,19.035073029063827,19.940776971674918,20.899999085206666,21.91560290063953,22.990412552670957,24.127147233812124,25.328336758965992,26.596214169247016,27.93258066121683,29.338637469545098,30.81477870710939,32.360338662473296,33.97328681596799,35.64986410807373,37.384155193068985,39.16759423711521,40.98840743615179,42.831005707606,44.67535879124099,46.49641113263251,48.26364452547033,49.94095415012003,51.48707598375239,52.85685747680189,54.0036432518037,54.88287551614392,55.45663729093174
1303.950971443474,15.895350714523472,16.616767404914686,17.381020305672,18.1907980000349,19.04889373493929,19.958187251009655,20.921618795416894,21.94215329438244,23.022732236437346,24.166210324399074,25.375273390978336,26.652333441810338,27.999395999454276,29.41789419302352,30.90848331006025,32.47078887108505,34.10310082772905,35.80200644053271,37.56195514363434,39.37475091603623,41.228972500789226,43.10933117109998,44.995992707003005,46.863919273055075,48.682333331969595,50.41447328106921,52.017894312462545,53.44564188726993,54.64862725805868,55.57937051970572,56.19687547599168
1302.0833333333333,15.903547074403306,16.627060909060045,17.393769614848956,18.20642059909153,19.06787556967506,19.981093894411654,20.949108352642924,21.974991268324615,23.061808580472583,24.21255890073806,25.43009402404063,26.717016694776383,28.075550691693206,29.507377491716248,31.013432934742678,32.59365649192635,34.24668503990893,35.9694826474099,37.756898126602806,39.60114360735373,41.491191273720226,43.41209362554622,45.34424850095806,47.26265874711332,49.13628469154622,50.92766174479871,52.59305406178259,54.083513542806195,55.34724322667013,56.33350994117107,56.99791061146677
1300.0520020800832,15.91073562128421,16.635868836631413,17.404498314358328,18.21942452170741,19.083571501446027,19.999971818583496,20.971744146506982,22.002061507802082,23.094107748150982,24.251019307945167,25.475808758403033,26.771265881859993,28.13983129805958,29.583436774838212,31.10330542914688,32.69970405998092,34.37163893343823,36.116485608482094,37.929543134366405,39.80350371445766,41.72783175597052,43.68805303514404,45.66496891165443,47.63383774368671,49.563614048154584,51.41641457852146,53.147492236988406,54.70612305783525,56.03787748069611,57.08861976779914,57.8101180383928
1298.0269989615786,15.915923506402882,16.643624588751774,17.415249160145045,18.233664371151583,19.101871355197318,20.02299174772003,21.000247046803132,22.03692883957323,23.136357473392216,24.301826223419393,25.536527388741533,26.84345602907901,28.22528622613756,29.684213814856435,31.221758484228996,32.8385170132651,34.53385823161804,36.30554918141124,38.14930113277806,40.058224043939376,42.02217972395899,44.02702926283555,46.05378284445014,48.0776862092681,50.06732781905569,51.98393699477381,53.781174416624836,55.40587592375205,56.80031983443418,57.90647763438418,58.67218102699904
1296.0082944530845,15.926395199453804,16.656589256130697,17.43111823382314,18.252915737028243,19.12506023963723,20.050763366870676,21.033351277470246,22.076237194488264,23.182882682965513,24.356744735918106,25.60120509416787,26.919477478027463,28.314487537059485,29.788719316168553,31.344020882644138,32.981360456353805,34.70052294739784,36.49973528584386,38.37520747576723,40.320575286151865,42.32623073830965,44.37852986279528,46.458877245725105,48.54271063808566,50.59845835717867,52.586634704213225,54.459390541710036,56.16103935137795,57.6302502104643,58.80452696697707,59.62699809952106
1293.9958592132505,15.934515591812877,16.666915938138814,17.444038378451477,18.26888166584324,19.144600491292653,20.074495637640826,21.061997530050366,22.110641266792435,23.224030762749152,24.405789096120788,25.659491502112473,26.988576689861205,28.396231252686075,29.88524087674777,31.4578008067196,33.11527657484612,34.8579043209548,36.684418124438665,38.59158969765943,40.57366378832356,42.62167135817508,44.722603636651925,46.858437042103716,49.00501903718563,51.13087191752689,53.19606732128416,55.15149474967021,56.939097135596064,58.493893958741886,59.748604181948274,60.64103408194633
1291.9896640826873,15.942531799399973,16.677063081153683,17.456706924482518,18.284530230677543,19.16376782396391,20.097814713459787,21.090212104838976,22.144625294110774,23.264811125790455,24.454572153956054,25.71769399068357,27.05786154263753,28.4785488997029,29.98287652026984,31.57342801860843,33.2520172518509,35.01939446559063,36.874877918581596,38.81589461888013,40.8374106213561,42.93122814239955,45.08512477637852,47.28181257608778,49.497709153989845,51.701554804719514,53.853007138255414,55.90153806739427,57.78627421194384,59.437789304159956,60.782959178836045,61.7532554985096
1289.9896800825593,15.947341064554577,16.684298451690612,17.46681481772274,18.29803331264509,19.1812781299459,20.1200490332721,21.11801000703662,22.17897021484035,23.306855001330696,24.5056641282471,25.77941377518744,27.1320580371632,28.56738468527751,30.08887878548693,31.699546340529718,33.4016883568043,35.19661353478872,37.08427499251873,39.06281287686121,41.12798023568954,43.27242415522578,45.48478865381182,47.74860284330948,50.04092476259034,52.33074540121632,54.577254416593824,56.72828856425561,58.71968718209326,60.476816593038905,61.91979052235848,62.973030991765306
1287.995878413189,15.957594852688198,16.69702029763384,17.482441761119347,18.31707767539542,19.204340735358596,20.147834773034322,21.151346161074848,22.218827990035606,23.354374820412563,24.562185267635154,25.84650901562652,27.211574045843182,28.66148887915073,30.20011340939226,31.830890390435822,33.556627718628754,35.379219171745696,37.29928798607459,39.315733233812125,41.425152962047285,43.62111004373254,45.89319668933756,48.225843318185774,50.59681372317824,52.97535031359813,55.32002630565934,57.57661560840305,59.676827052467765,61.53956828354053,63.076950006473986,64.20604413049034
1286.008230452675,15.965543529316301,16.707357700060058,17.495609264199192,18.33359428002751,19.224816949955517,20.172989021109302,21.18202417001612,22.25602569201673,23.39926538158369,24.616150955578934,25.911178715446667,27.288867337567456,28.753667684259195,30.309842285004997,31.961306563978127,33.711421854226764,35.56272753169996,37.51659589024929,39.572788140990845,41.728882381621084,43.97953351085158,46.31550983424123,48.722431630580104,51.179118002423984,53.655448837775,56.10972340954647,58.48577398426404,60.71079085543356,62.69606284412324,64.34392375956955,65.56263442490572
1284.026707755521,15.976870135315806,16.72170228846413,17.513479439247753,18.355581695107904,19.251611695105982,20.205396537853748,21.22098513454455,22.3026393788241,23.454817099006274,24.682144231361267,25.98937300219817,27.381322099717497,28.862793810012757,30.43846181993611,32.11272175146403,33.88949432400784,35.771968072025516,37.762264323416005,39.861000920216384,42.06672172487615,44.37514444534401,46.77815720853489,49.262462230795705,51.80772430719478,54.38405014112144,56.94866913709912,59.44199840713898,61.78425341824563,63.875797253557934,65.60646602213788,66.87646342155462
1282.051282051282,15.98455105750381,16.73152942071462,17.525886904996312,18.371085226530482,19.270824077227182,20.229046032328,21.249937461308555,22.33792394275825,23.497658275958546,24.733998675151366,26.05197410252682,27.456732909443147,28.953469964362295,30.54732617727053,32.24325266635476,34.04582955659536,35.959026213316584,37.98588500643717,40.1281034407881,42.38547788389782,44.755153146524385,47.23059098297734,49.800120441999255,52.444858169707146,55.135696996290555,57.829033247423915,60.4612244322426,62.94318685794231,65.16007103945867,66.98499919279087,68.31065458872325
1280.0819252432154,15.990340998284484,16.74036078850133,17.53830391044249,18.3877243270301,19.29243005703116,20.256490974696767,21.28424313839302,22.380288241480553,23.549486384949994,24.796939879718156,26.12796517157417,27.54804920803077,29.06278558118403,30.677784501302604,32.3985489446502,34.2303069376798,36.17778646350796,38.24491413501412,40.43441016164969,42.747237659808484,45.18183932964993,47.733050681591855,50.39050285376117,53.13620200434626,55.94079191594003,58.75786349026958,61.51603954684412,64.1108947771233,66.40528915963803,68.25360350740993,69.55109090854586
1277.9552715654952,16.00150888821558,16.75472294050842,17.556421642430436,18.410255618012375,19.320146849032767,20.29029970384436,21.325209115651155,22.429664623783044,23.608748620583068,24.86782668155341,26.212527272003182,27.64870738332639,29.18239970082488,30.81973565235662,32.56683697723629,34.429666007280325,36.41382114637223,38.52425808613413,40.764907210945914,43.1381397590096,45.64400249548203,48.27907922711755,51.03472216212795,53.894185661092685,56.82784856343563,59.78532165988884,62.683610202523035,65.39467814401736,67.74866621174446,69.57965341352853,70.80083507032239
1275.9984688018374,16.010329462175292,16.766464412083167,17.571624323956677,18.429556048141905,19.344295504639177,20.32018210830763,21.361871015679036,22.474342041973554,23.662903752811406,24.933190801779528,26.29115203720299,27.743026202061714,29.295301141177863,30.954651209763743,32.72784586778498,34.621619909098264,36.64249176327921,38.796509537988776,41.0888923599453,43.5235118573328,46.102114445930376,48.823097005836594,51.679471260541945,54.65530193448993,57.71927082686887,60.81320955181834,63.834072119645334,66.61662392196935,68.9498168685934,70.66416647622435,71.72468834507154
1274.0476493820868,16.021178158347546,16.780260339830264,17.588921502890738,18.451009388791768,19.37067979971321,20.352414757056852,21.401039243575298,22.521735537976827,23.720053840646177,25.001917496804545,26.373620624264003,27.84181530937721,29.41348468461142,31.095897033522135,32.896534375002766,34.82298634944611,36.88279583978202,39.08323490799131,41.430974729277004,43.931583573612315,46.588725744400065,49.402804799612916,52.36851603020952,55.47018418789373,58.67262604522255,61.903800682393296,65.0274527705994,67.82443096553078,70.04658835120237,71.5615825848041,72.4179297006547
1271.940981938438,16.029804540692215,16.791769024158423,17.603874019145813,18.470071268712463,19.3946404116228,20.382211092859816,21.437784478395773,22.566753358931656,23.77491975581902,25.06850859656778,26.45417558333103,27.93900679709649,29.530506795570314,31.236570847094935,33.06543524559693,35.02559685886407,37.12568809472091,39.3742840063269,41.77959920165698,44.348992126394855,47.08810690458554,49.99928723212395,53.07845243573886,56.30863549195757,59.64642035342287,62.995336049047076,66.16735243761,68.87956271223378,70.8824620123197,72.13396427542995,72.76759481999912
1270.0025400050802,16.04197293922945,16.807754876977203,17.624340162929034,18.495794411759384,19.42653176066495,20.42134094828407,21.485411605677136,22.624360117495776,23.84425417906042,25.15163487702669,26.553534734612185,28.057489647512334,29.671541919912872,31.404230544587246,33.2645631521438,35.26196103096614,37.4061628689194,39.70706121633184,42.17442087083908,44.81737348699097,47.643457112470806,50.65667427562511,53.853340548200045,57.21287508977849,60.67752008917826,64.11289629703295,67.26254453552093,69.79392162862426,71.5156184007219,72.49796800457253,72.92793494303227
1268.06999746386,16.053827751642157,16.82318136178601,17.64399311752533,18.52044634361759,19.4570950463364,20.458894404135247,21.531232396022926,22.679962128880845,23.911434238151305,25.232528493063555,26.650683414504936,28.173922267410806,29.81087313317181,31.570779718058542,33.4634977143064,35.49946802250099,37.68965098265066,40.04539036996012,42.57814147834579,45.298917918677475,48.217121587626195,51.33795518872683,54.65647255521867,58.14365574412725,61.715221484676505,65.17594997260296,68.18788389728194,70.41840945233197,71.80011462802207,72.5036807384262,72.73264219205448
1265.98303582732,16.06238549573737,16.83476194950884,17.659197918083695,18.53999083279334,19.481831253294263,20.48983801797469,21.569595554562078,22.727193148771068,23.96926583906408,25.303036432424427,26.736357896959177,28.277755035860753,29.93646378343529,31.722465464078603,33.6465114133798,35.720129315799994,37.9555937567949,40.36582336840152,42.964119814961656,45.7635501604507,48.775491900738785,52.00614335663487,55.44798749698417,59.05899664412047,62.71637387034864,66.14671184091563,68.9445658795416,70.84156725930315,71.90601587085179,72.36527283460755,72.41606372147888
1264.0626975097964,16.074117029178787,16.850117144961473,17.678855112632892,18.564752380442965,19.512647267111006,20.527834928117436,21.61611051307752,22.78381554137455,24.037887443475864,25.385912099400777,26.83617902669534,28.39773856821302,30.08045986953448,31.895087306804722,33.85329061171672,35.96769856724125,38.25189383768058,40.720317585619235,43.38796289533671,46.26956369357488,49.377547793569235,52.716890443226795,56.272147479964985,59.97588138526276,63.64409558338294,66.9139637644869,69.37407127209589,70.89748039598543,71.66400833280848,71.91064498150818,71.81054540684983
1261.9888944977283,16.086241104698857,16.866279205814607,17.699787319186687,18.591318219972894,19.54586645484871,20.568913338352637,21.666476214390215,22.845162247056585,24.112226974659805,25.475637798884097,26.944142452495203,28.527342212724598,30.235769015037896,32.08096423518619,34.07555372102039,36.233306241490574,38.56914502065657,41.099039956313504,43.839604632167344,46.806960782421804,50.013755807157075,53.46145294669724,57.120671733697215,60.88468774015091,64.48872993421107,67.4950620462525,69.56061136867878,70.71416624429949,71.1968165443113,71.23156119961446,70.9675943610104
1259.9218848431397,16.096752042930625,16.88070495754943,17.71886300377802,18.615913550880418,19.577011645932707,20.607830307594675,21.714616225718565,22.904251381353127,24.184321120180844,25.563189199196007,27.05008023264465,28.65516967340049,30.389680709669324,32.26598560201348,34.29770454355815,36.49978454052356,38.88851540233013,41.48137794643057,44.29646477630581,47.35081737586041,50.655985606258355,54.206427228818626,57.95019715109998,61.72448134236773,65.174178913804,67.83704243979086,69.50405755369104,70.3290624929934,70.5685631784716,70.42067184668798,70.0131942929281
1258.019876714052,16.108857054063797,16.89684943982254,17.739782834613216,18.64247713539015,19.61024509597914,20.648947684829896,21.765055903629737,22.965719792794214,24.25884539488056,25.65318044471946,27.158409429811606,28.785258240813867,30.545607504970036,32.45261092715331,34.52080835363537,36.766207563531246,39.20627109577017,41.85965223324535,44.74529314413131,47.87990392823673,51.27129498868491,54.90117104769969,58.68341402234044,62.38450632943011,65.57528801932094,67.84341908725439,69.1331259844316,69.66786942301131,69.69059399470144,69.37318550216368,68.82627943131796
1255.965837729214,16.121829173494607,16.914272939842757,17.762464875695347,18.67137042508981,19.646475670461466,20.69384830414925,21.820206228075442,23.032994733822896,24.340473279884815,25.751812872717938,27.277204857278473,28.927981266339884,30.7167451623241,32.65750523961382,34.76579908053919,37.058766064514465,39.5550747781293,42.27447202125828,45.236373682465924,48.456025271972074,51.93447034462275,55.633213056212035,59.41690509461095,62.96772041917858,65.81387494115681,67.65409814285967,68.57116283863682,68.81850787905982,68.61568956906318,68.11120651236577,67.40207051274787
1254.075746175069,16.135008207769847,16.932018542502533,17.785593553886276,18.70084433536325,19.683430117731156,20.739624700142205,21.87639159701129,23.101469033200292,24.423465973076436,25.85197029620099,27.397669855441443,29.072486074584077,30.889717066732732,32.86418093487063,35.01233517152243,37.352313447552575,39.9037382873803,42.68696524782848,45.72090423703051,49.017262995139326,52.565835672495815,56.2988363499698,60.019097517763896,63.33203521164535,65.7834410531914,67.21430302629152,67.7990717479411,67.78905203498593,67.37785167029078,66.69507882842248,65.82786585254449
1252.0345561537497,16.14812805566523,16.94976476528697,17.808806618668985,18.730516007091822,19.720732086474072,20.785942833853163,21.93336688962264,23.171046455221973,24.507952518146194,25.95410346591996,27.520697454942027,29.22025711994041,31.0667810128448,33.07588652211094,35.264906908677744,37.652853659402076,40.26003305603054,43.10680741642088,46.210246964457994,49.575560672994406,53.17489421299058,56.89929951312418,60.4791445509049,63.467964373963156,65.49032768457323,66.52769071151748,66.80255375222974,66.54783301506609,65.93248070216241,65.07092371250747,64.04312611590827
1250.0,16.16156618768659,16.967914125393207,17.832503846382103,18.76074639219278,19.758657317050847,20.83293403882585,21.991043890718316,23.24132419363685,24.593095563251335,26.056789217553096,27.644087853706136,29.368076838658276,31.24339607241773,33.28636857508045,35.51504951107285,37.94906486534487,40.608933025892014,43.51413627663845,46.67816105943704,50.09620679001692,53.71606069211796,57.378319624804874,60.743888479491744,63.35727328650722,64.95645850073728,65.62865858588066,65.61084734812118,65.1134765738463,64.28574687019906,63.231295881091626,62.02573093136866
1247.9720454261824,16.17507913194039,16.986229910267774,17.856461900763367,18.791332792795853,19.797031482314566,20.880460241013886,22.049328268088058,23.31225786442794,24.678904170369652,26.16008857340813,27.767943925065758,29.516065335238505,31.419650766311843,33.4955947226937,35.76245172240226,38.24008000420862,40.94852745289355,43.905127832468004,47.117353209745175,50.56576636524329,54.16606895982385,57.70201978767857,60.78191078481172,62.99011696162987,64.18738270035179,64.5275626555922,64.24129418491243,63.51623101598705,62.485736504823066,61.24576430302712,59.869494756766564
1245.95066035385,16.189962606900703,17.006617379823975,17.88328652600597,18.82568637530848,19.840192473443835,20.933926522988106,22.114855229892488,23.391902089202233,24.775072557617513,26.27559166725148,27.906050076035598,29.6805480136838,31.614812644197468,33.72623428818942,36.03370069479056,38.55695891418375,41.31488796659201,44.32125222704877,47.57463258983119,51.035433841334175,54.57885886651643,57.928717779433356,60.6653689174013,62.45063021567565,63.25754229454469,63.27728526979003,62.72587178292771,61.77082291928986,60.53322268781478,59.10377880981802,57.55470442328121
1243.9358129120537,16.20379860848847,17.025273591647302,17.907586908922276,18.85659439558973,19.878834834873572,20.98162038802776,22.17313894410669,23.462568962392268,24.86020635257907,26.37760072060496,28.02769368852672,29.824942441205952,31.785391722814477,33.92661519615768,36.26735513746455,38.82648461472522,41.62045074360137,44.657298102362134,47.92308875791034,51.35269771866143,54.77699959382774,57.872029894158004,60.23000529171691,61.61018761812882,62.06617213384771,61.798924717523946,61.00547879408043,59.83679649806429,58.40533314301059,56.79896365769878,55.09029907460778
1241.9274714356682,16.222266091205096,17.049125625861798,17.937704092164832,18.894002204207364,19.92472735343195,21.037387123895467,22.240394439737038,23.543184253870727,24.956340071834607,26.491725301924912,28.162607759602288,29.983752162942544,31.971427748029953,34.14322002790426,36.51741090241625,39.1114170840523,41.93816678838856,44.99796296325026,48.26078017671815,51.630888873117186,54.89283861949343,57.68944708823963,59.653421975456645,60.64128457253672,60.76204723862593,60.21523791310051,59.180581344461345,57.79634127401074,56.16917267142336,54.385802852195226,52.520068633592984
1239.9256044637323,16.238022745875547,17.070672380731178,17.965954794556765,18.930012087429976,19.969713668800846,21.092751381110347,22.307745266287363,23.62435884794337,25.05342037090882,26.607041658126896,28.29871684440828,30.143364564078496,32.15723936048824,34.35755983888235,36.76153539108494,39.384116234578144,42.23302231535931,45.298031798998366,48.52890331487845,51.79546512305449,54.84049954210597,57.298044410175045,58.86602196010961,59.48629343225309,59.299383267787945,58.49567061226005,57.23949130516835,55.65962472748635,53.85914591183832,51.9247046898425,49.931464861304015
1237.9301807378065,16.25638796724189,17.094995559268142,17.997138898120756,18.96909324558857,20.017878490726552,21.1513545016686,22.378325480477706,23.7086508037265,25.153356361268717,26.72473376053247,28.436401947226322,30.303280699521437,32.341375325347265,34.56716951834143,36.996210055203626,39.64001848754931,42.49953991248739,45.551613925353855,48.72283657628389,51.84810933855658,54.63879957635438,56.743528473887714,57.933829667794704,58.21706434378306,57.74883132981532,56.70842675313444,55.24805946232485,53.490041930031396,51.53561561461643,49.47196662451456,47.375330367703505
1235.9411692003462,16.2726740320761,17.117144461462257,18.026032753738622,19.00574014529725,20.0634270014469,21.20710715427365,22.445748982969253,23.78937897626675,25.24917877880631,26.837557818932876,28.568166686036964,30.455783679078902,32.51594230130627,34.764037234797996,37.213380052661755,39.871132790483074,42.729990694732216,45.7517723187507,48.83809069085268,51.79128630532066,54.30460931259647,56.05931111979714,56.89814024809331,56.875280407663496,56.15164860177715,54.8959571845428,53.25129195327741,51.33575865613409,49.24984211850951,47.08136709921082,44.90704648548616
1233.9585389930899,16.293846062167454,17.144589744917305,18.06063560153788,19.04849946951767,20.11546543612033,21.269676846150077,22.52023071554617,23.877268982801784,25.35205368669549,26.957001429231816,28.705630482117986,30.61233187536496,32.691793978901885,34.957748053244515,37.4203792758097,40.08111681133004,42.92239131411897,45.88852836873844,48.85492732726585,51.596505887292636,53.80464217132191,55.2080932484325,55.71454451533284,55.40981867621846,54.453873951296494,53.005542243505296,51.20085723948363,49.15503957228932,46.96807386780227,44.727771241120806,42.51004042749604
1231.9822594554637,16.313295368788182,17.17025617075634,18.093378380973068,19.089281695735984,20.165358793429725,21.329861105039843,22.591983736097657,23.9619401686542,25.451009122893325,27.07152090601727,28.836722681429055,30.76040947050954,32.85610672789361,35.135394397072,37.60458403736036,40.25826280690396,43.0671239749276,45.956715119144015,48.77736459607732,51.28454061324534,53.182063558706645,54.25142882610285,54.45359938358282,53.8944171891681,52.73038308084244,51.11231513846517,49.1711833625224,47.02025918037908,44.75893560571806,42.474190754863955,40.23993108025595
1230.0123001230013,16.33028773411687,17.19300606956552,18.122669992745124,19.125987082737844,20.210438086304677,21.384355788488044,22.656998038509577,24.038602370369198,25.5403992796207,27.17454248724434,28.95388018420653,30.891427266735477,32.999277736664865,35.28646738378119,37.75487145241982,40.39149420664614,43.15457229202696,45.9510856095375,48.60983537798567,50.87633041137422,52.477242880390804,53.244633467874934,53.17978234190251,52.40010890158841,51.057807422733674,49.29745735265955,47.246376070571486,45.01630554594182,42.70567003868061,40.399803944133424,38.1697200975018
1228.0486307257765,16.35347061858102,17.222089011274633,18.158397650077013,19.169174515220437,20.26196442192565,21.445148366205252,22.72800084658907,24.120718817185505,25.63439309673403,27.280870151707163,29.07241066606497,31.02097505795893,33.13682486179653,35.42586898718229,37.8847254164503,40.49176547206467,43.19179698925452,45.873510672036126,48.34825997115348,50.360959192418754,51.66919495659568,52.15240527510032,51.8427384268465,50.864143512110246,49.364383620409235,47.48302960275349,45.344477654975094,43.05881615150216,40.72270093863295,38.4186707151416,36.21366828796523
1225.940909648155,16.372498950033947,17.24751341430118,18.190997405836626,19.20978936283481,20.311481711525804,21.504477714613248,22.798028763802446,24.20223133219308,25.727947187047725,27.386582901732886,29.189615413874463,31.147661327680012,33.26872663086112,35.55498835085905,37.996991101907724,40.563536381682496,43.18544303144713,45.73436929951343,48.00960898335429,49.76466570909107,50.793272481504005,51.01749655792348,50.492706044257666,49.34606018250338,47.72091489965541,45.752407261610635,43.56193468408665,41.25708925571122,38.93142772161818,36.663240619625356,34.51414647472562
1223.9902080783354,16.39617589896354,17.276960979210838,18.22686077989937,19.252744281130035,20.362213189244958,21.563643374774898,22.866198048559383,24.279786936744784,25.81492710250199,27.482428605466083,29.292770996091367,31.254935360900483,33.374278861666504,35.648739198936454,38.06221088728049,40.573514783208886,43.099954552502226,45.49901608959067,47.56452232823253,49.066144159021434,49.83458641295499,49.82720360426726,49.11539737588207,47.826960298265384,46.10089470123643,44.0682483475086,41.84725147999446,39.54237355314247,37.24329879625128,35.023455228778694,32.93887665965535
1222.0457045093488,16.414630323556338,17.301302060213125,18.257759772733305,19.290906483564964,20.408356759195218,21.618462409761488,22.93030096146755,24.353596060023257,25.898517299895595,27.575269603782026,29.393317340361758,31.35997565085911,33.47790973926649,35.74077761781564,38.12585283461284,40.582280041357684,43.01491672457866,45.26962543079467,47.13855421595503,48.40925354475598,48.94518843218268,48.73195507082686,47.8533439001847,46.43814694813289,44.62266746621866,42.5350999802482,40.29099191818247,37.99164291890624,35.72259856427451,33.552185075946284,31.53077399378546
1219.9585214102722,16.435633246173982,17.328392424398967,18.291563156927392,19.332051055050965,20.457438877126492,21.675991255797992,22.996611103628542,24.428710873165418,25.98193682602841,27.665641912735445,29.487930315412015,31.453974223973432,33.56310428959518,35.80388434061159,38.146081870475356,40.52861084397123,42.84466774907984,44.93220171167908,46.58874537418456,47.626383163662,47.94222069131367,47.54603200122961,46.52991389760797,45.02139811782191,43.1527683943905,41.048082592881634,38.818712464544454,36.56123455024999,34.3557090329467,32.264437606879945,30.33172118779269
1218.0267965895248,16.459883614465394,17.358210520893675,18.327485315192643,19.374604940337797,20.5071079461921,21.733158218727958,23.061469375181588,24.501127134971394,26.061238761393728,27.75029133653512,29.57502145936682,31.5384691427032,33.63668800376243,35.85332064760455,38.151074052582146,40.45966650653834,42.66271434560142,44.59343074953064,46.057261741719806,46.88922905989916,47.01392728111093,46.45937816922139,45.32370364372738,43.73354581505393,41.818185050578386,39.69828770601264,37.481459503413625,35.25983845066127,33.1083524160942,31.08378780342672,29.22502643242276
1215.953307392996,16.483270309679178,17.386548920942836,18.361160219694085,19.413949608019273,20.552355208872115,21.784366185627235,23.11840925573964,24.563114469302814,26.12688002431483,27.81710429957301,29.638869123388908,31.59272560686576,33.671042831408094,35.852169639345384,38.09165839391115,40.310754388757665,42.38587856356784,44.15001709094475,45.421556208980014,46.0602807615115,46.01551254888887,45.329249473947755,44.10270963718073,42.46013687519532,40.526818069068895,38.41906009228724,36.239728722853194,34.075709877588025,31.99630887006315,30.052699664954794,28.278606161146882
1214.0342357654486,16.503345518153843,17.411817422601846,18.392024005260676,19.450751650340315,20.595325863503536,21.833542116774517,23.17351161917561,24.623366633104443,26.190735674260058,27.88184351279659,29.700003049452285,31.643134084396774,33.69977113359339,35.84288365965539,38.02103134490535,40.147751457917565,42.094051182581104,43.69530389477812,44.78462213915887,45.2454965323604,45.04877864590117,44.247833054008254,42.94603507016082,41.265186933220384,39.326604687045034,37.242069533522624,35.10944080544748,33.01014747457612,31.007835976607673,29.148221093022855,27.460166326505483
1211.9743061447098,16.52705870092762,17.440503017649903,18.426006122999777,19.49027239981623,20.64048444194448,21.88420401544751,23.229173969836555,24.68295923047703,26.252328025687184,27.942216051259784,29.75402676654117,31.682894352334237,33.71339147117779,35.813115182680804,37.924004247411645,39.953000939598944,41.76785339827634,43.209017256934324,44.125724067050946,44.423684152853205,44.09204913470756,43.19300433718715,41.830989030375925,40.125053821628775,38.19236676873744,36.13994957273476,34.06043991407375,32.029734601212326,30.105949779783106,28.329661069642825,26.725318893665253
1210.0677637947726,16.54742487238285,17.4659048684695,18.45677044874982,19.526639240186967,20.68254367729014,21.931801152118616,23.281770937494898,24.739429664469096,26.310657792451405,27.99906883355524,29.804123783973324,31.718156012164982,33.721823879901514,35.77756130637694,37.82123926861678,39.75433281789079,41.44304396350684,42.73445116301449,43.493773432456585,43.64658470916787,43.19735498059545,42.21528515828708,40.80540307950165,39.08411327072166,37.16459050587421,35.1491790130368,33.1253753329649,31.163708530955265,29.31704284041349,27.621180911023465,26.096558941327537
1208.0212611741965,16.569913201327065,17.492381137874684,18.487343314714096,19.56128405497154,20.721028235180775,21.973578240763338,23.325823390854595,24.78404780622085,26.353121768379513,28.035200390158636,29.827667774150292,31.71996382467984,33.68887067776862,35.692002861184584,37.66009939843755,39.49100571261091,41.05205612584827,42.19942650506249,42.814808760544274,42.84149948284753,42.2960378620604,41.252060954085856,39.81369079913418,38.093861782006016,36.20123640303434,34.23316328664992,32.27190923916,30.382806704027242,28.613876129839394,26.99672060868737,25.54840886149427
1205.98166907863,16.592459650548893,17.518884400211913,18.517875112582054,19.59576594808813,20.759151168268268,22.01468692521132,23.36875083730928,24.826879766364844,26.392864236123952,28.067317371008343,29.845456861717064,31.71375873383526,33.645137469238385,35.59259532558652,37.482331593018955,39.209700016566565,40.64468412838097,41.653643758759706,42.13440704508743,42.04631101120773,41.41615087572171,40.32092502026289,38.86342941895074,37.152966412851036,35.2935734101443,33.377529382367506,31.481890550544673,29.666937005687885,27.97610145297918,26.437109970289836,25.06399895756831
1203.9489525644115,16.614816626017323,17.54507087314415,18.547947127957993,19.629626862593607,20.796470567881418,22.05478432641068,23.410429716044476,24.86819227782938,26.43078122393438,28.097274134260957,29.860749175886202,31.704792140907152,33.5986210715502,35.490978417732215,37.30415212631555,38.931897922947556,40.24765616683964,41.12793622755326,41.48531589237919,41.29303159873294,40.58645543520463,39.44527180829791,37.970986474900876,36.26957475640033,34.440805218558815,32.572258938785396,30.736186439132222,28.988254746753245,27.36775623456426,25.898956807864337,24.593213449696655
1202.0675561966582,16.63514505177227,17.568981431273077,18.575385778010496,19.660348654081513,20.829946860278433,22.09007179448358,23.445986483371268,24.901622051062237,26.458482256251457,28.11396949874564,29.858886569325456,31.67384424743011,33.524427911216634,35.35550111066035,37.086355609727136,38.61070684391613,39.807326752717785,40.5641629628925,40.8084099316859,40.52582761179679,39.758699546787945,38.58809723659762,37.11334858628925,35.43645576839032,33.65241935861234,31.84377062891676,30.077775290432147,28.405483480783694,26.862187700101472,25.468926351972105,24.234646720509357
1200.0480019200768,16.65619754287178,17.592876879694,18.60195021556206,19.68919993165088,20.86040056291466,22.121010022213426,23.475676084156373,24.92746549422656,26.476682226809995,28.119091341055544,29.8433200145138,31.627216399610713,33.43313586858131,35.20274884050171,36.85335918443027,38.2797925478495,39.366875423871434,40.01353817446046,40.15979452146684,39.80162200408999,38.98643859368963,37.795803365594665,36.326610226428464,34.67697102312516,32.937384150530875,31.185730726093976,29.484799621222514,27.88159979249156,26.408012431111505,25.0823962753884,23.91175700327325
1198.0352222355339,16.67611061964989,17.61507166468906,18.626169099038297,19.7149675022769,20.886929976898383,22.14707367394664,23.499428405968647,24.946203284578395,26.486527484847144,28.114587442814987,29.816953602621734,31.568932742233887,33.330032301317445,35.03932755565819,36.612930387331296,37.947547872872505,38.93430858917904,39.48235150193609,39.54280627703974,39.12001892581877,38.26529105645751,37.06016500243454,35.599094922754816,33.97653872395694,32.278840253387884,30.57964112114243,28.937700356101903,27.39643808981377,25.984747618313953,24.718674297920078,23.60357587161096
1196.0291831120678,16.698426446885154,17.63975167201071,18.652889879029036,19.743155868034332,20.915658438188544,22.174917359078613,23.524271153459843,24.964978988213034,26.494884153380724,28.10647099723237,29.784136855703725,31.50058134194849,33.21252853121488,34.856768493507374,36.34887723663359,37.588403009572666,38.47372509750361,38.92466295774608,38.90326031471718,38.42161829810502,37.53427503273972,36.32223302357322,34.877088902641155,33.28930020835668,31.64078712679183,30.000782519276147,28.423956132364268,26.950177205685137,25.605457367647336,24.403668364221215,23.348662037316995
1194.0298507462687,16.71644517077087,17.658755740409408,18.672331910628582,19.76220382796735,20.933087813998597,22.188966540477754,23.53244985191729,24.963819572781528,26.479629966302955,28.07070966436325,29.719420940759868,31.39615010109666,33.05536887336949,34.63241264852677,36.043398985127276,37.191739058721694,37.98347388722748,38.3484532589774,38.25807253678049,37.730404831959525,36.82183623989595,35.61201001655235,34.18930370417546,32.64012387666288,31.04213402414304,29.460485120477056,27.946192724328263,26.536063455515116,25.25371590540733,24.11129523005657,23.111526302989038
1192.0371915603766,16.73707269853064,17.680768578290717,18.695249517109673,19.785275366094194,20.955188240601363,22.208457350672468,23.54699507028551,24.97014809540227,26.473240271051576,28.04552780222218,29.667457704827864,31.307273060339682,32.917420162116585,34.43203691594012,35.76796462843482,36.83237383655438,37.53835802072653,37.824705585849685,37.670988630382,37.10048371082046,36.1712427626449,34.96180151149618,33.557766564318996,32.041981080245584,30.48831107964246,28.95823254126014,27.499449431311735,26.145975167025053,24.919227517047734,23.829743477293462,22.879176262202613
1190.0511722004044,16.755924568077386,17.69989227517102,18.713993653864932,19.802698491139168,20.969956672793103,22.21871113518261,23.55017518941719,24.962780133177397,26.450676911343926,28.001670315985606,29.594513957602114,31.195677438647103,32.75614049693558,34.20958306844254,35.474355827435076,36.46190568739109,37.09223666343826,37.312121233562394,37.107845563357465,36.506464674025594,35.56667843854852,34.36536368972072,32.98517077723274,31.50545055737956,29.996523433493106,28.51656739973039,27.1104256270875,25.80979296177503,24.63434128922213,23.593402790340658,22.68789224964846
1187.9306248515088,16.77328001871104,17.7179503713852,18.73216296414208,19.820101176224718,20.985324933051952,22.2302510772189,23.555391237798943,24.958255475569423,26.43181327006175,27.962409198145288,29.527100307485252,31.090594994090317,32.60244386580518,33.99592668049348,35.19093719562373,36.10311537542247,36.65909519718083,36.81320663273565,36.5580786238678,35.924414005884145,34.97168926471089,33.77540067415602,32.41555323939828,30.968283350262208,29.500588060856117,28.067510638732372,26.711139459052493,25.46090311078887,24.3347322433063,23.34072009413525,22.478981063105056
1185.9582542694498,16.790721394744377,17.734785371293476,18.74756363755564,19.832918078325324,20.993982482026755,22.232613752319736,23.548596687987278,24.938514819040897,26.39418929892735,27.900605199689732,29.43333305764218,30.955690188895066,32.416368777464115,33.749003245686374,34.87582776783061,35.71722115557162,36.206416018607705,36.304588690678884,36.009567026294015,35.354530090900575,34.3988100168233,33.21592425565003,31.88291603110836,30.472611747874986,29.048760325711626,27.663473478975355,26.3563741724098,25.15495957976878,24.07576345969786,23.12596629735828,22.305171958077874
1183.9924224484964,16.808939645632794,17.75294602672748,18.764971813149636,19.84858794070954,21.00653930529243,22.240167985450768,23.548586049115954,24.927514355871555,26.367699172284986,27.85284663249812,29.35712099140869,30.84251049718269,32.25685535419282,33.534028989833786,34.59827747508489,35.37411110063954,35.80053021808516,35.844732894974584,35.509220590769075,34.82957423705412,33.865295489416624,32.68845359904462,31.37372312046454,29.991183500590136,28.60182384811739,27.25521853272867,25.98881869755692,24.828385637874053,23.789163972553325,22.87745734216636,22.092341849694883
1182.0330969267138,16.825850111389794,17.76897818729271,18.77927052075317,19.859980944188752,21.013438308852844,22.240444431081333,23.539420016330897,24.905220344932655,26.327544315107257,27.788899637828806,29.262208864402673,30.70841460869207,32.07492872958294,33.296400222637594,34.29961970428699,35.01355381725383,35.38289821095262,35.38037987471435,35.012440195893134,34.316329781601276,33.35114210621175,32.187112916768825,30.89633435968505,29.546064777922897,28.194570215218153,26.889008255149104,25.664834894237924,24.546281168947736,23.547513229151168,22.674155118626878,21.924926576153556
1179.9410029498526,16.842041849143413,17.78404013951897,18.792361312484914,19.869960468531833,21.018776908706553,22.239109843797294,23.528741433204033,24.88173437591709,26.28683910330981,27.725494768944454,29.16954375523024,30.57906457771096,31.901204645977607,33.07145677303802,34.019014805980675,34.676854730106086,34.994634404534686,34.94977650302745,34.551988480566216,33.8398431562306,32.872010589762596,31.717116193036663,30.445024292810544,29.12057797807928,27.799725170842382,26.527577357139997,25.337911341843313,24.25367928384177,23.288155104944213,22.446410960131207,21.726890370948247
1177.9950524207798,16.85809070254267,17.798864952468968,18.805054935672093,19.879293310406716,21.023099861278727,22.236234302947913,23.515796543414375,24.85500795426209,26.241621567699703,27.655968703330824,29.068798505167745,30.439361211285757,31.714646443906354,32.83117310226843,33.72076380296156,34.32060305646888,34.585416877954,34.49732443680486,34.0692399235192,33.34099030423803,32.370766774007635,31.225540103905207,29.972909971221583,28.675276866703204,27.386257262139875,26.148919750216912,24.99538053863295,23.947342848598435,23.017224227907548,22.209581110881448,21.52261214789403
1176.0555098200634,16.8738083535555,17.813114030649075,18.8169460127584,19.8876371899298,21.026320929886065,22.232264962906097,23.5019540694409,24.82786143217179,26.196868830275523,27.588364433638464,28.972206469807883,30.307039848719008,31.53989257608257,32.60839015406838,33.446832102688276,33.996144114604604,34.215376578392565,34.09051227756319,33.636987673940034,32.895495128015526,31.923661796397635,30.786943630199094,29.550946147396402,28.275953570359352,27.01358228630327,25.80516200491516,24.681406092442447,23.662972161185216,22.761570787520522,21.98134503195351,21.320314646870866
1173.984503404555,16.88779178603744,17.82480010083897,18.825330222163814,19.891403974170544,21.02375877599546,22.221164866721214,23.47949403464072,24.790486574720337,26.14018937321477,27.50711495995938,28.860339542362272,30.158057386630603,31.34752239116375,32.367642875581325,33.15528325820745,33.65503143239054,33.829994706406424,33.66963332479639,33.19152307517826,32.43693924736141,31.462797404503416,30.333013539913967,29.111267516041472,27.85586143484115,26.616587856979834,25.433236197756006,24.33532155564842,23.342654021720282,22.466420474715825,21.71051444309034,21.072919241260923
1172.0581340834506,16.906278798966795,17.841333229375092,18.83894551995046,19.900832418135895,21.02734236563133,22.21675629413032,23.464342730223535,24.76112080911187,26.092316713437828,27.435583987735097,28.75923413746034,30.021022297148782,31.16841863444452,32.14155724703142,32.879734118159575,33.330983034693894,33.462210796936326,33.26613932142382,32.76238307852416,31.992833503555264,31.013827770461635,29.887922973810102,28.677059614258937,27.437723780896455,26.218018180357326,25.056290039726566,23.980919620389308,23.010902647473827,22.156911646487824,21.422583619116406,20.80584960401004
1170.00117000117,16.920844770016494,17.85411819683558,18.849103360101306,19.907247285294613,21.028553397659458,22.210867170178194,23.4489183989839,24.73307982638155,26.047838866752357,27.37007115929727,28.66738723407461,29.897120369011585,31.00688430550522,31.937825755581397,32.631286368282076,33.03821274806447,33.12873707368903,32.89838030114266,32.36856262943717,31.581814722684182,30.594119607450523,29.467014778664513,28.26107869161682,27.031343027239153,25.82453447156036,24.677808216707813,23.618591861254284,22.665184965133353,21.82780945054338,21.109867582531734,20.50923122880852
1167.9514132212103,16.933800594234487,17.864176785192146,18.855220177994042,19.908077240013938,21.022373789368956,22.195487828738592,23.421583296602083,24.69037157243088,25.98560980549416,27.283443598206546,28.550888727508042,29.745037307364246,30.813902456582927,31.699942987594337,32.34681843180807,32.708543323978546,32.75845303664816,32.494676548011405,31.94014763027268,31.137724121143577,30.142761117248533,29.01556899540825,27.815230286757398,26.595258769664596,25.401003536311844,24.268476938951718,23.224241676551426,22.286015647902506,21.463701026231433,20.76060409691796,20.17467766368069
1166.044776119403,16.947733347322384,17.876011226973606,18.864098557548793,19.912880164967007,21.021649279890486,22.18736704416307,23.403685910080835,24.659709928899122,25.938511901224576,27.215531871707267,28.457173166539064,29.620198212280126,30.652827664233268,31.498514084104396,32.10279959730773,32.42227897769841,32.433064876486355,32.13564627444304,31.554457698035122,30.732882828264536,29.72598279589628,28.593225792817506,27.392569133274005,26.176325033098685,24.988707365981494,23.86474891004042,22.830236172462246,21.902330274226756,21.09058881750891,20.398162836230174,19.823007085250456
1164.0088464672333,16.961255180032012,17.88729176927473,18.872232626173197,19.91668349564248,21.01958182635551,22.17744160297134,23.383365209742607,24.62580199371698,25.887085272843215,27.141890429922526,28.35595295722346,29.485665551870664,30.479444576674044,31.281760973325614,31.84009837781081,32.113713115381636,32.08158587478564,31.746659267353824,31.13496268364751,30.290495622015687,29.26810314741732,28.126469868127334,26.922464016730366,25.70721106508126,24.52378715324526,23.406230880637974,22.37953131470679,21.46026994864195,20.65763966006034,19.974622145430956,19.40916845384931
1161.9800139437602,16.977672865946968,17.9008978080309,18.8820711331473,19.921528690500075,21.017868476257696,22.167183690534202,23.362066709711993,24.590370115314997,25.83376753037096,27.06627316312364,28.25307784027177,29.35033166422541,30.30674446998817,31.06782338175575,31.582879442450384,31.81356351038939,31.74134189976732,31.3712011334456,30.730422557611412,29.86340230395271,28.82468319635229,27.67219116737135,26.461808651714684,25.24362464568772,24.05974907518808,22.943399857734317,21.918931096319547,21.002488883841544,20.20302506320694,19.523456633997387,18.961820481172744
1159.9582415033058,16.99020539605649,17.91084453973003,18.888561100862102,19.923435798911687,21.01374202779606,22.155165595724167,23.339798306269234,24.554897657434495,25.78146609709551,26.992824843393155,28.15355927269003,29.2194783019624,30.13944280601868,30.859812150668446,31.33151750368704,31.51841197957949,31.404321150891146,30.99625648602166,30.322849549256254,29.429082999027,28.36943376281517,27.201307099852343,25.979806523398896,24.754141867856973,23.565558130580634,22.44649987170387,21.42068709170503,20.503795298086718,19.704475464712633,19.02550643464956,18.464933688958503
1157.943492357573,17.003869841782294,17.922541682592072,18.897441619496394,19.928370366347433,21.013238822777005,22.147270253773602,23.321978841285418,24.523923911866994,25.733305793235353,26.922597501009875,28.05561262884176,29.087667831334606,29.967678432209773,30.64285729737997,31.06588493448343,31.2030731152493,31.040953883492932,30.588942648589107,29.877371755649385,28.952088102329572,27.86768551269429,26.68113453697855,25.44676084910729,24.21283051193096,23.01961455990647,21.898650618513425,20.872882941903956,19.957378934720104,19.16036321164603,18.48436718307701,17.927353215670596
1155.9357299734136,17.018997156040605,17.935517954498273,18.907423680055768,19.93424460453226,21.013541845838454,22.140092699063903,23.304854918697842,24.49371615394153,25.686106662619224,26.85368790290565,27.959539161924617,28.95851408691321,29.79958682866154,30.43078032254425,30.80641361354672,30.89507977089608,30.68580571963317,30.190218351107312,29.440223887667717,28.482489875853368,27.371755530352598,26.16463104623007,24.91475718624782,23.6695466288274,22.46837094666517,21.34191288387764,20.312369156083914,19.394205672312445,18.59521031350516,17.91764568508718,17.359365259307427
1153.9349180706208,17.03303318778188,17.94708231866026,18.91566920368847,19.938059043360695,21.01146924905013,22.130237475944732,23.284770854115983,24.4602894246752,25.635453982352914,26.78110917181887,27.859585448529952,28.825244614595192,29.627069290278683,30.21381251716034,30.541318899090932,30.580327003613917,30.322227924078096,29.780770523801735,28.989412267479167,27.995688724415256,26.85458516456649,25.622479999287528,24.352461504133604,23.09120746248027,21.87728398529501,20.740584210573562,19.702594455181472,18.777192014228596,17.97172245279481,17.288162131346493,16.724232950534446
1151.9410206197444,17.046266364800672,17.958400752635814,18.924262905117246,19.942833913411096,21.010956673245694,22.122482568007193,23.26720127309893,24.429574456434388,25.587377560571596,26.710501835696835,27.760385486425054,28.69077412084597,29.450589394779147,29.989335682272017,30.26451481400373,30.249244697940725,29.937581666030066,29.345716781141473,28.50895218807697,27.475923680677905,26.30201390091219,25.043434631844452,23.752707174131764,22.475694816551133,21.250031933670872,20.104667805003796,19.060212440252524,18.12978948468256,17.320146451183184,16.632831828407177,16.065310525326787
1149.9540018399264,17.059011131574056,17.96906991822491,18.931975203818503,19.946398832771738,21.00877701319,22.112434928954777,23.246497483474656,24.39461586379162,25.53362971664679,26.632440122622473,27.651587965227915,28.544250266948616,29.25940310260989,29.74748188142896,29.96786029336978,29.896238640492648,29.5294891461467,28.88632625339679,28.003914198782894,26.931957785336778,25.72617118254501,24.442509509840818,23.132821477970918,21.842042858181067,20.60676344243279,19.454882098623564,18.40603624519731,17.472511618300576,16.660385407016037,15.970716784624107,15.400661448178028
1147.9738261967627,17.071874800984652,17.980191948230132,18.940531538055343,19.95125526340426,21.008386082753884,22.1047079266219,23.22865399502807,24.363022733454855,25.483657955350978,26.55839307010822,27.546781810996332,28.401341552663023,29.07102597745382,29.507154137901406,29.670963596973305,29.54077243264664,29.116347758397016,28.419046323017472,27.488042037488146,26.37426519992167,25.133903821816126,23.82276547535571,22.492091756536805,21.18591124865024,19.93974946102518,18.780403796317817,17.7264663091831,16.78929922224392,15.974218265737278,15.281702156054564,14.708510179645078
1146.0004584001833,17.088778619303177,17.995222154062596,18.952725878988378,19.95929176541782,21.01046700483086,22.098417931772552,23.210797217660105,24.329454915706663,25.429149349228872,26.47658535537495,27.43033043240914,28.242342294362185,28.861776949160696,29.24117898047967,29.344056023395375,29.15173066492507,28.667154385544997,27.914478043903603,26.934900361634043,25.780481554180305,24.507710774792713,23.17203064681829,21.823842056907214,20.506040063542375,19.252884067575383,18.089903047124338,17.03451537683016,16.097068594715314,15.282057983152319,14.589348346123636,14.01528771072672
1144.0338634023567,17.100627468839864,18.005721256048982,18.96091949240652,19.963830218326496,21.00947463792552,22.08933143092183,23.190180129754477,24.292807779909754,25.370757755716436,26.389479858928155,27.306463045326737,28.073088712036885,28.638813207796698,28.95763516536565,28.995668245202285,28.73762590765915,28.19001446938529,27.38008204566435,26.351259322660248,25.156837324762066,23.85360369110707,22.496542865166663,21.135052099136708,19.810685333728856,18.55620822826099,17.3956541171586,16.345055149169244,15.413554156511504,14.604660963800502,13.91748519239042,13.347842680211919
1141.9435879867535,17.113639090260477,18.017231075388278,18.969903721127206,19.968847466616385,21.008527642932034,22.07969928256319,23.168228606098833,24.25380054192919,25.3087158041979,26.29716929702174,27.175620028559685,27.894987152910595,28.405206787306078,28.661947467155304,28.6341277313504,28.309981130804786,27.69960487213622,26.83329899239654,25.756629103348583,24.523995925664547,23.192358424192168,21.816120450767805,20.44356540605194,19.114813601266324,17.861065314473805,16.704807791309495,15.660655435316109,14.736529814212586,13.934949103802003,13.254267563857097,12.689771074883662
1139.9908800729593,17.123678210308086,18.025388871198015,18.97512891927808,19.969670328055834,21.002922404345046,22.064918290351937,23.14061697971985,24.20861603139495,25.24000364411813,26.197773846403564,27.037440479525976,27.709574182833506,28.164714610325035,28.360296675503612,28.26807190317933,27.879734627735775,27.208843782167232,26.288594174266905,25.166540690561366,23.89807991896168,22.540262334821133,21.146858921352358,19.76500694098403,18.4333749421115,17.18158953626152,16.030589848522943,14.993573481716505,14.077241777441877,13.283120150267104,12.608802794713888,12.049036718118979
1138.044838966655,17.13712862169939,18.037339109936536,18.984293383220393,19.974234927803177,21.0003773498533,22.051861844000356,23.112545353011495,24.159735581660094,25.163132871295524,26.084439048035744,26.878290651652637,27.495210328603928,27.88690809622638,28.01337256125285,27.850063123865322,27.39292182411853,26.65952159695088,25.686199513798762,24.52244974112292,23.224374692479053,21.848665266878594,20.447928665854878,19.06761690485237,17.744454297765863,16.506082689136214,15.371578578458124,14.352504227693892,13.454206846435085,12.677152882459882,12.018159469794023,11.471449577818332
1135.9763716914688,17.14789258837763,18.046255184294655,18.989981630533777,19.974760018772145,20.99307705987048,22.033149188599058,23.077703029813723,24.10274417908484,25.076606843431946,25.959779233641832,26.706176331943276,27.26650851111386,27.59394088105224,27.65128271274786,27.41787324674867,26.893932350513293,26.100941203507695,25.078182130385596,23.876852203315263,22.553522791384605,21.164311262841093,19.76048314812556,18.385670170979843,17.074561730917388,15.852765207533972,14.737478556694482,13.738637364594759,12.860258647073891,12.10178103714009,11.459276828331973,10.926474091080486
1134.0440009072352,17.157812199440347,18.05418986188003,18.99452710908905,19.97394910703529,20.98420747843894,22.01258731717146,23.040684722140856,24.04321769214762,24.98719575677921,25.831975686994767,26.53088200269066,27.034983731565738,27.29907611127002,27.28891192360855,26.987731120018637,26.399937705647048,25.55074354333419,24.482165457603465,23.24690204684638,21.90182475512492,20.50234894562881,19.098310815143332,17.731472087219768,16.434470386058234,15.230887510991952,14.136069214665131,13.15835999299775,12.300484513592624,11.56088858065424,10.934928614739325,10.41585926172353
1131.9900384876612,17.16722963880553,18.061065007706368,18.99714029102978,19.969925395027154,20.97033185033528,21.984603648457167,22.993108555068034,23.969220358194864,24.878652036372884,25.679794937978382,26.325732928652464,26.768435926119043,26.965005105263742,26.884816823691633,26.515539215559983,25.866018980739472,24.965156124107207,23.857403505358796,22.596492515409793,21.23904769007199,19.839236891147642,18.444982794822888,17.095791559481714,15.821977469212072,14.644936221020247,13.57809634281963,12.628219828023068,11.796798157958948,11.081373294643484,10.476687802462028,9.97562546522213
1129.9435028248588,17.170313821615636,18.061211697847327,18.992487055571804,19.957913558539893,20.947518762616053,21.946465659298102,22.933870666078935,23.881777843743695,24.754683222744344,25.510185583413797,26.10140784550198,26.48158599606335,26.610509751175275,26.46148029025532,26.026728501577058,25.319481772905288,24.372101043795368,23.2311472148965,21.951021110650967,20.58775250992931,19.193963953392807,17.815437001537564,16.489272292508645,15.243384804547146,14.09697040764345,13.061572952218006,12.14243421945983,11.339890019716536,10.65065995404136,10.068950359253003,9.587343102185418
1128.0315848843768,17.178807015906873,18.066621122082452,18.992719882714884,19.950107986351426,20.92784781766568,21.909940259974817,22.874186109990553,23.791279607154998,24.624561078598163,25.331018065764457,25.864135385939132,26.178858410526857,26.23815164629368,26.019654566915673,25.520397332986725,24.7580018716151,23.76810323898251,22.599046540617977,21.3055142019173,19.942552635517583,18.560896272948543,17.203917114667952,15.9061273541479,14.692941902455102,13.581324956674917,12.580954838727562,11.695605059766718,10.924524816492255,10.263685577454748,9.706828692243278,9.246297406925184
1125.9993244004054,17.18371753492394,18.06719991129567,18.986606022171898,19.934136988037924,20.897868366562264,21.86064538248838,22.79901021252282,23.682443582377246,24.473374467519164,25.128545467075014,25.602268445624045,25.851684269298712,25.843314633735503,25.559290714986652,25.00130282382691,24.19096531098675,23.166621992469743,21.977792198353328,20.67888278272513,19.323514182887866,17.96023268374162,16.62984456414093,15.364243628048948,14.18641223891764,13.111215515322176,12.14663381928395,11.29515071202899,10.555100758246779,9.921862526560155,9.388845776973357,8.948265341572755
1123.9743733842868,17.18747343155846,18.065959662287195,18.97779828390497,19.91435002907475,20.862675894630428,21.804460529259156,22.715025967339002,23.562747525627515,24.309345957753557,24.911627406069734,25.32512029936038,25.509559845439668,25.435326678713764,25.089150750362734,24.47725554457931,23.624922213065133,22.572763037929715,21.37100764393231,20.07337048966027,18.73171922457106,17.39219312630087,16.09292027379007,14.863154767070588,13.723493520838609,12.686793535775447,11.759450022275196,10.942774160692645,10.23429665043884,9.628900480323283,9.119744811757082,8.698980375199827
1121.9566924716705,17.183922039519388,18.056745961983744,18.960161813050977,19.88465996633097,20.816269449309107,21.735524410963666,22.616585515224283,23.426855210739962,24.127573068138258,24.675931285473073,25.02905602231364,25.14963532372868,25.01213959006324,24.607918695518904,23.947524056117327,23.059525263230327,21.986342239100065,20.77846010344313,19.488516029814072,18.16634480854751,16.855513521464818,15.59141319975457,14.400685242026809,13.301628132926755,12.305212256486922,11.416382211233788,10.635408705818278,9.959137952680035,9.38205908242012,8.897163030767972,8.49659992551649
1119.946242580356,17.181993280167497,18.048890739629392,18.943435174372475,19.855210029177258,20.769186552816052,21.66474821240164,22.51494073108036,23.286310912741058,23.939823745576323,24.433351142243374,24.72595851005376,24.783597512308084,24.585014408970924,24.126174935184316,23.421760520892082,22.503292461108092,21.414604287997623,20.206060007361565,18.92891144730495,17.630746453639752,16.35244383341763,15.126628135874387,13.97736489722573,12.920733945726026,11.965920197376267,11.116523181473488,10.371871559378267,9.728211851704508,9.179707846851835,8.7192344313219,8.338978401614838
1117.9429849077696,17.17986667005717,18.039327175184344,18.923284726768685,19.820438776891674,20.714762899943256,21.58460562008868,22.402088679508545,23.133182506233197,23.738938167694972,24.17830620107272,24.41264117179488,24.411344287353938,24.157362552174526,23.650914782639926,22.910225936152987,21.969084237908472,20.872086562004032,19.668958260061796,18.40923020674007,17.138095358431816,15.893759435559087,14.706217864591563,13.597174269266183,12.58073883962558,11.66456266761063,10.851132732604723,10.139037113241754,9.524088754119392,9.000257702969227,8.560403630231477,8.196825054869462
1115.9468809284679,17.172295756562033,18.023185420510874,18.895051691552425,19.775658897940755,20.647957703795772,21.489286637034976,22.270949097640578,22.958555287953637,23.513583711491727,23.89651004613469,24.071460972782987,24.011697656525882,23.704594366718766,23.15460124242228,22.383226172599564,21.426095759475512,20.328069905099277,19.137751452109075,17.902545534234743,16.664957435698504,15.46034581061119,14.316009524338096,13.251306275341461,12.278449507600108,11.40366174970282,10.628435428002685,9.950734872098925,9.366046440725562,8.868238996743512,8.45023338177704,8.104500115399858
1113.9578923916674,17.16042648097676,18.002021046485133,18.86106310010218,19.724439178864387,20.574169839731987,21.386722774455368,22.13277510976432,22.77781570840168,23.284006837153978,23.613563661232035,23.733475769898263,23.620757438557725,23.266880307606936,22.680020433263635,21.8843931202991,20.916935944071042,19.822380654490882,18.647992208924556,17.43900628036549,16.235335810129378,15.069681440783269,13.966882407022688,12.944196735136238,12.01216916077457,11.175787345285476,10.435702028996785,9.789366247149276,9.232016381588082,8.757467350151664,8.358725871208803,8.028442911864275
1111.9759813188034,17.15004966247628,17.981860549522153,18.82741782069666,19.672730531936537,20.498919223782462,21.281656871638052,21.99113191561772,22.59291744250579,23.05011906414606,23.326961267116648,23.393506198098102,23.23059649950665,22.83369905818115,22.214448523122883,21.399396893665877,20.42640062981656,19.339721191959462,18.18503752827302,17.005276920000785,15.837722923585558,14.712461931931108,13.651971433583885,12.671535891653201,11.780164531141056,10.981735668108882,10.276167611006223,9.660491448236069,9.12976279987577,8.6777934988243,8.297711348531225,7.982370234558354
1110.00111000111,17.136819286646134,17.957979406555353,18.789013205695124,19.615073291411644,20.41643974491747,21.16810500500855,21.839949899593314,22.397878635945787,22.806227002830447,23.031498694097593,23.04700285895775,22.837418229780017,22.4020193501801,21.75554828868559,20.926457099618826,19.95308944371691,18.878881683332263,17.74768819326919,16.600013459856548,15.470506537940691,14.386716390009616,13.368886678175008,12.430479398591409,11.579121007148224,10.817720673041496,10.145584318817965,9.559418360408753,9.05417280332482,8.623711853910349,8.26132333417452,7.960089667918945
1108.03324099723,17.118784312656732,17.9278788671087,18.742780470645627,19.547833332540016,20.322575389804314,21.041482656420932,21.674366066762598,22.18776151864571,22.54755835233154,22.722814422235853,22.690226439616055,22.43824900510916,21.96969103498072,21.301967686531352,20.464929747802472,19.49693774610129,18.440235258158502,17.336620990002427,16.22408231626783,15.134653723416367,14.09344761185054,13.118621182940997,12.221978507554192,11.409923636899505,10.684539626140456,10.044639423865409,9.486699203631858,9.005634488216957,8.5954129154775,8.249517035551191,7.961279768561329
1105.9500110595002,17.094096556242462,17.889989659217207,18.68761112494579,19.47058815721818,20.217854710054187,20.903560350237427,21.497680609413944,21.967633835291235,22.281076159795386,22.409723390891575,22.333588209041167,22.044627369402487,21.548742389730062,20.865498592930937,20.025647065227613,19.067177726361177,18.030910689990193,16.956519324063198,15.879539466234387,14.829551100049704,13.829441607674067,12.895507873505633,12.038110035736713,11.262615486866803,10.570431604322126,9.959992928377888,9.427627487918123,8.968271257896518,8.576028853441006,8.244595092736217,7.967559498448065
1103.996467211305,17.07307714629584,17.855540737473213,18.635714111728866,19.39658968889151,20.116615765044486,20.769770384596907,21.326373807494065,21.754902896231084,22.024904520350383,22.110767615340713,21.995684442920208,21.674822119727537,21.15677304930353,20.46282139630702,19.624241725415125,18.67839084292115,17.66454077528458,16.6202440106219,15.578689083800274,14.567168282310295,13.60653786925297,12.711427266308071,11.890925731979584,11.149507363352729,10.488014613211421,9.90458349265308,9.395447193660205,8.955594168559344,8.579281999948833,8.260422371397656,7.992858415475709
1102.049812651532,17.047795405602912,17.816693185079846,18.579136649672915,19.31748463838425,20.00972845738775,20.62973992797751,21.148288926304595,21.535045953571284,21.76158879171438,21.805087750226654,21.651955702126312,21.30052740617653,20.76197106887876,20.059135815612315,19.223666753128693,18.2921664471498,17.302284676779685,16.289426397122224,15.284444604684781,14.312380797080355,13.392108925530541,12.536640988525157,11.75383952777444,11.047319940506013,10.417383749184957,9.861882510334182,9.37696029394793,8.957657215490201,8.598378213965352,8.293242887553781,8.036336821803797
1099.989000109999,17.01720082579826,17.77108318584595,18.514457732432955,19.22920998105297,19.89308765869411,20.480114849225316,20.96178717247528,21.3092112891837,21.496134756195495,21.502474892803157,21.317618310451973,20.942624069685323,20.39067011099943,19.68558838275342,18.858898404867272,17.946106424572257,16.983075605413486,16.00306241673507,15.034709094578673,14.101010765993784,13.219099876384231,12.400614115603837,11.65241189917571,10.977439573693758,10.375610136053506,9.844606996383517,9.380569552304287,8.978647723094495,8.633431325896469,8.339269939288593,8.09050254259836
1098.0564401010213,16.987139405210876,17.72513581821938,18.448559968837486,19.138915471702997,19.773836209917086,20.327662072524408,20.772793389715012,21.081932420627897,21.23108952645641,21.202911382171436,20.98960855232799,20.594698277914574,20.03303657592751,19.329107965087978,18.51403669371282,17.622058851097993,16.687180954085346,15.740531456392931,14.808627886978462,13.912542979982515,13.067805246963246,12.284811229328442,11.569532832486773,10.924344205798462,10.348845002033379,9.840605757218439,9.395799652280274,9.009711528508516,8.677131154619602,8.392645935893729,8.150851109032859
1096.0105217010082,16.951541323280015,17.67404551292374,18.37800885662797,19.044604164134793,19.651418860293443,20.17318589344185,20.58328198120025,20.856046727000578,20.96973764623885,20.90963883310352,20.67061875811699,20.25844055542157,19.689424967388856,18.988539876551364,18.18641868446606,17.316012720110496,16.409526652586905,15.496062847549291,14.600138536837884,13.741029761479721,12.932773157418154,12.184614252967565,11.50170394085452,10.885886197802108,10.336469255557605,9.850916842014835,9.42543035381919,9.055416059826014,8.735845248677851,8.46152204377324,8.227275771933334
1093.972213105787,16.913234045421373,17.6189321548525,18.302240645941353,18.94414902998894,19.522382098506135,20.01226978859365,20.388356740231142,20.626752013356825,20.70798213028402,20.61984443005572,20.359593403198055,19.93485808797277,19.363005627135504,18.66910648235998,17.883018297039957,17.036246808312274,16.15915661795231,15.27888608202082,14.418082505301792,13.594391528918107,12.820533240212313,12.104767535864763,11.45156860614488,10.862368781811412,10.336277403626967,9.870720405870486,9.461976656011336,9.105607405487023,8.796787100452264,8.530549521718964,8.301964890180523
1091.9414719371043,16.875277061049385,17.56367550982284,18.22582473645981,18.842604521835383,19.391976819444157,19.849985895934115,20.192459786412233,20.397361939255443,20.44751187645034,20.333163407408172,20.05382128293692,19.618791407071832,19.046285636545477,18.3613030661377,17.592806794332013,16.770802830618706,15.923820226138623,15.07708120974242,14.251436238980705,13.462982427869068,12.723201749374436,12.039435961807271,11.415535722982053,10.852560181941472,10.349444999212443,9.903592602269004,9.511365232336138,9.168478997318331,8.870307326677155,8.612106991193716,8.389181099225727
1090.037061260083,16.831558858851647,17.502651698969235,18.143849495635198,18.736020168568896,19.257470315727783,19.685057725357524,19.995957804232894,20.16998638825078,20.192164167125647,20.055015544582034,19.760038435949294,19.317932991822556,18.74750117947355,18.073487638166387,17.32387118090034,16.527160317521435,15.710124362435469,14.896192487948307,14.104562279079598,13.349925809214737,12.642655490590117,11.989280868426931,11.393110032494715,10.854886229256065,10.373408308675517,9.946075702580991,9.569342202944247,9.239078172329858,8.950849546220494,8.700125963959009,8.48243128337215
1088.020890001088,16.78764777398018,17.44096443916467,18.061025736077774,18.628823953337054,19.12315316782595,19.521809229591714,19.803387171429367,19.949539647678918,19.94736092498402,19.791406850446233,19.484848804698252,19.039435619425703,18.47424892209944,17.813551891279804,17.084219554037126,16.31324963873595,15.52572481228323,14.743411886683502,13.98401468107539,13.260983565463398,12.583732099485148,11.958106117429113,11.386973793762648,10.87083976370564,10.408420914657986,9.997150099145228,9.633594838798285,9.313791531542616,9.033503227388001,8.78841240954561,8.57426091305284
1086.0121633362294,16.741088825538338,17.37719979367216,17.97681471469979,18.521088545755067,18.98934006501321,19.360327846463036,19.61406397008312,19.73399482993152,19.709199584952255,19.53613978590328,19.21951984176979,18.772011594839913,18.21289155276527,17.565911789422547,16.85686868577745,16.11131716821469,15.352746399668469,14.6013613777026,13.87346596797475,13.181346898509105,12.533517098185387,11.93517680675179,11.388774474467088,10.894581779131956,10.451228441620048,10.056168074901315,9.706064655738853,9.397100930734972,9.125216566810758,8.886286679002353,8.67625185735164
1084.0108401084012,16.69202412770895,17.310072706779497,17.888466030404157,18.40862132939533,18.850494452115413,19.193914546876616,19.420389949292762,19.5151861613342,19.469321583118656,19.28104615401224,18.95642704652473,18.50886859752698,17.95766704340655,17.3259311314451,16.63830277595567,15.918874094212361,15.189566048830885,14.469077403988397,13.772382883607246,13.110679330315396,12.49164729859641,11.919899463094266,11.39751058567704,10.924553675719078,10.499595228097945,10.120125100751293,9.782912705443842,9.484291375384249,9.220378352842594,8.987240201016933,8.781013775316111
1082.0168794633196,16.638287239150756,17.23875467368222,17.796749735611826,18.294032682548803,18.711259893298188,19.029355973737136,19.231289971809755,19.304035935247335,19.240367039560624,19.04008448852955,18.710366355981037,18.26512649300933,17.723522669873883,17.107945612911326,16.441890996045846,15.748063734986738,15.046936405264942,14.355841682152732,13.688565731107609,13.055342707139523,12.463126910293976,11.916025825574204,11.415799985866432,10.962363136013387,10.554241631711927,10.188972176831987,9.863431199718393,9.574098072362423,9.317259198669968,9.089161990317914,8.886127965598826
1080.0302408467437,16.58530598320202,17.167362052557586,17.704331544081803,18.178436465555073,18.57115186909019,18.864593060507314,19.043236530820725,19.09574169706686,19.01653499032986,18.806799187512404,18.47461297706469,18.034185592548475,17.504352969853397,16.90665859414553,16.263385375614607,15.595842642461658,14.923091421774807,14.261164311760163,13.62273893846397,13.017168797814321,12.450757883825142,11.92717388851697,11.447916309996494,11.012780874728644,10.620284446796871,10.268032456769292,9.95302336953027,9.671892497585166,9.42110165549096,9.197082855284076,8.996344392808211
1078.0508840017249,16.531042379275693,17.095550605871164,17.612476432412162,18.064511649524743,18.433943937494494,18.704050566919886,18.860757778463366,18.89432386598251,18.800722708926347,18.5824117069249,18.248283998845714,17.812797249599562,17.294466770578858,16.714035704850637,16.09265520765572,15.450338125162375,14.804835374316438,14.170970906856544,13.560387604359786,12.981611345143616,12.440328462733131,11.939781657073658,11.48120994148241,11.064281108511931,10.68748560036053,10.34847648919604,10.04435123847422,9.771877700047476,9.527670411710606,9.308324690920369,9.110516096246894
1075.9629868732516,16.476695600841158,17.023427647011623,17.520386072871123,17.950824570339506,18.297916364877363,18.54613363566696,18.682826520416164,18.699757765181083,18.59429088823547,18.369958094333448,18.0362576446849,17.60771091802435,17.10237867352448,16.540133174222465,15.94098536558881,15.323693714248519,14.70477517924053,14.097938462889125,13.51388831213345,12.96041289218541,12.442658299615163,11.963504829695978,11.523978832772723,11.123654763268581,10.761020253676026,10.433791056111858,10.139172346343855,9.874068824863837,9.635249188815692,9.419471772871072,9.223578194188692
1073.998496402105,16.41587810540691,16.944410490395544,17.42122244475266,17.830211304476,18.15550184576128,18.382794008416294,18.5008463970102,18.502855484544707,18.38745383679666,18.15909604096613,17.827727095254044,17.407793729794893,16.916802808945285,16.37370372445169,15.79736061545259,15.205307266345214,14.612880407507626,14.032739172532189,13.474717960853964,12.945930299976704,12.45103651350527,11.992598778788071,11.571464934206512,11.187141095718422,10.83812934978826,10.522219158155355,10.236729592264314,9.978704716582028,9.745067177858601,9.532736114871389,9.338715520865101
1072.041166380789,16.35538571318803,16.866682677281432,17.32455900585837,17.71356527577717,18.01875844963208,18.227009110687536,18.32838685638834,18.31739107481866,18.193776468703234,17.962780963856417,17.634689125772766,17.22381478080495,16.74710738100623,16.22263919899832,15.66820916168596,15.100227142009697,14.532953883477314,13.978094553867454,13.444692609192215,12.939246834578407,12.465972135300737,12.02713547487097,11.623414811917286,11.254245775774391,10.918135282903473,10.612932254361672,10.336053073490968,10.084663990531729,9.855825073042345,9.646601214226113,9.45414571217085
1069.9764605178686,16.293284285017208,16.787949091276822,17.227790349019617,17.59804690696467,17.884714500699626,18.075801333533466,18.16260999078994,18.140823870049264,18.011174515044807,17.779533550984212,17.456394739222972,17.05584655496331,16.594235892712852,16.08875938189066,15.556190359981082,15.011880011826431,14.46909087671986,13.938653447706253,13.428893150315227,12.945755954790574,12.493060438603353,12.07281473166589,11.685551918147308,11.330652688978471,11.006636940308196,10.711415731151385,10.442501621246551,10.197179434432476,9.972641594473204,9.76609297811424,9.574830225911597
1068.0337498664958,16.232038227355204,16.70953171863738,17.13091908312584,17.482179958226,17.750287960760346,17.924404200146743,17.99704869515406,17.965041938523417,17.830021222057287,17.5984098311758,17.280833046450866,16.891093556706522,16.444899845566244,15.958562669019038,15.447841186803407,14.927054218710188,14.408500079808045,13.902170007415224,13.415703821880259,12.954521554996944,12.52206580443837,12.120099824543987,11.749020197795854,11.40815657142496,11.096042395202984,10.810649175758591,10.549582576865035,10.310242228115984,10.089948946047791,9.886043769490303,9.695963206982755
1065.9844366272253,16.16677778077223,16.627480855167178,17.031019997980135,17.364134227347538,17.61476801727545,17.773195954894547,17.833082754556166,17.792286913534582,17.653240249600486,17.422812401117675,17.11167762302006,16.733304216360757,16.302750937971943,15.835464695791044,15.346237064933215,14.848415090868068,14.353397609574195,13.870397894354651,13.40642313002247,12.96640971638264,12.553455520730843,12.169099995975438,11.813615684272765,11.486286834730969,11.1856610220122,10.909767223922016,10.656298930851666,10.422763961548807,10.206604274319517,10.005289674678302,9.816389319659216
1064.0561821664185,16.10022691953906,16.545008008690278,16.931886510908626,17.248364459936294,17.48332538022494,17.628085104538226,17.677343030811148,17.629859385047066,17.488716649529646,17.261100739745743,16.957637080526325,16.591405208059594,16.176805282733117,15.728451114664072,15.260226150425984,14.784581250410563,14.31209597734557,13.851281593467158,13.408578638307457,12.988493107626029,12.593818069948261,12.225896796276457,11.884894927631358,11.570060138133336,11.279956783809938,11.012669734036454,10.765976104765082,10.537486353956911,10.324757629407229,10.125382806920598,9.937058667669477
1062.0220900594732,16.03511474444184,16.463740315925783,16.833848542532355,17.133734145268743,17.353232817181567,17.484692592313237,17.52381502913341,17.470210270885687,17.327549401746566,17.10327371183056,16.80791056254212,16.45412007384268,16.055633899768026,15.626241469007995,15.178940574774561,14.725316273760402,14.275161721017845,13.836317342560228,13.414683842176691,13.014357948152101,12.63784312893709,12.286296147927462,11.959780670258562,11.657508875204408,11.378060019078681,11.119570804876528,10.879896393375693,10.656743301333607,10.447776692937724,10.25070506015407,10.063345310271691
1059.99576001696,15.96967971145785,16.38296451553966,16.73738686672141,17.02202498365574,17.22762588384976,17.34749586606635,17.37823697998345,17.320192016586212,17.177504310504474,16.95777191170497,16.671356135651724,16.330466556533995,15.94817111671061,15.537469038088426,15.110526429653369,14.678126248553168,14.249340020999746,13.831396889959848,13.429708284935266,13.048001669272008,12.688520419661927,12.352254908463154,12.03917918428621,11.748476326805102,11.478742632464229,11.228166010632531,10.99467748162368,10.776076798604734,10.570134335698718,10.374671830324056,10.187624607721773
1057.9771476936098,15.902627353809391,16.30076579111928,16.639919650033562,16.909955254362806,17.102509061471014,17.211795409289426,17.23524217897164,17.173835306127994,17.032099287932624,16.817709850599773,16.540805733266648,16.213117342056254,15.84704799244371,15.454828910785725,15.047832853555144,14.636087639416747,14.227992197713476,13.83021060454171,13.44770535632382,13.083867663021405,12.740706243491703,12.419063471486297,12.118836088140705,11.83918541063434,11.578728230195726,11.335704203999759,11.108118646491116,10.89386151203834,10.690804361503425,10.49687751709019,10.310129669885255
1055.9662090813094,15.833902485545584,16.217126002512376,16.541308350642176,16.79709833953536,16.977003884132756,17.07611777496813,17.092656603097954,17.02821155437154,16.88765734154787,16.67872982366234,16.411344419071593,16.096768067769723,15.74676804098691,15.372843596093018,14.985611824326408,14.594379827134881,14.20690167614312,13.82929566331449,13.466085818455495,13.120329407560606,12.793795908364686,12.487169743955521,12.200256566221036,11.93217972590953,11.68155908948137,11.446668414681877,11.225570216350288,11.016228708980726,10.816602295958377,10.624717450079604,10.438725905185262
1053.9629005059023,15.764982607545486,16.134521224724715,16.445308747964674,16.688741093479326,16.858125256243657,16.949326268549775,16.961219413751028,16.895862751236965,16.75835208424856,16.5563792943438,16.299567957087113,15.998692383462604,15.664891326706304,15.308968993658366,14.940843583746561,14.569168501771475,14.201122051975624,13.842341889755545,13.496971040152006,13.167780831940348,12.85633977867247,12.563203616434803,12.288108428836077,12.030154868887822,11.787976375716974,11.559887865491255,11.34401378195331,11.138395862844611,10.941081775152568,10.750196127931629,10.563995471643775
1051.967178624027,15.694349133456686,16.04998814355396,16.347302227990106,16.578442790378947,16.73750776160899,16.821109626764997,16.82874434070207,16.762891914197937,16.62882506786541,16.434155265840975,16.18819023201133,15.901201750881961,15.583703166253422,15.24581674549309,14.896781100877266,14.544617754331133,14.195950590848508,13.855955478241718,13.528409662349201,13.21580974381362,12.919530577709988,12.640003026277787,12.37689447231303,12.129281367079622,11.895807385799552,11.674823908866925,11.464511661079932,11.26298363965912,11.068370176387045,10.878887316545752,10.692889820772846
1049.9790004199917,15.624975141698906,15.966830987696877,16.250922580201195,16.470145390222914,16.619359185659963,16.695879506763085,16.69976915648022,16.633875041949192,16.50359904734312,16.316438559638165,16.081369508348036,15.80816300569296,15.506723788826378,15.186519351649876,14.856141199678131,14.523012249590305,14.193232623752397,13.87154228459945,13.56137280227347,13.2649602582815,12.983494640239307,12.717286114409347,12.465933858782394,12.228487859332777,12.003597838897642,11.789646238754857,11.58486402263756,11.387429214667238,11.19554872263343,11.007524319321563,10.82180380104932
1047.998323202683,15.557383062078689,15.887019141213942,16.159648759637243,16.368846438424537,16.51014637660068,16.58146524570052,16.583327728189627,16.518852464697243,16.39349658969202,16.21459837593289,15.990788339779641,15.73135232270526,15.445624815855592,15.142471944369625,14.829898522430868,14.514789401266048,14.202776530404911,13.898211481830456,13.60421819493678,13.322800744295643,13.054984063615285,12.800970080949664,12.560296420458554,12.331988990663087,12.114703092882467,11.906850100519959,11.7067083874877,11.512518196438462,11.322560719264715,11.135221976870204,10.949042259731103
1046.0251046025105,15.487471587805269,15.804202042555662,16.064810624564924,16.263568771686938,16.396689594064657,16.46268204362194,16.462513062083744,16.399547028298812,16.279268994779418,16.108833876944974,15.896508550105226,15.651082496658368,15.38131557137777,15.095473379235226,14.800978259416626,14.50418277911401,14.210256611203748,13.923167950195777,13.64573666154577,13.37973667378861,13.126028018019605,12.884702944762122,12.655234678492988,12.436621005801715,12.227517774719802,12.026359479744748,11.831465519597268,11.641131599627654,11.453706273131283,11.267652920930558,11.081597668343488
1043.950307965341,15.418070468888766,15.723016668960696,15.972784253582113,16.162285795393,16.28834797948517,16.35000440344958,16.348602993219504,16.287707186947546,16.17280386218012,16.010861594428007,15.809802548279926,15.577956442305823,15.323556707637678,15.054321782115768,14.777144231526307,14.497891958162654,14.221312055578734,13.951019763713536,13.68955186052522,13.438464347375339,13.198456967343846,12.969510692611152,12.751027956909004,12.54196858781653,12.3409768985633,12.146497213459577,11.956876320405188,11.770452111823158,11.585628141629307,11.40093412130703,11.215072602011299
1041.9922892570596,15.35291546675684,15.64645067994271,15.885867553166145,16.066693397232196,16.186328910289927,16.244283997734424,16.242236713874135,16.1839029724389,16.074734995984674,15.921492360816481,15.731744789737203,15.513368143307941,15.274085994454783,15.0210930777883,14.760778815827633,14.498553101047532,14.238764851622928,13.984697130001152,13.738620182305453,13.5018844129753,13.275037768081773,13.057955195503943,12.849971040870095,12.650008002014669,12.45669842833231,12.268495309696329,12.08377134350159,11.90090513024634,11.718353964535746,11.534712977711722,11.348760638346938
1040.0416016640665,15.282716377731202,15.565599466266491,15.7956326433211,15.968912994031927,16.083353250496106,16.138867051069756,16.137387787310086,16.082715515504997,15.980213178011347,15.836395004000584,15.658461611751793,15.45383657013445,15.229749902525562,14.992899202306845,14.749203001235882,14.503647146471538,14.260215009522136,14.0218867332905,13.790690801388365,13.567791914832025,13.353601373673952,13.147898971662185,12.949958191217066,12.758668876844263,12.572653424968312,12.390373859741809,12.210228053898536,12.030633923516408,11.85010080105854,11.667287479775412,11.481046702424418
1037.9904504878555,15.216152496828517,15.488967262933736,15.710227959455205,15.876566375672134,15.98636790884212,16.039911287918056,16.039352659019414,15.988554188274078,15.892780761073624,15.75830621387609,15.59197912445473,15.40079681537344,15.191526951980142,14.970402540647166,14.742901958361786,14.513613631152054,14.286176538629118,14.063283055045936,13.846729144548659,13.637497659037793,13.43586247870311,13.24150370535171,13.053626531850455,12.87107846698591,12.692461178400253,12.516234337573291,12.340809593709931,12.164633283060937,11.986256813688811,11.804393952137238,11.617964547554893
1035.947373873407,15.148805358465975,15.411855808934272,15.624784919008807,15.784728576222875,15.890503291119947,15.942705185432253,15.943665115058794,15.89726459575927,15.808637375445942,15.683795984888977,15.529228654359276,15.351509472369832,15.156955666044565,14.951353603191437,14.739762685914524,14.526395973622472,14.314569230111584,14.106706219343764,13.904386915906418,13.70842601478054,13.518970892445907,13.335610319660635,13.157487301166322,12.983411166632255,12.811965367444163,12.641608362224957,12.470765581368513,12.297910856499016,12.121635994711513,11.940707461887119,11.754109476890532
1034.0192327577295,15.078883994865716,15.332565882119736,15.537664997933051,15.6917892779254,15.794147157263314,15.845610614372312,15.84864651013822,15.807124369167429,15.726025885956487,15.611092982403445,15.468455239391727,15.304274239571356,15.124433811180744,14.934294161795826,14.738517060499795,14.540960384916584,14.344634327834378,14.151708359270438,13.963557146572995,13.78083432025239,13.603564526128542,13.431246056294464,13.26295811727848,13.097468261900827,12.93333660787066,12.76901421343118,12.602933457924918,12.433588587856391,12.259604842018268,12.07979484961747,11.89320136003856
1031.9917440660477,15.014734216208947,15.259511956509009,15.45721966111387,15.605903169906616,15.705129240461876,15.7560170634316,15.761149724140774,15.724376449278672,15.650530899042927,15.545099798799741,15.413878532256751,15.26264649171184,15.096886923108462,14.921566165319877,14.740977755987586,14.558649321283067,14.37730510726716,14.198874386262696,14.024535306357125,13.85478440954753,13.689523412924373,13.528156442228585,13.369692401574024,13.212848380202075,13.056150880031062,12.89803222461049,12.736919860703782,12.571316491068595,12.39986918385778,12.221425874793798,12.035078066066454
1029.97219075085,14.951196645138786,15.187939632794155,15.37923856924729,15.523528200508705,15.620678455897746,15.672000105901102,15.680141968287876,15.648892207300062,15.58290827038403,15.487406972078103,15.367847330823476,15.229634704941759,15.077867330871724,14.917137651288593,14.751392652392704,14.583850981013802,14.4169703499258,14.252456569443202,14.091305035213448,13.93386610326832,13.779926968922004,13.628804021004774,13.479440889198695,13.33050839151013,13.18050327822753,13.027843091191022,12.870954693352319,12.708354175573245,12.538716016871886,12.360929643253106,12.174141948519624
1027.9605263157894,14.88677998814062,15.115950569691163,15.30131277238397,15.441658354802577,15.537129145369947,15.589200731711392,15.600568701694261,15.574951100815122,15.516830642494,15.431165445613507,15.32309721683262,15.197681650147551,15.059658993479236,14.913275039777416,14.762155741831934,14.609233161087387,14.456716883792506,14.306103255162151,14.15821440705044,14.013259605913467,13.87091247373121,13.730398779243421,13.590590522909615,13.450102821856115,13.307390609563043,13.160842437131308,13.008868781067227,12.849982330078767,12.68286784325875,12.506439427504572,12.319883521887093
1025.9567046270647,14.823704979059379,15.045906001128097,15.225972331320047,15.36301625950053,15.457414366131767,15.510773244373567,15.525808216159634,15.506149260588128,15.456096398358033,15.380350606120821,15.283745785272968,15.171003220298392,15.046523772840336,14.914226305728622,14.777434752879463,14.638811589458264,14.500332459355565,14.36329525453085,14.228356667397486,14.095589735112526,13.964556773913877,13.834393056486283,13.703897412156161,13.571626523769428,13.435990035298754,13.295343713265384,13.148077908204609,12.992698545917618,12.827897948086925,12.652613023689856,12.4660688355623
1023.9606799098915,14.763191512877924,14.978212277243772,15.152786161447093,15.28633313273238,15.379451573152537,15.433868258264113,15.452311366353957,15.438320964318642,15.396017789785937,15.329853775467225,15.244366670797636,15.143957147809495,15.032701206100423,14.914204807749375,14.791502481646535,14.666997717584497,14.542440492311705,14.418936095823947,14.296979247903257,14.176507949526068,14.056972266029103,13.937414025936068,13.816554066709074,13.692884078674457,13.564760278610166,13.430496132184473,13.288451228337621,13.13711329923403,12.975170387574089,12.801570379305577,12.615565595762494
1021.9724067450179,14.70223897311444,14.911112020587593,15.081231070102382,15.2122764556855,15.305023699926865,15.36128191126936,15.383764283489251,15.375904934825211,15.341641349200993,15.2851834004274,15.210788519301222,15.122558807802212,15.024270926960813,14.919244469133425,14.810250088876797,14.699455363451534,14.588404297234524,14.478025437822113,14.36866346113592,14.26012949245388,14.151766069213725,14.042523291274357,13.931043193494379,13.81574963930456,13.6949410667879,13.566883271936174,13.429899180145155,13.282452352746185,13.123220918421117,12.95115880697848,12.765541651174448
1019.9918400652795,14.642474038169253,14.845606703287693,15.011781322636073,15.140904379896181,15.233891215954502,15.292596317456532,15.319684424510449,15.318456074670365,15.2926450758872,15.246206423178105,15.183111590238914,15.10716467650526,15.0218485231657,14.930205523001497,14.834754096535812,14.737439044142702,14.639612284420105,14.542039725270188,14.44492994654126,14.347980729377765,14.250439996577077,14.151178231793894,14.048769790850308,13.941580641211253,13.827859964919128,13.705832789812524,13.573790469719372,13.430175537677567,13.273657331997851,13.103194947788722,12.918084557940157
1018.0189351521939,14.587853479513388,14.786220683434875,14.949304321879167,15.07720331493707,15.170948377532712,15.232426423708194,15.264253169652617,15.2696068663077,15.252039067866379,15.215278849585458,15.163045221818978,15.098879320413825,15.02600410354618,14.947215496490116,14.864805732673572,14.78051731802023,14.695524640744766,14.61043963948491,14.525337917063741,14.43980200651936,14.352978939690757,14.263649660736009,14.170308049091297,14.071247311535174,13.964651274035532,13.848687707961718,13.721600363011394,13.581795979789634,13.427922353490446,13.258933631862185,13.07413952525967
1015.9504216194249,14.526866698326799,14.720459345443269,14.880543403091988,15.007388655412665,15.10211768330513,15.166626692166032,15.203461590232525,15.215661337403311,15.206582795541271,15.179721430836397,15.138540558840607,15.086318979869784,15.02602351452029,14.960209725886289,14.890951434059271,14.819797703057002,14.747754834579437,14.675290426206212,14.602356558841697,14.528429461763587,14.452563370192555,14.373456583575674,14.289527845829548,14.199001049722423,14.099995920915315,13.99062182132644,13.869071230982795,13.733708958553244,13.583152839117249,13.41634173106802,13.232587102979315
1013.993104846887,14.472745192631583,14.662452446836657,14.820358399714973,14.946871285063136,15.043179272187956,15.111169640567562,15.153309271913875,15.172497523421914,15.171904168778157,15.154804950298475,15.124425686027532,15.083803342781753,15.035669598299549,14.982359673380715,14.925746961872601,14.867202388399255,14.807576491009302,14.747201857818194,14.685913580859403,14.623085644490928,14.557681468215762,14.488317033527748,14.413335042849745,14.330888337187105,14.239030343136804,14.135809688988022,14.019365432380285,13.888018722608505,13.740356336883751,13.575301523064079,13.39216804436836
1012.0433154539014,14.420200032476579,14.605843012453557,14.761374813110045,14.887331229020264,14.98495793652113,15.056129003666735,15.103232260163876,15.129031621852626,15.136517597098406,15.128756861024236,15.108750265744932,15.07930641444995,15.04293544637954,15.001765365556107,14.95748137205503,14.911287347149345,14.863887902195698,14.815489134355374,14.765816297521964,14.714146833773057,14.659357466137973,14.599984198778747,14.534294013424175,14.46036674374885,14.376185056571105,14.279729729196799,14.169076596953488,14.042490805517772,13.898513509163001,13.73603606579023,13.55435720118469
1009.9989900010099,14.368702551196785,14.550775002620826,14.70435008381915,14.830075088873174,14.929243511989363,15.003713696584832,15.055799112494931,15.088139441138107,15.103562397300161,15.104945736777136,15.095087472419165,15.076590340325522,15.051764425573152,15.022549904778657,14.990460308783849,14.956545648671046,14.921374173490427,14.885031355085008,14.84713479748368,14.806864002357715,14.763004148924695,14.71400314640595,14.6580411003678,14.593110952480288,14.517108407613135,14.427928409878543,14.323564483556247,14.202206375980353,14.062330812860232,13.902779979545073,13.722822703913755
1007.9629069650238,14.316803093019908,14.496343116855323,14.64900398029199,14.775508398382296,14.877165366365341,14.95579082529336,15.01360400294597,15.053107650364161,15.076960877101513,15.08785275564616,15.08838357105337,15.08095887034876,15.067699651459256,15.05037039406163,15.030325349910466,15.008472652404155,14.985255362598078,14.96064846723192,14.934170971559567,14.904912457613294,14.871573679439626,14.832520827231399,14.785852924176329,14.729481372283546,14.661219933698026,14.578882476621272,14.480384744970653,14.363845396667141,14.227680797522014,14.070687753890851,13.892108668594242
1006.036217303823,14.269474163396545,14.446354796328123,14.597983134438135,14.72514383035573,14.829149262244243,14.911763095960303,14.975103233370618,15.021531407352485,15.053536957004944,15.07362176471855,15.084192183515748,15.087462308615944,15.085371424170786,15.079517102566303,15.07110438878103,15.060910823337077,15.049266731294082,15.036050166355755,15.02069605045329,15.00221927597857,14.97925172350452,14.950093184781487,14.912775981854045,14.86514258376877,14.804934733738557,14.729891560486692,14.63785297030824,14.526863473125267,14.395270698552189,14.241812423462815,14.065686135065812
1004.016064257028,14.221736250267522,14.397169754793977,14.548887864662545,14.67771157069728,14.784938519822724,14.872270119476278,14.941720958261087,14.995516938482305,15.035988657065758,15.065466037727356,15.086179203462834,15.100169319226667,15.109211854806546,15.11475359551389,15.117863876453447,15.119199980547988,15.118986408443474,15.117007742748795,15.112615002931534,15.104745617135064,15.09195731422038,15.072476259246072,15.044259530054207,15.005071502366933,14.952572860591376,14.884419824655406,14.798369890857101,14.692389104499266,14.564754840094166,14.414147499433652,14.239724648465465
1002.0040080160321,14.17618471929703,14.349629636041518,14.500867967865831,14.630760843385849,14.74059743452996,14.83202545524941,14.906966675461856,14.967523053151757,15.01587911397397,15.054205690473427,15.084569240719016,15.108849894591778,15.128670309025198,15.145336495257094,15.159791102183926,15.172579235814709,15.18382675301401,15.193231037938972,15.200064474839229,15.203191077281907,15.201096919182788,15.191935035572126,15.173585230229667,15.143728677434705,15.099936311764715,15.039768797457342,14.960884463322051,14.86115016045124,14.738748786685774,14.592276485329293,14.420822496148416
1000.0,14.132317398083813,14.305101100591637,14.4571469551605,14.589323697114576,14.70288441602416,14.799401417740045,14.880688220075449,14.948713536203897,15.005512071702572,15.053096494435882,15.093374173578432,15.12807138675856,15.158666813102899,15.186335382725959,15.211903014347701,15.235812471769261,15.258100496261441,15.278386482258156,15.295873190086324,15.309360246201981,15.31727137206591,15.317696307620594,15.30844816146052,15.287136355324215,15.251254402528067,15.19828049398831,15.125787361938714,15.031556331297162,14.913689100957475,14.77070990395317,14.60165053458107
998.0039920159683,14.089472565437505,14.260712696696272,14.412630722299166,14.546116523786125,14.662403380264788,14.76300658389725,14.849651174032385,14.924192986904947,14.988537132663456,15.044557577891485,15.094020851131567,15.138516134993077,15.179393284004773,15.217709708003685,15.25418664679878,15.289175156935618,15.322632126274698,15.354106789451782,15.382738477095412,15.407266615985236,15.426054214968882,15.43712612407018,15.438223145542487,15.426872525389593,15.400474416808231,15.356402594802999,15.292116102745435,15.205276803531225,15.09386624688602,14.956294154180458,14.791490456088177
996.0159362549801,14.04737359029197,14.218593909299516,14.371873045777066,14.508088872666734,14.628426359320436,14.734320748896094,14.827391336660423,14.909369434951708,14.982024013254085,15.047088126394593,15.106188691028414,15.160781549948139,15.21209317580957,15.261069889344911,15.3083351525562,15.354155365683134,15.398414641104813,15.440599216393595,15.479792449783599,15.514681643183428,15.543578174067942,15.56445249115806,15.574985340731098,15.572636053400233,15.554727779337416,15.518548212560127,15.461462670117887,15.381034561405832,15.275146558041303,15.142114477360069,14.980785345636875
994.0357852882704,14.009590852498935,14.18058693522728,14.334981825511576,14.473642305522969,14.597708363677045,14.708540666840593,14.807659962808707,14.896681455196235,14.977247086323972,15.050958338086293,15.119311699537125,15.183638442542554,15.245049875228368,15.304388871768616,15.362188248610954,15.418636489967902,15.473551414710826,15.526362596643532,15.576103654544385,15.621415852713465,15.660564715367295,15.691471463876553,15.711760933169456,15.718827118231133,15.709916575990194,15.682228546758338,15.633028926332841,15.559773276705155,15.460232171873026,15.332610671516669,15.175652951910331
991.9650828290844,13.971869618883115,14.143232286713678,14.299244666629006,14.440754344645905,14.568852935947818,14.6848276441348,14.790105783844668,14.886194846026523,14.974620580615444,15.056865293174909,15.134308169320258,15.208169027044624,15.279456520041906,15.34892152883379,15.417016317293296,15.483860017025313,15.54921112865606,15.612447976079205,15.672558377003002,15.72814014173825,15.77741430448441,15.818253133515073,15.848224854680067,15.86465655492792,15.864715829772594,15.845510370433098,15.804202900879789,15.738136822910112,15.644965869194255,15.522779349277332,15.3702135840073
990.0009900009899,13.937258160858054,14.108882199850571,14.266352919112142,14.410499936832068,14.54237036278989,14.663184133448539,14.774283208108656,14.87707680229538,14.97298473286164,15.063380711066573,15.149537102444182,15.23257233631498,15.313401849298968,15.392693231622495,15.470826143875692,15.547857601100073,15.623493380389474,15.697066580572127,15.767524713378364,15.833427081257673,15.892954524349657,15.943933805839492,15.983878844949642,16.01005059149901,16.01953647363053,16.00934899386669,15.976541227766806,15.918334829475473,15.832253923972837,15.71625632575139,15.568852278601874
988.0446596186146,13.903339247201828,14.076324392501151,14.236302794259565,14.384068958352547,14.520611754641473,14.647073665277844,14.764704555500275,14.874811786164623,14.978708400176838,15.077660919858788,15.172838036032212,15.265261202205116,15.355757915389557,15.444918307627095,15.533055617320363,15.620171172553281,15.705924701693098,15.789611076799895,15.870144963203893,15.946055245713096,16.015491459209855,16.076244678873778,16.125785315701272,16.161319902114833,16.179868137792347,16.17836013467207,16.1537519636979,16.103155382656755,16.023975259491667,15.91404606193316,15.771757295421956
985.9988168014198,13.871630977730543,14.04557740363261,14.207638135534811,14.358575885198853,14.499325957997641,14.630959162533326,14.754639862063994,14.871580670474042,14.982995219455809,15.090050263505956,15.193818183625128,15.295230740182385,15.395034749094503,15.493750246423465,15.591631689731434,15.688632835274067,15.784376132340602,15.87812778076551,15.968779980479006,16.054842320259816,16.134444642748505,16.20535399785062,16.26500835015931,16.310569419457323,16.338996293918303,16.34714018370544,16.331858867428885,16.290147120255504,16.21927692710755,16.116938935605354,15.981374840263365
983.9614287119946,13.841299677131243,14.016404647878387,14.180687988715697,14.334879804445483,14.47986345774986,14.616641811714617,14.746299122290708,14.869959814860648,14.988745313786264,15.103729963463842,15.215896915433328,15.326094692265924,15.43499500788472,15.543052354282255,15.650465878893506,15.757144190137858,15.862673946574999,15.966293402094077,16.066872475747957,16.16290135269332,16.252490043248017,16.333381647527922,16.402982187686828,16.45840965665157,16.496564269556732,16.51422069664621,16.50814127212878,16.47520688358158,16.41255965777221,16.317749021341136,16.188870689248667
982.0288716488265,13.812491827642738,13.989759142574911,14.157172356376908,14.315420111876096,14.46532857809448,14.607830837772124,14.743932273104472,14.874672961206855,15.00108803937113,15.124166897313145,15.24481192515396,15.363797420038505,15.48172915892901,15.5990051055157,15.71577775632777,15.831918760067294,15.946986672340019,16.06019903276024,16.170410357165153,16.2760980915678,16.375359022272903,16.465918999242195,16.545159003074346,16.61016044577412,16.657772012253766,16.684699213828225,16.68761608433872,16.66329615124731,16.608757142909635,16.521411187365537,16.39920998434434
980.0078400627204,13.785331875978441,13.964431035222091,14.134625252889641,14.296567009162024,14.451031515557075,14.598888967180134,14.741073130144907,14.878547080496919,15.012266869166854,15.143143805814432,15.272005954163028,15.399559336140301,15.526349275676427,15.652722297759492,15.77878905376454,15.904388885223794,16.029056873997426,16.151994557553518,16.272045902139546,16.387680596123243,16.49698720168316,16.59767911092382,16.687116490792338,16.762347344728568,16.820170331396064,16.85722093849621,16.870080938101783,16.85540876882792,16.810085756508492,16.731370217742935,16.617048956283025
977.9951100244499,13.761297940724052,13.943008150135396,14.116715557111075,14.283026612305541,14.442657394838443,14.596408646096807,14.745137390415762,14.88972579085992,15.031047858362351,15.169934571615343,15.307137890723718,15.443294079417441,15.578886709070112,15.714209722819358,15.849331007851971,15.984057073329234,16.117899670471044,16.250045522557876,16.379330747747446,16.5042220329966,16.62280710887043,16.732797513052734,16.83154691720734,16.916088303668268,16.983192875835336,17.029452636190037,17.05138697730102,17.04557140011939,17.008783730304497,16.93816024261062,16.831351381277244
975.9906304899472,13.737597123651106,13.921471144116584,14.098183108538597,14.268303764546216,14.432502025004256,14.591522377649833,14.746159124097437,14.897227957392248,15.045535363849783,15.191846287688906,15.336850440375706,15.481127587325997,15.625112120489952,15.769057244304982,15.912999181566704,16.05672195980834,16.199723578862912,16.341184691252785,16.47994134407788,16.614463815084633,16.74284408780557,16.86279498703516,16.97166434325976,17.066467650993832,17.1439423886875,17.200626333468392,17.23296072163895,17.237416943349277,17.210642714042077,17.149620601276187,17.051828843318717
973.9943508327652,13.716517306986132,13.903145122170166,14.083407125195768,14.257834658291214,14.42704718348844,14.591731895875643,14.752620354832562,14.910462524355827,15.065998596824278,15.21992893954308,15.372882462148729,15.525383669672342,15.677818656383726,15.830400325749553,15.98313320799504,16.135778403618293,16.28781942065815,16.438430002241233,16.58644545701122,16.730339493359605,16.8682090849877,16.997770401463587,17.116369234678213,17.22100952126273,17.308403358292633,17.375045183902436,17.417311419046456,17.43158478469788,17.414399786189968,17.362602727540818,17.273516502896758
972.0062208398133,13.696774248830188,13.886394010221107,14.07039472733962,14.249267850125175,14.423584139922832,14.59397530995354,14.761112845573718,14.92568429589414,15.088367317192628,15.2498017234965,15.410559770752828,15.571114880323169,15.731809008924005,15.892818910404,16.054121625067204,16.215459689169265,16.376306793231425,16.53583494116091,16.69288457352167,16.845939606285665,16.993109871880442,17.132123979148904,17.260336050139895,17.37475002955326,17.47206515428516,17.54874555980503,17.601115746928624,17.62548165688326,17.618274438617362,17.576210839559874,17.496460900555995
970.0261907071491,13.677132915412145,13.869817774224222,14.05760953066765,14.240959448379154,14.420389813381883,14.596477463262373,14.769834652089184,14.941087456758718,15.110851923783512,15.279708138571577,15.448172380340925,15.616667515394148,15.785491791686566,15.954786241907872,16.124500994880844,16.294360950128944,16.4638315007923,16.632085305077574,16.797971508996937,16.95998930529774,17.116268250738454,17.26455830883646,17.4022330614873,17.52630983138988,17.633490438536302,17.72022582040018,17.78280662699919,17.817480058468373,17.82059064754049,17.788739564057664,17.718953688250437
967.9605072113059,13.657808397647486,13.853787481932947,14.045554217084375,14.233520396946245,14.418161526971474,14.600002048862022,14.779598036791867,14.957517499581732,15.134318420050176,15.310524652188692,15.486599785822944,15.662919086021066,15.8397396314542,16.017168824464118,16.195131539084876,16.373336325425058,16.55124131258663,16.72802075793867,16.90253358275878,17.073295707932505,17.23845853828705,17.39579649828728,17.542707025171392,17.676226775442625,17.79306786214385,17.889677556292458,17.96232389969055,18.007207971181753,18.02060109996335,17.99900225287693,17.93930745427946
965.9969088098918,13.641902171905935,13.84149693759518,14.037498582029544,14.230282449389845,14.420281594263058,14.607973488812119,14.793864313894236,14.978470910374641,15.162300466091779,15.345828007821199,15.52947176214444,15.713566452217433,15.898334618707965,16.08385610391955,16.27003593095217,16.456570958025797,16.642915904885292,16.828249644574328,17.011443036142836,17.191030039689398,17.365184388199538,17.531704654148175,17.68801107880561,17.83115793207591,17.957865310374597,18.06457400313106,18.147526202476563,18.202873263108895,18.22680938928631,18.21572712269809,18.166387106675973
964.0412609659694,13.628967805783347,13.832305718105367,14.03264124894731,14.230312191165071,14.425708201609963,14.619258851771301,14.811419372399772,15.002654119725403,15.19341779215001,15.384134424122042,15.575174183416927,15.766828006142891,15.959280129129139,16.15257863227803,16.346604195785112,16.541037421645342,16.73532527843252,16.92864751431907,17.11988425302652,17.307586440460675,17.48995133298026,17.664805779280716,17.829600588554044,17.98141970801694,18.117008129362706,18.232822254035288,18.325105708235533,18.389992168979763,18.423634571863982,18.422357178078922,18.38282362258719
962.000962000962,13.615388389435966,13.822631851067626,14.027435076591765,14.23010097354745,14.430979236255006,14.630455633355801,14.828939095147131,15.026846587264206,15.224585759552493,15.422535359259534,15.621023400365065,15.82030309202559,16.020526556518877,16.221716420230546,16.4237354511964,16.626254555756336,16.828719647647063,17.030318177015122,17.22994646272467,17.42617941056957,17.617244712636257,17.80100418153619,17.974945425518328,18.136187533869503,18.28150469986308,18.40737161360221,18.51003384605047,18.585605168323834,18.6301917160835,18.640040143425214,18.611703612016687
959.9692809830085,13.603980282679473,13.81474238096944,14.023577198406834,14.230758338078065,14.436601598524973,14.641455290833001,14.845688459877884,15.049676964168835,15.253787371073855,15.458358625674157,15.663681455936887,15.869975489724784,16.077364087439083,16.28584694657715,16.495270621569166,16.705297235656285,16.915371853668102,17.124689247143348,17.332161125436436,17.5363853315187,17.73561900199283,17.927758244044696,18.110327441329886,18.280481790288274,18.435026978596063,18.57045990685996,18.6830338613907,18.768850413922955,18.823978445836556,18.844598066433928,18.827163975714956
958.0379383023567,13.593892642589063,13.808721900357039,14.02212645069471,14.234349204242458,14.445670960449101,14.656401688341527,14.866869807449023,15.07740939550952,15.288345251977978,15.499975748834629,15.712553406161318,15.926263144256758,16.14119819311273,16.357333691957,16.574498096019003,16.792342635848232,17.01030925842623,17.22759773072398,17.4431329148859,17.655533634400147,17.863085037656308,18.063716909523674,18.25499094184516,18.43410048072135,18.597886619887856,18.742874570343464,18.865333848228175,18.961364826834146,19.027012474268396,19.058405617617765,19.05191695995561
956.0229445506692,13.586916173856757,13.805983969013525,14.024067475391522,14.241377727127281,14.458159775241883,14.674684827249209,14.891240475485576,15.108118919576253,15.325603091154623,15.543950592555873,15.763375368749216,15.984027047600701,16.20596791350681,16.429147530945635,16.653375116609812,16.878289882012922,17.103329744248434,17.327699042346293,17.55033621008381,17.769882748381736,17.98465530840376,18.19262322344342,18.391394377014613,18.57821280323923,18.749971789131617,18.90324635992396,19.03434872648655,19.139409401502604,19.21448512208063,19.25569240510116,19.2593625991689
954.0164090822362,13.578372938567494,13.801565755302772,14.024212108560265,14.246495646844354,14.46863037005107,14.690853525337596,14.913416681769379,15.13657487137946,15.360573686530604,15.58563422728127,15.811935800551261,16.03959628920774,16.268650139089026,16.49902396232677,16.73050983457283,16.96273648179855,17.19513872016924,17.426925741234502,17.657049134071563,17.88417191198115,18.106640262299994,18.32246024992561,18.52928224593008,18.72439636504334,18.904742592515927,19.06693944275587,19.207334773703142,19.32208162745297,19.407240547107488,19.458907669546285,19.473365075723734
952.018278750952,13.572243946319055,13.799629831379473,14.02688047805464,14.254153917722357,14.481635103632861,14.709529465317408,14.938054727370744,15.167430866188111,15.397868079907253,15.629552650566769,15.862630585838263,16.097188944235487,16.333234777370187,16.57067167199085,16.809273951115063,17.04865870690388,17.2882559984757,17.527277766391247,17.76468630175644,17.999163468143166,18.229082308480965,18.452483165104205,18.667056970639653,18.87013887852874,19.058715814108847,19.22945172860986,19.378734190397928,19.502745299116125,19.597558624007945,19.659261872167548,19.684102322916797
950.0285008550258,13.56670207323189,13.79851163170237,14.030572986317429,14.263017299945332,14.49599932998485,14.729691602721553,14.964276938790729,15.199939192605267,15.436852069826086,15.675165890737802,15.914992176030752,16.156385948290602,16.399325671974804,16.643690802693946,16.889236990545413,17.13556909079368,17.38211228817881,17.628081848797695,17.872452285233045,18.113927062893126,18.35091038889168,18.58148309956055,18.803385173641594,19.01400789867454,19.21039913452894,19.38928534715757,19.547113997348447,19.680119318818566,19.784413373371493,19.85610244400945,19.89142633567986
947.9571523367144,13.563917719071542,13.800050772472444,14.03679195259225,14.274248732561082,14.512549106148436,14.751836268532246,14.992261726656544,15.233976694041027,15.477121625547829,15.72181375120662,15.968132476889004,16.216102536485423,16.46567480947189,16.716704764840188,16.96892856415448,17.22193696117913,17.475147282364755,17.727773971214038,17.978798439225763,18.22693929321781,18.47062440443564,18.70796674071096,18.936746376470918,19.15440158407887,19.358032326033594,19.5444197148602,19.710064963612897,19.851250876425908,19.96412789375802,20.044825021755834,20.089583639707485
945.9842966606753,13.561149626676588,13.801465011108537,14.042732300084333,14.285038496582812,14.528488296944856,14.77319922428402,15.019295270134057,15.26689889331845,15.51612122479248,15.767050330176298,16.01973738988108,16.27418067300472,16.53030720945595,16.78795211017107,17.046835554231464,17.306537561871306,17.566470812552527,17.825851956766936,18.08367211778384,18.338667591744365,18.589292133024756,18.833692649885972,19.069690613181944,19.294771959887,19.506088691292263,19.700475633730044,19.874485832428046,20.024447654147767,20.14654575179271,20.236926499680784,20.291826326220235
944.0196356084207,13.558157424368307,13.803309958301533,14.049743352425065,14.297520538244699,14.546719146860784,14.797427047769593,15.049736467809225,15.303736534643376,15.559504088509188,15.817092608837688,16.076519110715658,16.337748882718284,16.600677966084334,16.865113320324426,17.130750688150886,17.397150270296134,17.663710456546763,17.929640041857727,18.19392959395684,18.45532293757938,18.712290082084518,18.963003337547374,19.205318821149252,19.436766015262307,19.654548443424382,19.855558797457906,20.036411870671646,20.19349830377735,20.323061308052726,20.421297101195915,20.484477753013547
941.9743782969103,13.557090814207157,13.806578087936831,14.057649621957689,14.310348510217162,14.56472981469432,14.820856443418464,15.07879368008119,15.338602207332679,15.600329464548832,15.863999183310657,16.129598951909248,16.397065676464727,16.666268834200864,16.936991458554225,17.208908861747265,17.481565194969658,17.754348077078898,18.02646169791724,18.296899029705845,18.56441406540271,18.82749534817012,19.08434245572774,19.332847540635587,19.570584469786677,19.794808500355582,20.00246969812887,20.19024334703049,20.354580298362976,20.491779446412785,20.598083201219865,20.669794930284986
940.0263207369807,13.55790759106002,13.811838752466961,14.067652412990125,14.325372195093685,14.585030906456325,14.846666720019531,15.11031807802086,15.376017161374426,15.64378176384214,15.91360541245277,16.185445583371063,16.45920987836443,16.734740054445545,17.011793842419788,17.290024554207275,17.568958570243463,17.84797092415869,18.126259369903593,18.402817533757887,18.676408025734503,18.945536713483868,19.208429741954124,19.463015298426786,19.706912545059488,19.937430520633,20.15158007859384,20.34610198638335,20.51751405172692,20.662179452998892,20.776397243007597,20.856514234621446
937.9983116030392,13.561440106669577,13.819965781007953,14.080658574686026,14.343521515688488,14.608563868178445,14.875797571443796,15.14523247526596,15.416870214120452,15.690696560318013,15.96667209801599,16.244721067729376,16.524718246919917,16.80647375955359,17.08971575016854,17.37407092089871,17.659043018893495,17.943989483260452,18.22809662199875,18.51035389694276,18.789528153398383,19.064138942274507,19.332436441240404,19.592383873342087,19.84164671863076,20.077591371303647,20.297296145989627,20.497577596239005,20.675034874932074,20.826114236578306,20.94719467098582,21.034694032086612
935.9790340696369,13.562820421216722,13.825878913236508,14.091368254175828,14.359274846131077,14.629588891261724,14.902301035738926,15.177397867595994,15.454856111051294,15.734635356968491,16.016669170446384,16.30085442382858,16.587038719006117,16.875005789761573,17.16445881688478,17.4550016505628,17.74611802165315,18.037148942132188,18.32726865182922,18.61545966966281,18.9004877575474,19.18087790511765,19.4548927887437,19.720515535259434,19.975439002932948,20.2170641365899,20.442510198480154,20.648639740313218,20.832100969186737,20.989389572261203,21.116931020638035,21.211182836415013
933.9684318670028,13.567566384677411,13.835170168313597,14.105457140244269,14.378395439372515,14.653954244138108,14.932100580759544,15.21279504625115,15.495986291078509,15.781604103118926,16.06955093577332,16.359691730360996,16.65184189858143,16.945753357753784,17.241098553382688,17.537452464778646,17.834272675173548,18.130877703808917,18.42642394985205,18.719881792258423,19.01001162980011,19.295340932102352,19.574143700782333,19.844424096257164,20.103906345185184,20.350033365306942,20.579976770569466,20.790660974241643,20.978803902513544,21.140976274673747,21.273680423384643,21.373448187032007
931.9664492078285,13.571256963787663,13.843301857278574,14.118271583366573,14.396119242813601,14.676796601000227,14.960251036047294,15.246421454840085,15.535233023584738,15.826590555821687,16.120370401553632,16.416410688039832,16.714499778092996,17.01436283822132,17.31564645020206,17.61790125989966,17.920562741294805,18.222930267247175,18.524144827119105,18.823165920185794,19.11874838632784,19.409420212262784,19.693462667614643,19.96889446743777,20.233462002151995,20.484637983607634,20.719631072058363,20.93540910161448,21.128738327391442,21.296240589869683,21.434469359748064,21.540004257881055
929.9730307821073,13.575494493432549,13.851716053348392,14.131113531172344,14.413625489742842,14.699186447803385,14.987723934001973,15.279154571509137,15.573379044588346,15.870275794409642,16.169693291795582,16.47144074113357,16.775277084556457,17.0808982014146,17.387922238391123,17.695873064359066,18.00416192586556,18.312067489026433,18.618714596786138,18.923052251565096,19.223831555354327,19.519584602381855,19.80860561859181,20.08893596481904,20.358354943758503,20.61437863845835,20.85426921081762,21.075057136177286,21.273578667127254,21.44653032668448,21.590541362300815,21.702263817714115
927.9881217520416,13.582432248793062,13.86317431781665,14.147301610338596,14.434738041212615,14.72540120308853,15.019199490498695,15.31602829466462,15.615765122093908,15.918263485676569,16.223345417163443,16.530792456348745,16.84033498716747,17.151639816969727,17.46429593575017,17.777798451001686,18.091530775593576,18.404745255490134,18.716542566090343,19.025850384733506,19.331402065134238,19.631716296802036,19.92507902351939,20.20952920697134,20.482850331827645,20.742569821497685,20.985968719561033,21.210104026657067,21.411845892374114,21.58793137121497,21.735035599779057,21.849860012546067
926.0116677470137,13.588487229406523,13.873808790645139,14.162754449850945,14.45523272834951,14.751143013299307,15.050372732571118,15.352793655696077,15.658257179056525,15.96658844896342,16.277579176295873,16.590979002704472,16.906485293162863,17.223731255545612,17.54227232810468,17.86157083394513,18.18097898206693,18.49972040173913,18.816870535322273,19.131336387884225,19.441836342153454,19.74688099361932,20.04475623721789,20.333510131310668,20.610945354377346,20.874619321049646,21.121854189705978,21.349759014104343,21.55526609794565,21.735183135029796,21.886261903743048,22.00528311090242
923.9582370876836,13.59543610697761,13.884820816389581,14.178040426364092,14.474991383780825,14.775558660537188,15.07961296345491,15.387007117229706,15.697571483169964,16.01110827169459,16.327384606311277,16.646124202804444,16.966997541768894,17.28961043803768,17.613490950077225,17.938074629659035,18.26268819108153,18.586531784148757,18.908660190118972,19.22796342828428,19.543147464451884,19.852715950145246,20.154954186963757,20.447916791639678,20.729420812332062,20.997046282954138,21.248146354924828,21.479869158119797,21.689193350525528,21.872978854894196,22.02803349964518,22.151195160699263
921.9988936013276,13.604114011108752,13.898382074695215,14.196687641785811,14.498911439002164,14.804920099203937,15.114563359406217,15.427670465744946,15.744045650991975,16.063462545251202,16.38565738025024,16.71032085386101,17.037088536322422,17.365529725736398,17.69513470086954,18.02530037767417,18.35531445615241,18.684338250277225,19.011388529464,19.33531886850564,19.65480120511398,19.968308538353433,20.27409996068624,20.570209487723865,20.85444041091061,21.124367116375257,21.377346443597585,21.610540645261587,21.820953793060067,22.0054829933247,22.160984985967247,22.28435758709619
919.9632014719413,13.61251820303051,13.911003684035158,14.21372755816796,14.52055822711876,14.831347558156434,15.14592806722016,15.464109349104486,15.785673624907858,16.110370271931803,16.437909200879574,16.767952951305446,17.100107390997874,17.433910930963936,17.76882220798019,18.104206244757293,18.43931917740268,18.77329174490205,19.105111869307073,19.433606820812262,19.757425659687886,20.075022874784416,20.384644389036033,20.68431736250605,20.97184547096008,21.244811540477667,21.500589533115228,21.736367852320384,21.949185711313223,22.13598382715456,22.293669926924853,22.419198470886595
918.0207472688882,13.621613315890851,13.924116466123197,14.231062057174846,14.542308406925514,14.857694975026645,15.177039510807186,15.500134485827566,15.826742686216848,16.156591834832142,16.48936811277526,16.824708455690722,17.162191514741274,17.50132719781833,17.841544746417938,18.18217936109796,18.522457467182274,18.86148081606953,19.198209749439147,19.531446116141186,19.85981652504142,20.181756838917536,20.495499057391022,20.799061987160503,21.09024733357602,21.36664303725234,21.625635781124274,21.86443455634135,22.08010694415322,22.269629293054347,22.429951208726436,22.55807372217606
916.0025648071816,13.632312548995635,13.9388777426193,14.250078827965922,14.565763780977635,14.885759433893345,15.209868578745997,15.537866389803469,15.869496044770449,16.204463419381998,16.54243072937937,16.883008999580795,17.22574925404041,17.570132346729892,17.915557391781324,18.261328809442748,18.606642082082896,18.95056841737021,19.2920386462457,19.629826843556796,19.96253434933925,20.28857508572661,20.606163300738004,20.913305111856673,21.20779544747785,21.487222161757348,21.748979187239353,21.990290540775156,22.20824675856335,22.399854856365245,22.56210215731773,22.692033298829568
913.9932364500503,13.641731941128276,13.952361730443627,14.267811846752572,14.587920459513734,14.91250245762084,15.241346500177615,15.574211413804958,15.910821819784076,16.25086286897499,16.59397396160761,16.93974133456423,17.2876894128827,17.637270847536357,17.987855201107912,18.33871630011237,18.68901835096912,19.037801019432248,19.38396380363143,19.726250190607466,20.063232275196793,20.393296734998902,20.71463328797917,21.025226995759756,21.322855993657402,21.60509639673566,21.869336208918952,22.11280000123883,22.33258587389339,22.525715727893186,22.689199114692087,22.820109906007286
911.9927040583675,13.652866296482687,13.968075280960955,14.28830762992284,14.6133887367597,14.94311793260633,15.277265432697035,15.615568660727732,15.957727839948234,16.30340073449969,16.652196423845666,17.003667998895985,17.357304082849087,17.712519105534188,18.06864230014241,18.42490544901296,18.78042948403552,19.1342101505481,19.48510307407048,19.831808728306495,20.17285798993214,20.506599176818703,20.831187692855696,21.14457962947953,21.444530878643377,21.72860346275935,21.99418084387497,22.23849389001844,22.458658902151114,22.6517285973096,22.81475617647997,22.944871584936518
910.0009100009099,13.66407249380943,13.982970563330046,14.307069825189803,14.636187479280132,14.970112568153878,15.308602849516667,15.651381075439792,15.998130571960397,16.348490007503496,16.70204723778427,17.058332120404284,17.416808206504545,17.776863242233432,18.13779845244152,18.498816636218407,18.859009182034363,19.21734221255952,19.572642198295522,19.923581536280565,20.26866477445891,20.606216369652664,20.93437108853668,21.251068381473157,21.554052255766223,21.84087831658546,22.108929690912802,22.35544345656234,22.577548917241774,22.772318554817293,22.936831728099616,23.068250181284295
908.0177971488241,13.676271443620626,13.99880425881755,14.326705256790888,14.659785149214407,14.997824763377137,15.340571841312844,15.687737262385479,16.03899058521132,16.39395479930088,16.752200175717647,17.113237111284413,17.47650787472669,17.841377188330185,18.207121618277803,18.572917804168252,18.937829636751147,19.30079459589123,19.66060959078569,20.015916802762785,20.36519021660434,20.706723734860937,21.038621991852317,21.358795204424304,21.664959591812995,21.954645035335986,22.225211690011154,22.47387715844924,22.697755545141632,22.893909186223294,23.059413073955188,23.191430976393068
905.961224859576,13.687155787544071,14.013330459466287,14.345055830563568,14.682136082052418,15.024343509517674,15.37141522616122,15.723049313042749,16.07890031675184,16.438573989419716,16.80162116475948,17.167530668831127,17.535721177776193,17.905531959575512,18.276212476034015,18.64691087804411,19.016661505160883,19.384371602855385,19.74880760001785,20.108581446511824,20.46213769469427,20.807742215215665,21.143473656656283,21.467218974871802,21.776674547897507,22.069354524065762,22.342608084781133,22.593647193613464,22.819586103724788,23.01749336731653,23.18445631371045,23.317656948755502
903.9956608208281,13.698827106592667,14.028665964657714,14.36423605214828,14.705335171847775,15.051727263275795,15.403139003163073,15.759255874091973,16.11971760598697,16.48411288956294,16.851973259482147,17.222766049758498,17.595886337213283,17.97064781327088,18.346272563196795,18.72187978839913,19.096473585089857,19.468929994639836,19.83798366984006,20.202214658061383,20.56003598569988,20.909682933495127,21.249205109604045,21.576462640633093,21.889127986467958,22.184695010657343,22.46049696444394,22.713734924038743,22.94151791186846,23.14091539576038,23.309022077134394,23.443033864354692
902.0386072523904,13.71320767555249,14.046484644624796,14.3856572119641,14.730517497014663,15.080822000273004,15.43628811409028,15.796590120661355,16.16135458555183,16.53015504941834,16.902505918996503,17.27785546289683,17.65557783061388,18.034964037182498,18.41521189425145,18.795414924398816,19.174550372769144,19.551466531794976,19.924869723352373,20.293311439217593,20.655176323772512,21.008671887608855,21.35182105710495,21.68245887688808,21.99823486538499,22.296622646133113,22.57493849918218,22.8303703525618,23.060018418246518,23.26094813353053,23.430255280176667,23.565142135781713
900.0090000900009,13.726464213639073,14.063583163237336,14.406776714180005,14.755830124682543,15.110490969989794,15.470465520824673,15.83541462322634,16.204948991437035,16.57862381976754,16.955932617722016,17.3363001770622,17.719074592339936,18.10351828055589,18.48879798422779,18.873973798761682,19.257987343163293,19.639649296070196,20.0176266492935,20.390430189465697,20.756402903424902,21.113710209334805,21.460333132818768,21.794065758573204,22.1125184682027,22.413128591204515,22.693180107295618,22.949833898919316,23.18016971773541,23.381240462507932,23.550138553377185,23.684073148434504
897.9885057471265,13.740535277217763,14.080904389686808,14.42750664762964,14.780122846957275,15.138494523500507,15.502320245601382,15.871251425056627,16.24488756136422,16.622770828292722,17.00437990980551,17.389122996301232,17.776329864394416,18.165242986915743,18.55500765771894,18.944661171782876,19.333121178605925,19.719173429336067,20.10145926799153,20.47846337547796,20.84850246033895,21.20971579696084,21.560058729769686,21.897300473640023,22.219027721226983,22.522655683752518,22.805448201774258,23.06454842064121,23.297021186467763,23.499907746902476,23.67029252243735,23.80538066868929
895.9770629871877,13.75401243969405,14.097802347452776,14.448000182004975,14.804382709973117,15.166685705280761,15.534600121342645,15.907767795373573,16.285776603239814,16.668154977260176,17.054365697180696,17.44379886818043,17.835764011656874,18.229481217588614,18.624071344793276,19.01854531100147,19.41179259204011,19.802569151966118,20.189485156295987,20.570992979536193,20.945376204434446,21.310740518295212,21.665007630584604,22.005913548365935,22.331012726322268,22.637689722174706,22.923179994434076,23.184601331111402,23.418997049774273,23.623391525767122,23.79485777313658,23.93059574377263
893.9746111210442,13.768386068433182,14.115036515826219,14.468241847192141,14.827777785011806,15.193378069286178,15.564730567304995,15.94147292293196,16.323187664476865,16.709396683661677,17.0995549953153,17.493043690252296,17.889162004784453,18.287118452442968,18.686021000162192,19.084866326127862,19.482528273573635,19.877745717614435,20.26911019353178,20.65505379599442,21.033838048112226,21.403544651676114,21.762069254709804,22.107119591864855,22.436219541258858,22.74672076324236,23.035823599324367,23.300608764966313,23.538081020779185,23.745225415471623,23.91907584576488,24.056794594792315
891.9810900008919,13.780906986541499,14.130591352807697,14.486992927420397,14.849885369884163,15.21899898324853,15.594016725998445,15.974569775289362,16.36023256336233,16.75051720217801,17.144867208047877,17.542650440320024,17.94315117849042,18.345561283458235,18.748970424489634,19.15235540761631,19.5545687176256,19.954326488218797,20.350196246254864,20.740584937611665,21.12372793280004,21.497679924811663,21.860308859024364,22.209294257493433,22.542131491348613,22.856143679944893,23.14850291022404,23.416262325446617,23.656400280728043,23.86587716548167,24.041704634546814,24.181025892054848
889.99644001424,13.794776597343674,14.147322620679422,14.50673953487139,14.872800043259723,15.245232385973534,15.623716277206809,16.007878404321147,16.397287412505555,16.79144829150901,17.18979607710116,17.591688781411765,17.996399475663072,18.403107469080155,18.810888562474563,19.218704408064717,19.625391082611056,20.02964708279702,20.430021083112887,20.82489995887429,21.212497769368344,21.590846613415025,21.957790501230438,22.310983614531136,22.647894524820913,22.965818071897196,23.26189662628,23.53315232027608,23.77653148284439,23.98896191340821,24.16742276228974,24.309025671153854
888.0206020779683,13.809187886165333,14.164843807986326,14.527523061872811,14.896995903751845,15.272986901082955,15.655170795203437,16.043167935372228,16.436539209457543,16.834780388428026,17.237315797205564,17.643491225041636,18.052565996945564,18.46370414693272,18.875964667615857,19.28829086299833,19.69949890651828,20.10826580854968,20.513117130067442,20.912414943846166,21.304346740535067,21.68691619930503,22.057936980845007,22.41503093618563,22.755632331065005,23.076999825485714,23.37623797579204,23.65032988994689,23.896182313711115,24.11068381418476,24.290775839273508,24.43353528759739
885.9750155045627,13.822321302445483,14.179945301573726,14.544736191346182,14.916469758609312,15.294875914783889,15.679634534288233,16.0703708709846,16.466650478342686,16.867973550614657,17.27376859681812,17.68338535870828,18.096086890714137,18.51104073711992,18.927309173258166,19.343838527283655,19.759447671630852,20.172815872856543,20.582470318939833,20.986773806519228,21.38391326671575,21.771890032888464,22.148512997016294,22.511396046060554,22.857961389181696,23.185450544490273,23.490944803780753,23.77139688201785,24.02367513061787,24.244621103842984,24.43112039224888,24.5801854906998
884.0169731258841,13.836020604396344,14.196591400101802,14.564481712195256,14.939465779548943,15.32127078615478,15.709572617466728,16.103991204345707,16.50408538199408,16.909347182390725,17.31919547257619,17.73296884967515,18.149917709335888,18.569195420473186,18.989848569579078,19.410806286685617,19.830868736909544,20.248694960931328,20.662790378709754,21.07149443573675,21.472969070166098,21.865188908158647,22.245934343964333,22.61278891313671,22.963142594967774,23.2942028463525,23.60301522625649,23.886495362624956,24.14147368526412,24.364753750845868,24.553184094326305,24.703742368647333
881.9897689186806,13.851137259079639,14.21398859861909,14.584295789135512,14.961834796330441,15.346333884624197,15.737469330800183,16.134860736251376,16.538065867222453,16.94657494311887,17.35980428608483,17.777089242585483,18.197676292194174,18.620714273339267,19.045244684186816,19.47019106345943,19.89434752551869,20.316366621197886,20.734746824869685,21.147820111938856,21.553740289759514,21.95047297534878,22.335788365938765,22.707258206440603,23.062258594825163,23.397980445027795,23.711449499377263,23.999557692625746,24.259107358908143,24.486869190478103,24.679653973788586,24.834396954249538
879.9718409010911,13.866068128470205,14.231197343284999,14.603923159331552,14.984024732344079,15.37123311451434,15.76522694737744,16.16562776301106,16.571994823897548,16.98381942176551,17.40051854784696,17.821427843171303,18.245793740276913,18.67276472021537,19.101381634775024,19.530567087886645,19.959113937056237,20.38567307037575,20.808740741743875,21.22664590971709,21.637538224879037,22.039377543899615,22.429926107022485,22.806744783336388,23.16719503891703,23.508448479685487,23.827505915212118,24.121227824103034,24.38637781478715,24.61968011245202,24.817891229198047,24.977884794228554
877.9631255487269,13.879618754033116,14.246552337473245,14.621210822374687,15.003378164830242,15.392790045500762,15.789129548470711,16.19202245730988,16.601032100099562,17.015653664638677,17.435307896358868,17.859334086503292,18.28698225932027,18.717404477515817,19.14964520881477,19.582630737661034,20.015157669805305,20.445880668938965,20.87329968848174,21.29574712186805,21.71137549275381,22.11814654034814,22.513822816911137,22.8959631890734,23.261923897019162,23.608867039340087,23.9337784682733,24.233497041756888,24.50475692197078,24.74424407607915,24.948667283988332,25.114842787390106
875.9635599159075,13.894502281142865,14.263615041031196,14.640592241776652,15.025220685128598,15.417238371808446,15.816330152110229,16.22212300872179,16.63418090653285,17.051999133263102,17.474998045334285,17.90251612730903,18.33380227282058,18.76800720329462,19.20417396170811,19.641227456617646,20.077963091752956,20.513034603920943,20.944941351899416,21.372015455555854,21.792409379690863,22.204084789650608,22.604803768793833,22.992123767155725,23.363397922150888,23.715782620411872,24.046254307152196,24.351637537216508,24.62864603555493,24.8739380325712,25.084186317136954,25.256162297969006
873.9730816290859,13.906556359019724,14.277202077203944,14.655826679485942,15.042222221755846,15.436132018705894,15.837246318986718,16.245197626216765,16.65955560240689,17.079821478856193,17.505421889235727,17.935702032108093,18.36991806784345,18.807228660791736,19.246685595398773,19.687223429180882,20.12764820119037,20.566625297272935,21.002666688418987,21.43411791043226,21.859145344728102,22.275724590809183,22.681630985222345,23.07443360668443,23.451494390111403,23.809974219431844,24.146848033590334,24.458931003560018,24.742917654319655,24.995435349285966,25.213112774818534,25.392662941207057
871.9916288803628,13.920176153525224,14.292683674869947,14.673289496451432,15.061788247714395,15.45792542113577,15.861393041111315,16.271824996191935,16.68879197459557,17.111795931082014,17.540264002265676,17.97354177887302,18.41088583955737,18.85145545459133,19.294303382754034,19.738365715463683,20.182450773795676,20.625227142039115,21.06521103147034,21.500753314994807,21.93002676049525,22.35101421832289,22.761498781699444,23.159057226126563,23.541058324074662,23.904667891517366,24.246862607670963,24.564454700596404,24.854129442336475,25.1124969803576,25.336159291962158,25.52179196029411
870.0191404210892,13.93381810600539,14.308007604491792,14.690415026932364,15.080840254188587,15.479034104344416,15.88469403639084,16.297459533112594,16.716907105062834,17.14254484503348,17.57380645038602,18.010044620529023,18.450523730854375,18.894411685423094,19.34077086225535,19.788548091663458,20.236563654844915,20.68349936264619,21.127885878898095,21.568089594417405,22.00229954063439,22.428515057008077,22.844535190509,23.247951098270274,23.63614302658298,24.006283719679193,24.35535032586984,24.680146958951955,24.977339971333752,25.243507630798415,25.475205203369484,25.669045395941755
867.9802100512107,13.948715180882942,14.323973760299719,14.707551215476855,15.0992533975546,15.498837183149485,15.90600619535505,16.320406222424232,16.74162028079029,17.169163256745524,17.60247604885965,18.04091912247757,18.483765380372514,18.93019225252315,19.37927291648325,19.829966582183676,20.28110781628381,20.731394947014874,21.179377686749813,21.62344424190319,22.061808352630276,22.492496920109627,22.913339134748686,23.321958305955995,23.715767895983365,24.091973548434492,24.44758313501738,24.779426967145554,25.08419026586224,25.358459682843115,25.598785051630376,25.801756579558685
866.0258075690655,13.961380031203245,14.337950969959596,14.722944093792304,15.1161696230697,15.51738872484383,15.92630925405551,16.342581213475928,16.765791883792446,17.195460562910792,17.63103284095695,18.071874325889596,18.517263725918855,18.966385191596213,19.41831982579052,19.87203628792128,20.32638045471177,20.780064158956232,21.23165311635168,21.679554274165003,22.122002979261882,22.557050569523263,22.982553240841206,23.396163324807823,23.795324414745888,24.177272074018884,24.539042111932094,24.877488566632895,25.189313526635782,25.471110681292352,25.719423947243694,25.930821623298797
864.0055296353896,13.976372095782029,14.354077576456158,14.740293549808605,15.134834099377935,15.537464214938833,15.947895561929258,16.365781991732497,16.790714749319182,17.222217322545404,17.65973986461124,18.102653108947575,18.550241685812743,19.00169674450444,19.45610778745108,19.912453636497773,20.369592482229613,20.826251019696674,21.281012754407524,21.732305676933493,22.17838965815409,22.617344113447306,23.047056722968517,23.465214271188024,23.869296968995688,24.256577922659584,24.624129680038628,24.96883996631912,25.287438756946752,25.576538653528925,25.832690058875045,26.052451834711963
861.994655633135,13.989169681278177,14.368383933839425,14.756209388008335,15.15246094080748,15.556903706069019,15.969248755210328,16.389148624992757,16.816192556330826,17.249901416578894,17.689722245188506,18.13502235020584,18.585082872298877,19.03909172604831,19.49613582803954,19.955192531615356,20.41512021359631,20.87464800421743,21.332364723876754,21.7867071950682,22.23594824051946,22.67818486289283,23.111327328186423,23.53309014002162,23.940986183967453,24.3323256189691,24.704221363964074,25.05360322573167,25.377242779866695,25.671790982027222,25.933830081342844,26.159940674042616
859.9931200550395,14.002505603828423,14.382682747900233,14.771553457472896,15.168935420722384,15.574596241533293,15.988249179439519,16.409548682344777,16.83808568376761,17.273382625456197,17.71488815413918,18.16197142876846,18.6139159632142,19.06991292095333,19.52905377553889,19.990322257048053,20.45258552462506,20.914584543799872,21.3749237102145,21.832059854708703,22.28429089399441,22.72974456064271,23.16636785742578,23.59191813141808,24.00395694338702,24.399848199767025,24.776762288668536,25.131688175954398,25.461455517641404,25.762768765786948,26.032254918061025,26.266525925955452
858.0008580008581,14.016850245256615,14.397789045613473,14.787486137346574,15.18576155854773,15.592385072824461,16.00707192658122,16.429478425148577,16.859197306833465,17.295752883776885,17.73859590687222,18.1870980996167,18.640546293805038,19.09813609017507,19.55896496192787,20.022024721704692,20.486193287191814,20.95022571193248,21.412744501712343,21.872229318956787,22.327006293633453,22.775237313838776,23.214909864946407,23.64382822143329,24.05960706296386,24.459668870611424,24.841246734508342,25.201394432943037,25.5370057745769,25.84484516889336,26.12159113867954,26.363893950384146
856.0178051703475,14.031276696717532,14.41302616858559,14.80358940791123,15.202786549655569,15.610387001324222,16.02610520829612,16.449596268122757,16.880451381392508,17.318193117446917,17.762270462216033,18.212053603253707,18.66682839467769,19.125790433679803,19.588038672761858,20.05256849083677,20.518264155608488,20.983890633832083,21.44808475049553,21.909345768436797,22.366025562151023,22.816318698483556,23.258252915579046,23.689680709532865,24.108272990144567,24.51151604017584,24.89671328426315,25.260993610535394,25.60132814435079,25.914557392776082,26.197430497180715,26.4466578880601
853.9709649871903,14.041443009310541,14.424343000374416,14.816133050097497,15.216631374919745,15.625604324590705,16.04276206025486,16.467754107517536,16.900164782383193,17.33950848010669,17.785224807257144,18.23667352605635,18.693129268108812,19.15377596329182,19.617700920757887,20.083888495397996,20.551213278219446,21.018432767229037,21.48417951164788,21.946952782181683,22.405109909264706,22.856857554687792,23.300243343177176,23.733148479690303,24.153282211131845,24.558179246922037,24.945201511745484,25.311545835823136,25.654259351833872,25.970264411331378,26.256394698365074,26.509443845511683
852.0064752492119,14.055457356059737,14.438970193160147,14.831416000279042,15.232610489259478,15.64231648725169,16.060239546774238,16.486023460382324,16.919245689412126,17.35941271023317,17.805955273369868,18.258223560969864,18.715482216970848,19.176905212980202,19.641570502949527,20.108454413511296,20.576425717442184,21.04423934903406,21.51052974685057,21.973803856645016,22.432433900523247,22.884650122733078,23.32853386141951,23.762011470442726,24.18284982302016,24.588654360826915,24.976870891918832,25.344792562801544,25.6895735983081,26.00825147207194,26.297779087645814,26.555068261861678
849.9787505312366,14.068490760562632,14.452982081199611,14.846447197383034,15.248694663923136,15.659478354990629,16.078492931236983,16.50536924027082,16.93966967292871,17.380883493886152,17.828422159130838,18.28161462472517,18.739702641478473,19.201836019410354,19.667067835530535,20.13434955046059,20.60252599650122,21.070330205423453,21.536378062810943,21.999162812075067,22.457049490442145,22.908269466118462,23.35091536421837,23.782936820435417,24.202137683806583,24.606175496053314,24.992564290839844,25.3586819595457,25.70178358937174,26.01902225462527,26.307478686258086,26.56420101008571
848.0325644504749,14.082380240856331,14.467643419323414,14.861907020098588,15.26497350764252,15.676589265224276,16.09643996566812,16.52414590275796,16.959257316821738,17.40124974586358,17.84951942920708,18.30337878386782,18.762051964958378,19.224670510893155,19.69026906305198,20.157781139552704,20.626034936277556,21.09374912848844,21.559528657227258,22.021860510849958,22.479109558468245,22.929514563610603,23.371184607022503,23.802096279263793,24.22009216552155,24.622881331093737,25.008042714395486,25.373032525661174,25.715196905994752,26.03179118721189,26.320007065989003,26.57700882217519
846.0236886632825,14.09523499460022,14.481339198011975,14.87645554353797,15.280375952274705,15.692834197788237,16.113501127096008,16.541979873973048,16.97780111185426,17.420418393691087,17.86920362385375,18.3234427022826,18.78233137354019,19.244971303483226,19.71036639470302,20.177419340004853,20.644928403047466,21.111584409670144,21.57596793601927,22.036546694679245,22.4916731523921,22.939582467402975,23.378390915103715,23.806095079963598,24.22057222945387,24.619582447381053,25.00077327980963,25.3616878199099,25.69977730448318,26.012419383225836,26.29694321502641,26.550662404771597
844.0243079000674,14.10983024241073,14.49694532384061,14.893079248587894,15.298010918951576,15.711458618710438,16.133075036898738,16.562442312430864,16.999067160952226,17.442376147806467,17.891711171098308,18.346325216065864,18.805378436097282,19.267934606764758,19.732957987647296,20.199310613476076,20.665750022949872,21.130927422913608,21.59338628076946,22.051561343057923,22.503778097700458,22.948252736163106,23.383092733999227,23.80629825668943,24.215764712758403,24.60928691440024,24.98456545884705,25.339216096905634,25.670782987180928,25.97675681775437,26.254598778840563,26.501771255889103
842.034355001684,14.122955497478964,14.51115213933021,14.908371513168579,15.31437709848498,15.72886880800055,16.1514777613491,16.581761109092206,17.01919698462764,17.4631796669762,17.913015040380028,18.367916436491168,18.827000941164137,19.289286240220004,19.753688067115068,20.219018300841746,20.683983745897773,21.14718560986289,21.60711968096485,22.062177201773927,22.510646440270353,22.950714980700905,23.38047279829498,23.79791624732519,24.20095318226575,24.587409544642007,24.955037876723857,25.301528355082464,25.624523053726,25.921634223824412,26.190467386423997,26.428649946214602
839.9832003359933,14.135431177410121,14.524434467246893,14.92244177308996,15.32920031531258,15.744390880330082,16.167622362466386,16.598426386685023,17.03625210571056,17.48046127333459,17.93032370142624,18.385013210522317,18.843604182094765,19.305068814101244,19.76827516995692,20.23198609484738,20.694859053216806,21.155446919007254,21.612199728407933,22.063467387038298,22.507503313975747,22.942469008661437,23.366439548213062,23.777410065910875,24.173303328588258,24.5519786203045,24.911242246778375,25.248860089263133,25.56257274191167,25.850113842007985,26.109232222640895,26.33771845618713
838.0122349786307,14.147934276949286,14.537840037310065,14.936712782645564,15.344279941093017,15.76019928957731,16.184053251594843,16.61534330945329,17.053484641020727,17.49780110209471,17.94752068390273,18.401771579955003,18.859578996467793,19.31986283497402,19.78143636393137,20.243005977989363,20.703172119608162,21.16043140930703,21.613180000323872,22.059718144300106,22.498255931126064,22.926920153310384,23.343762248322115,23.74676729578632,24.133864093021373,24.50293640219726,24.851835551419097,25.178394671480298,25.480444945771797,25.75583432382959,26.00244917665787,26.218239330701827
835.9806052499582,14.161801827287837,14.55320342729492,14.95353788104954,15.362507799774672,15.779742158103375,16.20479030144174,16.637116109086797,17.076092442270674,17.520996020310445,17.97100287916821,18.425184573684092,18.882505286220386,19.341819999220238,19.801873876272946,20.2613029751895,20.718636387526704,21.17229986308167,21.620620937352673,22.061835538277744,22.4940960103111,22.91548046454177,23.324003348881455,23.71762713764118,24.094275068810422,24.451844911017186,24.7882238175078,25.10130441370814,25.389002354951746,25.64927566394321,25.880146192336063,26.07972352563622
834.0283569641368,14.175151210130121,14.567703778037771,14.969130604153182,15.37910891574821,15.797238459048403,16.22303524441634,16.65592549137536,17.09523992177163,17.540208566244342,17.9899562628943,18.44349903606881,18.89974154588785,19.357475793943276,19.815381256170106,20.272026589350133,20.725873022943343,21.175279503854302,21.61850961048579,22.05374019756903,22.47907167970815,22.892539815357157,23.292128820621468,23.675785630075822,24.041435134493117,24.38699626501708,24.71039885793123,25.00960131689594,25.28260917818576,25.52749476214705,25.74241814071955,25.925649645812097
832.0159747067142,14.188365265078964,14.582214404264242,14.984875537208387,15.395998285531157,15.815150609856978,16.241812270264685,16.67536853449625,17.115104302924568,17.560198839182767,18.009721311777387,18.46262736311135,18.917756926155096,19.373833503559048,19.829465107554967,20.283147030299062,20.73326657293117,21.178109808273714,21.615870388918527,22.044660343225658,22.462522731887216,22.867445973952748,23.257379601096236,23.630251169774333,23.983984058710828,24.31651590695278,24.625817504532368,24.909912027345527,25.166894598569133,25.394952244287246,25.592384371366837,25.75762391105064
830.0132802124834,14.201482661953056,14.596466560826387,15.000172743623446,15.41222089059553,15.832144844106537,16.259385831573706,16.693285994162412,17.13308241157867,17.57790183588707,18.026756365898393,18.47854030617143,18.932028458718786,19.385876088742364,19.838620786020968,20.28868640934629,20.734389251985984,21.173946502184744,21.60548699649773,22.027064179476568,22.436671097000374,22.832257170082404,23.211746429962158,23.573056852285895,23.914120415270947,24.23290352799502,24.527427529922292,24.795789045534374,25.036180076762612,25.246907814097842,25.42641422496979,25.573295515296675
828.0202036929702,14.215297607874815,14.611842040988405,15.017036007619698,15.430466997193959,15.851631846181244,16.279929647563993,16.71465502576002,17.1549919917943,17.60000861941591,18.048652804270557,18.49974938264011,18.951998890874773,19.403978238644743,19.85414354592889,20.300835353242025,20.74228635602729,21.176631737962207,21.601922086638428,22.016138773388487,22.417211573919648,22.803038206782208,23.17150538263469,23.52051089882739,23.847986289465226,24.151919555946975,24.4303775571891,24.681527726491446,24.90365889124231,25.095201085088927,25.25474433944711,25.38105650205984
825.9684480052863,14.22916372222757,14.627295573168457,15.033984272761304,15.448783495784886,15.87115170353878,16.300444842191165,16.735909480907207,17.17667662802772,17.62175649164581,18.070034473707217,18.52026870134188,18.971089402347435,19.42100042037097,19.868383136443924,20.311503014906336,20.748518922437203,21.17749527968247,21.59641699888268,22.003207043541217,22.395746325688712,22.77189554297151,23.129518463118284,23.466506098613415,23.780801188914843,24.07042242666034,24.33348792774632,24.568237546028875,24.77305375814516,24.946480973713292,25.087243239334253,25.194260380611528
823.9947264337508,14.24289252411545,14.641726790353419,15.048981731742485,15.464179428536807,15.886743021940076,16.31598930457161,16.751121825666008,17.1912247698001,17.635257897505394,18.08205285955857,18.53031121081917,18.978604450681054,19.425376401978667,19.868948205349703,20.307526149260987,20.7392124762354,21.162019204371713,21.573884883656095,21.972694075292615,22.356299208599463,22.722544345471572,23.069290279741804,23.394440330309042,23.69596616256327,23.97193299786671,24.22052364486935,24.44006090130761,24.629028015780406,24.786087045629216,24.91009507687678,25.000118364032105
822.0304151253597,14.256239674154697,14.656342434619118,15.064747337988283,15.4809417968634,15.904309931070602,16.334125011736468,16.76954250492956,17.209593997372046,17.653182317904704,18.099078192415377,18.54591878319239,18.992208462221377,19.436322147892533,19.876511492471092,20.3109141410624,20.737566190903774,21.154417864188268,21.559352272703222,21.950207005954752,22.324798126814517,22.68094602312141,23.016502454246464,23.329378061770505,23.617569593521903,23.879186125448594,24.112473654344626,24.315837566734626,24.487862648434685,24.62733046347333,24.73323407636328,24.8047901966575
820.0082000820007,14.267882245790789,14.669310754549334,15.078915965678155,15.49615032161731,15.92035893791001,16.350771996203516,16.786497832846607,17.226517027384606,17.6696778267451,18.114693263963723,18.56014034094234,19.004461638723566,19.4459696919681,19.882854413209152,20.313193774756837,20.73496785151821,21.146076198835637,21.544358391279363,21.92761739015065,22.293645251421804,22.640250546404957,22.965286759779453,23.266680867491242,23.542461290418462,23.79078447240201,24.009959439339518,24.198469847379243,24.354993203481865,24.478417116813063,24.567852589895004,24.622644463146596
817.9959100204499,14.282383447208028,14.685528422613928,15.096723331812381,15.515381345019195,15.940803646037802,16.372171758064418,16.808540675948603,17.2488331345089,17.69183537425514,18.13619478764326,18.58041983639646,19.02288261887196,19.461824431557325,19.895364606983943,20.321512819619667,20.7381849319397,21.143222308222107,21.534414360596664,21.9095239211238,22.266314869077004,22.60258130011938,22.916177419898464,23.205047292716813,23.467253585529814,23.70100452058424,23.904678379984222,24.07684507719586,24.216284501867747,24.32200152951948,24.393237741418393,24.429480002351912
815.9934720522235,14.294066309726398,14.698429774858342,15.110701547762748,15.530259493365794,15.956365857485874,16.38815965469958,16.82464997176591,17.2647105356259,17.70707592546915,18.150339827271925,18.592955731891603,19.033240459464317,19.469380849098194,19.899443880337607,20.321390390081646,20.733092416718097,21.13235404670897,21.51693546608973,21.884579742477303,22.233041697485643,22.56011809185568,22.863678252555513,23.14169423590068,23.392269650852228,23.61366636152739,23.80432843798568,23.962902911357048,24.088257088911003,24.179492369808635,24.235954648334562,24.257241480536372
814.000814000814,14.30494697183687,14.710707180897737,15.124248621470619,15.544914349808495,15.971928140953583,16.404386937839348,16.84125432608232,17.28135540262773,17.723373435332114,18.165848726283198,18.60718008923742,19.04562932606581,19.479329034179575,19.90629399350581,20.324436266798255,20.731584002989774,21.12550376570709,21.50392602779374,21.864573291368146,22.20519012810235,22.52357430370584,22.81760807040334,23.08528869375614,23.324757330920853,23.53432549301219,23.712498491876996,23.85799547026139,23.969765817675928,24.047001954833192,24.089148603871585,24.095908734660355
812.0178643930167,14.316700087474496,14.723694335078111,15.138331215971816,15.559919444461075,15.987645113288579,16.420564264474393,16.857596599070682,17.297520710976013,17.7389712565036,18.18043848304229,18.62027053175559,19.05667889584923,19.487747353306176,19.911444598532324,20.325640670939986,20.72812712330351,21.11664069588909,21.48889007518687,21.84258513358265,22.175467886031388,22.48534427973915,22.77011586882598,23.0278104285976,23.256610636319497,23.454880080799754,23.621186045709724,23.754318717778876,23.853306673022786,23.917428664859635,23.946221855879475,23.939486688603377
809.9789405475458,14.327968760834501,14.73593912645775,15.151412531357229,15.573667049121358,16.001855516552407,16.434998285111316,16.871977213055875,17.311531294783226,17.75225434723526,18.192595180161913,18.63086066237877,19.06522205503485,19.493724911469297,19.914302739480714,20.324794486505805,20.72296574560422,21.106533398665363,21.473193225397115,21.820649828391563,22.146648073823574,22.44900514176026,22.725642234158794,22.97461501089382,23.194141914651603,23.38262969470833,23.53869562881195,23.66118614623493,23.749191745544447,23.802058252098604,23.81939455440481,23.80107698802528
808.0155138978669,14.338167621872678,14.746491485610655,15.16215378412701,15.584406286990138,16.01237413114988,16.44504889184215,16.88128298607484,17.319785808104456,17.759122014888764,18.19771238037032,18.63383761557877,19.06564550243028,19.491161609494497,19.908303746743474,20.31490017520289,20.70871142198978,21.087455370992696,21.44883511786028,21.790568911402126,22.11042136960102,22.406235073618177,22.67596161982641,22.917691253617704,23.12968031627863,23.31037589492006,23.458437254257916,23.57275382158644,23.652459665266125,23.69694452934782,23.70586154828879,23.679131763769036
805.9966148142178,14.349272060357869,14.758442176585447,15.174812254456103,15.597606264199495,16.02591956108151,16.458712203610666,16.894803697417455,17.332869569688317,17.77144019334844,18.208902275494445,18.643503395979188,19.07335992536938,19.496468564040814,19.910721625602957,20.313926040980917,20.703825890955372,21.07812809541583,21.434530711288375,21.770753134795473,22.084567384645492,22.37382957611819,22.636510692072765,22.870725818434284,23.074761132387795,23.247098095791763,23.386434491223817,23.49170211667573,23.56208110115428,23.59701089719963,23.59619803771006,23.559620716221715
803.9877793857534,14.362382063503313,14.772552976670937,15.189781437041571,15.613263630188126,16.04206555982589,16.47511671280898,16.911205245802538,17.348975098634238,17.786925447709375,18.223412900960206,18.656656799005347,19.084747921910452,19.5056608053207,19.91726974454054,20.31736841448043,20.703692865227325,21.073947479110718,21.42583331049174,21.757078090787086,22.06546708468757,22.348873942227485,22.605290712475316,22.832856267164765,23.029882516361674,23.19487796444389,23.326568328297263,23.4239140937308,23.486124996776777,23.512671467906905,23.503293065199664,23.458003856401
801.9889325527307,14.37099886856766,14.781437841077752,15.198798976738125,15.622259696410195,16.050866894936696,16.483530958213663,16.919021361456963,17.355964246369446,17.79284237787142,18.227997863112922,18.659637972490504,19.085844331371543,19.504585651168235,19.91373404102923,20.31108479185224,20.694379361404962,21.06133112543759,21.40965330977672,21.737088398512487,22.0414382382365,22.320594038596,22.572565509398718,22.79550846992998,22.98775040387938,23.147813592410383,23.274435612787027,23.36658711466941,23.423486859644708,23.44461402030745,23.42971768454316,23.37882341339323
800.0,14.377826574411433,14.78846829968195,15.20589666994608,15.629271606212319,16.05762244822412,16.48984234459594,16.924684275266014,17.360759093279142,17.796535970157475,18.230345605083194,18.66038650919078,19.084734600205795,19.501356239362536,19.908124714717815,20.302840028758222,20.683251693198695,21.04708408282689,21.392063767912656,21.71594814602927,22.016554641916954,22.291789746287154,22.539677222177282,22.75838491308275,22.94624972460236,23.101800498028993,23.223778624321664,23.31115633592829,23.36315264445035,23.37924685772906,23.359189517806694,23.303010472075886
798.0209081477934,14.388396447485254,14.799422814069278,15.217117299836655,15.640624065941571,16.06895673892893,16.500993152275168,16.93547176182162,17.37099010998005,17.806005705383885,18.238839655004238,18.66768333159706,19.090608279203387,19.505579454067274,19.910471771450105,20.30308978739357,20.681190198776257,21.04250670794568,21.384776684083967,21.705768975998428,22.00331220094905,22.275322856697308,22.519832676955012,22.735014763132416,22.919208159130047,23.070940666733012,23.188949801212324,23.27220183771531,23.319908885170207,23.331543844521125,23.306852975335428,23.24586563575024
795.9882193743532,14.398085003633076,14.809075818842404,15.226605187099423,15.649806480006907,16.077683670510176,16.50910649642744,16.94280731380815,17.37737999377547,17.811281202318675,18.24283436727078,18.670236578148135,19.09156858207106,19.50480793441953,19.907845240875776,20.29850329584334,20.674558791561804,21.03376615526582,21.37388298176018,21.69269647763705,21.98805032905963,22.257871449495322,22.500196151171437,22.713195400317055,22.8951989403621,23.044718173945128,23.160467758820317,23.241385874958375,23.28665305110797,23.295709303619226,23.268269158360294,23.204333931223807
794.0289026520566,14.407005112230445,14.817644867771882,15.234710612234196,15.657330017311596,16.084502771610556,16.515096077349245,16.947841829793457,17.38133581253582,17.814039223320716,18.24428280643388,18.67027380707949,19.09010588082329,19.501771989626278,19.90318020054713,20.2921721820349,20.666544076531835,21.02406932904515,21.362522981560915,21.679706912693025,21.973475516435194,22.241761372530732,22.482600555269183,22.694157341147314,22.874748186270875,23.02286492615392,23.137197179898564,23.216653900740276,23.260383900473595,23.26779499612394,23.23857120869171,23.17268722401542
792.016473942658,14.413989757126933,14.824757196552445,15.241857268927925,15.66441077831039,16.09141178650726,16.521723454139543,16.954075559377827,17.387064005100754,17.819152601926014,18.24867737176752,18.67385355338734,19.09278540885557,19.50347883132202,19.903856646143627,20.291776387917256,20.665050236109344,21.02146671343973,21.358813704879704,21.674902349096918,21.967591391386605,22.234811663627816,22.474590460796783,22.68507569582273,22.864559810490054,23.01150347347499,23.124559084616916,23.202594013128188,23.24471332612771,23.250281528514193,23.21894256796005,23.150637104660028
790.0142202559647,14.420422562606499,14.830377565273666,15.2465584742318,15.668087276103199,16.093961582339404,16.523050796052257,16.954093917235323,17.385699271067296,17.81634641729432,18.244390453820095,18.66806886437991,19.08551098025346,19.494750033430737,19.893737680028558,20.280360776906228,20.652460111797012,21.00785072868212,21.344343465054408,21.659767332203288,21.95199242429263,22.21895313033315,22.458671531009784,22.669280968615325,22.849049857444275,22.9964058277713,23.109960247453856,23.188533029797373,23.231177417834015,23.237204154090065,23.20620413852678,23.13806839556218
788.0220646178093,14.42699473312827,14.836921215458236,15.25301916865322,15.674411354968427,16.100097832509075,16.528952346740088,16.959720320765474,17.391018706170215,17.821337926701233,18.24904610062534,18.672395664659085,19.089532445286782,19.498507136706877,19.897289055544622,20.28378195981519,20.655841653588652,21.011295059429706,21.347960436070387,21.663668453077285,21.956283905751498,22.223727953119838,22.464000872966498,22.675205427202542,22.855570991492623,23.00347859853566,23.11748695429094,23.19635930189869,23.239090736414813,23.244935240688246,23.213431362278783,23.144425139489936
785.9781498074353,14.435741576286063,14.845190502599193,15.260739026222804,15.68151439591258,16.106523628358023,16.534650160642762,16.964652042974816,17.395161905913994,17.82468890417379,18.25162279159482,18.67424022015989,19.09071328297276,19.49912024214681,19.89745830486055,20.28365824341766,20.655600607738098,21.011133260376496,21.348089981518058,21.664309946585867,21.957657967989235,22.226045503585734,22.467452548524996,22.679950619070052,22.861727078483355,23.011111019428945,23.126600785118608,23.206892976158098,23.250912462946218,23.2578425356774,23.227153925213205,23.158631081073807
784.0062720501763,14.43901722607874,14.847554765347343,15.262135556767776,15.681897607473969,16.10586174083369,16.532928462858614,16.961876288823603,17.391361735924338,17.819921154092217,18.245974519828486,18.66783125877359,19.08369809524291,19.491688856715182,19.889836095725958,20.27610433961264,20.648404749254922,21.004610969432356,21.34257599086494,21.660149917792044,21.95519863896737,22.225623520588385,22.469382355925354,22.684511891460872,22.86915227385832,23.021573698996306,23.14020537469678,23.223666627774808,23.270799607678924,23.280702598513734,23.25276250361834,23.186684680879345
781.983109164842,14.447193175223072,14.854878970699586,15.268552720115144,15.687363653710825,16.110346907288605,16.536420592026126,16.964384241687046,17.392918814975918,17.820588395757444,18.245843687055885,18.667027338370485,19.082381083917003,19.490054607857555,19.888115999006608,20.274563620539087,20.647339208510704,21.004342033671957,21.343444017987707,21.662505789208016,21.959393775819525,22.23199857520457,22.478254946997247,22.69616386304355,22.883817054512164,23.03942440789318,23.16134435609869,23.248117084974613,23.298499945746585,23.311503969386592,23.286429879863114,23.222901574796282
779.9703611262772,14.451000933770956,14.857944226085111,15.270847433200233,15.68887305175194,16.111072430398764,16.536382973864367,16.963626634554057,17.391509843128123,17.81862499373813,18.24345355393895,18.664370816250354,19.07965225239179,19.487481378549727,19.88595899831621,20.273113667592142,20.64691323088188,21.005277317286453,21.34609075980117,21.66721801050554,21.966518757263984,22.24186508731667,22.49116066500869,22.712362464829553,22.903505595014263,23.06273163262189,23.188320649320104,23.27872673527779,23.332616345386842,23.3489082405841,23.326813243245933,23.265871551526246
778.0284758422158,14.458848044737424,14.864850993423575,15.276784636398009,15.693827707306168,16.115051148080145,16.539415444646057,16.965769150438167,17.392848721844885,17.819279753725645,18.24357965893595,18.66416178647703,19.07934092322876,19.487340080634652,19.88629843785048,20.274280304933725,20.649284991219115,21.009257520558776,21.352100228206986,21.675685399785568,21.97786925990855,22.256507767833213,22.509474803750805,22.734683400433987,22.930110657552213,23.093826840245075,23.224028889791715,23.31907815970823,23.37754165548643,23.398235446651757,23.380268306897165,23.323083110746488
775.9757895553658,14.46139701480443,14.866209466931487,15.276939486638067,15.69278580415718,16.112842925719306,16.53609856635245,16.961432165512505,17.387614584069972,17.81330904538001,18.237073340811428,18.65736327462841,19.072537279528326,19.48086209895586,19.88051941314764,20.269613290653293,20.646178382963473,21.008188851688868,21.353568126304577,21.680199730906093,21.985939578683986,22.268630293035944,22.526118247064403,22.75627408575816,22.95701747258234,23.12634665307343,23.262373131070618,23.36336130454711,23.427772327640906,23.454310801154996,23.44197222030889,23.390088521089194
773.9938080495356,14.467084333441775,14.870636447461717,15.28008998646985,15.694664077776345,16.11347718779704,16.535544634442857,16.959777076776874,17.384980056201467,17.809854628133845,18.23299908286322,18.652911712748455,19.067994545318815,19.47655793475987,19.876825895218865,20.266942076034084,20.644976328094742,21.008931896350965,21.356753396186708,21.686335885317632,21.995535515274202,22.282182416652784,22.544096611869247,22.779107824062915,22.985080024796922,23.159941403163643,23.30172012177061,23.408585745504798,23.47889560635994,23.51124465071821,23.504516582412137,23.457933466764974
772.0219254226821,14.471876149019144,14.874698302497816,15.283454453915734,15.69738343860189,16.11562603267174,16.53722240854572,16.96111046972198,17.386125121846046,17.81099850323633,18.234361160495556,18.654744117511,19.07058175430262,19.480215392370724,19.881897482798756,20.273796319809676,20.654001262103726,21.020528540951435,21.371327867335324,21.704290214245788,22.01725733112666,22.308033724010155,22.574401977938003,22.814142372697166,23.025057711099922,23.205004106362868,23.35192813701322,23.46391026773101,23.539213771934083,23.576337627039532,23.574071068011804,23.53154678615134
770.00077000077,14.474873202187162,14.87664347580814,15.284375198454692,15.697329645802744,16.11467314188786,16.53547450536258,16.958703277349933,17.383228769725438,17.807819939784032,18.23114606189101,18.651778132847568,19.068190920658846,19.478765552703667,19.88179254623566,20.275475218943573,20.657933486084975,21.027208157073193,21.381265987773926,21.71800591877915,22.03526712095247,22.330839655879878,22.60247871086416,22.847923449742666,23.06492149303571,23.25125986703389,23.404802914248595,23.523537128010002,23.605622179023314,23.64944659095312,23.65368567910563,23.61735860293788
767.9901697258275,14.47775896256347,14.878595135052214,15.28542534872395,15.697533201980654,16.114110418645886,16.534254286669444,16.9569657812394,17.381148392468482,17.805607645695247,18.229051268953338,18.65008993142905,19.067238454174774,19.47891738652239,19.883454855770808,20.27908864094748,20.66396849974523,21.036158894543316,21.39364241800881,21.73432440459473,22.056039417462618,22.356560498875695,22.633612235593347,22.884888782036136,23.10807796209168,23.300892396135122,23.461108242884585,23.586611593733465,23.67545182482661,23.725900348212306,23.73651229356456,23.70618781396035
765.9900421294523,14.482292819591635,14.88132533675337,15.286373992259987,15.69675034606983,16.111677687748816,16.530288435807037,16.951622119231317,17.374623946547487,17.79814393749347,18.220936561705955,18.641660801785097,19.058880539995585,19.471065165022424,19.876590314577253,20.27373871810703,20.66070118714224,21.03557792226959,21.39638046469717,21.741034810692966,22.0673864155441,22.37320801871079,22.656211393821255,22.914064229119976,23.144413334604707,23.34491521061465,23.513274666061687,23.647291626539875,23.744915533200658,23.804305846973357,23.82389622225086,23.802459017446743
764.0003056001223,14.48464502057438,14.882574757599272,15.286576083424192,15.695985587627064,16.1100544757348,16.52794589524528,16.948732752893186,17.37139601526753,17.794823455993974,18.217808784155427,18.639051064504752,19.057154325566305,19.47062725316123,19.87788289105099,20.27723832400962,20.666914407380713,21.04503573439239,21.409631197698854,21.758635698843285,22.089893775656314,22.401166131927994,22.690140236385187,22.954446271725544,23.19167971672834,23.399431692425626,23.575327860861083,23.71707611190996,23.822522515933272,23.889714098957676,23.916965994418984,23.90292956163048
762.0208793720948,14.489586447634373,14.886864485638892,15.290290086643544,15.699221092342112,16.112931918713347,16.530610758292383,16.951357205172428,17.374180288095758,17.797996869642777,18.22163034297293,18.643809535802323,19.063167719443086,19.478241624865145,19.887470394544316,20.289194454943352,20.681654385458998,21.062989988966333,21.431239936428835,21.78434255785036,22.120138571689875,22.43637676419467,22.730723819712267,23.000779625649937,23.24409938837228,23.45822375477633,23.640717800176056,23.789219193158843,23.90149508460624,23.975506329038375,24.009476611635517,24.001963044456186
759.9939200486397,14.492103542110979,14.88823220671909,15.290562801570548,15.698478173698557,16.11128066682553,16.528189280823447,16.948337172381386,17.370769469864726,17.79444134888217,18.21821628997069,18.640864420039364,19.06106082984918,19.47738376685539,19.888312632789763,20.292225774977233,20.68739815521853,21.071999113693746,21.444090617797826,21.80162659202728,22.142454153172554,22.464317805191513,22.76486785142156,23.041674420855525,23.292248536104655,23.5140715270804,23.704633774458063,23.861483222583004,23.982283329533605,24.06487915540232,24.107369205082946,24.108179560141853
757.9777154551656,14.495668502019267,14.891417396706524,15.293462746614805,15.701207418837123,16.11397528905128,16.531008240605836,16.951463442410333,17.374410873742733,17.798831039122536,18.223612793147595,18.647551177561702,19.06934516577599,19.487595219501156,19.900800594534125,20.307356394564795,20.705550468767477,21.09356038456819,21.469450881588116,21.831172421601725,22.176561680999217,22.5033450671689,22.809146549849146,23.091501245385544,23.347876231392075,23.575699953880694,23.772401274451674,23.935458660714772,24.062459242475768,24.151166469451432,24.199593988554682,24.206082232274007
755.9721802237677,14.49851716773755,14.893441382389886,15.29475361092079,15.701880769622816,16.114172923879423,16.530900177452942,16.951249779015434,17.3743234087183,17.79913458386742,18.224606100946254,18.649567415089148,19.072751852461746,19.492793561575567,19.908224142674854,20.3174689563875,20.718843209506836,21.11054805094194,21.49066708524528,21.857163920651946,22.207881602768254,22.540545025471914,22.8527676297071,23.142063861944614,23.40586892259617,23.641567241895604,23.846530830140825,24.01816812567902,24.15398319576599,24.251644156184177,24.309058534672218,24.32445212949195
753.9772298876574,14.500901458552718,14.894882511623836,15.295332184010297,15.701700662473032,16.113363403659907,16.52961792050845,16.949680725495643,17.37268438813285,17.79767464158016,18.223607452852615,18.649345956477603,19.073657147306317,19.49520824004254,19.91256263710925,20.324175509034998,20.728389088301004,21.123427912589825,21.50739442770377,21.878265570642125,22.233891189803067,22.57199540453218,22.890182233727288,23.18594699691199,23.456695066699325,23.699769479303328,23.912488640994066,24.092194864376506,24.23631371215274,24.34242313543819,24.40833023260966,24.432152238217867
751.9927808693037,14.503766800007464,14.896932551798388,15.29665990166935,15.70242241493702,16.11362094646783,16.529580327825514,16.949546157589175,17.37268164804733,17.798064459996283,18.224683438104936,18.651435145791297,19.07712009529498,19.500438581018553,19.919986058282262,20.334248071620646,20.741594832379494,21.140275678912957,21.528413825674253,21.904002017228333,22.264899941038482,22.608834502498212,22.93340430176896,23.236089839539435,23.51427107386821,23.765253902651718,23.98630690521231,24.17470919946398,24.327809535541867,24.443095763635736,24.518272639897955,24.551344679493557
750.0187504687617,14.50663521724509,14.899094637110437,15.298207125508714,15.703467213791804,16.114298376618272,16.530049615471416,16.94999210175043,17.373315830548346,17.79912621582183,18.226440539475245,18.65418415431924,19.081186338261,19.506175709651966,19.927775147331438,20.344496219688473,20.7547332207591,21.15675704241883,21.548709282052624,21.92859719262829,22.29429031913375,22.643519916723232,22.973882487599063,23.28284897180806,23.56778123856066,23.82595749920632,24.054608048591778,24.250962292729895,24.412307310284234,24.536057228059853,24.619831516399653,24.66153903276096
747.9991024010772,14.510256793696376,14.902481290460676,15.301453353455182,15.706684591897092,16.11761673195315,16.533618089725767,16.953980065166594,17.377913605725176,17.804545568922254,18.232914895702287,18.661968494680487,19.090556735497245,19.517428462541,19.941225474092327,20.360476472568738,20.773590584795016,21.17885068168289,21.57440689660694,21.958270949514542,22.32831212228639,22.68225598564646,23.017687225661838,23.33205812529641,23.622704380535552,23.886869920572952,24.121742203938567,24.32449902918775,24.492367198924214,24.622692409783404,24.71301855407591,24.761173311583782
745.9903021260724,14.513176404285465,14.904627023276586,15.302924494860005,15.70760217507779,16.11812517235272,16.533886720126105,16.954204532858824,17.37831709364608,17.805379803174247,18.234460903426616,18.664537078562738,19.094488633788348,19.52309416569512,19.949024670069324,20.37083709149415,20.786967408952684,21.195723477819286,21.59527801372904,21.98366230693902,22.35876149086134,22.718312442404123,23.059905642882583,23.38099254496904,23.67890013183192,23.950854369314186,24.194014086722426,24.405516426169516,24.58253433892984,24.72234567333652,24.822412229281365,24.880465840929524
743.9922624804702,14.516786208323964,14.908007393124716,15.306188217729902,15.710879663490836,16.12156536010166,16.537657812975635,16.958494582764466,17.383334366403556,17.811352911751403,18.241638682729786,18.673188181860134,19.104900836099358,19.5355733646241,19.963893579113307,20.388433623957877,20.80764275138058,21.219839849498356,21.623206102763767,22.015778363537354,22.395444045369644,22.759938600770656,23.106846898178915,23.43361003406226,23.73753926598112,24.015838781636035,24.265638873201805,24.484040713896114,24.668173296450846,24.81526218008371,24.92270853518736,24.98817565910871
742.0048972323217,14.517749881590017,14.908218828633883,15.305733053064483,15.70986437547176,16.12011916518961,16.535934536437335,16.956674460611957,17.38162574041222,17.80999377444426,18.2408980260159,18.673367099861565,19.10633332929847,19.538626788386107,19.968968674363122,20.395964060741314,20.818094106709047,21.233707928971047,21.641014501130265,22.038075143457473,22.42279739799462,22.792931339522443,23.146069632797733,23.479652881600245,23.79098198598501,24.07723928159524,24.335520123658483,24.562876243635138,24.756371604832648,24.913150596237063,25.030517253792908,25.1060228623195
739.9733609590055,14.521817010516978,14.912362335824046,15.310076366126369,15.714545465067276,16.12529084072564,16.541764573258412,16.96334554050904,17.389335191750625,17.818953104128653,18.251332242724878,18.685513836208223,19.120441779320792,19.554956485346487,19.98778814133048,20.41754937174768,20.842727398193432,21.261675898499266,21.67260692188652,22.07358340793513,22.462513082422806,22.83714475243263,23.195068278442186,23.53371973469211,23.850393442895477,24.142262630539673,24.40641036932733,24.639872137164197,24.839690773891018,25.00298374558442,25.12702151267153,25.20931448421897
738.0073800738007,14.524898378468764,14.91487182328683,15.312100819377838,15.716189048103551,16.12667628181867,16.543034343892746,16.964662942645095,17.39088532957878,17.820943717460796,18.253994380820057,18.68910235291173,19.125235632516187,19.561258825300182,19.995926172798352,20.427873972816943,20.85561247378591,21.277517437350397,21.691821711955388,22.096607346383117,22.489798993068575,22.86915959757138,23.232289626099817,23.57663132133849,23.899479661519788,24.198001782219873,24.469266550937856,24.71028570577317,24.918067434120264,25.08968244921461,25.22234153239768,25.313482209420993
735.9976448075366,14.528978358212632,14.919023532372686,15.316443993013284,15.720857316217845,16.131817465915436,16.54881060663248,16.971250776173292,17.398475373212896,17.82974040126609,18.26421539870327,18.700977976843433,19.13900788786657,19.57718055533559,20.01426002721126,20.448891359625467,20.879592514760915,21.30474596297178,21.722590321506654,22.13121254118376,22.52854136556205,22.91234302639658,23.280220388880277,23.62961699566687,23.95782764508798,24.262017231520396,24.53924952211313,24.786527289379496,25.00084471560329,25.179252204226255,25.318932681706702,25.417287206519276
733.9988256018789,14.53062312489049,14.921023718134139,15.318899473811154,15.72387913056315,16.135528308922026,16.553345251520213,16.976756407574964,17.40511181640334,17.83768023143453,18.273643914534237,18.712093022811864,19.1520195095781,19.592310471685067,20.031740901779063,20.4689658512619,20.90251208344921,21.33076940165843,21.751981977719595,22.164240184346653,22.565473647856326,22.953446478319343,23.325755887461355,23.67983564646488,24.012966031903392,24.322292013695222,24.604851401308743,24.85761442745964,25.077535761917808,25.261619179927706,25.40699406222418,25.5110016281296
732.0108337603398,14.534669480207624,14.925222250963678,15.323362757787697,15.728732304264708,16.14090933194995,16.55940502496196,16.983658744520916,17.413033251806166,17.846809665381212,18.28418208886669,18.72425183777111,19.16602119439436,19.608386630249065,20.050131460980086,20.489917944362528,20.92627890294076,21.35760905429035,21.782156367743614,22.198013938577517,22.603113077435427,22.995218547215682,23.371927127794983,23.730670927879636,24.06872705997745,24.38323540568474,24.67122617249997,24.929658724862747,25.155472710481238,25.345651764696008,25.497299059282177,25.607722713984135
729.9802905321555,14.53637438263875,14.926654881120172,15.324623542770487,15.729936801185563,16.142189059626443,16.56090822329568,16.985551048377324,17.4154982685976,17.850049448772715,18.288417504931367,18.729722824227988,19.17298691780303,19.617125549549193,20.060941307686303,20.503115629001424,20.94220035275878,21.3766089776417,21.80460792477271,22.224308275063734,22.633658648808986,23.03044012358483,23.41226433048211,23.776576107267694,24.12066228916052,24.441668342169677,24.736624540237955,25.002483201021608,25.236168074421556,25.434636286128296,25.59495226812255,25.714371896995097
728.013977868375,14.54042903249758,14.930852067390251,15.329071210379826,15.73475492716591,16.147509940400642,16.56687664753869,16.992324344289493,17.42324621797621,17.858954064875597,18.29867267670542,18.741533835814998,19.18656985896835,19.632706639265535,20.078756158814112,20.52340848592537,20.965223334896127,21.402621358769064,21.833875469968607,22.257102642742606,22.67025684420023,23.07112396208164,23.45731983545343,23.82629272930933,24.1753317959412,24.501583195186758,24.802075553612212,25.07375627564159,25.313539826098005,25.51836844535809,25.685284824705374,25.811515092816837
726.005517641934,14.542090349424988,14.932880293550324,15.331566878852138,15.737829448835809,16.151286070634082,16.571488887765963,16.997919265617078,17.429982694166984,17.86700340253304,18.308218631186378,18.752772502130753,19.199709427499094,19.647967006216795,20.09636838062873,20.54361406492921,20.988273319898017,21.42877523881518,21.863399831788023,22.290269552706132,22.707341904361144,23.11240397815143,23.50307002416727,23.87678338611364,24.230824344605836,24.562325552680054,24.86829677037405,25.145660456641096,25.391299403541442,25.602116958571973,25.775109461510052,25.90744934981155
724.0081088908196,14.544564042678113,14.935449146388374,15.334333744957291,15.740908520214745,16.15480313180547,16.575581465448362,17.002736665634277,17.43568592119645,17.873764963312823,18.316222227780848,18.762212628624592,19.21079089067437,19.660904397816864,20.111385534970353,20.56094353992969,21.008155940888326,21.451459741531743,21.88914263235087,22.319334656983123,22.740000945979826,23.1489363432248,23.543762982118412,23.921932101642213,24.280731599251475,24.617300960851015,24.928655241235287,25.211719638541645,25.463375861057482,25.68052088233827,25.86013780358067,25.999377412830547
722.0216606498195,14.549082407986027,14.940234987279386,15.339483266594808,15.746527752550014,16.161008142100815,16.58249848251024,17.010502108193965,17.444446325827197,17.88367681105179,18.327451673158333,18.774935139920046,19.225190815621104,19.677174474225872,20.12972637023862,20.581563086384936,21.031268994504565,21.47728748873883,21.9179122624528,22.351279045197003,22.775358393687807,23.18795033756137,23.58668190710526,23.96900879936019,24.332222644894216,24.67346548426092,24.989753105406763,25.278008779418215,25.5351086099437,25.757939138759205,25.94346700631444,26.088819369568316
719.9942400460797,14.55207487639738,14.944462620209858,15.345067626309046,15.75359475771673,16.169687315449316,16.592922044647487,17.022803914405678,17.458760647082077,17.90013696572989,18.34618852218182,18.796075464860333,19.248855606792677,19.70347716347025,20.158771050675153,20.613442768392456,21.066063953052918,21.515063761307292,21.95872035851364,22.39515292698154,22.82231478311944,23.237988395390047,23.639783317158866,24.025138273461195,24.391328842759567,24.735482318439004,25.054601375361866,25.345598053163865,25.60533924860723,25.83070434199629,26.01865474759188,26.166314092717762
717.9781734635267,14.556127173499245,14.948640240609636,15.34947238157669,15.758340496818187,16.174900393990075,16.59874171173173,17.029382605481842,17.466264173305657,17.908744593365633,18.356092939347455,18.80748263733872,19.26198452944132,19.71855951851759,20.176050788326492,20.633175627917815,21.088516942982793,21.540514614498303,21.987456970618876,22.42747277432864,22.85852429751294,23.278402248790723,23.684723539237968,24.07493309147932,24.44631109926019,24.79598729260919,25.120963814851766,25.418148222070943,25.68439782194153,25.91657603392776,26.111620653931443,26.26662285619547
716.0246312473149,14.55885937847991,14.95155331076941,15.35265446413006,15.761889283683905,16.178923422852503,16.603356597797934,17.034717196872133,17.472456625409837,17.915943360623082,18.364456686712224,18.817180078029708,19.273194200197235,19.731469508087667,20.19085843879086,20.65008723094928,21.10774745349476,21.562287401321743,22.012003616928354,22.45503292857704,22.88934555795395,23.312740041020486,23.722840917023643,24.117100357883736,24.49280511038606,24.847090274282127,25.176961498821814,25.47932709964936,25.751041326797417,25.988959508882697,26.19000503365745,26.35124710925127
713.9797229758674,14.5607823340397,14.95409198905326,15.355910982317845,15.765972790699793,16.183949891320875,16.609448506425757,17.042003098999704,17.481070603275132,17.926024369623207,18.37614779957856,18.830627645232976,19.288546949829456,19.748877615562566,20.21047260344939,20.672057802381833,21.132223654273727,21.589416693924164,22.041931259883768,22.48790175926142,22.92529602604278,23.351910496763782,23.76536813203983,24.16312022363202,24.54245342238266,24.9005034711938,25.2342771888755,25.540684177753814,25.816579470838107,26.058817849655295,26.264319825933757,26.430148295353245
711.997152011392,14.563516335360353,14.957007035035476,15.359094774237997,15.769522649916995,16.187973096927117,16.614062568056582,17.047335957163973,17.487260751646335,17.9332208965263,18.384510349370725,18.840326304299047,19.29976206627125,19.761799566006832,20.225301524236414,20.68900330507374,21.151504546140657,21.61126072190896,22.066574890538103,22.51558999635833,22.956282251267247,23.386456296720905,23.80374304709768,24.205601322049514,24.589324569171247,24.952054129045127,25.290800563551553,25.602474509162853,25.883928280908442,26.13200899603383,26.34362328156826,26.51581267948043
709.9751508697195,14.566360183753513,14.960973445238013,15.364284086881854,15.776038987182575,16.19592385876563,16.623557810963437,17.058487648625963,17.500181895375412,17.94802452613185,18.401308391215988,18.859228313912716,19.320873846785435,19.78522168157612,20.251127726126704,20.717318892934106,21.18238469169335,21.644768786710358,22.102760773372115,22.554488549041924,22.99791180402606,23.430817335735885,23.850817087287236,24.255350017637472,24.64168910312315,25.006954920033383,25.348137325660407,25.662126694860078,25.945755931515425,26.19585401547624,26.40931113794677,26.5831545243943
708.0147267063154,14.571246045727149,14.966236399560662,15.370015236394625,15.782337359602442,16.20289643168665,16.631319449691613,17.067160952747233,17.509896953619258,17.958918583745554,18.41352543968324,18.87291861931635,19.336193440187397,19.802331842072746,20.270194494162578,20.738512657248698,21.205879896957626,21.670743809321586,22.13139800871458,22.58597474343878,23.032438647349966,23.468582305257925,23.89202449943793,24.30021220244368,24.690427567942045,25.059801318220355,25.405333997244323,25.723926507341602,26.012421128336662,26.267653787085738,26.486517674557234,26.666037396591914
706.0152499293985,14.572014617995134,14.967876787655356,15.37263305415883,15.786044574346267,16.207811150011445,16.637565599034442,17.074867850886427,17.519198760422018,17.96995363210688,18.42643544589817,18.887847776991265,19.353287406117417,19.82173662710592,20.292055276670975,20.762972541085947,21.23307863927807,21.700816545889314,22.164474004836897,22.6221761969405,23.071879565677563,23.511367471660513,23.93824853328682,24.34995870657165,24.74376834232535,25.116795605830525,25.46602771641626,25.78835141789984,26.08059387851548,26.339574797262113,26.562169833506726,26.74538457650802
703.9774727208729,14.576709030391502,14.973097863749793,15.378465095015493,15.792577182562745,16.2151389159692,16.64578767661113,17.0840874193488,17.529522373484134,17.981490460557485,18.439296426797174,18.902144690152742,19.369131907268613,19.8392392764316,20.311324610943835,20.784114246571168,21.256194890194404,21.72600557830291,22.191829997149515,22.65178952415898,23.10383748390977,23.545755270366968,23.975151164627857,24.389462863218967,24.7859649077803,25.161782346352854,25.51391202455049,25.839252859690415,26.134646247240727,26.396927344982064,26.622987347808508,26.809846002724488
702.0007020007021,14.577983728245274,14.975282169477035,15.381660628986102,15.796891230839488,16.220684196857714,16.6526820144829,17.092453320763763,17.53948650294747,17.993183016149576,18.45285041939274,18.917695133916673,19.38681493343775,19.85919118683894,20.333680892002924,20.8090085681105,21.28375811612811,21.75636481709357,22.22510771878348,22.68810276636319,23.14329716315118,23.588465602556933,24.021209186501842,24.43895802863049,24.83897871477213,25.218387932650167,25.57417365354513,25.90322520911782,26.202373411968427,26.46844147684978,26.698306881664504,26.888973459419894
699.9860002799944,14.58251285403914,14.980239138368194,15.387130816624845,15.802967505694332,16.227467001343094,16.660279362899384,17.10098070499184,17.549066698704348,18.003945785268254,18.464932107058278,18.931238164084295,19.40196721067661,19.87610541840767,20.35251384976388,20.82992031548322,21.306911230075087,21.7819236383816,22.253237664609465,22.718969736939066,23.17706706708937,23.625304014107442,24.061281130396942,24.482427865545528,24.88601007301697,25.26914360145098,25.62881532310185,25.96191291667726,26.265264536624624,26.535689124440466,26.770057520488994,26.9653637116232
697.9828296223913,14.584007925327345,14.982675217500166,15.390593686748261,15.807545840253738,16.233251857603214,16.667363571800166,17.10945815448045,17.559031510628287,18.01549138957361,18.478150221422325,18.94621769218323,19.418793077945253,19.89485737021551,20.37326524315157,20.852736941621714,21.331850209975713,21.80903243855498,22.282553281722503,22.750518100382358,23.210862705068777,23.66135002180056,24.09956946740255,24.522939994084854,24.92871792827297,25.314010861706496,25.675798921224086,26.010964707953633,26.316333013650592,26.588721050946706,26.824999346241356,27.0221626332297
695.9910913140312,14.588293192531374,14.987229681118505,15.395498097115246,15.81288970575891,16.239133828874955,16.673891780182057,17.11675049688531,17.567215873933755,18.024705809345182,18.48854297192381,18.9579473073131,19.43202830579581,19.909777067170122,20.390058216472113,20.871601751864375,21.352994945699095,21.8326744749196,22.308919030909056,22.779842754446708,23.243389960173616,23.697331756242836,24.139265324482864,24.56661679533699,24.976648814547,25.366474031919655,25.733075815406394,26.073337467898728,26.384081057270624,26.66211662164792,26.90430195148735,27.107612369449452
694.0106877645915,14.589553181660808,14.989365503823775,15.398588135644449,15.817015756829543,16.244380839088212,16.68034750717516,17.124505091263497,17.5763613781952,18.035335571526858,18.50075097355113,18.97182740740373,19.447673405091667,19.927278199360693,20.40950357580134,20.89307566902192,21.376576826097683,21.858437715151414,22.33692993015787,22.810159437745,23.276061329535803,23.732396483884738,24.176750899700057,24.606538633482394,25.019009433424337,25.41126229846703,25.7802662645665,26.122889696843227,26.435939202291863,26.7162089323121,26.960540486736484,27.16589285216162
691.9936336585704,14.595340128889084,14.99611725020486,15.406407752998058,15.826010623320206,16.254662007129316,16.69202892094455,17.13770264826998,17.5911918340529,18.051915293192643,18.51919455384673,18.992246162691472,19.470173788413355,19.95196017295672,20.436458999303913,20.92238677215664,21.408314846589313,21.892661792613783,22.373686353701082,22.849481347271894,23.317968966479523,23.77689807466685,24.223844232803923,24.656213357457734,25.071250057792735,25.46605182290548,25.837590295952808,26.182740842722144,26.49832145923403,26.781141726855438,27.02806198525037,27.236062144901872
689.9882701994067,14.595324794345567,14.996529674761042,15.407321880642032,15.827506232548691,16.256824740237096,16.69495024965827,17.141479769882796,17.59592749384507,18.057717531153973,18.5261763765747,19.00052514480657,19.47987161182935,19.963202116707755,20.449373397102146,20.937104459058844,21.424968619591052,21.91138591204647,22.394616112261136,22.87275273058403,23.343718422524688,23.805262398547875,24.254960557803813,24.690219223238426,25.108283502602205,25.506251420367263,25.88109503095673,26.229689698708466,26.54885257525879,26.835390982250484,27.086160887257513,27.29813493396749
687.9944960440317,14.601041694073047,15.003054108142026,15.414736212967622,15.835897742545185,16.266285509527805,16.705576980558146,17.153373525328966,17.609193354570717,18.07246416700071,18.542515531127115,19.018571035306767,19.499740249527168,19.98501055630366,20.473238927555556,20.963143751498446,21.453296851028437,21.94211588564376,22.427857395564697,22.90861083192535,23.382294022256946,23.846650645605447,24.299250433122918,24.737492960068717,25.158616040313984,25.55970985418956,25.93773800691587,26.289566693160054,26.612002994478043,26.901843022272047,27.15593010980318,27.371222542050987
686.0122110173561,14.602095405342567,15.00495935795051,15.417585739378316,15.839789265413179,16.271321459290267,16.711864125865702,17.16102249174133,17.618318028515613,18.08318098189769,18.554942636062485,19.032827350926606,19.515944420854627,20.003279817875057,20.493687902409093,20.985883211839162,21.47843247441765,21.969747045791046,22.458076030598434,22.941500434671124,23.417928795819137,23.885094862727065,24.340558028840533,24.781707373799,25.205770305833887,25.6098269146912,25.99083120879664,26.345640388573106,26.67105316176178,26.963857798597274,27.220890125298222,27.43910095247982
683.9945280437756,14.603371938773272,15.00712513950562,15.42072087389345,15.843977210686548,16.276648709066254,16.71841980941745,17.168897885034717,17.627605973597582,18.093975213324345,18.567337015885155,19.046915016977298,19.53181685676422,20.021025857315813,20.513392684316162,21.007627107603767,21.502290011962597,21.995785858674502,22.48635586243903,22.972072229812827,23.450833905847475,23.920364394866805,24.378212356205793,24.821755818939355,25.248210998321763,25.654646811274084,26.03800625192825,26.395135767345046,26.72282363007637,27.01784800065392,27.277034879752268,27.49732545509795
681.9886789879288,14.608871591126544,15.013388685381782,15.427824424379276,15.852000926244475,16.285676563065657,16.728539262131942,17.18019946018709,17.640182731035836,18.107922113569845,18.582750175177974,19.063890855100244,19.550451144359897,20.041412674570413,20.535623308643935,21.031788854116055,21.528465056727203,22.024050080639476,22.51677774487042,23.004711865545342,23.485742151868287,23.957582220029952,24.417770420554135,24.863674313697476,25.292499761904747,25.701305718839404,26.087025854832174,26.446498135759548,26.776503329076245,27.073813110036763,27.33524795386915,27.557744314261644
679.9945600435198,14.61007608521238,15.01553221048559,15.43099698663696,15.856295980622583,16.291190504541536,16.735370795928493,17.188448844532076,17.649950888840344,18.119309613298533,18.59585608609469,19.07881148805213,19.56727869628439,20.060233802860026,20.55651767016314,21.05482765267871,21.553709651707507,22.051550717434434,22.546572474323586,23.036825723197353,23.52018666793138,23.994355326166296,24.456856808817435,24.9050462855365,25.336118580488794,25.747123446325382,26.13498761857141,26.496544725905935,26.82857398786055,27.12784833454868,27.39119210492899,27.615547809696928
678.0120686148213,14.612145678745062,15.01809628797356,15.434127302621917,15.860070430452685,16.29569332718678,16.740692738751275,17.194687283494144,17.65720989798662,18.12769997801606,18.60549525561343,19.089823463919384,19.579793855050323,20.07438865285149,20.572454543825838,21.072694337291274,21.573658961998948,22.07374001338473,22.57116312576824,23.063982519360753,23.55007716431127,24.027149113073694,24.492724675401316,24.944159240763828,25.37864667932445,25.79323435694028,26.184844857177783,26.55030548278075,26.88638647464842,27.18984860230915,27.457500317077322,27.686264004750704
675.995403231258,14.615720785292742,15.022282116979842,15.438997236684608,15.865702619364987,16.302170585350012,16.748102367593212,17.203120811985247,17.666762735898697,18.138470978780404,18.617586188575604,19.10333839948587,19.594838470662705,20.091069472817797,20.590878131609216,21.092966464612733,21.595883784636786,22.0980192882922,22.597595507393436,23.092662974036298,23.581096539420752,24.0605938915469,24.528676935226848,24.982696823207583,25.419843548456683,25.837161107629285,26.231569300503,26.59989320944989,26.938901272082003,27.245352584024733,27.516053618699445,27.747923913890045
673.9906989283548,14.617216455965808,15.024704756058208,15.442430366991076,15.87023314574811,16.307888419035613,16.755099953912836,17.211492555359573,17.676604317943188,18.149878568070832,18.630655544016694,19.118163873388767,19.61151192253061,20.109679110376238,20.611507301630073,21.11569242230929,21.620776476482874,22.125140188566363,22.62699655298846,23.12438564444108,23.615171128569365,24.097039014746297,24.56749930703348,25.02389133054448,25.463393627401704,25.883039412583134,26.27973863186574,26.650307642162847,26.991507404760277,27.30009080980329,27.57285930753041,27.806728394917002
671.9978496068812,14.620126004284366,15.028664380798691,15.447528138884746,15.87656021090387,16.31553850816097,16.764168773514154,17.22207705189242,17.688801807715997,18.163785728298684,18.646367263869244,19.135771968247923,19.631103720004987,20.131335922894408,20.635302807570014,21.141690985448705,21.649031441806198,22.15569220075911,22.659871951790322,23.159594997805776,23.65270796958346,24.136878850718926,24.609598968293938,25.068188721538007,25.50980793305231,25.931471798229882,26.330073455356892,26.7024141723463,27.045242012633505,27.355299568592404,27.62938090819328,27.86439725678326
670.0167504187605,14.623807364732656,15.0329281165345,15.45244099102135,15.8821936943125,16.321968953454714,16.77147731967084,17.230349583115323,17.698128828723444,18.174262173197953,18.658092235143187,19.148848404178754,19.6456379910589,20.14743736012734,20.653083168864665,21.161263868160518,21.67051165290842,22.179195097481948,22.685512766627028,23.187488161145613,23.68296644066927,24.16961346272898,24.644917785894,25.106196399300277,25.550605051158684,25.975154138854634,26.37673117064306,26.752130785138824,27.098093186773262,27.41135158946732,27.688688828960768,27.92700269287421
668.002672010688,14.627035883525407,15.03722557082015,15.457893833406384,15.88889121076198,16.33000277028623,16.780940796874948,17.241337085795646,17.710734870315797,18.188580426731416,18.67421441223167,19.166863005741533,19.665628938986327,20.169482525206497,20.67725281716166,21.187619055539958,21.69910260517381,22.210059621351235,22.718674743909094,23.222956184444207,23.7207326530125,24.20965266496008,24.687186873723018,25.150634185950263,25.597132521057713,26.02367516261594,26.427133691808052,26.804288465477747,27.151867470541003,27.466594119665036,27.745244122651446,27.98471096061557
666.000666000666,14.627933786243945,15.038867251968611,15.460358175693548,15.89226117904255,16.3343651354225,16.78638576169055,17.247957804484646,17.71862685438493,18.197840833048435,18.684941212130077,19.179154038466173,19.6795808580865,20.18518965275774,20.694805927802022,21.207104120003997,21.720599530925366,22.233641035527818,22.744404870407067,23.25088987175362,23.75091461138866,24.24211696966901,24.72195678443097,25.187722320019656,25.636541400087605,26.065398127086105,26.471156148966305,26.85058940239479,27.200421130328497,27.517371708002152,27.798215388562344,28.039845484745406
664.0106241699867,14.631480488518235,15.042923548079273,15.46499497887026,15.897555684395044,16.340401066664537,16.793253581682222,17.255754881566606,17.727457576397374,18.207816661125925,18.696180666881627,19.19178261201097,19.69373084661221,20.200999905753243,20.71242151178552,21.226675896250434,21.742283648148277,22.257598339366016,22.770800231517054,23.2798914328872,23.78269295062687,24.276844171665953,24.759805403966396,25.22886421256936,25.68114638316163,26.113632425020626,26.52318056462283,26.906557154409363,27.260475297231466,27.581642233860727,27.866815631438236,28.112868330552562
661.9886137958428,14.63470173722765,15.047195545730089,15.47040094325193,15.904181617259223,16.34833531263094,16.80258628333085,17.266577322902823,17.739861408466236,18.22189300579305,18.71201909776624,19.20947001530665,19.713350169084173,20.222628802532114,20.736130912597464,21.252528515269226,21.77033246947097,22.287885116850003,22.803354047923158,23.314727368412917,23.81981091438444,24.316227950832197,24.801421983606843,25.27266341402027,25.727060860025546,26.161578043251136,26.573057177148723,26.958249761993724,27.313855566926048,27.636570326043106,27.923142267851404,28.1704370209599
659.9788806758183,14.635471264877529,15.048623652524467,15.472553610244717,15.907128866573034,16.35215118379645,16.807348759872802,17.272368202698416,17.74676611164526,18.230000314447718,18.7214208225193,19.22026058486399,19.725626140266424,20.236488289903527,20.751672938622097,21.26985228381391,21.789536567290362,22.30906664924054,22.826607715801167,23.340144494432092,23.84747842516157,24.34622732077532,24.833828143245267,25.307543622328506,25.76447353647481,26.201571551969497,26.61566855367063,27.003503373904927,27.361761704592347,27.687123729702044,27.976320613253286,28.226199407158855
657.9813133307014,14.637145055331525,15.051351895211521,15.47641896203602,15.912216095416163,16.358546583116357,16.815139441692345,17.281641261646712,17.757607654277546,18.242494351408194,18.735648025143764,19.23629691291833,19.743541353687085,20.256344364622247,20.773522414712534,21.293736583081323,21.815484326701352,22.337092125779908,22.856709326816844,23.372303564510265,23.881658215156705,24.382372415811595,24.871864273299856,25.347377980470267,25.80599564523706,26.244654707303727,26.660171848592768,27.04927427111129,27.40863909059932,27.734941344936328,28.02491071632002,28.275396501237882
655.9958016268696,14.64255009629564,15.05746590416519,15.483308245048784,15.919951067349148,16.36720174133714,16.824793285304576,17.29237614872179,17.769509589810973,18.255652699280656,18.750155138297597,19.252247677304556,19.76103264331617,20.27547440725432,20.794390070300853,21.31644053993769,21.840122223326684,22.363759609178544,22.88549906061357,23.403304201992697,23.91495335313862,24.418039544646557,24.909973736254003,25.387991951935845,25.849167132129324,26.290426571944376,26.708575845320148,27.100330083996216,27.462353357477383,27.79130665504342,28.083904576454874,28.336980279256494
653.9794650447976,14.644337984608763,15.060412990800419,15.487499781878718,15.925474416805043,16.374145814988484,16.83324786468751,17.302431079180995,17.781253839561618,18.26917327799083,18.76553587232549,19.269567842375455,19.78036545994282,20.29688540960854,20.81793536550326,21.34216498175652,21.86805753190563,22.39392247640769,22.9178892887956,23.437902931137632,23.95172143907251,24.456916155622306,24.950875239353312,25.43081116170414,25.89377299207195,26.33666433427609,26.7562678053241,27.149276912241046,27.51233605580837,27.842089140716343,28.135236873244523,28.388602265396052
652.0179956966812,14.64584364748978,15.062852856011643,15.49095981602983,15.930044524823606,16.379919514345097,16.840321855712116,17.310904701747877,17.791228407866566,18.280751287333302,18.778820074849648,19.284660192704454,19.797365936611328,20.31589072415176,20.83903757791212,21.365450048569194,21.893603821162177,22.421799291591235,22.94815545111226,23.470605475297322,23.98689448125416,24.494579992611254,24.99103573402262,25.473459461319397,25.938885611874625,26.38420361945319,26.806182760448355,27.20150435998011,27.56680205840105,27.898710591415266,28.19392314419874,28.44925678699723
649.9837504062399,14.646633296274198,15.064335509199243,15.493206892223549,15.933131584550253,16.383926138777355,16.845331453078487,17.31700423309098,17.79850802457348,18.289303874141446,18.78874069391118,19.29604542683422,19.81031313308593,20.330497144362127,20.85539946273076,21.383661614327643,21.913756206400397,22.443979479885364,22.972445199845332,23.49708028364075,24.015622632236543,24.525621703302125,25.024442443954673,25.509273281883747,25.977138948422215,26.42491896353787,26.849372632935623,27.24717136815377,27.614939013899335,27.94930062349756,28.246939737363668,28.50466367595832
648.0041472265423,14.651950383256397,15.070198803132268,15.499673456648706,15.940262729544683,16.391787507626777,16.85399306962564,17.326540502632177,17.808997681117706,18.300829867051853,18.80139000746972,19.309908827153752,19.825484838068842,20.347074414074743,20.873482109593695,21.403351434831585,21.93515633849945,22.467193692585674,22.997577123516624,23.524232590894783,24.04489617947302,24.55711464186389,25.058249306985516,25.54548404833569,26.01583807937383,26.466184398586435,26.893274726885853,27.293771741983136,27.664289290874777,28.001441023396918,28.3018975109282,28.56245137927555
645.9948320413437,14.653458881819846,15.072643410162744,15.503140709042313,15.944843240572219,16.397575655420273,16.86108658030528,17.33503991742091,17.819005698064736,18.312450550009856,18.814727857867364,19.32506771798038,19.842566814414923,20.36617837056887,20.8947023620867,21.426776211539927,21.96086622424517,22.495260068319404,23.02806065138171,23.55718180192,24.08034622566456,24.5950862760136,25.098748150926983,25.588500202789145,26.061346115327343,26.514143751223003,26.94363048888324,27.346455824878063,27.71922189326846,28.058532316101267,28.36104942537139,28.623559370502544
643.9979392065945,14.654248846917113,15.074134412150903,15.505405452605169,15.947958664767409,16.40162280294643,16.866150389508253,17.341208927769113,17.8263716605622,18.32110793532088,18.82477325690044,19.336599132407134,19.85568283814322,20.380977267563278,20.91128105108794,21.44522917404348,21.981284358317662,22.517729517093716,23.052661640874355,23.583987527523096,24.109421829534195,24.62648795780348,25.132522451121105,25.624683490630876,26.099964301673168,26.555212230672534,26.9871542959717,27.39242996742965,27.767631804445532,28.10935434818797,28.41425129627108,28.67910047163245
642.0133538777606,14.6554101286318,15.076130781988825,15.508311912756799,15.951854503453767,16.40659155647192,16.872279748395723,17.348590578575084,17.835101054730654,18.331283976379186,18.83649789746406,19.349976872871434,19.870820119618127,20.39798175255561,20.93026078664112,21.46629163347063,22.0045353592539,22.543272015274464,23.080594400738384,23.614403672378568,24.14240727558756,24.662119737890926,25.170866935671274,25.66579451555461,26.143881216026706,26.601957881746934,27.03673297670453,27.444825361465806,27.82280497831038,28.167241857869538,28.474763496188956,28.742120135527205
640.0,14.658344306707884,15.079919881607946,15.513027637270103,15.95757168277998,16.413387885372195,16.88023544184122,17.357787935841642,17.845623924738977,18.343217118221638,18.84992623210853,19.364984624782284,19.887489850535268,20.416393293936014,20.950490082251783,21.48840950921079,22.0286062432771,22.569352637569327,23.10873250709984,23.644636792640036,24.17476158949023,24.696609083398414,25.20749200327752,25.704542267672444,26.184724562590247,26.644855631748463,27.081630070981493,27.491653375623205,27.871482867681,28.21767690077713,28.52685237961246,28.795750120617743
637.9992344009187,14.661576102070468,15.083469028705938,15.516953934888756,15.961941798611146,16.41827584711957,16.885723121893466,17.363965520658347,17.852590358805802,18.35108051118078,18.85880421650881,19.37500465086829,19.898789403651936,20.429120019493684,20.96480180278065,21.50447411780349,22.046601457590786,22.58946559839891,23.131159205144478,23.66958130622138,24.202435114380446,24.727228733346685,25.241279356174875,25.74172162767681,26.225520903420858,26.68949218171617,27.13032549770864,27.544618529999962,27.928917055075924,28.279763665714164,28.59375482051223,28.867605795079644
636.0109393881575,14.662984308185663,15.085758672173537,15.520203862813714,15.96623481781607,16.423698538257025,16.892365574534644,17.371920980474446,17.861954778620458,18.361951998827934,18.871282374160348,19.389189802869073,19.914781712958305,20.447018496560887,20.984703215134562,21.526471813441248,22.07078412057496,22.61591596023492,23.159952740352114,23.70078494443009,24.23610600373144,24.763413090396714,25.280011435354236,25.783022838306103,26.269399094265232,26.735941102373964,27.179324433609736,27.59613209477755,27.982895112411033,28.336141344594857,28.652452585368202,28.928529537191043
633.9948012426298,14.663747121313383,15.08720798066955,15.522411516181482,15.969277346731312,16.42765714059166,16.897326036873952,17.377973524791223,17.86919382365914,18.370475826013195,18.881192688570064,19.400591181089883,19.927780931552004,20.46172373746784,21.001223147646584,21.544914556358293,22.09125609271776,22.638520632433544,23.184789307092164,23.727946938141432,24.265679878797968,24.79547680685116,25.314633073407705,25.82025927394441,26.309294762901292,26.778526872047888,27.224616601928282,27.64413151557681,28.033586450329075,28.3894924499822,28.708413979936978,28.987034003913895
631.9914049168931,14.667472557985016,15.092259150884892,15.528878181646425,15.977250780329495,16.437229401963528,16.908589103719628,17.39101826784743,17.884108814873326,18.387345971841626,18.900097683703468,19.421603782395646,19.950965057730357,20.487132406928207,21.028896275442847,21.57487664062511,22.123513831773472,22.673060525291582,23.2215753021494,23.766918206742876,24.30674880152187,24.838527269896503,25.359519179468364,25.866804575428237,26.357292124288147,26.827739061610586,27.274777700105396,27.694949207301182,28.084745241154497,28.440657810842545,28.75923738324052,29.03715876551737
630.0006300006299,14.668865826016702,15.09452472851738,15.532095012372622,15.98150217058416,16.442602921833455,16.91517641691161,17.39891488106681,17.893413736802554,18.398161272298594,18.912527944377278,19.43575543187096,19.9669455853759,20.505049452670693,21.048856595471317,21.596984952620478,22.147871547225115,22.69976438067158,23.25071590492273,23.798578516098743,24.34100256698251,24.875437453263945,25.39913638664006,25.909165524314254,26.402418173472963,26.875634821878123,27.32542974815755,27.748324918911102,28.14079176075413,28.499301177269977,28.82038183785583,29.100686279221623
627.982918864607,14.669538485682846,15.09584401107692,15.534126099561592,15.984314377643281,16.446269691232104,16.919775260416596,17.404527262529363,17.900124888169806,18.406059935810877,18.921706034753132,19.446307613560332,19.978968761713638,20.518642165994446,21.06411833994176,21.614015404505512,22.16676972061951,22.720627719776743,23.273639326784963,23.823653419704048,24.368315825392887,24.905070404624745,25.431163837038305,25.943654770454614,26.439428046084892,26.915214742210214,27.36761878088948,27.79315079688727,28.188269852139452,28.54943336631335,28.8731552985462,29.156072138197672
626.0172780768748,14.67303391868358,15.099572373551299,15.538136002223892,15.988661135516486,16.45101600749543,16.924991947946285,17.410293998538595,17.906530995431545,18.413205181675796,18.929701436518023,19.45527623566672,19.989046486727545,20.529978417303138,21.076876729572597,21.628374274400993,22.18292254007972,22.73878329561643,23.294021776100287,23.846501848127076,24.39388364656807,24.933624229780968,25.462981857611314,25.979024552728337,26.478643656170515,26.958573124238576,27.41541532337712,27.845674044486433,28.24579535504691,28.61221670962042,28.941424419622415,29.23001912046867
623.9860227130912,14.675927642109986,15.103440357912133,15.543069369469242,15.994756137439746,16.458373867696523,16.93371860587544,17.42049974173608,17.91832996621669,18.426714745272427,18.945041399078644,19.472567903020558,20.00841155806203,20.551537712500124,21.10074875461468,21.654673636118794,22.211758229402886,22.7702568671636,23.328225460982974,23.883516645671325,24.43377744853255,24.976450036696594,25.508776150144623,26.0278058805677,26.53041150211411,27.0133070915199,27.47307467989741,27.9061976392813,28.309101901468914,28.678205408532843,29.009975877033668,29.30099650030347
622.0065932698886,14.676680343184016,15.104882156754162,15.545273060799564,15.997799392776722,16.462339241926685,16.938693478179623,17.426576179508416,17.92560450029236,18.43528804483314,18.95501783514021,19.484054990534627,20.021519268490437,20.5663776513333,21.11743320176092,21.67331445139365,22.23246563042996,22.793138092699,23.353383338727568,23.911048089647903,24.463771916579194,25.00898798297341,25.543927510143437,26.065628626374128,26.570950303173085,27.056592110755524,27.519120527001835,27.9550024930879,28.360646802870694,28.732453716167516,29.066872871940404,29.360469124852635
620.0012400024799,14.677642225905648,15.106455844591746,15.547516185278091,16.00077375202047,16.46611098473901,16.94333327636936,17.432159383864246,17.932211274820755,18.44300347297031,18.963931990596578,19.49426296420093,20.033121141385255,20.579478401859188,21.132142533508933,21.68974652534832,22.25073868264361,22.813373915320685,23.375706598736247,23.935585455885874,24.490650961972996,25.038335825606918,25.575869154779955,26.10028496805325,26.60843575786198,27.09701184620292,27.562567281562945,28.001552992935967,28.410357819856063,28.78535784992,29.122974189497825,29.41973884601031
618.0087757246152,14.6787391254152,15.10846307238096,15.550521743130343,16.004870263161695,16.471395431146483,16.949906623022873,17.440126075531467,17.941678591652842,18.454080732682097,18.97672958750893,19.508891239118075,20.04968908134179,20.598092175329,21.15290387478459,21.712750991425125,22.27607381688165,22.841117364019528,23.405924238916384,23.96832960414322,24.525958744108152,25.07622779344,25.616348238602548,26.143335848973216,26.654024732480757,27.145087235683082,27.613060407993476,28.054379708826836,28.465420533725673,28.842547945827103,29.182174695876352,29.480827175094387
615.9911297277318,14.679183283842127,15.10938542549334,15.551997664098764,16.006982645220724,16.47423512401074,16.953572845113566,17.444726790872693,17.947330839030954,18.460910893548153,18.9848735782274,19.51849461261922,20.060907023108097,20.611089379015144,21.167854283680676,21.72983739342093,22.295487282500098,22.863056519290794,23.43059436708044,23.99594157200182,24.556727749797826,25.110371931912233,25.654086878646897,26.184887810839744,26.699606248019748,27.194909663941555,27.667327669661145,28.113285394981048,28.529144641077075,28.911253195915037,29.256002413406474,29.559892734210013
613.986615091791,14.683183397252801,15.114797502788011,15.558908651448014,16.015480966811673,16.484410127271953,16.965514142099124,17.458523487175217,17.96307064218266,18.47867909377221,19.004751895648877,19.540559906650895,20.08522986169622,20.637732467748837,21.19687075740835,21.761268975937583,22.32936232302826,22.89938791785226,23.469377404459678,24.037151663927776,24.60031814942065,25.15627140997697,25.702197417487152,26.23508235711253,26.75172658075671,27.248764449741255,27.72269079615707,28.169894696950088,28.586701159552305,28.969421136861254,29.31440999461639,29.61813412106101
611.9951040391677,14.684053550358696,15.11633508171136,15.5611951453118,16.018603964590515,16.488463375958982,16.970597526253897,17.464742915516236,17.970537826649977,18.48751120685037,19.015071092885123,19.55249270341549,20.09890635649016,20.653285408922883,21.214434456112023,21.78097807547152,22.351350443397834,22.923786203898917,23.496313015941915,24.06674625553348,24.63268639684781,25.19151964360246,25.740422426274378,26.276370420789252,26.796152776637104,27.29639226108778,27.77357202175134,28.22406962784344,28.644198951552113,29.030260270511803,29.37859868397445,29.685670514982483
610.016470444702,14.687251893176768,15.119821459597075,15.565029757558676,16.02285421537434,16.49320440637661,16.975912739314012,17.470724483895022,17.977287171537032,18.49513943482412,19.023699376567404,19.562252590768676,20.10993999315225,20.665745658032513,21.228484900743794,21.79679289012188,22.369114122902808,22.943693140591687,23.518566918504703,24.091559405441892,24.660278739966305,25.222117714653812,25.774258101797106,26.313679491105002,26.837173318820906,27.341362783024003,27.82272933291479,28.277646377377664,28.70242076165705,29.093342387410775,29.446742074927474,29.759057363093316
608.0136195050769,14.68826735486873,15.121583324665991,15.567602341051023,16.026306183953743,16.497608973875813,16.981347854321356,17.47727300507053,17.98503702532139,18.504183748924934,19.03413658102401,19.574186476443572,20.123479715100775,20.68100566829034,21.24558479157508,21.81585712464441,22.390271625240736,22.967076712363912,23.544312442701937,24.11980479289747,24.691162568208572,25.25577750473313,25.810828176813928,26.353288362081376,26.879940551041663,27.3873953110559,27.872117217271157,28.330458032024378,28.758697730269343,29.153093807093203,29.50993903648969,29.825627451657272
605.9871530723549,14.688852117709684,15.122652036479035,15.569229620555594,16.02857404808524,16.50060726695369,16.985174653606826,17.482034991806554,17.990849809139657,18.511172132469955,19.042434750878062,19.583938106040947,20.134837965397633,20.69413307259633,21.260653012211954,21.833046570979647,22.409770925073158,22.989082031429223,23.56902664989906,24.147436471245502,24.72192487292007,25.289886869418417,25.848502865981352,26.39474686215809,26.925399782816008,27.43706863401834,27.92621218192617,28.389173822057852,28.822222225866724,29.221600198160303,29.583581925089664,29.904538411453093
604.0106305870983,14.689675339396352,15.124335570810224,15.571858317572353,16.03223802398676,16.505401847072438,16.991200230504464,17.489396783997282,17.999657505401004,18.52153940660286,19.0544786322747,19.597778192670358,20.150595467988932,20.711929682042907,21.28060958666443,21.85528164481779,22.434399048945675,23.01621196071261,23.59875940800011,24.17986332373646,24.757125257953177,25.327926338449135,25.889431095640212,26.438595802197504,26.972182005539043,27.486775946805793,27.978814556150123,28.444618679093786,28.88043410505089,29.28248081402164,29.64701060419015,29.970372885101533
602.0107157907411,14.692274200028352,15.127506678085483,15.575667675870477,16.036758024851352,16.51071176013841,16.99738670741179,17.496554369640034,18.007889149214474,18.530956964661712,19.06520334873009,19.609941146460525,20.164337967783915,20.727403588995575,21.297977540710463,21.874717165973397,22.45608648028858,23.040346214520834,23.62554547093234,24.209515471112553,24.789865921396288,25.36398456581706,25.929040537979628,26.481992160391734,27.019599870766587,27.538444975683376,28.03495493570294,28.505435860937947,28.946112824805272,29.353178462845193,29.722850085021697,30.051435165013412
599.9880002399951,14.693060380318308,15.128995286259896,15.577950310930373,16.039933805397958,16.51488752236129,17.002677129805605,17.50308200843329,18.015784367789053,18.54035774011167,19.07625493935183,19.62279560560052,20.179153492312246,20.744343694923334,21.31721006427221,21.8964130959079,22.480418635980744,23.06748779482308,23.65566850931022,24.242789243390156,24.82645536160448,25.404048751938245,25.972731310954348,26.52945293474174,27.070964681916255,27.593837786407427,28.094489191991155,28.569214247347638,29.014227124391613,29.425709382475354,29.79986687072693,30.132994812758806
598.0145915560339,14.693908966089992,15.130488597510887,15.5801590710961,16.042935163565097,16.518765520109476,17.007523177710116,17.508995366066923,18.02287261922785,18.54873725476571,19.08605130536399,19.634144020036914,20.192199088865856,20.759241785831346,21.334126268585806,21.91552332115169,22.501908874636914,23.091553691066764,23.68251464518712,24.27262808746254,24.859505817457112,25.440534239510757,26.01287731139878,26.573483930673216,27.119100431161815,27.64628888064304,28.151451874210924,28.630864496181438,29.080714060762222,29.497148115895772,29.876330977904242,30.21450872672548
595.9830740806962,14.69542853455703,15.133065129951843,15.583880694584986,16.047893984236072,16.52505733281974,17.015247070475258,17.518253205784184,18.033768405463434,18.561376329251196,19.100539406474017,19.650586174061747,20.210698333494456,20.779897726046148,21.357033471216862,21.94076956164725,22.529573258082216,23.121704678885887,23.715208028897408,24.307904960734657,24.89739060680169,25.481032861238933,26.055975527067687,26.61914597400984,27.167267975595546,27.696880407529843,28.204362487579306,28.685966211028525,29.137856569993403,29.55616001807404,29.937021426705893,30.27666944616374
594.000594000594,14.69620094592471,15.134546482904396,15.586165611527155,16.051085318848017,16.52926647409623,17.02059418064739,17.52486737438726,18.04178770029913,18.570947723887496,19.111818563428162,19.663737063145202,20.225892666209322,20.797314189656074,21.376856750396676,21.963189141609867,22.55478201084778,23.149897243795404,23.746579009253654,24.342646969967934,24.93569220886909,25.523076459793867,26.10193526470595,26.669185704852783,27.221539369890177,27.755521234469036,28.267495101577605,28.753696237862176,29.210271754799816,29.633329161373524,30.018993303357195,30.363471582800713
591.9962112242482,14.696919474600534,15.13582724517814,15.58808044096289,16.053713386614,16.532694892837522,17.024918631174934,17.530192749659168,18.048228759324164,18.57862974599495,19.120877990785036,19.67432211641785,20.238163914820603,20.811445054138627,21.393033909846874,21.981612814170806,22.575666069468312,23.173469123225004,23.77307935337723,24.372328961268725,24.968820514249348,25.55992571957517,26.142788045015816,26.714329828777483,27.2712645411814,27.810114871222094,28.327237308714928,28.81885386951577,29.28109155408903,29.71003001864422,30.101757746619537,30.452436705623054
590.0053100477903,14.699263200833837,15.138931937254977,15.592030186282647,16.058599332505892,16.538615594036383,17.031980367800152,17.538509804219103,18.05792363967761,18.58983333963008,19.133729634291473,19.68896956270905,20.254763179600804,20.83016012239364,21.41403628286055,22.00508087780041,22.6017842651943,23.202426904817962,23.80506991382971,24.407547716784673,25.007463334362352,25.60218689462745,26.188857984027997,26.764392482019073,27.325494542573534,27.86867439648523,28.39027264684353,28.886491709262994,29.353434995834796,29.787154337880903,30.18370596089211,30.53921503393009
587.9931792791203,14.7000550149168,15.140452248977015,15.59437580502454,16.061875176448343,16.542934909363165,17.03746486371634,17.54528968402622,18.066137506824372,18.599627956927893,19.14525951460171,19.702396370665355,20.270254926640586,20.84789014186031,21.434181978494944,22.027822247787515,22.627302215152277,23.23090137658347,23.83667787217833,24.442461052511295,25.04584675815441,25.644195910108625,26.234637037966998,26.81407339236291,27.379195297943895,27.92649840162956,28.45230845565622,28.952813240285852,29.42410216667929,29.86221398958252,30.263192878545937,30.62315281642292
585.9947260474655,14.700505231437207,15.141163877052305,15.595410470833956,16.0633033871181,16.544837058782967,17.039932314876022,17.54842592528311,18.07005937684459,18.604466929719493,19.151163031983398,19.709529204600692,20.27880054802844,20.858052065534814,21.446185046296712,22.04191380259704,22.64375310874012,23.250006743102336,23.858757587247986,24.467859785385503,25.074933511811953,25.677362931884275,26.272297972414208,26.85666053967168,27.427155837159475,27.98028944046007,28.5123907808245,29.019643667844228,29.498124434627538,29.943848199713116,30.352823584109906,30.721115968366206
584.0098113648309,14.70190820699416,15.143657776340723,15.599096586352653,16.06828931848753,16.55123672048564,17.047865861073117,17.55801957609074,18.08144512941477,18.617782136759935,19.166549830098976,19.727133775196837,20.29877219464249,20.88054209351238,21.4713454338493,22.069895656568427,22.674704903916368,23.28407235057435,23.896074105008438,24.508555192701426,25.119124177493127,25.725151014755866,26.32376875939182,26.911879772107454,27.486167078979843,28.043111541735946,28.57901548796372,29.090033427359426,29.572210432888536,30.021528678317562,30.43396247185363,30.805541878333464
582.0044232336166,14.705268034331215,15.147553103364574,15.603608755295284,16.073508357111137,16.55726195016417,17.054806494304575,17.56599529071873,18.09058660473614,18.62823153462867,19.178461202222213,19.740673376200718,20.314118679332864,20.897886576252386,21.49089138830859,22.091858635429425,22.699312060557336,23.31156174829226,23.926693803851546,24.542562109101453,25.15678271702163,25.766731482609476,26.369545555523015,26.96212937699462,27.541165830644672,28.103133193872516,28.644328522786218,29.16089807605191,29.648875334056772,30.104227085252965,30.52290790928212,30.900923156523714
580.0127602807262,14.705664370617333,15.148301851655134,15.604785861179701,16.075200275843343,16.559566795880592,17.05783527128398,17.569873202652133,18.095454434854577,18.63424708569782,19.18580078076628,19.749533299781625,20.324716779210938,20.910463660235926,21.505712620030014,22.10921477666653,22.719520512593697,23.334967316780105,23.953669099373233,24.57350748288195,25.192125618408983,25.80692511256639,26.415066679253066,27.0134751500949,27.598849488429725,28.16767845497092,28.716262568751155,29.24074299237777,29.737137939263018,30.20138713862252,30.62940477913417,31.017141152647124
578.0012716027976,14.707844534993836,15.151137654561232,15.608365420288669,16.07962036458682,16.564933398609178,17.064264121529625,17.577490291499558,18.10439647431634,18.64466190988062,19.197847665619605,19.763383180462807,20.340552342737613,20.92847929029792,21.526114170775116,22.132219153119028,22.7453550372307,23.363868864717357,23.985882988516185,24.60928611002688,25.23172683717359,25.850610353502976,26.463098815657624,27.066116113851486,27.656357637736,28.230305689279657,28.784251175672562,29.31432219759294,29.81652011608857,30.286763622783337,30.720941232169466,31.11497243085226
576.0036864235931,14.709502175258072,15.153911925018608,15.612371843651452,16.084982076501888,16.571781099709202,17.072735903536312,17.587731313836283,18.116558466475432,18.65890247432494,19.214329356578112,19.78227233595247,20.36201765089137,20.952690077000042,21.55323840408165,22.16242117128873,22.778793021592534,23.40069209602005,24.02622894548693,24.653277490829915,25.279468606989674,25.90218694263322,26.518571609853588,27.12552138891787,27.719705090450994,28.29757770300131,28.855402928928058,29.38928267607782,29.89519402350722,30.369034107296883,30.806673259561624,31.204016552754098
573.9869130983814,14.71001712352984,15.154991146941942,15.614108822195949,16.087481196561118,16.57515861394912,17.077120934365688,17.5932668815918,18.12340253089588,18.667228972968445,19.224329220028785,19.794154455506714,20.37600976997,20.96903957288811,21.57221292186306,22.184309067143438,22.803903568093748,23.429355397823883,24.05879550993382,24.690117394498948,25.320970196111077,25.948755002334483,26.570624934303634,27.183489681375825,27.784025119033082,28.36868863506273,28.93374076543648,29.47527370939586,29.989247251104842,30.471532555017415,30.917964207270998,31.32440071893695
571.9842132357146,14.7102143794028,15.155648802160965,15.615307147649222,16.08930980476018,16.57771725397903,17.080520308846666,17.597629476033276,18.128863443348152,18.67393672916692,19.23244655633202,19.80385904892398,20.387494891556184,20.982514637874125,21.58790390722771,22.202458765063174,22.824771641958662,23.453218206372775,24.085945664549836,24.72086301471561,25.355633828649403,25.98767216909025,26.614142274023838,27.231962647598326,27.83781519253586,28.428160002183404,28.999256404397716,29.547190816467378,30.067911929771064,30.55727368879167,31.0110864466599,31.425176542812242
569.9954400364796,14.711658862586873,15.158203340353442,15.619094526823622,16.09446245564665,16.58437756978265,17.088840883709405,17.607773242753876,18.141003686540575,18.688256948001168,19.24914014947289,19.82312879352107,20.40955218844389,21.007578496846214,21.61619964970687,22.234216427018694,22.86022406780267,23.492598834923328,24.12948602092039,24.768789936815402,25.408166473116385,26.04501885773509,26.67649725657452,27.299502867605913,27.910697148381274,28.506516791900893,29.083195029691147,29.63678979711132,30.16321924554531,30.658305025448435,31.117823680955098,31.53756636745026
567.9881858457344,14.711985499270698,15.158944018066792,15.62033995412585,16.096315585792706,16.586954874713236,17.092273707724072,17.61220922925344,18.14660826776718,18.695214883597274,19.257657094887715,19.833432873798923,20.421895546741393,21.022238780186655,21.633481387062133,22.25445224692458,22.883775694498855,23.519857793624173,24.160873974426664,24.80475856740533,25.449196815600747,26.09161998175681,26.729204188663775,27.358873636165892,27.977308827819503,28.580960416058552,29.166069240792616,29.728693097027207,30.264740725168657,30.770013471211175,31.24025500252772,31.671209366116685
565.9950192438306,14.71200404205515,15.159469341929631,15.621475571807293,16.098177937496615,16.589674497078065,17.0959964416439,17.617097452565286,18.152842134844246,18.70299354946658,19.267199896695143,19.844980437391474,20.435710780995517,21.03860771671158,21.652713818333744,22.27688211209381,22.909761159428857,23.549780970494893,24.195140226787377,24.843795349002423,25.493451995577015,26.141559614514772,26.785309693031895,27.42163835432857,28.047233938289825,28.65855017521977,29.251825522978457,29.823109193447184,30.368294348572686,30.883158899802087,31.363414289964762,31.804762554090935
564.0157924421884,14.71523880504677,15.163842161614028,15.627110664971811,16.10520936098423,16.598246488813196,17.1062636837262,17.6292252347387,18.16700639427705,18.719380760729848,19.286006784334138,19.866413482831657,20.45998549605064,21.065947658042955,21.683349321250798,22.311048728472027,22.947697793577813,23.59172771871848,24.241335941091513,24.894474962527067,25.548843665996984,26.20188176043546,26.850768015227906,27.4924229458494,28.123516591829166,28.740481989430812,29.339534888739678,29.91670020473708,30.467845630951953,30.988722785835318,31.47501620216023,31.922400392748944
561.9871866921434,14.71556163798163,15.164578182018639,15.628350631521412,16.10705633890889,16.600817143630987,17.10968965878003,17.633654606486566,18.17260519584668,18.726334560148384,19.294522299045937,19.876720206608656,20.472337308195293,21.080624377936854,21.70065816390769,22.3313256089513,22.97130842008341,23.619068406154202,24.272834068980064,24.93058899370818,25.590062635513764,26.24872413749794,26.903779834976635,27.552175101570995,28.19060117201489,28.81550753749214,29.423120456683787,30.009468067024223,30.570412524038385,31.101689547606114,31.598955711075245,32.05784375876421
560.0044800358403,14.716439481230472,15.166337826076562,15.631117697232414,16.110969196998923,16.60602778107852,17.116364526001785,17.64197542500509,18.182769702279952,18.738557158400077,19.309034588644632,19.893771351477405,20.49219420702873,21.10357159519528,21.72699757964148,22.36137574673041,23.00540341571558,23.657556586074758,24.316076116489143,24.978955693669782,25.643932203378803,26.308479155699878,26.96980383734043,27.624848862117624,28.270298765502798,28.90259224184776,29.51794055881863,30.112352610901283,30.681667002537086,31.221591489976014,31.72775006174385,32.19573789161814
558.0045756375202,14.717523811253898,15.168416127749085,15.634316236410747,16.1154264222638,16.61189515817222,17.1238073658046,17.651173689039645,18.193918766538403,18.751868512915365,19.324736446782634,19.912109139561544,20.5134309018229,21.127987874208245,21.75489174746557,22.393063399999217,23.041216810069173,23.697843671015388,24.361199208339645,25.029289762961138,25.699862760548072,26.37039972724874,27.038113032404688,27.699947035087824,28.352584281913433,28.99245735011891,29.615766857858016,30.2185060823739,30.796492547992937,31.345406880980917,31.86083918310839,32.33834314476072
555.9879906594017,14.71781162057114,15.169220721842711,15.635743879771923,16.117597183019114,16.614944281633843,17.127886723887652,17.656453296250344,18.200588349336886,18.760139114734557,19.334842045850564,19.92430825097905,20.528008129191388,21.145255369641465,21.77519053227676,22.416764492017432,23.068722097741997,23.72958646956204,24.3976444295662,25.070933628180743,25.747231985418967,26.424050108004135,27.09862736425405,27.767932294394225,28.42866800252257,29.07728311907796,29.70998884497968,30.32278250071899,30.911477919127595,31.471742953399215,31.999144331952838,32.48920007783807
553.9859287574096,14.720546162100108,15.173022154596397,15.640749984395647,16.123959200951077,16.622827816161443,17.137472622294606,17.66793849216769,18.214186640369693,18.77608184620747,19.35337866726116,19.94570670770253,20.552555048449964,21.17325599712923,21.806968374585804,22.452660620678717,23.109094073840335,23.774806854046325,24.448098853973047,25.12701841370022,25.80935131483404,26.49261277423612,27.174043139501606,27.850607982753324,28.51900325323422,29.175666083198827,29.81679175111956,30.438357201937553,31.036151421263465,31.605812876261425,32.142874184666205,32.64281415937207
551.9982336056524,14.721474950121955,15.174834737771565,15.643589745904622,16.127985256016313,16.628216191960572,17.14441743072052,17.676653070598316,18.224904630358193,18.78905817444913,19.36889038755191,19.964053657184497,20.574060266668344,21.1982658528533,21.8358523436593,22.4858106591609,23.146923535262477,23.817748908625624,24.496604381874672,25.181553364402355,25.870393550293375,26.56064844402347,27.249562669415496,27.93410179127147,28.61095733763984,29.276557632993672,29.92708494311997,30.558499301990494,31.166569256166557,31.74690964425402,32.295026447828924,32.806368718598435
549.9945000549995,14.722104370597817,15.1762878212884,15.646004401532206,16.131515367944054,16.633032990743956,17.15071090087248,17.684633375627747,18.234803531131796,18.801130410925865,19.383414987613858,19.981335129641863,20.594429628822148,21.222081436642462,21.86350031890939,22.51770520842851,23.183506612984438,23.859489518559645,24.543997311976078,25.235117328005824,25.930668697133854,26.628193224066703,27.324950055700246,28.017914892947864,28.703784457833827,29.378986843503515,30.039698253796082,30.681866491321756,31.301241396530767,31.89341229876387,32.45385243885901,32.97797028081755
548.0052608505041,14.722893949091139,15.177863469479776,15.648500534250047,16.135082960786754,16.6378412258065,17.156948912373384,17.692512086787023,18.244557569198587,18.81302008197113,19.39772828655786,19.998389753989404,20.614574956794275,21.245700421958844,21.89101124561175,22.549563240160513,23.22020506247079,23.90156075515337,24.592013218604375,25.289689214150986,25.992446572005527,26.69786433394075,27.403236591144662,28.105570774328267,28.80159110935833,29.487747864698132,30.160232889856967,30.815001787662734,31.447802896743948,32.05421311064816,32.629680456183664,33.16957332116684
546.0005460005459,14.723733040323483,15.17963127272886,15.65135410180034,16.139197260692836,16.643410593959825,17.16418851957301,17.701659394581508,18.25587374181437,18.826791314575175,19.414267002600138,20.018035616727328,20.637695632751043,21.27269202761168,21.922298403836344,22.585598670863526,23.261468633595346,23.948557927144844,24.645272828798802,25.349760568560146,26.05989584135539,26.773270288516287,27.48718575370937,28.198652119117213,28.904390482753822,29.600842342218378,30.284185304901115,30.950355659114617,31.595077934384335,32.21390138149346,32.802243149484966,33.35543786243934
544.010445000544,14.726239423036228,15.18315946982184,15.65605523590409,16.14523893987603,16.650978235248573,17.17348669153319,17.71291315691147,18.269329954295742,18.8427198815447,19.432962012474277,20.039816329261892,20.662907259998367,21.301706248437593,21.955513547031092,22.623439499150628,23.30438566120074,23.997026208147954,24.699790163397246,25.410845090672794,26.128082974353184,26.849109086335528,27.571234681148685,28.291474365254455,29.0065489407958,29.71289442130599,30.406677756115815,31.083819589638168,31.740024141155565,32.370816051967516,32.97158385081446,33.537629578708
542.0054200542006,14.727811045959145,15.185946929972092,15.66022517803737,16.150976106894245,16.658487074115975,17.182993034047676,17.72466596244833,18.283603096825804,18.85981395762998,19.453206140566454,20.06356990353105,20.690561614230777,21.333686177482004,21.992278625173917,22.665485127116348,23.35224376678505,24.05126552049064,24.761015978339987,25.479698445248694,26.205239152765994,26.935275387969067,27.66714739271555,28.39789489272594,29.12425906964053,29.842690681891106,30.549364869853505,31.24020295505955,31.910901282777306,32.55696689644673,33.17375961741755,33.75653998516675
539.9859603650306,14.728049622719174,15.186995802281139,15.66226003735858,16.154195123159823,16.66311297215855,17.189275237241283,17.732882774684963,18.29406388508256,18.87286128729617,19.469217804528515,20.082960774030884,20.713785234185544,21.361235995996353,22.024688771405906,22.703330608846475,23.39613997673522,24.101866936762544,24.81901395769363,25.54581803182106,26.280234862502482,27.019925982030127,27.76224972149992,28.50425697366106,29.242692650973297,29.974003631649534,30.6943537996005,31.39964652340702,32.08555460258541,32.74755737145877,33.380984343513454,33.981064564896904
538.0104374024856,14.729542946443756,15.189779988434218,15.666514221313406,16.160117205465546,16.670921079350084,17.199209198460917,17.74520558826039,18.30906314255521,18.89085051496976,19.490537674542846,20.10798012850306,20.7429018574878,21.394877062327126,22.06331088824956,22.74741937274988,23.44620895736151,24.158456009963274,24.882686920088855,25.617159449822136,26.359846139335637,27.10842066794697,27.860248144632287,28.61238032967264,29.36155675400614,30.104212589138015,30.83649391802198,31.554280766716584,32.25321789420357,32.928752939752584,33.576181150454445,34.19069562878792
535.9918529238355,14.73171707168187,15.192735165966592,15.670415844077313,16.165153282656583,16.67730469655411,17.207181154357087,17.755037199399307,18.32105920099512,18.905352375347636,19.50792643736477,20.12867987502562,20.767382878607275,21.42365900962882,22.09696576024383,22.786574234055244,23.49154827424169,24.21072347361046,24.942686621168157,25.685756266161146,26.4379652054982,27.197045812825078,27.960419212470942,28.725189341040362,29.488142913762353,30.24575620281509,30.99420932664466,31.72940843916695,32.44701580875018,33.1424873242937,33.81111651962836,34.44808384975184
533.9883590537727,14.732699857567942,15.194911452021625,15.673992577180014,16.170361890786598,16.684403235589198,17.21645651001053,17.766807310327806,18.335675258804372,18.92320094537091,19.529431430772362,20.154304288281814,20.79763020098588,21.459074184184065,22.138135569446355,22.83412696984885,23.546152545708914,24.273086006502126,25.013548915576028,25.765890005356365,26.528166354312013,27.29812741137762,28.07320296273258,28.850496199320116,29.626783037454942,30.398518744693696,31.161852707767956,31.91265183759784,32.64653264461079,33.35890146754194,34.04500176303507,34.69996685441123
531.9997872000852,14.734796539281854,15.198731124820469,15.679766991482754,16.178346430119277,16.69487865517663,17.22973066468167,17.783216831541253,18.35558713050847,18.947013917044334,19.557577193507562,20.18724832650331,20.835872218898903,21.503147993193604,22.188608311828727,22.891597546629697,23.611249115280327,24.346462427860107,25.095880029583345,25.85786568293184,26.63048429575059,27.411484759390486,28.198286895039818,28.98797379373293,29.777290847988,30.562652679942573,31.34015894370632,32.10561959927222,32.85458972133909,33.582413247441245,34.28427435176988,34.95525445944951
529.99788000848,14.73527133832128,15.200190422321432,15.682420400296962,16.182431495307874,16.70066374121701,17.237518011815897,17.7933457586324,18.36843735083092,18.96300892019666,19.577187630948895,20.2109953200418,20.86433049096212,21.536948695328018,22.228441404455232,22.938213560014557,23.665460101055587,24.409141895182767,25.16796165406181,25.940340584656415,26.724396710859015,27.517925983686226,28.318387463912746,29.12289398382332,29.928209742694502,30.730756226713915,31.52662763080217,32.31161656685609,33.08125025796721,33.83083665996875,34.55551908236899,35.250337012653745
528.0109826284387,14.738036906312681,15.20416026031144,15.687796232547589,16.189440120436025,16.709559597517433,17.248585909706804,17.806903766922762,18.384839815383668,18.982649583606545,19.600502809908246,20.23846708305743,20.89648976307183,21.574378198716808,22.2717783249664,22.988151810483586,23.72275203471348,24.474599308306598,25.242455909614858,26.024801691702585,26.81981121263516,27.62533354534059,28.43887611376006,29.25759405278873,30.07828666558255,30.897402510928085,31.711054450358446,32.51504557940827,33.30490633693231,34.075942240593825,34.823290693956515,35.5419842693322
526.0112566408922,14.739026043679884,15.206394419422589,15.691524797825586,16.19494476384901,16.71715750219615,17.25863315668089,17.819798851021382,18.401027241852898,19.002623479431747,19.624810462952283,20.267712297834617,20.93133589442122,21.615550694339515,22.320066575828825,23.044410076312005,23.787899183098023,24.549617084493367,25.32838544567129,26.12273797592884,26.930895282122272,27.75074224701473,28.579809412953132,29.415260062578824,30.25388482948373,31.092105691862013,31.925991042345522,32.751283128494705,33.56343847592209,34.35768092826835,35.12906570969161,35.87255155602887
523.9991616013415,14.740409077624081,15.209235735983821,15.696073149165358,16.201478527834187,16.725987361660902,17.27010486046991,17.83429601337266,18.418974121578703,19.024487662287957,19.65110534936075,20.298999273721336,20.968226035604975,21.658705825321352,22.37019947326594,23.10228357803745,23.854323938530907,24.625447666392127,25.414514542898605,26.220088410687307,27.040409653429673,27.87337010701171,28.716492046396223,29.566913173272404,30.421379745988663,31.276250084088847,32.12751057006858,32.9708058797587,33.80148442878192,34.61465888863439,35.4052801296346,36.16822121136104
522.0024012110456,14.743432762024295,15.213623928328898,15.702092177487712,16.209429641059575,16.736210353170854,17.282981905838714,17.850255690656418,18.438495566310397,19.048104789138627,19.679411047737418,20.332649454958815,21.007943374647024,21.70528300001252,22.424501660312433,23.165249917950636,23.926967635330016,24.708854346161434,25.509838465420682,26.328546120103297,27.163270680238668,28.011944410993053,28.8721140370057,29.740922380049202,30.61509855258322,31.49095939244914,32.36442481517589,33.231049431593654,34.08607202179276,34.92448319384326,35.74110977965901,36.530712339217835
519.9937600748791,14.744017867949028,15.215390381940244,15.70530131803761,16.214377738083975,16.743232159377726,17.292454384179806,17.862601870527453,18.454188463912022,19.067671302280264,19.703435705102894,20.361777863497444,21.04288516595348,21.746814027380804,22.473465143356414,23.222556173127874,23.993591971844356,24.785832653278206,25.598259977984405,26.429542836670375,27.278002940018535,28.141582233964886,29.01781402273698,29.90380027361995,30.796198046762548,31.691218359305598,32.58464094041436,33.47184811633765,34.3478803220752,35.20751432912312,36.045363143702176,36.85599374785082
518.000518000518,14.747190403939829,15.220086120106197,15.711809065961331,16.22302330290214,16.754382040040557,17.306519638918815,17.880042110277518,18.475515900545687,19.093454753079406,19.73430442103193,20.398425007728285,21.086070720092405,21.797366845729282,22.532283810787117,23.290608251431795,24.071911146169537,24.875513220644194,25.700448063625934,26.545423695843976,27.408783723700633,28.288469694309768,29.18198684275583,30.086376064450285,30.99819560353082,31.913516530443303,32.8279364460325,33.73661580156119,34.63434053300358,35.51561314740783,36.374771822472724,37.206133523284855
515.9958720330238,14.748090880770736,15.222376698028823,15.715783251415246,16.229012630435484,16.76275972096702,17.31770431970556,17.894501666987594,18.493771166668523,19.116083041763794,19.761942657845452,20.431772235400274,21.125889671246384,21.844484202843507,22.587588684892484,23.355048314238307,24.146485748686178,24.961262732843746,25.79843858745674,26.656726258219262,27.53444707653672,28.42948597572668,29.339249639102665,30.260630917870156,31.189983797047237,32.12311410135408,33.05529183957198,33.981291317663825,34.895464563853594,35.79185183343448,36.66432971037485,37.50679255553567
514.0066820868672,14.748773155353089,15.224012532894056,15.718660451537174,16.233460912230065,16.76915522989682,17.326474381733398,17.906129707391454,18.50880169709521,19.135126574315205,19.78568035145938,20.46096001263753,21.16136146064245,21.887153861284162,22.638450034802936,23.41517259195975,24.21701560607954,25.043401771017724,25.893435243320067,26.7658507348145,27.65895994385894,28.570597124480564,29.498066520600513,30.438095544293855,31.386798916075072,32.33966040033429,33.29154003727777,34.236715527125405,35.16896614733048,36.081705671923906,36.96816666971795,37.82163207033337
512.0065536838872,14.750751219633974,15.22691582206601,15.722790297666958,16.239162108524106,16.776820413196962,17.336548528042584,17.919114629747078,18.5252603890436,19.155687183012788,19.81103948912381,20.491885020473532,21.198691122105778,21.931796918465864,22.691380690494917,23.477421980174192,24.28965798859658,25.12753397624367,25.990147625574824,26.876187731404876,27.783868199794647,28.710859225228113,29.65421874188491,30.61032885150348,31.57484390800667,32.542659171872415,33.507911142775576,34.46402229545108,35.403803152828715,36.31962238428724,37.203649900158155,38.048168227798364
509.99592003263973,14.75042919518829,15.227099170774714,15.723761769125716,16.241248349974285,16.780396608331927,17.34204317683099,17.927014350537217,18.536114571470346,19.17011225129911,19.829722446244304,20.515585829688476,21.228243338435092,21.96810580344105,22.73541782420883,23.530215122233034,24.352274634991613,25.20105672074926,26.075639083167218,26.974642459050713,27.896148829504334,28.83761402204113,29.795778188500872,30.7665798780289,31.745082319311432,32.72542397340142,33.70080902864303,34.66355646301821,35.60522724510507,36.51684637873765,37.38922800224946,38.213396715826484
508.0010160020321,14.7552877392126,15.232753312900194,15.730523707222142,16.24947483033014,16.790492857738872,17.35446668595123,17.942278299758073,18.55479061170737,19.192832250091858,19.857178678187637,20.548528923005115,21.26747707882586,22.014477634532835,22.789803564128018,23.593496034188764,24.425304548927993,25.28461641825149,26.170374665727334,27.08098399271856,28.014205323096835,28.967040954459197,29.935614655180085,30.915054387257783,31.89938982716026,32.88148237053949,33.853011204777005,34.804543870170235,35.72572104833846,36.60557984274219,37.43302445519679,38.19742695867224
505.99605323078475,14.755463914693593,15.233362756665787,15.73185883449269,16.251870635122238,16.794330362077996,17.36017607718977,17.950341489950503,18.565742854428603,19.20726232152794,19.875726962949628,20.57188253167914,21.296360853344424,22.049639558090757,22.831992674645722,23.643430438314596,24.4836265506937,25.351831134599365,26.246767855023634,27.166514281710107,28.108365777450956,29.068685315320472,30.042745033613464,31.024570411034293,32.006804914273246,32.980621598084234,33.9357172376065,34.8604314467499,35.742033388019266,36.567206467839746,37.32273240977333,37.99633114477238
504.0068544932211,14.756809648872027,15.23516548700756,15.73442716538292,16.255555674902617,16.79952828518669,17.36732999355377,17.959942225695162,18.578328108032252,19.22341347705549,19.896062605692556,20.59704740814158,21.327008632161686,22.086407265849818,22.875464087651697,23.694085002532674,24.54176958870091,25.41750022465791,26.319609436330673,27.245623951960855,28.192085754916015,29.154353700294205,30.12639464542296,31.100581158347165,32.067523988962385,33.01598091679417,33.93289672178754,34.80363642132175,35.61246728706821,36.34331569282725,36.980768935135934,37.511218844821805
502.008032128514,14.757908585147327,15.236410920605707,15.736097842673802,16.257966695832234,16.80303191790602,17.372315272686667,17.966832778652822,18.58757746493354,19.23549687390789,19.91146397256761,20.616239826765,21.35042603172499,22.11440448378976,22.908261641086533,23.731693998284992,24.583891179003487,25.46339298444474,26.367917192114422,27.294156294267243,28.237544327955327,29.192000327534966,30.149663720435257,31.100650020377294,32.032872412430166,32.93199412303172,33.78159197272402,34.56361269915423,35.259177085321696,35.849723132756125,36.31838427687244,36.651401604863224
500.0,14.757461379070183,15.235925059853127,15.735844406402855,16.258248804664888,16.804183578164604,17.37469829977886,17.97083101270741,18.593587230046577,19.24391229203319,19.922655304061756,20.630522449177246,21.368016963315664,22.135362489168873,22.932405917208104,23.75849525408406,24.61232767577003,25.491762990608407,26.393598704236833,27.3133054530029,28.244726787827027,29.17975648258914,30.108021094874797,31.016616123078602,31.889969314446933,32.7099286118114,33.45618255987014,34.10709971822604,34.641004464439504,35.037790201238586,35.2806401113198,35.35754167228063
498.0079681274901,14.757579118923719,15.235444528847207,15.734961986025484,16.257180077485945,16.80315930171845,17.37395770112866,17.970611397427156,18.594108572865863,19.24535505380136,19.92512917797,20.634023053976993,21.372366650981963,22.14013040868061,22.936801291788843,23.761226559446037,24.61141922936751,25.48431973544946,26.375510344958055,27.278883651191787,28.186275459137732,29.087087467598714,29.967947745536474,30.81248656164496,31.601336490689633,32.31248605433337,32.92210428169544,33.40588666434666,33.74084405564387,33.90729552696796,33.89070533060962,33.68299967105353
496.007142502852,14.759582300911486,15.23767576843459,15.737626084045555,16.26048836147287,16.807321029755002,17.379167423784402,17.977030881357905,18.601841456949376,19.25441185609549,19.935379575490177,20.645131496742763,21.383706338489738,22.15066947121937,22.944953759772055,23.764659559193817,24.606807190495086,25.467036915050127,26.33925579902814,27.21523962501583,28.08421329638442,28.932456936905805,29.743017324987903,30.495641017192284,31.167073764383456,31.731867625272322,32.16377490800645,32.43767281082344,32.531780396572806,32.42977655051157,32.12239640880551,31.60821369659465
493.9979252087142,14.762980756463831,15.24183150627612,15.742708934699191,16.266656354004883,16.814706351040794,17.387856814199438,17.987038655701344,18.613072804190313,19.26661340087403,19.94807336084219,20.65752756686967,21.394587987904785,22.158244066959995,22.946661030342614,23.756928758871574,24.584755273461468,25.424102917893574,26.26677373319561,27.101965584480503,27.915844585398368,28.691213050592737,29.407392002871497,30.040471145173925,30.564083914173896,30.950810447543514,31.174177325043072,31.211029216660826,31.043869115655067,30.662702843423116,30.066036218614467,29.260913103602363
492.0049200492005,14.768863998915123,15.24811125558192,15.749450969961536,16.27389332535547,16.822418486066336,17.39594564845015,17.995291604666207,18.621115779508056,19.273847922671173,19.953593729553198,20.66001265875212,21.3921612116768,22.14829414925728,22.925615943515623,23.719975902680435,24.525504018857294,25.334192393204674,26.135441386050346,26.915612850089783,27.65766620013123,28.340994038057634,28.94161199993608,29.432870365954916,29.78681165928121,29.9761742125516,29.976846655818544,29.77037970711924,29.346065089578204,28.70217100020282,27.846153612470186,26.793927523197393
490.0039200313602,14.774158926585589,15.255050509806434,15.758068185790513,16.28416376120811,16.834232340843517,17.40907247318175,18.009333179751017,18.635444152264874,19.287524513127234,19.965264549042356,20.667773834745404,21.393388359461973,22.13942902586224,22.90190486756714,23.675157603976544,24.451451346145863,25.220524572995366,25.969143320612933,26.68072636814462,27.335153225423706,27.908904925726645,28.3757061028632,28.70780475387944,28.877916243338987,28.861672155795613,28.640208151110965,28.20239896304332,27.546289198882647,26.67947381254802,25.618451575411417,24.387183002542486
487.9953152449736,14.78012399003722,15.263002142313985,15.767928070335977,16.295764497220475,16.847283449433576,17.423115835694645,18.023684991716753,18.64911982013372,19.299142224445735,19.972922596934183,20.668896351465932,21.38453423193008,22.116059970697954,22.858111791826904,23.603350721003807,24.342030673484377,25.061565094162752,25.746154100958147,26.376573488500792,26.930265340252323,27.381892403016504,27.7044978625033,27.871321108009347,27.858152500555477,27.64590718136099,27.22294896290312,26.58669201001532,25.744173472833705,24.711549980420326,23.512704118655392,22.17727173022856
486.00311041990665,14.786792816365145,15.271976318547605,15.779026054243646,16.308686283963844,16.86156958975555,17.438094403218958,18.038403407874537,18.66225788199839,19.30890218131412,19.976891845829808,20.663878552788226,21.366345853647463,22.079292183277587,22.795863307396253,23.50694694519433,24.200759805235187,24.86248327760228,25.474037971505116,26.01412363244041,26.458675854068805,26.781881133182264,26.957820746151047,26.962669785521307,26.77718711543048,26.389068862828168,25.794692862705034,24.999898587978194,24.019682229966,22.87693285095157,21.60049829588598,20.222919757665345
484.00367842795606,14.794369705025296,15.28206110184681,15.791300403127684,16.322678406723238,16.876605885396312,17.453237846757375,18.052375622896577,18.67334150586747,19.314820002431798,19.974659536662823,20.64962903584858,21.335126028057672,22.02483776480566,22.710365973789667,23.38084092144963,24.022572999372755,24.618819908226556,25.14978065820612,25.592953196633886,25.923991302095093,26.118144606092745,26.152247901515494,26.007056099726544,25.669555488768673,25.13480249682422,24.406906224132985,23.49896660492737,22.432022120781408,21.2332520632183,19.933766969792593,18.566314746175284
481.997397214055,14.806259003843525,15.296847276612626,15.808544955697156,16.34175562463104,16.89664781931265,17.473065247592533,18.070412078242352,18.687507986515342,19.32240742051001,19.972178058535253,20.63263528048932,21.2980336024932,21.960723694033298,22.61079632249199,23.235753685150907,23.820274254076487,24.346166669415158,24.792633200423317,25.136968586094852,25.355785188962457,25.42676378730541,25.330784922736125,25.05413763951886,24.59039979559722,23.94160050067189,23.118422182537074,22.139420729942525,21.029447341135587,19.81757833666784,18.534884772740334,17.21232784857146
480.00768012288205,14.81724287499762,15.31096176572024,15.82522787680304,16.360224216604795,16.915837724257425,17.491555126538078,18.08633162395735,18.6984274837636,19.32520803194239,19.96290408010711,20.606333262242003,21.248589141102478,21.880715540131558,22.491399538263988,23.066738273388218,23.5901602764939,24.042605516223503,24.403077885796986,24.64966257675529,24.761032534480904,24.718350220941783,24.507327842665926,24.12009516252769,23.556500509814896,22.824566952645483,21.940012518871395,20.924947086962504,19.80600635464507,18.612241377740986,17.37305998258408,16.11644534846055
477.9886238707519,14.826613516931275,15.323229539585888,15.839705357402416,16.375976128411295,16.931616296494596,17.50572160061146,18.0967624637164,18.702404706543277,19.31929478006888,19.942809515920633,20.566775616508767,21.183172797136574,21.781847675854674,22.350283643005824,22.87349390315833,23.334126438941762,23.71288195171473,23.98933529980642,24.143202829914518,24.156005363938437,24.012952535745395,23.704758058217596,23.22904182619501,22.59102304627667,21.803353485778512,20.88512854486168,19.860276321049177,18.755613420868865,17.598862916848052,16.416876341367722,15.234219031916453
476.009139375476,14.838196052718441,15.337787319465521,15.856394102128814,16.39366328714663,16.94881101822566,17.520491693822084,18.10663803202869,18.70426963677763,19.309269791370316,19.916134467208344,20.517704624304418,21.10490366032296,21.66651681871707,22.189067841410765,22.65686720718572,23.052319430655686,23.356573564203668,23.550568650923523,23.616455883945104,23.539276777624536,23.30866820733328,22.920294793147963,22.376718293819952,21.687514086563908,20.868605290789134,19.94094701817285,18.92880337750675,17.85789524422759,16.753666452570315,15.639846200987916,14.537403352968086
474.0010428022942,14.84891340441823,15.351252630354125,15.871664982350854,16.409492565764612,16.963577006593887,17.532117310557393,18.112499646842494,18.701098462126332,19.2930517503281,19.88201901761473,20.459939226134008,21.016818267635443,21.540591014849806,22.017119769942443,22.43040430957557,22.763080682596822,22.997265970852933,23.11575538240628,23.103496042341977,22.949164721240447,22.64659793867055,22.19580148291885,21.603324994758538,20.881914113518008,20.04950413465035,19.127742994270825,18.140293595237225,17.111161446503612,16.063241335291277,15.017202233903822,13.990755201161305
472.00981780421034,14.861485014795985,15.365263383120828,15.885965000084832,16.42259985355481,16.973608895717962,17.53671381330579,18.108741201839038,18.685423052282356,19.261180006420208,19.82890083346434,20.379741491126097,20.90297989222633,21.385976862005375,21.814306499433854,22.1721243345673,22.442830993272807,22.610054171005388,22.658909218880854,22.577416701540123,22.35787704960886,21.997960792515684,21.501294912195185,20.877415009772513,20.141082575939233,19.311092357867217,18.408777542294448,17.456443468945,16.475931034622896,15.487449823343006,14.50875096060032,13.554647589608766
469.9910701696667,14.871467181197115,15.376968530075365,15.898160189624065,16.433698958502593,16.981605289785897,17.53910794653285,18.10246706340174,18.666780443031286,19.22578350376222,19.77166127776348,20.294901299621856,20.784228365305097,21.22667376047719,21.607838369586442,21.912404665683795,22.124929693357764,22.23090508847925,22.21800386439306,22.077361926965118,21.80469056574371,21.40101113016883,20.872857482559198,20.23189391332998,19.494013042278546,18.678071879683902,17.804469859461946,16.893766741264777,15.965494376907985,15.037254838696475,14.124136530888265,13.23843132565688
467.98951703481845,14.88138117314588,15.38752587691115,15.907956231713067,16.44095973901115,16.98412544323726,17.534187610440085,18.086853420558384,18.636622655709147,19.176613751019836,19.698419040476356,20.192022141695098,20.645820696387727,21.046805075717877,21.380943350579184,21.63380885491107,21.791454069374915,21.841483073736384,21.77421289507925,21.583759972782307,21.26886480887196,20.83329274444356,20.28572146146648,19.639125645409717,18.909764172828055,18.11593709276248,17.276696109605155,16.410668168086154,15.535102772332746,14.665197524575605,13.813706637009467,12.990801203252158
466.0049396523603,14.889517942292565,15.396376890745811,15.91605056735976,16.446447678826235,16.98472113627051,17.52711434943413,18.06879841100013,18.603711361578604,19.12441760353487,19.622013943252416,20.086117711163006,20.504979794883496,20.865767637855896,21.15505552882463,21.35953716252422,21.466936525039,21.467041733193224,21.35273479169277,21.12085691047884,20.772751813318493,20.314375448632727,19.755939813993447,19.11114716896282,18.396141525257335,17.628338826741675,16.82529256084942,16.00371730651615,15.178744265764408,14.36343443276982,13.568536200637462,12.802448906785632
463.9940608760208,14.902087889488312,15.408442045423643,15.925974349369753,16.45221111591925,16.98387634485353,17.51674607039785,18.045501815840833,18.563597303677394,19.063159450594963,19.53495229627474,19.96843940323921,20.351983829415097,20.67322134275552,20.9196280881354,21.079275761560176,21.141726737431572,21.098975968605234,20.94630949147569,20.6829369231028,20.312278173992826,19.841841276009678,19.28270359606458,18.648679985966332,17.955308431802084,17.218797027565927,16.455058498122018,15.678921206542155,14.903561907715192,14.14016615683127,13.397793331287586,12.683406371845946
462.00046200046205,14.90816443559196,15.413074473220918,15.92745620871085,16.44846782573236,16.972430476684266,17.49469494123404,18.00951614578052,18.509952126566077,18.98781043243253,19.43367120238368,19.837020376392125,20.18652594001861,20.470481438814463,20.67742141706737,20.79688247964133,20.820245295540534,20.741556377148427,20.558206852282424,20.271350397269625,19.885978153388507,19.410627568719672,18.85676795185034,18.237958953293138,17.568905805273108,16.864533759143175,16.139179859186886,15.40596388201995,14.676362774401536,13.959981885895468,13.264495317960764,12.595717028912873
460.0027600165601,14.915566405661737,15.418717716837564,15.929533992557472,16.4448020103098,16.96044640007903,17.471413133294497,17.971570295773862,18.4536446043791,18.9092175964733,19.32880971727547,19.702081599971844,20.018177034300585,20.266218869949896,20.435946146268297,20.51844980185492,20.506931341916232,20.397383614448326,20.189086101154714,19.884825697345033,19.4907963975966,19.016187053390492,18.47251961181593,17.872836575625914,17.23084841177008,16.560140450192378,15.87351191873875,15.182486791673346,14.497005350049752,13.825281843680647,13.173799184866395,12.547405525986177
458.0012824035908,14.922499539181546,15.422910417859065,15.92914149728951,16.437640247943293,16.94398239550825,17.442775869020647,17.927591002848413,18.390936390507843,18.824303914975687,19.218308523819335,19.562946235641242,19.84798543020376,20.063490104905082,20.200449773923218,20.25146244372468,20.21139147916612,20.077903102649497,19.851796429308614,19.537064796348538,19.140670597729542,18.672064422120567,18.142519682213816,17.564376279351773,16.950288102301226,16.312552871418895,15.662576459507607,15.010495312622352,14.364956007237023,13.733033518374965,13.120260064402434,12.530733347371251
455.99635202918375,14.928784881357075,15.426045856961931,15.927211724206183,16.42840126835718,16.924863892439983,17.410907653729716,17.87986225214976,18.324096453692004,18.735111876921863,19.103734643864403,19.420421269019073,19.675683751903502,19.860620702739784,19.967518185915495,19.99046033760056,19.925872567613833,19.772916478461674,19.533669916836264,19.213056685786544,18.818531210580282,18.35956304933836,17.846994362859867,17.292354497830257,16.707209730158244,16.102607667024415,15.488651560954889,14.874216070317525,14.26679699131719,13.67247499057439,13.09596727215198,12.540740162011751
454.00889857441206,14.934798336334653,15.427907324919431,15.922971905000013,16.415819106544834,16.901424913696868,17.373868916259266,17.826331394476444,18.25115136984225,18.639964744654332,18.983938840440512,19.274112002778033,19.50183366827059,19.65928202130025,19.740015858509622,19.73949946072092,19.65553019729538,19.488503253525696,19.241467730381277,18.919959904855308,18.53163492236727,18.0857484685525,17.59255793266091,17.06271550110139,16.506715372721573,15.934438750761807,15.354819107075905,14.775631075945418,14.20339197181667,13.643356206055344,13.099579295790672,12.575028476887015
451.99783041041405,14.938180752721308,15.426288090156104,15.914392798581032,16.398069653705367,16.872075252382416,17.330330626543024,17.765952211490454,18.171347833285548,18.538393115456955,18.858698805085382,19.123970076280926,19.326444879799507,19.459381384623654,19.517547833145606,19.497656426684724,19.398680919316682,19.2220082295993,18.971396768354847,18.65274355960461,18.27369133750134,17.843128528189773,17.370644937502316,16.866003476098847,16.33867612642037,15.797475111017558,15.250292386237001,14.703945492029302,14.164117149823841,13.635370089035893,13.121216715073446,12.624224281716424
450.00450004500044,14.942391751465966,15.424826129471324,15.905303287137947,16.379185676284624,16.84106399855541,17.28476836684739,17.703431984734777,18.089621350276566,18.43554400553239,18.733338301799492,18.97543920023192,19.155000486040358,19.266339061588173,19.305354661757445,19.269872450165145,19.159859738755536,18.977482406804985,18.72698914088275,18.414437256118187,18.04729640109999,17.633980828613783,17.183364807044754,16.704329926090782,16.20538055288603,15.694348412062931,15.17819265724809,14.662890163452184,14.153403073219005,13.653706786974201,13.166860870221912,12.695106780483028
448.00860176515386,14.945498991512265,15.421084599613764,15.892780944870976,16.355792723311996,16.804613148555333,17.233062755720404,17.63438268964142,18.001393214337714,18.326723787333666,18.60311344548085,18.82376965901189,18.98276147333441,19.075411067899577,19.09864000919673,19.051225549588516,18.93393009086104,18.749482820079358,18.50241342076492,18.198758870536714,17.84568080656935,17.451039489099326,17.022970191608195,16.569500382028306,16.09823422886556,15.61611793655723,15.129287735398124,14.64299353582048,14.161585790660869,13.688550718134543,13.226579030153308,12.777654869366131
445.99054500044593,14.946457940413156,15.41438736308073,15.87652048475302,16.327952102866707,16.763137317898824,17.175956529485724,17.559834830262304,17.907922885973747,18.213340963149857,18.46947972069365,18.670341388564225,18.81089459484745,18.8874077486085,18.897722187663806,18.84142929752521,18.719926007226388,18.53633893203143,18.29532563810063,18.00277795854252,17.665463487293053,17.29064546731995,16.885718435259623,16.45788896217977,16.01392019084108,15.559948080732132,15.101368139744402,14.642784887300724,14.188012527016854,13.74011394851819,13.30146560894578,12.8738374000605
443.9905873995471,14.945948029897218,15.40579399689917,15.858043030477834,16.297733498868972,16.719343464987116,17.116878746853185,17.48401329885822,17.81428532160506,18.101346503803548,18.33925389366793,18.522785079622835,18.64774932545337,18.711262178412365,18.711950820830918,18.650063136942606,18.52746469148485,18.34752253065163,18.11488979255225,17.835217312745485,17.514825393632602,17.16036986311704,16.778532209016127,16.375755723697754,15.958040357878357,15.53080022487797,15.098780657560312,14.666026947639956,14.235894370887163,13.811088443018395,13.393725026773348,12.98540138675001
442.00848656294204,14.939063006217228,15.389635723726359,15.830918825980772,16.25796025104516,16.665334559668104,17.047249905296187,17.39770323825069,17.710683663276736,17.98041777897465,18.201643603656994,18.369892485079482,18.4817528090785,18.535087073238227,18.529176241412284,18.464772516532165,18.344052750294328,18.17047750667271,17.948572642123235,17.683658780656604,17.381557849705647,17.04830477869305,16.68988752869947,16.31203143067109,15.920036055479722,15.518665880372975,15.112090676097091,14.703868106334978,14.296959387570853,13.893768645979282,13.49619738512802,13.10570682210509
440.0052800633608,14.929992633212423,15.36994202370742,15.798960243356323,16.212165640163484,16.604297686407268,16.969838933141247,17.303179373359548,17.598819946611215,17.851606173022898,18.056976782122057,18.211206864841614,18.31162189605813,18.35675915865729,18.346457256814354,18.28186221069116,18.16534876724032,18.00036605405057,17.791225450667746,17.542853965475942,17.26053780933429,16.949678552332863,16.61557927345911,16.263271825149317,15.89739002302655,15.522088184941316,15.141000497038528,14.757234296227464,14.373389363945911,13.991595409327862,13.613560722387676,13.240626172380779
438.0009636021199,14.911874524757357,15.340494635067929,15.756766070274391,16.15594237409853,16.532991358629094,16.882726126237202,17.199971607044663,17.479760892639284,17.717550603285705,17.909439722370973,18.052372816179258,18.14430738099418,18.184326954682696,18.172686701712372,18.1107857562347,18.001069337411383,17.846871855750795,17.6522183751765,17.42160490980071,17.159777909130806,16.871530422946588,16.56152779755566,16.234170433042813,15.893496079331502,15.543120017992015,15.186208577227765,14.825479781195897,14.463224369510135,14.101340670189764,13.741377583531671,13.38458098198434
435.9958144401814,14.890266070743083,15.306491946723895,15.709092979550018,16.093516885246377,16.455018552680322,16.788795055608425,17.09014853229984,17.35466944917192,17.57842866401575,17.758163310112774,17.89143968469055,17.976776750484497,18.01371686456782,18.00283568544342,17.945690047971365,17.844709704407556,17.703044899502355,17.52438574399587,17.31277076505068,17.07240092904688,16.80747241823105,16.522037323097717,16.21989703122072,15.90452913235512,15.579045548724395,15.24617751160213,14.90828190879705,14.567363260335501,14.225105920748286,13.882911831228558,13.541940058734456
434.00894058417606,14.857449918038295,15.260433142862691,15.648750840989276,16.01810205616174,16.364080044393774,16.682305782749356,16.96858159761774,17.21905647838806,17.430391591352116,17.59991244253645,17.725733671757705,17.8068439855626,17.843142262120388,17.835420941163314,17.785298614313977,17.695109232953307,17.5677596030247,17.406569200404917,17.21510661911006,16.99703539171881,16.755979038392734,16.49541167769226,16.218576999236905,15.92843533176285,15.627636217372078,15.318512412305674,15.00309052164119,14.683113398243352,14.36006981777152,14.035227606439506,13.709667196390741
432.0027648176948,14.811842226348888,15.199952587460961,15.572587577598787,15.92576175106512,16.255464493220753,16.557786624775765,16.829059574653364,17.065998523889068,17.265838935355838,17.4264549801798,17.546448929641954,17.625202736563583,17.662886592623025,17.660423705740236,17.619415162955328,17.542032752750856,17.43089038545799,17.288905926842947,17.119164840941746,16.924795308533884,16.708861913047716,16.47428208106034,16.223766682758338,15.959783862219759,15.684543451921325,15.399998270437976,15.107858148805247,14.809612563898458,14.506558138798663,14.199827866324094,13.890419607381261
429.99656002751976,14.762388063030935,15.13597484444356,15.493598886832219,15.831613568470724,16.146411885590517,16.434542362048305,16.6928312259397,16.91850273625483,17.109288443855966,17.263516109446925,17.380170166375834,17.458917976914258,17.500099407409348,17.50468095299525,17.47417918539228,17.41056112050812,17.316130809203774,17.193411884715204,17.045035038672708,16.873637720448983,16.681781139699503,16.471887286397408,16.24619649029833,16.006744244115687,15.755354723331077,15.493647667409618,15.223054991163087,14.944843580591646,14.660141089057486,14.369962083691982,14.07523250796098
428.00890258517376,14.698797153433885,15.056923046511464,15.398851237291284,15.721308866877505,16.0211166657254,16.29529121482734,16.5411481733489,16.756399273377518,16.939235507050086,17.088389457084244,17.203171196892935,17.283474481932753,17.32975277033756,17.342967532885034,17.324513897520422,17.27613054970967,17.19980175073662,17.097659295967258,16.971891335719896,16.82466346228318,16.658055619329907,16.474016495696315,16.274335350665112,16.060629832540958,15.834347368852326,15.596777132228762,15.349069381761614,15.092259078998989,14.827291002721637,14.555044059299457,14.276353034830922
426.00323762460596,14.624787310332648,14.967998181675817,15.29514001486119,15.603316289315199,15.88975983483127,16.151919942393167,16.387546766965464,16.59476700034598,16.77214489376775,16.918723531547254,17.034042765154254,17.11813224946623,17.171480310821497,17.1949815952572,17.18986828164835,17.157630859844204,17.09993494737878,17.01854035829022,16.915227763223157,16.791736982217525,16.649719446958176,16.49070585945257,16.316088718640202,16.12711829063006,15.924909813982183,15.710459266073022,15.484664845341905,15.248351402339843,15.002295325176911,14.747247794519973,14.483954813974243
423.998304006784,14.545808992001884,14.87419000127601,15.186873043990053,15.481337746031846,15.755216485594095,16.006366062931733,16.232934180925742,16.43341594446202,16.60669598196844,16.752072725208038,16.869262779117165,16.958385012323575,17.019925781385556,17.054688329516054,17.06373066284222,17.048296959531577,17.009747752554258,16.949493776908785,16.868937588888755,16.76942599251808,16.652215102165464,16.518448672148565,16.36914924534822,16.205220788464896,16.027460831391398,15.836579722854664,15.633224442959312,15.418004449922162,15.191517248436817,14.95437171087847,14.7072076176017
421.99434527577336,14.462492600740081,14.776368356806145,15.07517195540599,15.35674194961963,15.619079477448091,15.860405267182545,16.079210203356503,16.274295817841125,16.444801591420536,16.590216848615487,16.71037621896756,16.805438985731527,16.875853982417997,16.92231286317047,16.945695428199617,16.947011145568688,16.927341051985486,16.88778387226859,16.82940954813558,16.753222514767494,16.660136116143008,16.550958604932728,16.42639030758191,16.287030804803177,16.13339441490432,15.965931886888296,15.785056012911404,15.591168846035323,15.384688341970243,15.166072508897479,14.935839518085347
419.99160016799664,14.378688134918917,14.679269580395417,14.96557257496874,15.235762562592447,15.488168397863717,15.721326496258095,15.934018102221868,16.125297005646527,16.294505581990055,16.44127782897287,16.565529046109905,16.667432845374208,16.74738717255129,16.805971847384644,16.843900710073626,16.861971743341982,16.861018515846133,16.841865993947614,16.805293251585656,16.752004943080394,16.682612664175643,16.597626578449415,16.497456983124444,16.38242487039703,16.252780035288335,16.108724906234517,15.95044203992935,15.77812313074261,15.59199743475212,15.392357689825602,15.179581909612118
418.00777494461397,14.296838093117623,14.58614699132412,14.862119329457748,15.123197053184398,15.367977853270764,15.595248888113618,15.804013836567862,15.993511348939505,16.16322346546882,16.312873240358996,16.44241158185433,16.55199411502746,16.641949609606357,16.712742115025303,16.764929353357314,16.799120108629413,16.81593331650076,16.815961323475904,16.799739388617382,16.76772299056844,16.72027392715227,16.657655598150377,16.58003728130846,16.48750667695933,16.380089531380378,16.257774772015708,16.120543314596542,15.968398545593692,15.801396452027825,15.619673467374776,15.423470322141409
416.0079873533571,14.215700844355682,14.494199407902595,14.760439948625478,15.013114227247302,15.251056375179068,15.473267827567412,15.678936205513375,15.867446794736455,16.038385691789635,16.19153421933221,16.32685480112078,16.444469078939004,16.544629590855642,16.627686763743313,16.69405326753775,16.744167916191042,16.77846128004804,16.79732501058421,16.801086595456994,16.78999088917663,16.76418933265454,16.723737311396746,16.668599631532658,16.598663636176667,16.513759060587905,16.413683351223494,16.29823086923181,16.167224181420828,16.020545528171183,15.858166561275466,15.680174571568042
413.99296211964395,14.144415155208485,14.413469492608755,14.671377307975172,14.917039225592681,15.149482256037516,15.367877932875384,15.571555174103036,15.760006928227055,15.932890006365675,16.090017911119222,16.23134691589299,16.35695608625025,16.467022329889474,16.561791881759913,16.641549852669673,16.706589581548315,16.757183532222875,16.793557373113604,16.815868686812788,16.82419149333718,16.818507453684628,16.79870426575289,16.764581387613703,16.71586283739923,16.65221643861589,16.57327852001968,16.478682758173203,16.36809158877268,16.241228431240046,16.09790889000619,15.938069130671106
411.9973632168754,14.080564836032925,14.342238449979945,14.59389873755378,14.834612079699996,15.063554107536506,15.280022890642774,15.483447654066499,15.67339235770304,15.849553738261026,16.01175372561879,16.159926478145966,16.29410060931008,16.41437747525128,16.520906638401435,16.613859799956796,16.693404595304916,16.759679669301054,16.812772396083407,16.85270048817935,16.87939856113128,16.89271049221357,16.89238814389183,16.878096722708204,16.849426720535973,16.805912047206835,16.747053623647453,16.67234737889995,16.581315302811078,16.47353797196528,16.34868681377321,16.206554324295062
410.00410004100036,14.027666271098433,14.283206119248794,14.529831327867198,14.766742564752912,14.993233146861355,15.208698586560908,15.412642413683644,15.604677792491236,15.78452465663033,15.952002320151061,16.107017772478322,16.249550112251644,16.379631802172643,16.497327619769145,16.60271232628363,16.695848170925586,16.776763387780235,16.845432828373383,16.901761807119545,16.945574123552007,16.97660506837795,16.994500023680185,16.9988190344135,16.989047462621354,16.964612543118488,16.924905348422225,16.86930735445249,16.79722049486595,16.708099323311913,16.601483694810796,16.477030255342875
407.99673602611176,13.982969927050396,14.233891995590007,14.476962148177014,14.711483425921138,14.936835579414776,15.152482094401662,15.357974169965624,15.552951287554446,15.737138162453814,15.910338045555216,16.07242253158622,16.223318218597708,16.362990740881393,16.491426853405322,16.608615372209147,16.714527866400825,16.809100050281526,16.892214837526943,16.96368799340714,17.02325725643637,17.070575698288167,17.105209950684415,17.126643750554724,17.134287040910483,17.127490617065394,17.10556603149997,17.067810175485693,17.013533656356355,16.942091806075577,16.852916913802215,16.745550098841765
405.99244854045713,13.94855293399893,14.195574400928503,14.435760802628526,14.668499386237025,14.893239509498445,15.109497807612147,15.316860902222835,15.514985374678956,15.703594838849465,15.88247407945023,16.051460362964836,16.210432172093483,16.359295753471596,16.497969995058504,16.626370258144178,16.74439187478342,16.8518940814373,16.948685191582417,17.034509812630162,17.109038884495245,17.17186325723138,17.222491431678307,17.26035195827699,17.284800823771587,17.295133953433982,17.29060472024684,17.27044608847026,17.23389673832392,17.180230237600455,17.10878606631965,17.019001086976463
404.00775694893343,13.926241968119205,14.171378168066301,14.410629335531352,14.6434385547573,14.869297684118617,15.087751369401426,15.298399094421107,15.500895041945224,15.694945621007909,15.880304614245656,16.056766006351943,16.2241546669972,16.382315173241146,16.531099162427754,16.670351702170652,16.799897245381974,16.919525802160702,17.02898000410993,17.127943757999734,17.21603318238751,17.29279049041471,17.357681421812817,17.41009673434365,17.44935813696879,17.474728882567593,17.48542903767239,17.480655214364685,17.459604293367725,17.42150040066003,17.36562414083884,17.291342861353925
401.9938896928767,13.909747490558793,14.153173915978527,14.391599013762244,14.624513868461653,14.85144676845146,15.07196632375392,15.285683031606487,15.492249103179935,15.691356425073675,15.882732601307005,16.066135102723106,16.24134363771614,16.40815094737519,16.566352315854278,16.715734169516974,16.856062212927895,16.98706961313253,17.10844579316781,17.21982642875156,17.320785255891533,17.410828288783147,17.48939101359804,17.555839061215675,17.60947276742173,17.64953590018686,17.6752286695673,17.685724938374403,17.68019332649107,17.65782165843123,17.617843957041412,17.559568955096783
400.0,13.903463320222606,14.146672328713732,14.385700992838963,14.620071690688363,14.849333622332733,15.073065349516137,15.290876123003324,15.502405839253909,15.707323511283,15.905324191841673,16.096124348798522,16.27945576073916,16.45505807289342,16.622670226917293,16.782021050083753,16.932819357361872,17.074743981009117,17.20743419399298,17.330481033050734,17.44342005157856,17.54572603865433,17.636810224926304,17.71602045527516,17.782644738646066,17.83591848442068,17.875035600617924,17.899163462650698,17.907461565900217,17.89910345834804,17.873301322505686,17.829332354632218
