wavenumber,thetaR_0,thetaR_1,thetaR_2,thetaR_3,thetaR_4,thetaR_5,thetaR_6,thetaR_7,thetaR_8,thetaR_9,thetaR_10,thetaR_11,thetaR_12,thetaR_13,thetaR_14,thetaR_15,thetaR_16,thetaR_17,thetaR_18,thetaR_19,thetaR_20,thetaR_21,thetaR_22,thetaR_23,thetaR_24,thetaR_25,thetaR_26,thetaR_27,thetaR_28,thetaR_29,thetaR_30
2000.0,21.36212207592844,22.179211568183213,23.030854615482816,23.917720984683122,24.84029071609583,25.798805771000644,26.79321399069746,27.82310467002143,28.887635149963447,29.985448018723197,31.114578809796235,32.27235454037953,33.45528409508606,34.65894239199882,35.87785154449154,37.10536393267604,38.33355429537032,39.55313068652175,40.75337736879702,41.922146247357404,43.04591682653024,44.10994707075825,45.09853766902836,45.99542830170876,46.78433471306168,47.44961838556504,47.9770567454226,48.35465430485436,48.573410514703475,48.62794711599631,48.51690424003243
1998.0019980019981,21.36212207592844,22.179211568183213,23.030854615482816,23.917720984683122,24.84029071609583,25.798805771000644,26.79321399069746,27.82310467002143,28.887635149963447,29.985448018723197,31.114578809796235,32.27235454037953,33.45528409508606,34.65894239199882,35.87785154449154,37.10536393267604,38.33355429537032,39.55313068652175,40.75337736879702,41.922146247357404,43.04591682653024,44.10994707075825,45.09853766902836,45.99542830170876,46.78433471306168,47.44961838556504,47.9770567454226,48.35465430485436,48.573410514703475,48.62794711599631,48.51690424003243
1996.0079840319365,21.361855724750566,22.178744795077897,23.030182688719773,23.916841592599557,24.839204650554258,25.79751773323868,26.791733532960446,27.82144728516889,28.885823518670005,29.98351341939682,31.112562689197212,32.270310232249564,33.45327865880737,34.65705852215918,35.87618947392852,37.10404321496216,38.3327153071965,39.552935636752416,40.754010542234816,41.923813154592324,43.04884188959811,44.11436946794873,45.10470501842076,46.003588012390466,46.794723099138466,47.46244802097848,47.992502993783816,48.37284238916811,48.5944047544173,48.651743912476675,48.5434299670262
1994.0179461615155,21.363352325680776,22.18117625530454,23.03363611586743,23.92140872066753,24.844981405464846,25.80460358165858,26.80023056506717,27.83145897482511,28.897453097299646,29.99686179329976,31.127725824971296,32.28737593271804,33.472322654277285,34.67813981165351,35.899344871951754,37.12928109630245,38.36000860145496,39.58221421295049,40.7851532492443,41.956639950308194,43.08310669947366,44.14975464779227,45.14081852252385,46.039964523567704,46.83083037134414,47.49769941383327,48.0262765619811,48.40450593041513,48.6233450554484,48.67739734770285,48.56531095605151
1992.0318725099603,21.366374795992563,22.184509574206768,23.037296210087202,23.925410742984177,24.84933928974066,25.809329501666348,26.805334283353837,27.83694706751406,28.903328041110647,30.003120902517416,31.13436002910809,32.29436839083868,33.47964721020434,34.68575930659061,35.907209348663,37.13732595321773,38.36815278719361,39.59035859254978,40.79317932240664,41.964409156438016,43.09046059737871,44.15651629713876,45.14679539994832,46.04495325316629,46.83462341050432,47.50009359460539,48.02708305536945,48.403560827884675,48.62051944476545,48.67260561723132,48.55851618513668
1990.049751243781,21.37041450585966,22.188168968729315,23.040534936157737,23.9281869652653,24.85161011977623,25.811051574564363,26.806464510905865,27.837443599614947,28.903151469751137,30.002235743931802,31.1327365191486,32.29198462532149,33.47649165448199,34.68183368518197,35.902531904165485,37.131935031220536,38.36211065748358,39.58375535366928,40.78613665478015,41.957083589772935,43.08304584716288,44.14924411786302,45.139934326425234,46.03880459674628,46.829513994083136,47.496364994348234,48.025077583671624,48.40360509718347,48.622906973382534,48.67758039232421,48.56625919956026
1988.0715705765408,21.370283181463968,22.188105101364545,23.040561494155718,23.92833123202309,24.85190434020656,25.811533671578477,26.807178871197817,27.83844192428389,28.904493680004833,30.00399092480785,31.134983874335344,32.29481440315516,33.480005988416764,34.68614727092051,35.907772409899636,37.13824310733169,38.369639378924006,39.592668895238646,40.796607972567806,41.96929087098875,43.097167509944576,44.165452211292006,45.158386319302096,46.059633766721596,46.85281893448036,47.52219911070102,48.0534397793577,48.434433033530475,48.65607421358742,48.71289832947845,48.60348396334604
1986.0973187686195,21.370071082230655,22.187768391703944,23.040100739837122,23.927749343014902,24.85120713919741,25.810730556950816,26.806283583467476,27.837473423618455,28.90347713985469,30.00295884247486,31.13397729289404,32.293884229824,33.47921438141261,34.68556904907983,35.90749641596705,37.13837342603967,38.3702962746077,39.593989291696126,40.798745253230315,41.972413736596174,43.10145760496042,44.17110023612458,45.16558640511826,46.06857602680769,46.86368033701728,47.53513313755724,48.06856570242415,48.45182596806607,48.6757572790218,48.73483815268771,48.627590354445374
1984.126984126984,21.37164573595068,22.190135288383434,23.043318847985073,23.931878038834434,24.856305243497243,25.816855113512368,26.813488334623287,27.845806935494455,28.912980527821755,30.013663047759128,31.145899865274416,32.3070255806161,33.493553487778094,34.70105861804745,35.92405755805641,37.15588994831595,38.38860878589349,39.61288942241823,40.817970430479704,41.99164311753378,43.1203099449652,44.18913462287521,45.182306876543784,46.08344103892485,46.87611777531485,47.54456100639186,48.07441777397612,48.453580627316995,48.67296679709004,48.72715498221311,48.61478706593464
1982.1605550049555,21.37164573595068,22.190135288383434,23.043318847985073,23.931878038834434,24.856305243497243,25.816855113512368,26.813488334623287,27.845806935494455,28.912980527821755,30.013663047759128,31.145899865274416,32.3070255806161,33.493553487778094,34.70105861804745,35.92405755805641,37.15588994831595,38.38860878589349,39.61288942241823,40.817970430479704,41.99164311753378,43.1203099449652,44.18913462287521,45.182306876543784,46.08344103892485,46.87611777531485,47.54456100639186,48.07441777397612,48.453580627316995,48.67296679709004,48.72715498221311,48.61478706593464
1979.8059790140567,21.37151439602642,22.1900714093759,23.04334541260044,23.932022351610353,24.856599579218983,25.817337436104992,26.814203085862257,27.846805889146797,28.914323699533565,30.015419643685846,31.148149242568614,32.3098581798342,33.49707168040652,34.70537739111475,35.929304931874064,37.162206993025976,38.39614906901718,39.621817686140396,40.82846026993563,42.00387341979638,43.134459867426564,44.20537695840858,45.20079979197035,46.10431839834247,46.89947856897505,47.570458765075685,48.10285118096181,48.48448672920477,48.70621813814022,48.762561572083214,48.65210337474496
1977.8481012658226,21.371302271713443,22.189734638335075,23.04288454347825,23.931440276993573,24.855902105011538,25.816533945693894,26.813307308170952,27.845836778287875,28.91330643120578,30.014386729261513,31.147141755410352,32.30892707905302,33.496279204180645,34.70479847387836,35.92902857619493,37.162337497039914,38.39680697364233,39.62314026388414,40.83060133196068,42.00700217643841,43.138758550765836,44.21103692084229,45.20801585440592,46.11328135958927,46.91036602086242,47.583424681023004,48.118015117164724,48.50192380993438,48.725951170009864,48.784556535223565,48.67626912782404
1975.8940920766647,21.372877111634853,22.192101966508325,23.04610345351854,23.935570289879344,24.861002207208816,25.822661368328472,26.820516002797564,27.85417554144347,28.922816627958984,30.02509956629528,31.159075058068417,32.322081535963456,33.51063405983104,34.72030667681321,35.945611432019085,37.179878935465126,38.4151476220077,39.642071629902055,40.84986053749867,42.02626784815649,43.15764864868451,44.22910944313137,45.22477344585291,46.12818080088078,46.92283330292979,47.592875805442674,48.12388190220958,48.50368292463701,48.72315360172185,48.77685404919581,48.663434303545856
1973.9439399921043,21.375635644514055,22.19497118799886,23.049094569306853,23.938696158524323,24.864277581508293,25.82610316368395,26.824143592369044,27.858011076363148,28.926885378682545,30.029430278112894,31.163700309636365,32.32703808418897,33.51596314727092,34.72605426870011,35.951828338992456,37.186620765212204,38.42247448896221,39.65004753837842,40.85855234288404,42.035743697478914,43.16797581246531,44.24035148309878,45.23698672639517,46.14141045175333,46.93710887432549,47.60820700735118,48.14025495284356,48.52105809717875,48.74146450415332,48.7960089730206,48.6833196574904
1971.9976336028396,21.37555874378681,22.19503781679496,23.049333079187335,23.939139159861973,24.864962478578068,25.8270727323106,26.825446595018935,27.859702905599338,28.9290287145497,30.032095737926195,31.166967059418468,32.33099436920503,33.52070668436163,34.73169242514276,35.95847800148129,37.19440777890257,38.431532522102735,39.66051620631051,40.870574412097376,42.04946119528048,43.18352490365738,44.25785605774368,45.25655078774028,46.163109608886586,46.96098152025152,47.63424605985869,48.16840127595281,48.55119680101031,48.77342514304451,48.82957018715657,48.71821809945772
1970.0551615445233,21.37555874378681,22.19503781679496,23.049333079187335,23.939139159861973,24.864962478578068,25.8270727323106,26.825446595018935,27.859702905599338,28.9290287145497,30.032095737926195,31.166967059418468,32.33099436920503,33.52070668436163,34.73169242514276,35.95847800148129,37.19440777890257,38.431532522102735,39.66051620631051,40.870574412097376,42.04946119528048,43.18352490365738,44.25785605774368,45.25655078774028,46.163109608886586,46.96098152025152,47.63424605985869,48.16840127595281,48.55119680101031,48.77342514304451,48.82957018715657,48.71821809945772
1968.1165124975396,21.37555874378681,22.19503781679496,23.049333079187335,23.939139159861973,24.864962478578068,25.8270727323106,26.825446595018935,27.859702905599338,28.9290287145497,30.032095737926195,31.166967059418468,32.33099436920503,33.52070668436163,34.73169242514276,35.95847800148129,37.19440777890257,38.431532522102735,39.66051620631051,40.870574412097376,42.04946119528048,43.18352490365738,44.25785605774368,45.25655078774028,46.163109608886586,46.96098152025152,47.63424605985869,48.16840127595281,48.55119680101031,48.77342514304451,48.82957018715657,48.71821809945772
1966.1816751867873,21.380834335240717,22.200669024864283,23.0553622087325,23.945614132319733,24.871937519776687,25.83460911521781,26.833613430581142,27.8685779694161,28.93869928976753,30.0426594449225,31.178532629998763,32.34368230654474,33.534649729217506,34.74703572356726,35.97537883948703,37.21303471623413,38.452063723035074,39.68313673526392,40.89547224453313,42.076821703265765,43.21352362931033,44.29064970896684,45.29226660066576,46.2018335306106,47.002746057490064,47.67901905430189,48.21607719354583,48.60159221158129,48.82627978309084,48.88455429561767,48.77494570071205
1963.8648860958365,21.380834335240717,22.200669024864283,23.0553622087325,23.945614132319733,24.871937519776687,25.83460911521781,26.833613430581142,27.8685779694161,28.93869928976753,30.0426594449225,31.178532629998763,32.34368230654474,33.534649729217506,34.74703572356726,35.97537883948703,37.21303471623413,38.452063723035074,39.68313673526392,40.89547224453313,42.076821703265765,43.21352362931033,44.29064970896684,45.29226660066576,46.2018335306106,47.002746057490064,47.67901905430189,48.21607719354583,48.60159221158129,48.82627978309084,48.88455429561767,48.77494570071205
1961.9383951343925,21.380834335240717,22.200669024864283,23.0553622087325,23.945614132319733,24.871937519776687,25.83460911521781,26.833613430581142,27.8685779694161,28.93869928976753,30.0426594449225,31.178532629998763,32.34368230654474,33.534649729217506,34.74703572356726,35.97537883948703,37.21303471623413,38.452063723035074,39.68313673526392,40.89547224453313,42.076821703265765,43.21352362931033,44.29064970896684,45.29226660066576,46.2018335306106,47.002746057490064,47.67901905430189,48.21607719354583,48.60159221158129,48.82627978309084,48.88455429561767,48.77494570071205
1960.015680125441,21.380567505011044,22.20020132240556,23.054688806766205,23.944732618428628,24.870848582774574,25.83331735535425,26.832128307412894,27.866914900077568,28.936880907912535,30.04071702622746,31.17650768308874,32.34162831761248,33.53263403333993,34.74514145448905,35.97370688105119,37.2117055414284,38.45121896005176,39.68294024456508,40.89611042962061,42.07850271770247,43.216475096600746,44.295114561029486,45.29849669348298,46.210080844909875,47.013251564424856,47.69199972345858,48.23171210001798,48.62000915754147,48.847544135696225,48.908661704752554,48.80181991908205
1958.0967299784609,21.385094705027512,22.205977580847435,23.06181794821706,23.953322448366578,24.88101002270182,25.84516326496825,26.845771930003785,27.882467859479394,28.9544506781377,30.06040378928994,31.19840048781606,32.365800454398475,33.55913754952689,34.77400075614372,36.00491140433594,37.245201537021075,38.48690052495498,39.72063986573372,40.93558948078304,42.1194425779047,43.2584698295542,44.337666382713905,45.34101570718651,46.251890647158284,47.05360219842938,47.73008894830646,48.26671497275794,48.65111453845961,48.873995163985406,48.92979597669046,48.81710451752778
1956.1815336463226,21.385094705027512,22.205977580847435,23.06181794821706,23.953322448366578,24.88101002270182,25.84516326496825,26.845771930003785,27.882467859479394,28.9544506781377,30.06040378928994,31.19840048781606,32.365800454398475,33.55913754952689,34.77400075614372,36.00491140433594,37.245201537021075,38.48690052495498,39.72063986573372,40.93558948078304,42.1194425779047,43.2584698295542,44.337666382713905,45.34101570718651,46.251890647158284,47.05360219842938,47.73008894830646,48.26671497275794,48.65111453845961,48.873995163985406,48.92979597669046,48.81710451752778
1953.8882375928094,21.385094705027512,22.205977580847435,23.06181794821706,23.953322448366578,24.88101002270182,25.84516326496825,26.845771930003785,27.882467859479394,28.9544506781377,30.06040378928994,31.19840048781606,32.365800454398475,33.55913754952689,34.77400075614372,36.00491140433594,37.245201537021075,38.48690052495498,39.72063986573372,40.93558948078304,42.1194425779047,43.2584698295542,44.337666382713905,45.34101570718651,46.251890647158284,47.05360219842938,47.73008894830646,48.26671497275794,48.65111453845961,48.873995163985406,48.92979597669046,48.81710451752778
1951.9812609798944,21.384750797049456,22.205576342201145,23.061382924437194,23.952883875045533,24.88060605277372,25.84484136392166,26.845590448056875,27.8824977847193,28.95477756683784,30.06112985814857,31.1996468365643,32.36770936474424,33.561874776187494,34.77775768617037,36.009906910645014,37.25168329033578,38.495145456135475,39.73095339164494,40.948303030345514,42.13490889728114,43.27705553306866,44.35974128664666,45.366938682521216,46.28199209724195,47.08816382638796,47.76932218947893,48.3107402068678,48.69994375184565,48.92752084621712,48.98778851008219,48.879219140869715
1950.0780031201248,21.38632767166048,22.20794714840635,23.064607165837405,23.957021544422133,24.885716674694667,25.85098277734765,26.852817283867438,27.89085958951594,28.96431652216021,30.071878044269916,31.21162299358365,32.38091511249566,33.57629027085598,34.793336718448536,36.026571491563494,37.269317831032645,38.51359073164925,39.75000059066407,40.96768833480161,42.15430920445891,43.29608611520895,44.377956349466984,45.38383588359537,46.297022043622825,47.100745300578126,47.77886328018857,48.31666463345931,48.70172057148066,48.92469466563243,48.9800066368421,48.86625212508851
1948.1784531463084,21.38632767166048,22.20794714840635,23.064607165837405,23.957021544422133,24.885716674694667,25.85098277734765,26.852817283867438,27.89085958951594,28.96431652216021,30.071878044269916,31.21162299358365,32.38091511249566,33.57629027085598,34.793336718448536,36.026571491563494,37.269317831032645,38.51359073164925,39.75000059066407,40.96768833480161,42.15430920445891,43.29608611520895,44.377956349466984,45.38383588359537,46.297022043622825,47.100745300578126,47.77886328018857,48.31666463345931,48.70172057148066,48.92469466563243,48.9800066368421,48.86625212508851
1945.9038723487056,21.38584827996737,22.207141815787484,23.06347148831063,23.955555873824114,24.883927379894555,25.848883726315293,26.850431570115017,27.888221524049154,28.96147390715138,30.06889473617331,31.208581750029953,32.377920697368474,33.573472763455136,34.79085493326021,36.02461636242844,37.26811554523794,38.513405314517904,39.75113554085358,40.970486800600845,42.15915208538118,43.30338739585172,44.38815496294112,45.3973835128695,46.314366560417284,47.12231005925459,47.80502322794363,48.347721080975866,48.737877292214385,48.966038472460795,49.026495444055136,48.917712613344364
1944.0124416796266,21.390031046326307,22.21121305245313,23.067418556470578,23.95936653827037,24.88759019989692,25.852388542011678,26.853770099399952,27.891388085496978,28.964466284309196,30.071715197197488,31.211238233577404,32.38042817018236,33.57585474629911,34.79314517864845,36.02686064867795,37.27037352535968,38.51575232413897,39.75366422610262,40.97330837547439,42.162396971941114,43.30720494735877,44.39271193341707,45.40286093739778,46.320954775321816,47.130201746679994,47.81440462971216,48.35876187709093,48.75072002067987,48.98078867475188,49.04321383161385,48.936410376133296
1942.124684404739,21.39463940161542,22.21692844257697,23.07431677080403,23.967523124262154,24.89707906265915,25.863280186635695,26.866129456628563,27.905271857318816,28.979919743993243,30.08876837952421,31.22990145730543,32.400686848496576,33.597663465282935,34.816421062793424,36.05147609117238,37.296148445347164,38.5424462296389,39.780968515272285,41.00083950241115,42.18969133063789,43.3337165689732,44.41781430570824,45.425854369479644,46.341080643687,47.14666455151669,47.826401968672904,48.365521200242576,48.7515395199228,48.97507823274274,49.03053109011488,48.916487114779535
1939.8642095053347,21.394372217664454,22.21646003522929,23.07364222667527,23.966639941790394,24.895987841433474,25.86198544177497,26.864640572352442,27.903604192803897,28.978095902194568,30.086819645297957,31.22786940415397,32.398625102640125,33.595639600400006,34.81451857733096,36.04979639116335,37.29481271784807,38.54159704438588,39.780770935393946,41.001481421929135,42.19138269411041,43.33668708033978,44.42230922062987,45.43212801797448,46.34938748181793,47.15724782027735,47.8394804482094,48.38127504366571,48.770096626101214,48.99650291302346,49.054816740377674,48.94355414099103
1937.9844961240312,21.3942951785278,22.21652679679199,23.073881260681485,23.96708401311448,24.89667455141248,25.862957815836275,26.8659476871187,27.905301833908656,28.980247238690545,30.08949589941953,31.231150485886054,32.40260016659516,33.60040746747875,34.82018794522376,36.05648573591693,37.30264976405969,38.55071765574372,39.79131725366684,41.01359906714077,42.205216841059034,43.352377260412524,44.43998277990411,45.45189230989176,46.37132109524064,47.181391432998744,47.86582821162313,48.40976766603579,48.80061741835963,49.02887788510891,49.08881934217178,48.97891449792453
1936.108422071636,21.3942951785278,22.21652679679199,23.073881260681485,23.96708401311448,24.89667455141248,25.862957815836275,26.8659476871187,27.905301833908656,28.980247238690545,30.08949589941953,31.231150485886054,32.40260016659516,33.60040746747875,34.82018794522376,36.05648573591693,37.30264976405969,38.55071765574372,39.79131725366684,41.01359906714077,42.205216841059034,43.352377260412524,44.43998277990411,45.45189230989176,46.37132109524064,47.181391432998744,47.86582821162313,48.40976766603579,48.80061741835963,49.02887788510891,49.08881934217178,48.97891449792453
1933.8619222587506,21.39402800339978,22.21605840686367,23.07320674280756,23.966200864102394,24.895583366959627,25.861663104559717,26.864458823882792,27.903634165636763,28.97842335347456,30.08754706544769,31.229118259760405,32.4005381600726,33.5983832463999,34.818285013053014,36.054805525449986,37.30131352309528,38.54986806500087,39.791119558329356,41.01424143993719,42.20690963169772,43.35535073671495,44.44448295150269,45.45817447570531,46.379640905673234,47.19199353569944,47.87893296004387,48.425556869693644,48.81922059608361,49.05036078801578,49.11317647916198,49.006066938373294
1931.9938176197836,21.395529234172677,22.218498289675612,23.076673488111275,23.97078750552661,24.901387352214055,25.868785670666682,26.87300410658482,27.913707985203636,28.990131611409204,30.100993679305205,31.244402557288353,32.4177516504275,33.61760568717205,34.839579699944586,36.07821375048699,37.32684818234731,38.57750645456391,39.82079548576154,41.04583690585253,42.240246509524106,43.39018309846859,44.480490941725606,45.49496089031537,46.416731822217336,47.22884436775563,47.914941053220204,48.460081122350765,48.8516075627642,49.079975447547454,49.13943463300773,49.028465453252956
1930.1293186643506,21.395529224982827,22.21849827183865,23.076673460568532,23.970787468682094,24.901387308201638,25.868785623544653,26.873004062388645,27.91370795175672,28.990131597751326,30.10099369454642,31.24440260863134,32.41775174002341,33.61760580738561,34.839579826509656,36.07821383294798,37.32684813113025,38.57750612404627,39.820794652880345,41.04583524419816,42.240243559631956,43.39017823625361,44.480483348760025,45.49494953181539,46.41671544076155,47.22882150207506,47.914910090668535,48.460040389676166,48.85155545211364,49.07991056445087,49.13935594361229,49.02837240355711
1927.8966647387701,21.395529224982827,22.21849827183865,23.076673460568532,23.970787468682094,24.901387308201638,25.868785623544653,26.873004062388645,27.91370795175672,28.990131597751326,30.10099369454642,31.24440260863134,32.41775174002341,33.61760580738561,34.839579826509656,36.07821383294798,37.32684813113025,38.57750612404627,39.820794652880345,41.04583524419816,42.240243559631956,43.39017823625361,44.480483348760025,45.49494953181539,46.41671544076155,47.22882150207506,47.914910090668535,48.460040389676166,48.85155545211364,49.07991056445087,49.13935594361229,49.02837240355711
1926.0400616332818,21.398216694017606,22.221441310463614,23.079911927517664,23.974367206259377,24.90536093537751,25.87321340216027,26.877954831776727,27.91926012164726,28.99637418180515,30.108027356669368,31.252340680688892,32.42672115195258,33.62774784823364,34.85105062700516,36.09118442661621,37.341503912336854,38.59404547989563,39.83942650641249,41.066775217595755,42.263708462369884,43.41637862489296,44.50961401859711,45.527178013091905,46.45216890143282,47.26757289611062,47.95696487844502,48.50532557627484,48.89991287056324,49.13109610556243,49.19304572204653,49.084175742595534
1923.816852635629,21.399795607369104,22.22381560259255,23.08314151395102,23.97851255417215,24.910482110837897,25.87936885635325,26.88519988049678,27.92764506858485,29.00594203368025,30.11881107799445,31.264359939143397,32.43997851375967,33.642224398887834,34.86670101926698,36.10793139873893,37.3592323796644,38.61259638737366,39.85859074290123,41.086288037727385,42.28324503533156,43.43555151906074,44.52797360699851,45.544216895099886,46.46733140400163,47.28027045079893,47.96659748854905,48.5113086739149,48.901707719047835,49.128240782189266,49.18518298664604,49.071074102241006
1921.9680953296174,21.40384829804181,22.227488347957806,23.086393546224187,23.98130153377837,24.912764545571463,25.881100668730987,26.886337152942428,27.92814499936817,29.005764139305455,30.117918679489048,31.262721969723522,32.4375716826427,33.63903573921535,34.86273083536263,36.10319660689067,37.35377020436574,38.606468328123036,39.85188666184641,41.07913013314671,42.27579136026977,43.42799858391239,44.52055748428375,45.537212152419194,46.4610471712937,47.27504303685779,47.96277925332326,48.509253361240575,48.90175311718754,49.130690274703404,49.190288075672235,49.07902011571026
1920.1228878648235,21.403368099927476,22.22668155695749,23.085255655385627,23.979832789863195,24.910971214781483,25.878996525308953,26.883945214786277,27.925499532562316,29.002912948715874,30.11492569425608,31.259670119282667,32.43456603911984,33.63620687362072,34.86023829554789,36.10123237215853,37.352561902564844,38.60628191463465,39.85302815705106,41.0819459012906,42.28066630141135,43.43535152666977,44.530833050207306,45.55086846794225,46.47853909321331,47.29680108291651,47.98918519440247,48.54061434994308,48.93827709582437,49.17246592543016,49.237272450098104,49.13103616779562
1917.9133103183738,21.403503770782986,22.227086309356793,23.085957565898678,23.98086190044896,24.91235950553772,25.88077783548904,26.88615509772979,27.928175027514538,29.006092249600417,30.118647692404668,31.263973794079796,32.43948966776351,33.641787029174665,34.866508601847535,36.108221985951644,37.360293698993644,38.614770363844016,39.86227690001692,41.09194506511967,42.2913896416808,43.4467535491991,44.542846346399735,45.56340158996461,46.49147538174964,47.3099989129025,48.00248008445314,48.55382324963527,48.95120490040013,49.18491389080251,49.249047769983065,49.14196165159206
1916.0758766047134,21.405083484989085,22.229461842504293,23.08918889736047,23.985009571236965,24.917483666845904,25.886937036228353,26.893404765265174,27.936565592008005,29.015666859836976,30.129439470634015,31.276002580511033,32.452758213639065,33.65627661316135,34.88217407088026,36.12498626253335,37.37804185696162,38.633343458913544,39.88146585480749,41.11148505355447,42.310955592084674,43.46595757643699,44.56123810177809,45.58047263122648,46.50666863706348,47.32272404882545,48.01213500688359,48.5598210490562,48.95300439940414,49.18205081804804,49.241162839942575,49.12882182426428
1913.8755980861245,21.40460322999517,22.228654904139955,23.08805072236661,23.98354035765133,24.915689631364355,25.884831905176945,26.89101151352238,27.9339184520165,29.012813618123868,30.126444060977242,31.27294796970513,32.449749556027534,33.65344462163568,34.87967851247498,36.12301943345608,37.3768318224701,38.63315675644119,39.882609255054334,41.11430585940094,42.31583984244122,43.473325436510486,44.57153570287254,45.594159727756,46.524201739802685,47.34453522343868,48.03860729986217,48.59126243273542,48.98962300764945,49.22393477124727,49.28826783037718,49.18096870544853
1912.0458891013384,21.407773417976063,22.23240786958349,23.092430987779284,23.988593702766586,24.921462624267647,25.8913712839712,26.898363389656527,27.94212730315814,29.021921035637416,30.136487215120493,31.28395775523356,32.461748382926785,33.66644382149133,34.89367534230967,36.1379936780803,37.39274202651494,38.649936161881676,39.90016158308215,41.13250116030496,42.334510744814665,43.49226425363645,44.59049298627036,45.61284496817058,46.54228695937616,47.36166211905196,48.054398324534844,48.6053357044047,49.00161024389021,49.23350069321364,49.29512887756161,49.184908693833194
1909.854851031322,21.40935377908295,22.234784572966884,23.095664188319418,23.992744139829306,24.92659067075545,25.897535733641774,26.905619936644634,27.950526663766396,29.03150665986453,30.147292534977687,31.29600291993169,32.4750364392464,33.68095631342878,34.90936733051777,36.1547882206163,37.41052422270305,38.66854694592998,39.91939156836826,41.15208498176624,42.35412252317692,43.51151499858014,44.608930936561315,45.62995998245846,46.55752004334229,47.37442090784263,48.06407875094343,48.61134915306527,49.00341432307194,49.23063060874537,49.287225644215205,49.171740423597214
1908.0328181644725,21.408873327416643,22.233977237072594,23.09452535494453,23.991273946294108,24.92479527491668,25.89542880841209,26.903224413620617,27.94787674834233,29.02865013550458,30.14429336604067,31.2929441492345,32.472023356701406,33.67811984349638,34.90686754642159,36.15281783962233,37.40931186679906,38.66835986445971,39.92053741445127,41.15491211817441,42.359018219140914,43.51890079204571,44.61925441741143,45.64368235767188,46.57509913990627,47.39628980625368,48.09062102573527,48.64287263858477,49.04012621253328,49.27261722361533,49.33444007305468,49.224000279428786
1905.850962454736,21.409009069907807,22.23438226283255,23.09522784685701,23.9923040725802,24.92618516429665,25.89721247357708,26.90543760856715,27.95055674241107,29.031835384002452,30.148023054198898,31.297257583126733,32.476959171888595,33.68371500001952,34.913156078014765,36.159829326695174,37.41706960833589,38.6768787355866,39.92982141677865,41.1649516624512,42.36978722770941,43.530353774577804,44.63132375698641,45.656276138892814,46.588099940092434,47.409554925895875,48.10398461547559,48.656150045960544,49.05312060036649,49.28512812474859,49.34627312366818,49.234977042178215
1904.036557501904,21.409009069907807,22.23438226283255,23.09522784685701,23.9923040725802,24.92618516429665,25.89721247357708,26.90543760856715,27.95055674241107,29.031835384002452,30.148023054198898,31.297257583126733,32.476959171888595,33.68371500001952,34.913156078014765,36.159829326695174,37.41706960833589,38.6768787355866,39.92982141677865,41.1649516624512,42.36978722770941,43.530353774577804,44.63132375698641,45.656276138892814,46.588099940092434,47.409554925895875,48.10398461547559,48.656150045960544,49.05312060036649,49.28512812474859,49.34627312366818,49.234977042178215
1901.863826550019,21.414165810700343,22.239628790046932,23.100578891539374,23.997778117181188,24.93180517983668,25.90300676817896,26.9114407957036,27.956810834533716,29.038391012785727,30.15494081180998,31.304609468922497,32.484830114771626,33.69220440723015,34.92237933518268,36.16991914038689,37.42817704038946,38.68917372849513,39.9434925534984,41.18020484786824,42.38684293340718,43.549442471424776,44.65267919745262,45.680126275369844,46.61465550859035,47.43899610243225,48.13644664334624,48.69170925353189,49.09178263212399,49.32682030812763,49.390842544528255,49.28219508915035
1900.0570017100515,21.414301622078153,22.240034027633087,23.101281763274766,23.9988088211288,24.93319588023929,25.904791519966796,26.913655403014314,27.959492626089588,29.04157851400075,30.15867329035768,31.308926327343148,32.48977010080522,33.69780461036669,34.928673937104065,36.17693788856012,37.4359434195523,38.69770281623928,39.95278856635994,41.19025841662618,42.39762819417724,43.560914125215085,44.664769774795836,45.69274393806514,46.6276828112243,47.45229019324302,48.14984136694471,48.70501948527657,49.10481090241945,49.339365385326424,49.40270921803154,49.29320405767545
1897.8933383943825,21.414301622078153,22.240034027633087,23.101281763274766,23.9988088211288,24.93319588023929,25.904791519966796,26.913655403014314,27.959492626089588,29.04157851400075,30.15867329035768,31.308926327343148,32.48977010080522,33.69780461036669,34.928673937104065,36.17693788856012,37.4359434195523,38.69770281623928,39.95278856635994,41.19025841662618,42.39762819417724,43.560914125215085,44.664769774795836,45.69274393806514,46.6276828112243,47.45229019324302,48.14984136694471,48.70501948527657,49.10481090241945,49.339365385326424,49.40270921803154,49.29320405767545
1896.0940462646947,21.416858087064433,22.242577589912614,23.103824281522122,24.001366196123936,24.935788883124918,25.907446747587127,26.916406370527692,27.962381004368048,29.044655514801214,30.162001195189966,31.312580145505216,32.4938393271475,33.702395032735815,34.933909415726944,36.182961993514006,37.442920766938414,38.70581988870841,39.96225374116846,41.201300859861796,42.41049522415051,43.57586661999955,44.682075226490866,45.712666875509164,46.650472560595595,47.47816634469896,48.17897784862534,48.737528731978784,49.140730087788505,49.378646859039414,49.44521697980189,49.33871727039305
1893.9393939393938,21.41857569210203,22.245361967868714,23.107764051660425,24.0065525970249,24.942314803045296,25.9154054414351,26.92588980261412,27.97347774935891,29.057448143534693,30.176563068212843,31.328971536750757,32.51210280512942,33.72255003976631,34.95594601076685,36.20683376633062,37.468536996597834,38.73303711556647,39.990867056395494,41.23103539672647,42.44099856240578,43.60670307929079,44.71272329737113,45.742521258025164,46.67885235430774,47.504330732965904,48.202150015246765,48.756927671881485,49.15560850187141,49.38833174095951,49.449148279387195,49.336479657548225
1892.147587511826,21.41857569210203,22.245361967868714,23.107764051660425,24.0065525970249,24.942314803045296,25.9154054414351,26.92588980261412,27.97347774935891,29.057448143534693,30.176563068212843,31.328971536750757,32.51210280512942,33.72255003976631,34.95594601076685,36.20683376633062,37.468536996597834,38.73303711556647,39.990867056395494,41.23103539672647,42.44099856240578,43.60670307929079,44.71272329737113,45.742521258025164,46.67885235430774,47.504330732965904,48.202150015246765,48.756927671881485,49.15560850187141,49.38833174095951,49.449148279387195,49.336479657548225
1890.00189000189,21.418094815563286,22.244553841681615,23.10662398746118,24.005080653095728,24.94051705706194,25.91329548921786,26.923490507914043,27.97082326765917,29.05458623828469,30.17355772979417,31.325905901432854,32.509082351579565,33.719706012195935,34.95343897801414,36.20485717234989,37.4673204873452,38.73284933844334,39.99201752185473,41.233874872578944,42.44591735295189,43.61412644891344,44.72310327288747,45.756324143839684,46.696541586847346,47.52634524260032,48.22887906323426,48.788684100068394,49.19260325999743,49.43065312060895,49.49674916254638,49.38917512256117
1887.861053426468,21.41823067809301,22.2449592639131,23.107327238602295,24.006112005824363,24.941908765767828,25.915081716928782,26.925707187452687,27.97350787983744,29.05777748693852,30.17729509027561,31.33022901596258,32.51403024188701,33.725316077568316,34.95974574591526,36.21189077017598,37.475104809156115,38.74139989174434,40.00133895950225,41.243958247064384,42.4567371783087,43.62563772207797,44.73523869141699,45.768991854262104,46.70962389136666,47.53969875213207,48.24233677067345,48.80205971607074,49.20569787954753,49.44326389208486,49.50867919340879,49.40024350841407
1886.0807242549981,21.419812624200475,22.247338728649815,23.11056474240624,24.010268714339645,24.947045544592427,25.921257923984307,26.93297915635155,27.981927043549053,29.067388088201866,30.188131424468196,31.342312154781595,32.52736419397594,33.739883357500176,34.975502348854484,36.22876059009205,37.492973598533844,38.760108945819034,40.02067882343251,41.263662893489915,42.47647928362239,43.64502587040215,44.75381752647549,45.78624632754419,46.724988739215554,47.55257407466904,48.25210999170553,48.808133248453586,49.20752060603325,49.44036336548662,49.50069065769774,49.38693182445516
1883.9487565938207,21.419331690658275,22.24653045472182,23.109424393210684,24.00879629914952,24.94524709121183,25.91914697986995,26.930578541715196,27.979270879661897,29.06452411959839,30.185123645661765,31.339243739087472,32.52434070234358,33.73703617673593,34.972992268726436,36.226781374767164,37.491755336946625,38.75992087614914,40.02183121942487,41.26650748004748,42.48140752910683,43.65246440880274,44.764219935653124,45.80008058878621,46.742719997041625,47.574642862049046,48.27890689373182,48.83997195971298,49.244612276672136,49.48279570322392,49.54841512987947,49.43976132414801
1882.1757952192736,21.42656788257831,22.25397138472538,23.11707397783257,24.01665814676794,24.95332445132469,25.92744269088014,26.939094978008836,27.988009898838722,29.073487010708135,30.194311079165896,31.348655718941536,32.53397652001561,33.74689436606821,34.983070559256994,36.237076639435614,37.502263528083404,38.77063694149535,40.03274898808278,41.27761950745186,42.49270489142317,43.66393644199993,44.77585392432101,45.811861425517094,46.75462985431263,47.586660941780536,48.291009338218515,48.85213201153856,49.25680075458787,49.494981811389586,49.560567546300526,49.451849440626084
1880.0526414739613,21.427937813239065,22.256013989595182,23.119850249609083,24.02023208364725,24.957762693135564,25.932813991719954,26.945469478889393,27.995458158572177,29.082078748022795,30.20411357426129,31.359731819022556,32.546382191760145,33.76067573990677,34.99826041781173,36.253690318318945,37.52029422531703,38.790050477000165,40.05347812287391,41.29955802948522,42.5157018061743,43.68779077079035,44.80031080204356,45.83661037444065,46.77930624065399,47.610851619587415,48.31426325967423,48.87397606159571,49.27676024960287,49.51260410824886,49.575446297240255,49.463646523448375
1877.9342723004695,21.42766977505447,22.25554388542068,23.119172957388987,24.019344879731126,24.956665947520047,25.93151199143644,26.943971394647274,27.993779168942847,29.08024133328899,30.202148987980397,31.357681738599588,32.54430053892218,33.75863064669911,34.99633629214598,36.25198993356959,37.51894071937913,38.7891890964005,40.05327748696408,41.300210620874715,42.51742332316599,43.690817919210446,44.804897080236955,45.84301944905767,46.78780266153465,47.62168891443493,48.327669892801914,48.89014029264887,49.295815471443404,49.53461659738886,49.60040728628531,49.4914700004083
1876.1726078799247,21.427805762284706,22.255949719845532,23.119876996494305,24.020377500391593,24.95805952636043,25.933300834003106,26.946191598886056,27.996468405711017,29.083438523587006,30.205893853350396,31.3620141978561,32.54925992131605,33.76425468919864,35.002659887421615,36.25904359651585,37.526748745107035,38.79776739371109,40.06263109121619,41.3103309223917,42.52828509564789,43.70237629998793,44.81708474070201,45.85574429316415,46.800946486559816,47.63510753142377,48.34119519207332,48.90358460764127,49.308978315749975,49.5472934446261,49.61239961382503,49.50259546112082
1874.0629685157419,21.427324460294333,22.25514080217013,23.118735699409378,24.018903802829325,24.95625942543513,25.931187847991488,26.94378852317729,27.993809345314034,29.08057122136631,30.202882325206,31.358941673195073,32.54623206763388,33.761403071227924,35.00014557154631,36.25706075715097,37.525528058759924,38.7975789165759,40.06378620775955,41.31318283038357,42.5332271703842,43.70983758227744,44.82752176126831,45.8696285398128,46.81874711011864,47.6572694326547,48.36811344695712,48.93557718780657,49.3462600267649,49.58995460612133,49.660392902663524,49.555733358625865
1871.9580681392738,21.429043788797586,22.257928416825365,23.12268071624942,24.024098045533194,24.96279646584236,25.939161733062594,26.953292126966662,28.004932277537957,29.09339721806344,30.21748604276786,31.37538480609524,32.56455871450855,33.781634286354205,35.02227306304301,36.2810397344639,37.55126929666291,38.824940198805564,40.09256344892169,41.34310135721203,42.56393387535295,43.740894935544176,44.858404952376986,45.89972725887186,46.84737357069153,47.68367405215566,48.39150899695472,48.95517112788829,49.361293212005585,49.59974290004733,49.66436692708825,49.55347120482875
1869.8578908002992,21.43208536712926,22.261285508269175,23.126370052935815,24.02813567974893,24.967197327905616,25.943939090186184,26.958456928121212,28.010492368639444,29.099356411763868,30.223843028085664,31.382131885579348,32.57168036125593,33.789105520881016,35.03005766188601,36.28908829987642,37.55951724152452,38.83330573462052,40.10094570898099,41.35137884202937,42.57196347140416,43.74851182489086,44.86542378691413,45.905944996701976,46.85257433231545,47.68763621520483,48.3940144828611,48.956016444569094,49.36030135831327,49.596774827094166,49.659331042999725,49.54632953254622
1868.1113394358306,21.431603867805368,22.260476191556524,23.125228094670394,24.026660997586912,24.965395859447767,25.941824299512653,26.956051566470972,28.00783051306779,29.096485801215227,30.220827708368766,31.37905516184585,32.56864803699465,33.78624937395776,35.027539068181845,36.28710186072436,37.55829419961751,38.833116872408006,40.10210331409712,41.35423720091344,42.57691722799027,43.755991441574395,44.875887312233225,45.91986543858642,46.87042222887666,47.70985754850607,48.42100490756605,48.98809381618674,49.39767952296314,49.639542238815665,49.70743766113929,49.59958444704731
1866.019779809666,21.433323901254848,22.263265181404197,23.129175397109236,24.031858710951074,24.97193786657596,25.949804995834413,26.965564212046136,28.018965139736665,29.10932659982918,30.235449816735223,31.39552077294821,32.58700175124861,33.80651273155238,35.04970422177427,36.311124390032056,37.58408513433286,38.86053408624304,40.130942589221014,41.38422344604511,42.60769656768086,43.78712517041945,44.90684899710406,45.95004269413094,46.89912478643561,47.73633305079235,48.444463250472204,49.00773974507775,49.41275164584163,49.649354939129296,49.71142108036306,49.59731730612317
1863.932898415657,21.437176133203707,22.26661207832858,23.131976060699248,24.03407291234337,24.973527034477875,25.950733452939794,26.965800700714393,28.01848468044191,29.108112726846684,30.233497233961902,31.392838467335025,32.58361659027796,33.80247355217645,35.045086388227276,36.306034753223415,37.57866726180239,38.85497354441779,40.125471945259136,41.37912651392689,42.60331125748727,43.783844127003896,44.90511706792503,45.95035020198731,46.90199568058884,47.74230735998271,48.45407393292985,49.021485018096335,49.43106504157128,49.67257637787176,49.739772785654445,49.63088807835787
1861.8506795754981,21.436907857759415,22.26614151348401,23.13129803562053,24.03318465077733,24.972428851223498,25.949429579222063,26.964300253834566,28.016802792324786,29.106271844028697,30.23152859758335,31.390783775050426,32.581529831697104,33.800422994261595,35.04315666551775,36.304328988163135,37.57730910112438,38.85410894719369,40.125270496692885,41.37978196851981,42.60504094244344,43.78688677518001,44.90972862220576,45.95679717316114,46.91054578945057,47.75321748861903,48.467575861932765,49.03776999394838,49.4502687836077,49.69476651014542,49.76494066707296,49.65894649333908
1860.1190476190475,21.437043965361227,22.266547745598327,23.132002836526244,24.034218502445608,24.973824256811014,25.951220995763492,26.96652395962685,28.019496671700846,29.1094750691347,30.235281183476182,31.39512598106498,32.58650137885002,33.80606206587809,35.0494986569548,36.31140497247144,37.58514398224968,38.862719283006804,40.13466199365028,41.38994668169684,42.61595426299197,43.798504355176775,44.9219834748297,45.969597288475526,46.923772706631176,47.76672633412007,48.481197356338285,49.05131480103192,49.46353429428653,49.70754573917784,49.77703247574139,49.67016597680679
1858.045336306206,21.438414629896908,22.268591902358356,23.134781773103487,24.037796567483934,24.978268503257755,25.956600660793647,26.972909744447158,28.026959779020117,29.118085950658603,30.245107944757812,31.406232387058637,32.598944401536876,33.81988891677947,35.064743254264286,36.328083807791906,37.603251379419696,38.882222086312964,40.15549379098585,41.412001766493105,42.63908167231291,43.822502490919334,44.94659601105664,45.99451126332869,46.948619839500616,47.79108861748447,48.504617750260266,49.07331332735898,49.48362898100251,49.72527682704243,49.791987338256654,49.68200166460827
1855.9762435040832,21.441190553710797,22.271481506696826,23.137796675425125,24.040950109855512,24.981576008489395,25.96007971869222,26.976580528557005,28.030845392752163,29.12221279954594,30.24950612849513,31.41093610070891,32.60399232950056,33.82532459546503,35.07061536952801,36.334446380867725,37.610163780215764,38.88974879607298,40.16370381873941,41.42096760821667,42.64887769312961,43.83320261649111,44.95827064479422,46.0072234128942,46.962420548965575,47.8060119614126,48.520675836262114,49.090491932573805,49.50188455004262,49.7445355128848,49.812146531072166,49.702934050121264
1853.9117538005191,21.441326717130977,22.27188793926572,23.138501884784816,24.0419846525419,24.982972474666788,25.961872666075873,26.978806350956532,28.033542105850827,29.125419723417842,30.253263443027826,31.415284246686195,32.60897122486244,33.830972633617804,35.07696816519292,36.34153522985508,37.61801380421042,38.898376754183516,40.173115587129715,41.431155361268424,42.65981686830194,43.844848813674965,44.970556700030485,46.02005699012188,46.9756826956543,47.81955714386891,48.534333963805,49.10407274865129,49.515184483042646,49.75734665802047,49.82426696346102,49.714178290744414
1851.8518518518517,21.44243016815229,22.27346304577492,23.140604879368574,24.04467724908106,24.986322213229972,25.96595322430546,26.983697800645988,28.03933108723018,29.132199502136928,30.261133805775295,31.424351180669476,32.619346313962616,33.84277209008752,35.09031140081689,36.356542855701996,37.6348049356526,38.91706549148971,40.19380654762383,41.453938165674806,42.684759543572106,43.87199018191026,44.999897992242886,46.05155316173589,47.00923421714306,47.85500335210523,48.5714493020974,49.142567271883635,49.554709729380704,49.79750732141276,49.86463780878424,49.75432467182762
1850.1387604070303,21.442566347732544,22.273869552747474,23.141310265285718,24.045712123552097,24.987719229947754,25.967747016342372,26.98592485042255,28.042029513724472,29.135408744767176,30.264894181022864,31.42870328405706,32.62433023671259,33.848426417077626,35.096671954986576,36.36364115486979,37.6426663323055,38.9257069766831,40.20323421964236,41.464144396269994,42.69571992350718,43.88366039663975,45.01221086846694,46.064416230657685,47.022528244120096,47.86858235406384,48.58514256864026,49.15618377452082,49.568045015245,49.81035256117592,49.87679019062397,49.76559794934164
1848.0872297172427,21.442352773392855,22.27353016021885,23.140845346312993,24.045124316033913,24.987014102318998,25.966933752710847,26.98501704721146,28.041046097520944,29.134375018867907,30.263843004320375,31.42767637979702,32.623379619478435,33.84761591313365,35.096078772670154,36.36335743678372,37.64280058839253,38.92638525605294,40.204600829522235,41.466361921086296,42.698968242081,43.888134352822384,45.018116240045366,46.07196369106762,47.031925154380914,47.880022486147894,48.59879425014627,49.172177414484516,49.586461414732874,49.83121366950538,49.90005387867514,49.791157861705635
1846.0402436773122,21.446153512938842,22.276748803428323,23.143435409900267,24.04704002311292,24.98821148518575,25.96737203375975,26.98466034415719,28.039865502077067,29.132351099296724,30.26096878075445,31.4239608154764,32.618851659062805,33.84232907840446,35.090116292839056,36.356837841053945,37.63588361744486,38.91927785153081,40.19756283195506,41.45971094553802,42.69308301233242,43.88345557659686,45.01514393671006,46.071249802628564,47.03406037091366,47.8856166026981,48.60845012591321,49.186459725068495,49.605862720045806,49.856121527180754,49.93072336396851,49.82769352591173
1843.9977872026552,21.45092301230532,22.28290579197332,23.15108659912559,24.056294286186027,24.999178468204693,25.98016035344025,26.999375294459913,28.056606184220456,29.15120688295708,30.28201500034631,31.44725360611822,32.644421844827676,33.87017504443038,35.12019580784573,36.3890588544093,37.67009414354937,38.95525518394141,40.235002510987,41.49821614488739,42.732155314638455,43.922488461725436,45.05342066929193,46.10794769455693,47.068263475780164,47.916338593802145,48.63466823699591,49.207159100807395,49.6200884492473,49.86303343566469,49.92964701286343,49.81816051542407
1841.959845275373,21.45044064387022,22.282094857327166,23.149942122149728,24.054816027441106,24.997372209173673,25.978039411989965,26.996962298110883,28.053935126113096,29.148325481231048,30.278987373941366,31.44416326735716,32.641374989752364,33.86730409347418,35.11766310933363,36.3870604085349,37.668863131841455,38.95506499651017,40.23616885091035,41.50109766041417,42.7371520781206,43.93003750498513,45.06398774187351,46.122014497066935,47.08630991176933,47.93882014884784,48.661989452009095,49.239645173258026,49.65795804032739,49.906376423871876,49.97841084058282,49.872147728476754
1839.9264029438825,21.45044064387022,22.282094857327166,23.149942122149728,24.054816027441106,24.997372209173673,25.978039411989965,26.996962298110883,28.053935126113096,29.148325481231048,30.278987373941366,31.44416326735716,32.641374989752364,33.86730409347418,35.11766310933363,36.3870604085349,37.668863131841455,38.95506499651017,40.23616885091035,41.50109766041417,42.7371520781206,43.93003750498513,45.06398774187351,46.122014497066935,47.08630991176933,47.93882014884784,48.661989452009095,49.239645173258026,49.65795804032739,49.906376423871876,49.97841084058282,49.872147728476754
1837.8974453225512,21.45195001148281,22.284549684927708,23.153432690616263,24.05943781653254,25.003225537927005,25.98522886587103,27.0055958913125,28.064123138993445,29.160178904119867,30.2926158798779,31.45967262852091,32.658863846597626,33.88685998369551,35.13935766846296,36.41094366909748,37.694956879049975,38.98335519282781,40.26659722882092,41.53355271313304,42.77145986190299,43.96595290929651,45.10118717734987,46.160091263977115,47.12477377439407,47.97710273987962,48.69945691797324,49.27561880949086,49.691742506294375,49.93729361556336,50.00583599232166,49.89554333379369
1835.8729575913349,21.451681356386093,22.284078339839827,23.15275336770018,24.058547614916833,25.002124643461762,25.983921381468363,27.004090813755624,28.06243549745792,29.15833107369882,30.290639079552474,31.457608606490453,32.65676674567431,33.884798364302206,35.137416645107216,36.40922708625709,37.69358941237225,38.98248420992403,40.26639418033703,41.534213751213436,42.77320530609952,43.96902511304412,45.10584631499485,46.166608594169254,47.13342208418061,47.98814397606271,48.7131274836865,49.292113603155364,49.71119938336555,49.959780360614985,50.03134188419881,49.9239768465609
1833.8529249954152,21.451817656601154,22.284485245526305,23.153459517696916,24.05958372462559,25.003523494070798,25.985717758852353,27.006321382455578,28.06513859228362,29.161546388320087,30.294407228020987,31.461970530096163,32.66176293412974,33.89046785737412,35.14379577912834,36.41634795046789,37.70147798428333,38.991158149051174,40.27586027874371,41.544465071121195,42.78421808367801,43.98075557709542,45.118227660640386,46.1795484596152,47.14680098701484,48.00181524304776,48.7269192084009,49.30583303766429,49.724639879695204,49.97273054093206,50.04359622345642,49.9353464481967
1831.8373328448433,21.453190903225,22.286533617097174,23.156244810650694,24.06317088735217,25.007980281751653,25.991114225451792,27.012729172713463,28.07262999095493,29.170193078235965,30.30427870320138,31.47313210574674,32.674273292851396,33.90437607170609,35.159137756677076,36.43314226223788,37.71972106340489,39.010818891137255,40.296874143061714,41.56672788073251,42.80757985877675,44.005014910710365,45.1431273512601,46.20477332450086,47.17197893948045,48.02652274281596,48.750691982369,49.328182429938806,49.74507431017644,49.99078045512597,50.05883988565427,49.94743333636282
1830.161054172767,21.45596847827668,22.28942583579074,23.15926344296446,24.06632945736413,25.01129432970205,25.994601600971762,27.01641035970167,28.076528463091105,29.174335681909934,30.308696061471036,31.47785903252747,32.67934920054032,33.90984534747195,35.165050072320014,36.43955276954343,37.72669041122386,39.01841298246995,40.305163531593195,41.57578668946744,42.81748409384141,44.01584004914371,45.15494511387729,46.21764761659034,47.18596106390975,48.041646163169425,48.76696711944627,49.34559216665247,49.76357098468692,50.010285061576546,50.079243932146156,49.96860336234122
1828.1535648994518,21.45996551159487,22.293188161385693,23.162778571872213,24.06958761316881,25.01428942699987,25.99733242407054,27.01888196881475,28.07875385519828,29.176337731525074,30.310509761882816,31.479534049471436,32.68095273615341,33.91146529078082,35.166798380966334,36.44156898309174,37.729145136188535,39.02151111047259,40.30914685363721,41.580935453462914,42.824116928036354,44.0243115606073,45.165640403663545,46.23097298496771,47.20233037813133,48.061462793372385,48.79060204676936,49.37335977910624,49.79570502226475,50.04691785164714,50.12039213291278,50.01416269799239
1826.1504747991235,21.46128488972292,22.295106427421967,23.165352036080876,24.072875790208304,25.018354806839003,26.00224010960973,27.02469914802576,28.08554907034321,29.18417990252388,30.319466915453262,31.489671700732668,32.69233186570067,33.924139858926885,35.18081232357974,36.45695264267515,37.74591110096786,39.039649467959045,40.32861991932238,41.601672116889404,42.846006874055846,44.047199776782946,45.18932257110939,46.25519254970221,47.226778269687124,48.085780824420326,48.81439089685855,49.39619204768012,49.81714309913883,50.06653538427476,50.13779690365961,50.02901809224723
1824.1517694272163,21.461207355207016,22.295173676110046,23.165593033762374,24.07332394233739,25.019048537635552,26.003223493080643,27.026022587408395,28.087270018620114,29.186363611333277,30.322187192499452,31.49301164618159,32.69638454544844,33.9290088564398,35.18661209165501,36.46380855161722,37.75395905050135,39.04903489794956,40.3394960221646,41.614197028364565,42.86033961004814,44.06349470650803,45.207722295064954,46.27581920675988,47.24972355175419,48.111095328112924,48.84207384918209,49.426182810616055,49.84931603883246,50.10069952797367,50.17370121730266,50.0663622642681
1822.1574344023325,21.460938462097392,22.29470186861187,23.164912974752824,24.0724326776901,25.017946197185918,26.001914122937542,27.024515129766776,28.0855794546626,29.18451228094548,30.320206300775645,31.490942960282688,32.69428227527902,33.926941697544706,35.18466538712474,36.46208649981268,37.75258684515612,39.04816063507124,40.33929214357623,41.61486099651732,42.86209342916283,44.06658283470663,45.212407454795176,46.28237563242829,47.258427359424196,48.12221199592637,48.85584327719217,49.4428030453828,49.868927375972675,50.123371137835655,50.19942244807685,50.09504022957068
1819.8362147406735,21.46252689007799,22.297092293711106,23.168167143085306,24.0766131754121,25.023115522735733,26.008133494681655,27.031842980621725,28.09406956053723,29.194211466168806,30.331151661912397,31.503158551137233,32.70777520219603,33.941697587744336,35.200643217010295,36.479212809224016,37.77074942277067,39.0672018458802,40.35900218815263,41.63497154882424,42.882272295418844,44.086430500578594,45.23145661386383,46.30009495984773,47.27423082176276,48.13547475442288,48.86592463216463,49.44907583232367,49.87081185124504,50.120369978529816,50.19115250154911,50.081256553754166
1817.8512997636794,21.465500666053057,22.300528832295033,23.172112603937745,24.081117540609267,25.0282327383528,26.01392156437126,27.03836399211125,28.10138962122614,29.202400518383005,30.340283141797805,31.513308847633713,32.71902286411985,33.95412221800533,35.21432398401513,36.494226497719204,37.787167941750624,39.085089112964305,40.3784103229728,41.655936339542855,42.90480796176172,44.11052387420341,45.25706100141037,46.32712414727263,47.302553905851994,48.16491270694435,48.896249638482786,49.480014397883814,49.902052341226,50.15157461752976,50.22197300374372,50.1113517080776
1815.8707100054476,21.465231662505946,22.300056791593466,23.171432150067062,24.08022567898271,25.027129558070623,26.012611072354076,27.036855095391907,28.099697273136048,29.200547042522214,30.338299743939086,31.51123731929546,32.71691747142413,33.95205175431696,35.21237394313841,36.49250129426639,37.78579306475123,39.08421304620467,40.37820600034933,41.656601827672205,42.90656598151954,44.11361970143584,45.26175824895852,46.33369796214604,47.31128126300793,48.17605978898386,48.910056777346576,49.4966796798571,49.92171561219097,50.174304060365145,50.247756463379865,50.140094377713595
1813.8944313440957,21.46674316731665,22.302515692543512,23.174929406063487,24.08485757347049,25.032997355922866,26.019820464287207,27.04551537780766,28.109920202635152,29.212445295226154,30.351984900637746,31.526817289043823,32.73449325970315,33.97171347904171,35.23419600532539,36.51653662398629,37.81206639267094,39.11271320417987,40.40887734098065,41.689334984002926,42.94118837545489,44.149886459727014,45.29934449273103,46.372193768941166,47.350190888693554,48.21480686140794,48.94799697575566,49.53312174153272,49.955950301723526,50.20563913603501,50.275554066195234,50.16380620437828
1811.922449719152,21.470552787435388,22.3057429601327,23.177527345290112,24.086779834692422,25.03419931560172,26.020260605927618,27.04515700140778,28.10873351349177,29.210409924654066,30.349092910176207,31.523076704554367,32.72993217039637,33.96638471620251,35.22818238281609,36.50995667305637,37.8050804519025,39.10552962579256,40.401758442034854,41.68260220284328,42.93522589422358,44.145142339851475,45.2963281795959,46.37146872082181,47.352361170874275,48.22049693519676,48.957824699740925,49.547665796518004,49.97571469162103,50.231018739331326,50.306805915522446,50.20103082273578
1809.9547511312217,21.47047518416876,22.305810274851584,23.17776860433558,24.087228522452357,25.034893958412198,26.021245409028403,27.046482535687527,28.11045744493952,29.212597774137627,30.351818823967392,31.526424206399025,32.733994853287655,33.97126681571872,35.233999153320646,36.51683446282681,37.81315634346671,39.11495047455864,40.41267911272307,41.695182775325726,42.94962759868002,44.16152200196379,45.31483103209956,46.392219593663306,47.375454329369184,48.24598519502526,48.98570886989141,49.57788588872013,50.0081445345543,50.26546548279373,50.34301531049788,50.238698185662145
1807.9913216416562,21.475119188567717,22.3115758638876,23.184735065709756,24.09547541095217,25.044499732153163,26.032285699821358,27.059027988911037,28.124571058502674,29.228331661922983,30.36921032776743,31.54549128354085,32.75473067731058,33.993633547963796,35.25792087859684,36.542189338289454,37.839768093809035,39.14257948712194,40.441013551955905,41.72383035379061,42.97810891131838,44.18926663670116,45.34117797225208,46.41642364641894,47.39670032368484,48.26341132829615,48.99843968878225,49.58507390274203,50.0090175272219,50.25937463739616,50.329477971192,50.217429083168206
1806.0321473722233,21.474849937512836,22.311103341917654,23.184053846995514,24.09458244895245,25.043395063488152,26.03097328074862,27.0575166808973,28.122875778880775,29.226474713823798,30.367222919826805,31.543415243509678,32.7526203536071,33.99155787808363,35.255965581516904,36.54045915768096,37.8383889780118,39.14170053870103,40.44080851356591,41.724498319711515,42.979873871641104,44.19237538747417,45.345895884454826,46.42302781662695,47.40546977713508,48.27461425673622,49.01231820116107,49.60182740607429,50.02878650703519,50.28222705486987,50.35540049906875,50.24632482561848
1804.0772145047808,21.47477230235807,22.31117068992676,23.1842952462076,24.09503143745067,25.0440902359153,26.03195892832714,27.058843481732836,28.12460153149786,29.228665101566254,30.36995228651926,31.546767351098524,32.75668907977511,33.99644779540843,35.2617923389999,36.54734955999059,37.84648062766161,39.15114087276365,40.45175303244353,41.73710777705752,42.99431018242061,44.20879603191132,45.36444666189333,46.443833961169176,47.42862570765548,48.300172598658506,49.04027914602542,49.63212986772177,50.061302734231866,50.316762201186634,50.39169803774411,50.28407770103116
1802.1265092809515,21.476093550024544,22.31309214131677,23.18687364459598,24.09832680964143,25.04816567348444,26.036880236052184,27.06467866071554,28.131420059073722,29.23653696438831,30.3789467174733,31.55695121540244,32.768124851454104,34.009191063428155,35.27588878434769,36.5628313533736,37.863362215734924,39.16941415371445,40.47138197556766,41.758022623044205,43.01640147877196,44.23190891585577,45.38837599799761,46.468321153501485,47.45335819249692,48.32478710752337,49.06436970825501,49.65526109796682,50.083028182536566,50.33664651872161,50.409340677539966,50.299135187575445
1799.8560115190787,21.476015905639905,22.313159501679436,23.18711510438136,24.098775942499184,25.048861120757284,26.037866349449487,27.066006195789694,28.13314691251868,29.2387289428588,30.381678318373734,31.560306390388455,32.772197710614776,34.014086461609,35.28172271019868,36.569731016024704,37.87146569358891,39.17886943582816,40.482345191489514,41.77065522792217,43.030866147777324,44.24836392221177,45.40696792512627,46.48917595053932,47.47657084558479,48.35041056844665,49.09240415680425,49.685645013804425,50.115632907752975,50.37127583209683,50.44573627951583,50.336987983317066
1797.9144192736424,21.475746631504045,22.312686910695763,23.18643374139853,24.097882727443746,25.047756052847195,26.03655334444996,27.064494072988158,28.131450547648363,29.236870601470788,30.37968918055051,31.55822827141616,32.7700849722476,34.01200809354036,35.27976453966047,36.56799797314675,37.870084019211916,39.17798866505645,40.482139679572754,41.77132490659854,43.03263611604861,44.25148239926111,45.41170204928091,46.495804934498565,47.485376143098925,48.36166301916858,49.10634857675562,49.70248335031413,50.13550774852749,50.394256526438156,50.4718099486599,50.36605711830478
1795.977011494253,21.48439935773001,22.322228574442615,23.196931405818297,24.109406480721486,25.060378632665195,26.050349599015572,27.079540221711344,28.147823198732386,29.254645477595357,30.398939497793766,31.579022711097185,32.792485181301956,34.03606564765097,35.30551730659958,36.59546582451874,37.89926386115415,39.2088487981648,40.51461356280712,41.80530449801852,43.06796510373797,44.287949824126294,45.449037053259595,46.53367361940563,47.52338174230426,48.399350673410396,49.143215842209756,49.737997031734345,50.16912669771368,50.42545878961398,50.50012139797537,50.391077906003055
1794.0437746681018,21.48439935773001,22.322228574442615,23.196931405818297,24.109406480721486,25.060378632665195,26.050349599015572,27.079540221711344,28.147823198732386,29.254645477595357,30.398939497793766,31.579022711097185,32.792485181301956,34.03606564765097,35.30551730659958,36.59546582451874,37.89926386115415,39.2088487981648,40.51461356280712,41.80530449801852,43.06796510373797,44.287949824126294,45.449037053259595,46.53367361940563,47.52338174230426,48.399350673410396,49.143215842209756,49.737997031734345,50.16912669771368,50.42545878961398,50.50012139797537,50.391077906003055
1792.1146953405018,21.483915442733686,22.32141469262157,23.195782249001958,24.10792146275424,25.05856318620263,26.048216709534753,27.077112227179917,28.145133882119268,29.25174247573394,30.39588704294297,31.575904709443527,32.78940861372884,34.03316424997684,35.30295544622304,36.59344243459859,37.89801621851288,39.2086558339784,40.5157982747236,41.80823489198993,43.07305294535424,44.295646348331374,45.45982471367295,46.54805302324728,47.541853201970774,48.42239039567683,49.171247706209485,49.7713620979829,50.20805379259538,50.47004031139164,50.550298444218754,50.44663767595291
1789.8693395382138,21.485644105834332,22.324219415096547,23.199754435728835,24.113155609287247,25.06515595987624,26.056265715406646,27.086714394709034,28.156383400433516,29.264728197895124,30.41068927366726,31.592591287634068,32.80803020288561,34.0537487588785,35.32550152316149,36.61791201628387,37.924326176693675,39.236668857846205,40.54531326573683,41.83897734023991,43.10466600972413,44.32768367276978,45.491746353907146,46.57922617154663,47.57155957262376,48.44984201119858,49.19561222324776,49.79179760537503,50.22375124498343,50.48026975071211,50.554453508943595,50.44427229883081
1787.9492222420884,21.485160133278583,22.32340538390598,23.19860499038766,24.111670113539862,25.063339795129583,26.054131817106825,27.084285055354233,28.153692366667,29.261823085496744,30.407634317141405,31.589470429028065,32.80495050557419,34.050844103907835,35.32293650539966,36.61588590162281,37.92307670624938,39.23647558736727,40.546500007055755,41.84191312984487,43.109763879151394,44.33539636233541,45.50255804135255,46.59363935046673,47.59007650129192,48.472940746953945,49.22371819778754,49.82525290260725,50.26278496235466,50.52497363875699,50.60476703674165,50.49998012806957
1786.033220217896,21.48529687052124,22.32381376854024,23.199314028244757,24.11271096157368,25.064745762418028,26.05593831676481,27.086529492674977,28.156413945831456,29.26506251384825,30.41143338236097,31.593871420676976,32.80999544860668,34.05657376827242,35.32938915336027,36.623095733932004,37.93107197131878,39.24527632636965,40.556115425654326,41.852338618198424,43.12097775098362,44.34735645601152,45.51519842354741,46.606867482358865,47.603771352698374,48.48695244248829,49.237869799236584,49.83934481205579,50.27660212585017,50.53829524925452,50.61737787166679,50.51168218335688
1784.121320249777,21.489677826689594,22.329115631278523,23.20561133172944,24.120080994942857,25.073267921483456,26.065693222198846,27.097597825892496,28.16887494722541,29.2789920817004,30.42690170524694,31.610940072443285,32.82871387440224,34.076975094678566,35.351485268269,36.64687160650564,37.956479224603505,39.27222614204093,40.584470960531135,41.88190725469204,43.151503695705614,44.37851444255703,45.546589551809696,46.638018495371874,47.634138831763174,48.51593336832285,49.26481953296334,49.863602677969006,50.29752343412624,50.5552870028841,50.6299340131215,50.51941361067401
1781.895937277263,21.48960008144617,22.32918309121725,23.205853194239236,24.12053096701673,25.073964815954575,26.066681609552187,27.09892873878915,28.170606631073653,29.281190779299905,30.429642456271658,31.614307498769676,32.83280290939256,34.08189159779191,35.357346445102635,36.65380612805302,37.96462690813225,39.28173702055905,40.59550353125419,41.89462566535787,43.1660736119105,44.395097356743854,45.565335369176466,46.65905639211122,47.65756665098327,48.54180620259069,49.2931385997235,49.89430602057628,50.33048020909266,50.59029695843512,50.66673311801575,50.55768572781272
1779.99288002848,21.49341803439713,22.332418304879813,23.20845829047271,24.12245912340685,25.075170861514557,26.0671234035429,27.09856888127899,28.169414557590645,29.279145294109505,30.42673475839051,31.61054475032557,32.82821238532937,34.076525436452776,35.35128698728447,36.647171783089526,37.95757841381533,39.274483862969994,40.58831015487244,41.88781692962529,43.16003874064883,44.390291397194396,45.56227696538417,46.65832055133732,47.65977124546148,48.54759132986946,49.30313873495594,49.909116155295536,50.35061872449539,50.61616943708735,50.69860210341829,50.59565110459701
1778.0938833570412,21.494933616810528,22.334884554443406,23.21196708580878,24.12710784182674,25.081062061650048,26.074364297689733,27.107270544931904,28.179690814662838,29.29111120675719,30.440504640604072,31.62622961517947,32.84591672810554,34.09634325148583,35.37329691794776,36.67143131575324,37.984117053510346,39.303295278761944,40.619343367000354,41.92096674094622,43.19513580507057,44.427092577066006,45.60045695562619,46.697466112328804,47.69937971902687,48.58707528765429,49.34183845152915,49.94632093134713,50.38559682235247,50.64820465867066,50.72703325108154,50.61990933508547
1775.8835020422662,21.494663855494416,22.33441101614418,23.21128421539461,24.126212452897132,25.079954043543705,26.073047457034768,27.105753598904553,28.177988552796783,29.28924583655943,30.438507328788035,31.62414223022067,32.84379378000435,34.09425400972576,35.37132766696991,36.66968767681382,37.98272626034985,39.30240824006023,40.61913628001295,41.9216419392032,43.196921434309175,44.430240611168536,45.605239013258746,46.70416655442107,47.70828564881115,48.59846339129669,49.355959136209165,49.963380903097516,50.405741962500876,50.67150556930465,50.75347587811388,50.64939247586209
1773.9932588256165,21.499240791609544,22.340259358624174,23.218513613036432,24.134937512061516,25.09029357735249,26.085123422657837,27.119689653973545,28.193908151840976,29.307269778160773,30.458750654642206,31.646710369637695,32.86877782936513,34.12172503867998,35.40132995558784,36.702230816016346,38.0177760994142,39.339876750062714,40.658870533525715,41.96341259878374,43.24041140819713,44.475034878900864,45.6508170315135,46.74989907208562,47.75343808163219,48.6422079560277,49.39739750127937,50.00157798390842,50.439769639906054,50.70049280915887,50.77665960187238,50.666162393361105
1772.10703526493,21.498970919305897,22.33978558579842,23.21783034522915,24.13404152185412,25.089184712659094,26.083805450094896,27.11817125460791,28.192204086313705,29.30540223661691,30.456750803464832,31.64462010088212,32.866651708951444,34.1196324344567,35.39935730461043,36.70048395975081,38.01638257384202,39.33898786275452,40.65866299051364,41.96408936165126,43.24220137198455,44.478190877825625,45.655611627465696,46.75661760017483,47.76236857022098,48.653627859256346,49.411557708340155,50.018685264583695,50.45996941170276,50.7238546269938,50.8031678036118,50.69571371612206
1769.9115044247785,21.49889310502347,22.339853112088726,23.21807247055768,24.134492032943484,25.08988252563864,26.084795268401912,27.119504281026238,28.193938782770505,29.30760512008598,30.45949725909064,31.647995183685808,32.87075089255163,34.12456224840263,35.40523578044835,36.70744077925289,38.02455878081425,39.34853496341938,40.66974122944768,41.97686492667639,43.25684226317848,44.49486119042895,45.6744640706511,46.777784233050795,47.785950009353975,48.679681604546616,49.44008670777786,50.04962828732012,50.49319504918391,50.75916059835705,50.84028658592337,50.73432442077839
1768.0339462517682,21.50048730573256,22.342253509985497,23.221342064713575,24.138694860092535,25.09508274915334,26.09105600016434,27.12688608592474,28.202497810187214,29.317390802256845,30.47054951346105,31.660341056578726,32.88440058636084,34.139504486572136,35.42143248706937,36.72482108771422,38.043012444412824,39.36790532728665,40.68981804543259,41.997377457986886,43.27745333650804,44.51516310268828,45.69397751856179,46.795961649072474,47.80218475884772,48.69332429165488,49.45046920914411,50.056095003905455,50.495139319862815,50.75606258055544,50.831747723198646,50.720093457124136
1765.8484901995407,21.50409439254156,22.34515098023128,23.22348239933882,24.140033404535398,25.09557940367228,26.090677300244685,27.125607734188,28.20030772441081,29.314292744666123,30.466567362829093,31.655523774724017,32.87882791146038,34.13329335343786,35.41474412414067,36.717868665709695,38.03606904491993,39.36131185309845,40.683990501313495,41.992812788346555,43.27473272312832,44.51495132874829,45.697016754097355,46.803057910611365,47.81418549150463,48.711086189502325,49.474816664849946,50.08777144862545,50.534755893880416,50.80405045556157,50.88832118018113,50.78522987430413
1763.9795378373612,21.507294905335716,22.34894452968467,23.227915835635617,24.145155201181684,25.101439227839226,26.097325432881952,27.13309430881356,28.208681749327365,29.32360086934313,30.476852345712174,31.666822607379245,32.891169553611036,34.14669603639083,35.42921218817705,36.7333889128234,38.0526066153713,39.378805677229686,40.70234844258738,42.01190668568311,43.29439366524256,44.53496565086218,45.717123428696596,46.82294818165031,47.83350572246075,48.72944487770987,49.491796317876044,50.1029454425775,50.54770953949874,50.81440443283353,50.895754573400254,50.78949962676003
1762.114537444934,21.50840533726571,22.350530870375923,23.230035629843343,24.147871757484833,25.104822015438575,26.10145045285383,27.138044419206505,28.214546917113967,29.330478314356107,30.48484653204414,31.676045026059022,32.9017382264942,34.15873465507841,35.44284878367345,36.74875393242488,38.06983026482426,39.39801437208113,40.72366020901546,42.03542536772967,43.32020184660511,44.563116304096745,45.74763048383144,46.85577647608032,47.86856115272858,48.76656598169263,49.53074887574749,50.143421837981435,50.589334383015604,50.85674719165344,50.93834872122487,50.83186641541883
1759.9436818021823,21.508542378404734,22.35094027683642,23.23074665107581,24.148915841491814,25.106232816868214,26.103263792661146,27.140298181118094,28.217280863080155,29.33373379772555,30.488666083385247,31.6804717824787,32.90681517116253,34.16450362981139,35.44934923445581,36.756021346646264,38.077894261284,39.406896412801366,40.733370918906,42.045961478646916,43.33154283178822,44.57522084286483,45.76043299816885,46.86918410742737,47.882451683689226,48.78078731934789,49.54512074541468,50.1577402208725,50.60337891550891,50.870291232353615,50.95117118326676,50.84376394336434
1758.087201125176,21.509653143364943,22.352527260382235,23.23286748611619,24.15163394486066,25.109617789510743,26.107391794536348,27.145252260095422,28.22315121066009,29.340617896426743,30.496668700847604,31.689704755473525,32.91739690857118,34.17655824718301,35.46300521424627,36.771409598540934,38.095145438033576,39.42613732239792,40.754719870004216,42.06952241296013,43.35739814954137,44.60342293473805,45.79099468120378,46.902068439838686,47.917562002243926,48.81795876131801,49.58411488355565,50.198244589487445,50.64501294697948,50.91261932944508,50.993722378886204,50.886056153147436
1755.9262510974538,21.50979020082891,22.35293674210963,23.23357868621505,24.152678365512532,25.11102915047064,26.109205994311,27.14750727401194,28.22588690796863,29.343875755108964,30.500491394961465,31.69413558574886,32.92247904277347,34.18233373283471,35.469513723232986,36.778686861908845,38.103221331437695,39.435033570508786,40.76444735507134,42.08007810319154,43.36876171252545,44.6155531754647,45.80382604687642,46.91550796186988,47.93148718435563,48.832217037105764,49.598525301011676,50.212602264800246,50.659096511230544,50.926201073635006,51.00658018498061,50.89798577272471
1754.0782318891424,21.51237012334598,22.35550694566458,23.2361513333102,24.15526977723569,25.113660679197487,26.11190503703385,27.150308439889354,28.228833351649012,29.34702068350875,30.50389974872421,31.697885886586544,32.926665383033146,34.1870678623619,35.47492715903932,36.78493290620213,38.110476831214136,39.44350018577023,40.77435202322594,42.091672298417244,43.382319011486906,44.631364575790215,45.822192477353276,46.93672952391251,47.95584893300718,48.859971597095466,49.62987332351998,50.24767257402882,50.697928549993804,50.968732615098595,51.05264292941575,50.94731028889966
1751.927119831815,21.51820074867311,22.362039122931588,23.24343562281852,24.163358170317355,25.122606084900333,26.121760602148825,27.16112666882459,28.24066498830537,29.35991331315089,30.517896074290473,31.713021631582865,32.94296677306945,34.20454864091746,35.49358510221063,36.804745818848474,38.13139803698526,39.465453571120094,40.79722676698536,42.11531752064656,43.40653871375629,44.65591342046146,45.846773155389606,46.96099265859015,47.979396600357,48.88236551932164,49.65064849521057,50.26635642103161,50.7140647001762,50.98190715082027,51.06250995028899,50.95361317768784
1750.0875043752187,21.517715269317975,22.361222251338287,23.242281707988468,24.161866268623086,25.120781269856867,26.1196155175223,27.15868335540455,28.237957013850114,29.356988231850476,30.514818235479016,31.709875345890094,32.9398598257753,34.20161611443734,35.490993429229036,36.80269693086296,38.13013339577533,39.4652577690554,40.79843025396668,42.11829786296957,43.41171962407562,44.663760643953346,45.85778620306606,46.975691420118466,47.99830214591302,48.90597501566073,49.67940516942974,50.300616834391796,50.75406697295023,51.02774473628827,51.11411555974604,51.01075619113302
1747.9461632581717,21.51785243227431,22.36163206093636,23.24299350282975,24.16291160508883,25.122193933629454,26.121431487146765,27.160940703142703,28.240695726005093,29.360249927253374,30.518645756961533,31.714312195408997,32.94494940958902,34.20740076070454,35.49751313718562,36.80998780929808,38.138225750385125,39.474173805715736,40.80818138138641,42.12888160813147,43.42311622298994,44.67592944440846,45.87066211916021,46.98918180814395,48.01228461289424,48.920296791311436,49.69388471268065,50.315048236074574,50.76822739935275,51.0414046348789,51.127050717212875,51.02276018933828
1746.114894360049,21.518963983670847,22.36322025558862,23.245116137241975,24.165632297031483,25.125582530090625,26.12556444859462,27.165901443694377,28.246574882698976,29.367145523684506,30.526663216787636,31.723564149393052,32.9555552256867,34.2194857101405,35.51120709070067,36.82542333756644,38.155535482797674,39.4934868857887,40.82961885111543,42.15255056758613,43.4491026600872,44.704289732889016,45.90141336291796,47.022291485811834,48.047660348711915,48.957777508675456,49.733234816398486,50.35595665185328,50.8103130746945,51.084229331715214,51.17013864217979,51.06562251225274
1743.9832577607256,21.521953837026828,22.36667780177339,23.24908868333336,24.170171190354782,25.130743336198375,26.13140708618921,27.172490257666535,28.253978631516276,29.375437251415967,30.535919972966482,31.733866511605925,32.96698657022037,34.232131165360705,35.52515209652705,36.84075172340584,38.17232696743267,39.51181389917452,40.849542585006404,42.174116187278656,43.47233366437511,44.72918154732686,45.92792640661633,47.050344172223355,48.07712275711807,48.98846675405148,49.76491336435923,50.3883348428372,50.843056800159225,51.116973075012204,51.202503044143405,51.0972345260573
1741.8568193694482,21.523281051509542,22.36860910367635,23.251681971501718,24.17348786196618,25.134848098192524,26.13636763603823,27.178376800364024,28.260863193840926,29.383392748251985,30.54501897395886,31.7441796500837,32.97858053078092,34.24506618280927,35.53947889861341,36.856507855435254,38.18953245195024,39.530466213666266,40.869610991890504,42.19553553213737,43.494997880043904,44.752937271013394,45.95256733533339,47.075607032683564,48.10268600530783,49.01395326291394,49.789898283237044,50.41235938841394,50.86564789251396,51.13766753945353,51.220873842513534,51.11291560132323
1740.0382808421784,21.523203056467896,22.36867680938599,23.251924825769787,24.173939898024283,25.135548550046494,26.137361613682963,27.17971602282368,28.262606774289143,29.38560802023367,30.54778234049893,31.74757742763882,32.98270974686088,34.25003526885675,35.54540819754029,36.86352983534192,38.19779148369684,39.54011773079628,40.88081980951949,42.208473062733574,43.50983795969539,44.769850318216996,45.9717126323798,47.09712308065068,48.12667918893534,49.04048548256585,49.81897473119034,50.443918153439625,50.89955337747001,51.173709547284105,51.25877348291547,51.152337959957904
1737.921445950643,21.528631765859807,22.37433130591584,23.25782080469564,24.180094653714594,25.141981166489646,26.144093173630452,27.18676983472576,28.27000861473213,29.393386387486434,30.555968711803278,31.756206508763366,32.99181969685556,34.259667875533864,35.555608969601856,36.87434796499241,38.209279618987914,39.552331480330764,40.89381688494984,42.22231194979921,43.524576001853276,44.785541106935774,45.98840263698249,47.114847532277,48.14545736931271,49.06031575913803,49.83982990250707,50.465741865304395,50.922258452233116,51.19717894271005,51.28286421887516,51.17688777878005
1736.111111111111,21.528283102701895,22.373923783297457,23.25737811994559,24.179647448215245,25.14156835512893,26.143763472226112,27.18658350169616,28.270039419547334,29.393723811951176,30.556720379921185,31.757500825398917,32.993808652846965,34.26252994506743,35.55955198186679,36.87961177342718,38.2161383149508,39.56109480191053,40.904830356650024,42.23595516123787,43.541258309493905,44.80569395381385,46.01246768430271,47.14325995984873,48.178624119820675,49.09858925016578,49.88347881467944,50.51492189382002,50.97698704345957,51.25731853014807,51.34811785451663,51.24680917884499
1734.0038148083922,21.53149101195824,22.377727393254244,23.261824919234122,24.18478665373591,25.1474504946389,26.150439816828168,27.194105316580792,28.278456996931975,29.403085245813486,30.56707003820519,31.76887747244867,33.0062431737465,34.27604262560644,35.57414930485282,36.895282706660524,38.232850092028826,39.57878823901686,40.9234148127444,42.25530334249471,43.561201247631345,44.826016654309846,46.03290613674168,47.16350040248718,48.19830559910071,49.1173105246688,49.90081040940454,50.53042351671946,50.99022961856888,51.267908929449455,51.35572336074649,51.25117821629102
1731.9016279875302,21.532604010409518,22.37931794149451,23.263951103819593,24.187512445277324,25.15084616730934,26.154582345971402,27.199078734181107,28.284352678270682,29.41000209262922,30.575114513798834,31.778163432132597,33.01689141956654,34.288180097227276,35.58790779903612,36.910796996584,38.25025529650561,39.598216273906026,40.944989748626746,42.27913550410338,43.587379936809356,44.854601480171645,46.063917118525765,47.19690729326567,48.23401726535288,49.15516567093453,49.94057135744465,50.57177495988528,51.032784059547666,51.31121971405772,51.399304873946456,51.29453122252173
1730.1038062283735,21.532741368299476,22.37972843390346,23.264664268660535,24.188560079082894,25.152262343092943,26.156403383764268,27.201343109444416,28.287100850244894,29.41327623110751,30.57895809881874,31.782620696745273,33.0220066013369,34.29399645976132,35.594466381186876,36.91813504499737,38.25840433834522,39.60719979328186,40.95482044589299,42.289812146573766,43.598883858600466,44.866892864343235,46.07693130121566,47.21055146580189,48.248168102131174,49.16966854312904,49.95524184531381,50.5864032724926,51.047142645127195,51.32507379290135,51.41242495103588,51.306706048366316
1728.0110592707792,21.533854654804504,22.381319516234775,23.266791314206788,24.191287159014756,25.155659855308304,26.160548454206417,27.206319951441806,28.293001055009096,29.420198954407212,30.587010098821953,31.791916165775266,33.03266671954602,34.306148581338164,35.60824274381216,36.933670871559244,38.275835178158665,39.62665793173707,40.97643020288626,42.31368389563696,43.625106646070904,44.89552561265728,46.10799276756214,47.244009418504874,48.28392857528717,49.207566496288386,49.99503498315463,50.62777098720408,51.0896918096817,51.368352296201905,51.4559424682509,51.3499599163947
1725.9233690024164,21.53377658107121,22.381387301146383,23.267034494219676,24.19173988411892,25.156361511720068,26.161544348637673,27.207662055253646,28.29474880290025,29.422420087098313,30.589781531987793,31.795324857643962,33.03681049639184,34.311136862694596,35.61419708671756,36.94072522470049,38.284135701970634,39.63636219986972,40.987705556387695,42.32670467951602,43.640050029779054,44.91256570028366,46.127292768061665,47.26571180644074,48.30814346292443,49.23435887337561,50.02441202696058,50.659671187467545,51.12397798823571,51.40481048754179,51.4942879039136,51.38985008442051
1724.1379310344828,21.54068396742875,22.38803463945193,23.273391664386907,24.19777666413416,25.162048231069193,26.166852726292994,27.212566256217183,28.299226750486564,29.426455070453617,30.59336414909484,31.798455332275907,33.03950140177995,34.31341627318609,35.616112158895206,36.94234617802532,38.28556012188405,39.637719518661015,40.989161474093756,42.32846516501176,43.642364391330915,44.915728044045785,46.13164099654085,47.271623194349516,48.31602586104741,49.244636830997656,50.03750768450255,50.675980706339274,51.14384545069388,51.42850232429923,51.52197155599281,51.421580375744895
1722.0595832615807,21.54220640097867,22.390513546308053,23.276920747034783,24.202455469864383,25.167981884346904,26.174151454690016,27.22134465646757,28.309602731596026,29.43854840032267,30.60729452012125,31.814339850458065,33.05745139392854,34.333533299553196,35.63848311635365,36.96703738572874,38.31261030288029,39.66713163557336,41.02089345627731,42.362419693404576,43.678378102540215,44.95356079214652,46.170966174026695,47.31202054091718,48.35697861095411,49.28553532881552,50.07766152723505,50.714640813651634,51.18023607833345,51.46186102073882,51.55159288516658,51.44685765134834
1719.986240110079,21.541935420176696,22.39003757759221,23.27623392809587,24.201554285303228,25.16686588075609,26.172824094789867,27.219814330947482,28.30788394736572,29.4366631627337,30.605273923772586,31.812225887627854,33.05529898037291,34.331412502925716,35.636481550961726,36.96526270645956,38.31119268825148,39.66622609229804,41.02068170344983,42.36311129347418,43.6802104032793,44.95679714185066,46.17589179745263,47.31893545985194,48.366187122352784,49.29733188341568,50.092313428105,50.73236895149041,51.20119578984641,51.4861258140208,51.579143878382716,51.47758088751412
1717.9178835251676,21.543458035349683,22.392516940937988,23.279763900222054,24.20623460291214,25.172801893179145,26.18012629428171,27.228597623180697,28.318266598874573,29.448765351502246,30.619215808058275,31.82812509702489,33.07326742302021,34.35155237523173,35.65888043375439,36.989987637927136,38.33828312521077,39.69568571561732,41.05246910252266,42.39712969355714,43.71629679557814,44.994711455027094,46.215307115673575,47.35943072526282,48.40724418931175,49.33833907881377,50.13257770549985,50.77113806841641,51.23769053686136,51.51958028215918,51.60884954162847,51.50292867441645
1715.854495538778,21.546261956585553,22.395439735421302,23.28281791470632,24.209434038281405,25.17616308786402,26.183668043759845,27.232341537116657,28.32223749613786,29.452991691259932,30.623730152103395,31.83296459413457,33.07847430000894,34.35717441096629,35.66497138114679,36.99660754424008,38.34549848244956,39.703569350305465,41.06109968861799,42.40659074616486,43.72667498171426,45.00609405027733,46.227778456544875,47.373067575396604,48.42211007358607,49.3544778545345,50.15000692244362,50.7898429662026,51.25761973741986,51.54064422861867,51.63092241732798,51.525853921063124
1714.0898183064794,21.547785199758195,22.397920330201494,23.286349947745553,24.21411751039489,25.182103654502054,26.190976549114428,27.24113328808357,28.332631212580246,29.46510805836201,30.637689889368193,31.84888594432995,33.096469831069825,34.3773470160959,35.68740935963246,37.021378651684536,38.37264286005044,39.73309128698878,41.092958249057105,42.44068942731141,43.762850758093364,45.044106449962015,46.26729968076477,47.413675113871236,48.46328370450645,49.39560321124621,50.19038774320535,50.828723475818414,51.29421718626384,51.574189539591565,51.66070464855788,51.55126263393016
1712.035610340695,21.55154620344813,22.40124398343215,23.289217383680107,24.216514865088868,25.184023781752476,26.192421087605325,27.242115131189895,28.333177432310272,29.465263333184794,30.637520479564213,31.848484245930827,33.09595951758859,34.376888742345606,35.6872069491454,37.0216856125571,38.373768966409344,39.73540881735238,41.096907282724025,42.44678136460427,43.77166896015361,45.05630262026745,46.283584399012724,47.43480089480925,48.49001924892132,49.4286983244053,50.230529845811816,50.876488672902724,51.35002112205013,51.6382450245431,51.73299340204652,51.6315268210901
1709.986320109439,21.551274981357995,22.40076754512848,23.28852981582722,24.215612596813408,25.182906300868126,26.191091796670463,27.24058236233872,28.33145563993699,29.463374482519974,30.635495646361203,31.846365437053034,33.09380171314586,34.3747621457001,35.685199409701944,37.01990515541949,38.372346319988516,39.73449977201265,41.09669463830647,42.44747613193874,43.773510375754896,45.059556427028525,46.28853876511036,47.44175933281554,48.49929002077623,49.44058014733522,50.24529429998606,50.8943605318876,51.37115873264356,51.6627235599649,51.76079394038466,51.66253350994403
1707.9419299743806,21.55279895234988,22.403249354721847,23.29206363733576,24.22029854321592,25.188850171876513,26.198404620785976,27.2493796802917,28.341856466110222,29.47549987024964,30.649466771681038,31.862301104041144,33.11181517348369,34.39495711690121,35.707665173166816,37.04471062083474,38.39953296238422,39.76407339046357,41.12861596263784,42.48165043133435,43.80977641894589,45.097675424612774,46.32818429730187,47.482509711298036,48.540624983101345,49.481884096079234,50.2858682592518,50.933444349683775,51.40796364168443,51.69647311097417,51.79076902006415,51.68811545730444
1705.9024223814397,21.55560272914855,22.406172156370424,23.29511784343611,24.223498390929034,25.19221203998079,26.201947350152892,27.253124932496846,28.34582912064484,29.479728458838814,30.653983945287862,31.867144123902147,33.11702641155764,34.40058454290228,35.713762794305765,37.051338825895826,38.406758703315994,39.77197011211999,41.137263165351726,42.49113272389258,43.820181896175406,45.109093193103554,46.34070098888865,47.49620488604323,48.55556545286442,49.49811741079898,50.303415883111775,50.95229536482334,51.428070053550265,51.7177478588443,51.813087509914,51.71132082836715
1703.8677798602828,21.55712732841099,22.408655198262252,23.29865372781779,24.228187495595744,25.198160471724133,26.209266490699427,27.261930725500537,28.356241036033882,29.4918680600067,30.667972973159298,31.88310200033504,33.13506705379335,34.42081237238843,35.73626781964586,37.07619068476009,38.43399956768855,39.80160640379147,41.16925610606645,42.5253878727377,43.85653802409733,45.147311128157,46.38045344318428,47.53706872721452,48.597018340256746,49.53954103689288,50.34410802245807,50.99149227986521,51.46497936815928,51.75158987805152,51.84314062828656,51.73696495377784
1702.127659574468,21.556640044180714,22.407834818330105,23.29749414958947,24.226687299224402,25.196324245776342,26.207106409208887,27.25946840932828,28.353509731290377,29.488915163890912,30.66486293181929,31.87991959273393,33.131921058031736,34.417839583793864,35.733637349731026,37.07410841259866,38.4327125354213,39.80140684079777,41.17048462799445,42.52843523216902,43.861844597863694,45.15536313691509,46.39177476185574,47.55220714441484,48.61652537935441,49.56394509265026,50.37388168298853,51.02701624100033,51.506507010574296,51.79921780410201,51.89679057091067,51.79638103561343
1700.1020061203672,21.56222209601046,22.413918802719902,23.304125873760487,24.233916527415314,25.2042049246201,26.215696867368575,27.268831516242404,28.363712995348866,29.500030744728637,30.67696753445851,31.893094202804935,33.146250467049555,34.43341164134855,35.75054186554688,37.092435616231434,38.4525509861445,39.82284066753189,41.19358997356713,42.553275785409284,43.888466132678346,45.1837870555675,46.421990779075564,47.58416546630573,48.650129029481256,49.599043389050436,50.410266194785805,51.06442071275136,51.54461256323683,51.83766407305802,51.93519234813887,51.83434870240542
1698.0811682798437,21.56522430351374,22.4173925011794,23.30811925829609,24.23848200356132,25.20939931528481,26.221581580868563,27.275472656875774,28.37118139290772,29.50840187318415,30.686321282610304,31.903514450811965,33.15782441234735,34.44622880553303,35.764692700653974,37.10800961524254,38.469634190137484,39.84151245372904,41.213919009858806,42.57531505615293,43.91224699006684,45.20931234705846,46.4492272626698,47.61303596599405,48.680505100200854,49.630739615347466,50.44303754580138,51.09796446409461,51.57857599536224,51.871658353236654,51.96881177152397,51.86719313100171
1696.0651289009497,21.566557002692438,22.419332826577293,23.310726152040353,24.24181810347686,25.21353079525249,26.226577862992414,27.28140596189497,28.37812608911613,29.516433577349837,30.695515659191457,31.91394564846974,33.1695630699281,34.45933955427768,35.779231086907906,37.12401837076473,38.48713878886862,39.860515919932624,41.234395990464755,42.597205249916435,43.9354481496836,45.23367324902277,46.474541278685415,47.639036157928054,48.706862055046145,49.65706344714526,50.468885475987754,51.12285498392037,51.602009699936,51.89314417066243,51.987895805714516,51.88348622647755
1694.0538709130951,21.566478685326928,22.41940084863979,23.31097028052146,24.242272787696667,25.214235806869635,26.227579001511668,27.282755824755288,28.379884901886978,29.518670074462815,30.698307998475894,31.917382332903106,33.17374383665775,34.464376173177165,35.78524798764825,37.131152987583654,38.49554147519637,39.8703492409435,41.245833152497,42.61042737703495,43.950640080696935,45.2510175227545,46.494210031656046,47.66118081710126,48.731601011044816,49.684468364038025,50.49896750332054,51.155552764285346,51.63718148307653,51.93056626786161,52.027268841052134,51.92444921504813
1692.047377326565,21.567595400392293,22.420997499110296,23.313105744857964,24.245012004824936,25.217650229255202,26.231747031819634,27.28776321645965,28.385825097689366,29.52564444821201,30.706425956103057,31.92676121533024,33.18450855232943,34.47665846952077,35.79918524932925,37.14688642533581,38.513213543692444,39.89010010078018,41.267795975916854,42.63472229989836,43.977366640909274,45.28024552141332,46.525968937013,47.69544813170011,48.76829045144544,49.72341922977037,50.53993713115342,51.198214275672974,51.68112887333883,51.975328038234096,52.07232984031664,51.96927848630914
1690.0456312320432,21.570815660825833,22.424818173078886,23.31757543356757,24.25018121486741,25.223570974086147,26.238472282607226,27.295346169489363,28.394318220611876,29.53509826243291,30.716887507860786,31.93827218401404,33.197102942169,34.490359831170494,35.81400338293067,37.16281352910104,38.53021979582366,39.908128703061145,41.28675775171938,42.65449003624025,43.99776950230855,45.30106404812474,46.54693136748226,47.716229033867094,48.788512850967855,49.74266148224769,50.55774555970927,51.214121949947646,51.694679799710485,51.98610462367667,52.07998019314311,51.97353947849902
1688.0486158001347,21.576190669955412,22.430570012117816,23.323750224175285,24.256831463992157,25.23075642293613,26.24626084319155,27.303814947549704,28.40355461881014,29.5452011504724,30.72796843604422,31.950456602621028,33.21053136978202,34.505188889282984,35.830406580276055,37.18098163563878,38.5503605922023,39.93046582699528,41.31152829128451,42.68194045008243,44.02814939533525,45.33461732821755,46.58388439967654,47.756775652825496,48.83279655129857,49.790755810345196,50.609634629869674,51.269683912492454,51.753676653437786,52.04818156774874,52.14467646992779,52.04031048189015
1686.056314280897,21.575702500514254,22.429747980074026,23.32258806700236,24.25532759478783,25.22891526206146,26.244094404251168,27.30134471159718,28.40081373075173,29.54223696954371,30.72484546683168,31.947259822863586,33.20736995404854,34.5022003008261,35.8277609633457,37.17888638284193,38.54906488087231,39.930264809466266,41.31276648194787,42.68501367634786,44.0335044779109,45.342748452503535,46.59532498509118,47.77208450762685,48.85253734251304,49.815469525680946,50.639805863726586,51.305703428935715,51.79580446231892,52.096516096805324,52.19913558911321,52.10062864131697
1684.068710003368,21.57584042349634,22.430160378549527,23.323304946095412,24.256381316485175,25.230340579687432,26.24592845171499,27.303626932634934,28.40358573012813,29.545542264416397,30.728729112207265,31.951767880329175,33.21254876786442,34.50809554027144,35.83441638540628,37.18634226577544,38.55735607833171,39.939418379038436,41.32279885477442,42.69592736117182,44.04528434045816,45.35535768782946,46.608701013864284,47.78613517932704,48.867138007788014,49.83046171130427,50.654998379434545,51.32087666164792,51.810718279793164,52.11092116420457,52.212787102469505,52.113300749223875
1682.0857863751053,21.580180954734494,22.435582481765405,23.329916441514982,24.26429806374562,25.239686546682094,26.25683561890975,27.31623498075654,28.418041447727056,29.56199859862446,30.747343771006566,31.97270137794321,33.23596178687146,34.53414546561202,35.863252848310765,37.21810152282081,38.592154047520566,39.97734216937734,41.36389667132424,42.74019676294717,44.092658999418,45.405693073681064,46.661759838790765,47.841573986537355,48.92449693631867,49.88916008753143,50.71433912720055,51.38006224366353,51.868879655957834,52.16715898984882,52.26622148004346,52.16312320298215
1680.1075268817203,21.5796925998859,22.43476007156746,23.32875365017203,24.262793236257252,25.23784403240509,26.25466736058623,27.313762393283312,28.415297621139466,29.559030857799254,30.744216619339216,31.96949984219188,33.23279516340477,34.531151441677345,35.86060193204765,37.216001658048334,38.59085520846322,39.977140620742084,41.36513843571469,42.74327965932207,44.098032410511,45.4138543906847,46.67324636880592,47.85694908046503,48.94432933048662,49.91399610048709,50.7446685233018,51.41628023021357,51.911249315712574,52.215779851599336,52.321010133020394,52.22381034466328
1678.133915086424,21.581437123742404,22.4375941852095,23.33277296941778,24.268097210413536,25.244535113551336,26.26284985793942,27.323540944112636,28.426775199676925,29.572306233522262,30.759381166623736,31.986633595816777,33.25196201051226,34.55239334324035,35.88393207961613,37.241396500277375,38.618245334787105,40.0064005776662,41.39607568895698,42.77562311948151,44.13142122787435,45.447828105735084,46.70723796762006,47.890282994490704,48.97622681446528,49.94359050749107,50.77103248552295,51.43846537783566,51.92833685160046,52.22693739274229,52.325547590714926,52.22122638964016
1675.8840288252054,21.585072152796283,22.440517161506303,23.334934552368853,24.269450647318873,25.245037928315416,26.26246594458078,27.322243132989563,28.424548369541487,29.56915104553654,30.755318495821694,31.981709729033458,33.246254664528486,34.54601852866965,35.877051789291066,37.23422712819816,38.611066623734004,39.999564739280984,41.39001612786954,42.770861913876494,44.12857417271344,45.447605731967435,46.71044056895244,47.89778743894528,48.98896298096937,49.96250582018605,50.79704446463171,51.47240446995606,51.97088475913152,52.27856889431706,52.38648524610419,52.291416493071964
1673.9203213927017,21.589688707693444,22.44642283810908,23.342243656750185,24.2782832655836,25.255519284467525,26.274725452138217,27.336413068225852,28.44076208232588,29.587540611131914,30.776011698229325,32.004826254471546,33.271901373903965,34.57428367281486,35.90799803394869,37.26788327278039,38.64741793694614,40.03854190753479,41.4314829351228,42.81460196464958,44.17427725659815,45.494854827431446,46.75870099923456,47.94640028560321,49.03714542046572,50.00936136115094,50.84158580918248,51.51359055391316,52.00767125299758,52.30996829830741,52.41162950918276,52.30961308544084
1671.9612104999164,21.589549115398285,22.446352356456583,23.342266330214137,24.278427864042055,25.255820068747454,26.275223039017074,27.337155400286385,28.441805505176227,29.588951055945476,30.777865960696946,32.007213351268355,33.27492394359071,34.57805936839475,35.91266082749167,37.27358455683938,38.654327261222605,40.04684713133603,41.44138950724543,42.82633096670852,44.18806177439621,45.51093416927222,46.77731229647983,47.96776714206385,49.061463586292724,50.03678194471618,50.87219730264202,51.54740181746466,52.04459831064552,52.349827963764476,52.454142154658065,52.354415252290295
1670.00668002672,21.59066828468431,22.44795296012846,23.344407715576377,24.281175544026638,25.259246195625806,26.27940686527772,27.342183707510305,28.44777297522517,29.595960550550704,30.786028665221657,32.01664872559739,33.285759407340215,34.590429628545635,35.92670673394147,37.2894513454985,38.672162016348544,40.06679527171108,41.463590080398944,42.85091053212393,44.21512668759599,45.54056116906539,46.80953748021175,48.002573722491164,49.09876927804723,50.076427403574264,50.91393763029214,51.59090353320515,52.089444082142194,52.395530520031194,52.50016714773929,52.4002107594937
1668.0567139282737,21.590589787434624,22.44802116103831,23.34465257257031,24.281631757489023,25.259953864241893,26.280412211140103,27.34353987037071,28.449540872345914,29.59820979363319,30.78883851883419,32.02010908171349,33.28997173718215,34.595507854872686,35.932777943039525,37.29665622718365,38.6806548812791,40.076743447972014,41.47517243723228,42.86431482286996,44.23054535746097,45.55818525661502,46.829548287150665,48.02513207946742,49.12400254516076,50.10441484705181,50.94469549048141,51.62437181977158,52.12547764774735,52.433896940983274,52.54055312103429,52.44223714023773
1666.1112962345885,21.595153119800926,22.45379721366775,23.351750248097744,24.29016581393631,25.270044393911068,26.2921838439243,27.35712063460406,28.46506063482304,29.615798188073725,30.808622259281435,32.04220854490431,33.31449668708531,34.62255217542141,35.96241324481924,37.328924205467274,38.715558333848,40.11423592260868,41.51514658599836,42.90658971340513,44.27485325401997,45.60415875697652,46.87670919337165,48.07288396179579,49.17162953141312,50.15108953453312,50.98949872563516,51.66632607079643,52.16359358997257,52.46722986126682,52.56826258765918,52.46364130014689
1663.893510815308,21.598792893997253,22.456724536173393,23.3539154608603,24.29152179956734,25.27054826433401,26.29179903635451,27.355819483883817,28.462827496660363,29.612633191170396,30.804545764187907,32.03726638156896,33.3087662284606,34.61614927697257,35.955500033662865,37.321717630590285,38.70833928076097,40.10735854026466,41.50904725841791,42.90179482295837,44.27198452615348,45.60393456611504,46.87993980401229,48.08045839581135,49.184491789552396,50.170202523986376,51.01579572234559,51.70065197967751,52.20664137504103,52.51948046593419,52.62993818675713,52.53468067010175
1661.9577862722285,21.600323560512997,22.459218483838598,23.357468664016174,24.29623651976959,25.27653284834685,26.29916751340959,27.364690907807315,28.473324968061334,29.624882483309317,30.818673463607336,32.05339744149849,33.32702082020025,34.6366388132865,35.97832223096039,37.346950477014595,38.73603379102537,40.137530213962116,41.54166622941468,42.936774811020626,44.30917090024825,45.64309212518175,46.92074129101944,48.12247527461634,49.22718936759133,50.21294194636738,51.05784543996331,51.74121068561967,52.244872859488304,52.55455840387539,52.6610960828299,52.56126003515659
1660.0265604249669,21.600189319299496,22.45915300069541,23.357495981166675,24.29638541506411,25.276837605085515,26.299668791104885,27.365436719759472,28.474371768876036,29.626296365104434,30.820531453007195,32.05578887977563,33.330048795026606,34.640421591150684,35.98299461275624,37.35266496374756,38.74296140015383,40.145860728255286,41.55160758960699,42.948551284676626,44.323019582304674,45.659257271475525,46.93946599093806,48.14399008682222,49.251697840260086,50.24060347890857,51.088756722893194,51.775387871302776,52.28223739992717,52.59492974244882,52.704193735189484,52.60671596159345
1658.0998176090202,21.604401615459214,22.464175838338868,23.363408026348672,24.303271177954567,25.28478750055791,26.308779083321763,27.375809313503343,28.486113802059624,29.639519547201882,30.835351083001257,32.07232246463446,33.34841417590339,34.660734469956346,36.00536535756758,37.37719455970674,38.76973640666303,40.1749471093679,41.58304331213111,42.982337642034196,44.35911132169142,45.697551802142264,46.9797922570227,48.18609811086476,49.295250459125775,50.28517230962117,51.133824722005066,51.82036070786605,52.326464964461216,52.63773735616297,52.74492028727095,52.64475402183187
1655.9032952475575,21.605933310474654,22.466672129454153,23.36696533717643,24.30799230362576,25.290781417550644,26.31616055946622,27.384698263572776,28.496634323811467,29.65179856096886,30.849516485132824,32.088500691659476,33.366727062988936,34.68129527541249,36.028273817034346,37.40253083290511,38.7975537919675,40.20526343581782,41.61583098787973,43.01751246076033,44.3965203271515,45.73696081058978,47.020874055307836,48.2284228769194,49.33828052859195,50.32826388473623,51.17623922359545,51.86128787239205,52.36505821516802,52.673159462931395,52.7763944249713,52.67161308154173
1653.9861065167051,21.609715185266474,22.47001681667195,23.36985329777716,24.31040893550821,25.292718792008685,26.31761952362159,27.38569096401038,28.497187209108706,29.651955920701585,30.84934457874111,32.08809251013747,33.366207746782365,34.68082817915644,36.02806716049443,37.40284480077119,38.79870783442996,40.20764336736193,41.619895273972986,43.02379681533845,44.405639422884434,45.74960555595117,47.03780258393391,48.25044325086037,49.36622337300087,50.36294399258472,51.218406807793656,51.91157261340552,52.423912160153606,52.74080726219663,52.852800107760416,52.756470628073096
1652.0733520568313,21.611191923944265,22.472380527472925,23.373194509710533,24.314824544327305,25.29831198414396,26.324499531832743,27.393972606065518,28.506990150889525,29.663403593903194,30.862562670861188,32.10320693098368,33.38334196180988,34.700099786595395,36.04958357823244,37.42669792334565,38.82496752520657,40.23634967384319,41.65104930703364,43.057350332996606,44.44148332838166,45.78755778411527,47.077596230691405,48.29171629978127,49.4085119433694,50.40568154550086,51.260931960824735,51.953147805113446,52.46375408184165,52.7781277007496,52.88685306965812,52.78659928936198
1649.8927569707969,21.61406972292771,22.47545877235846,23.37649205866395,24.318362232231095,25.30211281701719,26.32858889116552,27.39837845976066,28.51174326567928,29.66853774163221,30.868114817702697,32.10921739423512,33.389854513100815,34.70716167279586,36.05724542172592,37.43501345135048,38.83399306343914,40.2461433234814,41.6616697071316,43.06885489646414,44.45392583441958,45.8009852235761,47.09204484777003,48.30720687168169,49.42504450534853,50.423230005003134,51.279439323385446,51.9725229798713,52.483871320323914,52.79882951299049,52.907956893303975,52.80790735846759
1647.9894528675015,21.61532994604258,22.47747784282082,23.379360369462326,24.32217892340252,25.30698632395103,26.33463744072232,27.40573048071347,28.520537670055464,29.6789240212675,30.880252885272007,32.123277079730656,33.40601460474304,34.72560836538546,36.07817000553416,37.45860904163186,38.8604501368457,40.27564379802243,41.69437928622979,43.10491341132624,44.49343538816981,45.843996102672115,47.138539468115646,48.35708251478133,49.478096293322,50.47913640936615,51.33775331831936,52.03267238891975,52.54517150788735,52.86050997208971,52.9692005236625,52.86789800713596
1646.0905349794239,21.61497839371463,22.477066444028292,23.37891289750571,24.321726262106225,25.306567867328056,26.334302712270055,27.405540994231465,28.520569051318105,29.679268404707663,30.88102159088757,32.12460356115825,33.40805763777789,34.72855541444463,36.08224066020249,37.46405835227641,38.86757159257984,40.2847715774459,41.705889268552845,43.11922226487127,44.510996867566945,45.86529351719644,47.16407319348898,48.38735151087858,49.51357299994607,50.52023526876612,51.38479459366873,52.08584479267226,52.604498979412234,52.92582898010932,53.04015367806817,52.943947156564654
1643.925694558606,21.616317414514747,22.479017416498106,23.38153616002943,24.325086123482038,25.31073248922487,26.339343867615106,27.411533667539892,28.52759084035319,29.68739867544324,30.890340329626422,32.13518985907049,33.419987734503586,34.74190021954357,36.097062665474496,37.48040784653294,38.88548209687239,40.30425443856443,41.72692739004111,43.14176302949681,44.534944428210075,45.89050082127298,47.19033437240453,48.414395608450235,49.54106039537251,50.547758474747376,51.4118852080567,52.1119880274232,52.62915619263864,52.94846699830443,53.06027776617279,52.961132964452545
1642.0361247947455,21.623473628782666,22.486273189715845,23.3888975272023,24.33256138813146,25.31833281272217,26.347083974567518,27.419432683463917,28.535673277959663,29.69569558482615,30.89889062489502,32.144041828669046,33.42920073350156,34.75154652805973,36.107229476182795,37.491199313474105,38.8970213347439,40.31668530336339,41.74041579612159,43.156497464714626,44.551135222799445,45.90837762177813,47.21014119903083,48.436382883226806,49.56547349188138,50.57482273900605,51.44178808710737,52.14485987685571,52.665052313588035,52.98735409880202,53.102027911669474,53.005526934098924
1639.881928501148,21.624734978241786,22.48829426079673,23.39176898110037,24.336382694818212,25.323212811817484,26.35314138631662,27.426796536654738,28.544483211693795,29.70610196876894,30.911054427518824,32.15813414457105,33.445401858639215,34.77004444533587,36.12821758319812,37.51487319014993,38.92357431305137,40.34630256934644,41.773266734972836,43.19272596902448,44.59084774833828,45.95162893255214,47.25691804301692,48.48658633214216,49.618901387388526,50.63115456617146,51.500575461890186,52.205526331205604,52.72690570673064,53.04961337480487,53.16386308019859,53.06610777754073
1638.001638001638,21.624383529274443,22.487883196366575,23.391322106951034,24.33593094437376,25.322795652035712,26.352808444880953,27.426609472774796,28.54451785028308,29.706450712642948,30.91182895334927,32.15946837406825,33.44745517471278,34.773005091041995,36.132306135589914,37.52034593738836,38.93072627640733,40.35546979724286,41.78482735094318,43.2070992813683,44.608490539022455,45.97302786878649,47.282577060080484,48.51700792456097,49.65456116112366,50.67246929962407,51.54786637931683,52.2589811858736,52.78654514436778,53.115268102906526,53.235167739788636,53.14251470534926
1636.1256544502617,21.62909615248755,22.49374607705734,23.398421690469142,24.344355056906274,25.332632238494693,26.364143929601145,27.439526668477903,28.55909333124092,29.72275155896538,30.92990876582303,32.17936245448947,33.46917476744741,34.796530590944556,36.15757919026165,37.54726041500822,38.959118143751795,40.385106069182775,41.81539444945964,43.23819139832731,44.63959895058355,46.003532607687085,47.311742893916275,48.54398713562568,49.67840600718199,50.69215697185034,51.56233839414803,52.267197128276706,52.78754750313573,53.108251191046655,53.21954065636138,53.11794753756831
1633.986928104575,21.630358175666853,22.49576853129555,23.401295558884883,24.348180199809036,25.337517965466297,26.37020952301981,27.446901825324517,28.567918480028283,29.733177996226928,30.94209854131201,32.19348791555209,33.48541765042541,34.81508052052456,36.17863141633215,37.571012581446396,38.98576584672835,40.41483692877313,41.848380396843986,43.27457888806488,44.6794968700727,46.046997813454425,47.35876360799791,48.594464937794804,49.73213788772579,50.74881981798117,51.62147918431905,52.32823263225324,52.8497769271198,53.17088354450768,53.28173566915601,53.17886546129137
1632.1201240411294,21.634143676589055,22.499116374184627,23.404185835025423,24.350597893768747,25.339454698551158,26.371665668581596,27.44788905342217,28.568462792102167,29.7333233111914,30.941910891312542,32.1930603004458,33.48487558186128,34.81458825523029,36.1783988283152,37.5713025469771,38.98690190492948,40.417210823433905,41.85245889032609,43.28090895738464,44.68870804973607,46.05980006290299,47.37593871838988,48.61684928292447,49.76059447900896,50.784198423923954,51.664564985925395,52.37968657284045,52.91007418948082,53.240259443029835,53.360149242511255,53.26598902102186
1629.9918500407498,21.635406304395623,22.501139822093556,23.40706116428821,24.354425066747726,25.34434315768576,26.377734868547712,27.455268913709126,28.577294027294236,29.743757583897164,30.954110717449602,32.20719861792299,33.50113487106282,34.83315907264085,36.19947758297711,37.59508831377395,39.01359203087793,40.446995047765235,41.885511675150916,43.317379729322006,44.72870911062887,46.10339207938106,47.42311399786591,48.667513542971726,49.81454855007133,50.841122250979026,51.72400723155584,52.44106370056955,52.97268260347478,53.303302627233016,53.422778864583776,53.32735537098555
1627.8691193228065,21.63829072922282,22.504226182408892,23.410368583584756,24.35797469376089,25.34815836998239,26.38184148775719,27.459695429385494,28.582071824602373,29.748921167859432,30.95969792316022,32.21325079167064,33.50769700136983,34.84027984244175,36.207209304103,37.603486692197706,39.02271569561304,40.456904758179604,41.89626910203107,43.32904568739542,44.74134111052655,46.1170410757229,47.43782025328986,48.68330162631002,49.831421661150344,50.85905632288259,51.74294557869161,52.46091327657269,52.9933130641784,53.32454919563707,53.44444937656304,53.34924093926999
1626.0162601626016,21.639768430132346,22.506592554752764,23.413715045324825,24.362399218717947,25.353765442389655,26.38874189217796,27.468005827352147,28.591914059247838,29.76042122630904,30.9729844735705,32.228453197736535,33.524942702331266,34.85969097201372,36.228898408978246,37.62755140268404,39.04923220233428,40.48591996727825,41.92779138886395,43.36303426278481,44.77769417797332,46.15558322107306,47.47828989659555,48.72533988723074,49.87456460486941,50.90273313609512,51.78648552641017,52.50356395548084,53.03427115478423,53.3630025368676,53.479626180379704,53.380459345716226
1623.9038648911985,21.639416486538057,22.506180767659203,23.413267237058605,24.36194636823201,25.35334710326013,26.388407835791252,27.46781793460902,28.59194848185832,29.760770833916194,30.97376159435659,32.22979264624187,33.52700506681237,34.86266610194768,36.23300899762001,37.63305649535759,39.05643037311524,40.49515178955105,41.93944067506247,43.37752736637239,44.795496447974614,46.17719150783509,47.50421989099975,48.75610714270474,49.91065849586474,50.944583917479854,51.834426176837795,52.55779050388753,53.094807228811455,53.42967507753365,53.55205867866207,53.45808610302734
1622.0600162206003,21.6479314603214,22.51541208284082,23.42328217914304,24.372818626493448,25.365157271754246,26.401243911258543,27.481775794188852,28.607132317008983,29.777293508435893,30.991744883383518,32.24936729891437,33.548310617118155,34.88585032933167,36.25822691034811,37.66046867495521,39.0862004777613,40.527442970254356,41.974410616330196,43.415321634330226,44.8362398341412,46.220977129368954,47.55109599600193,48.80606192945746,49.96360383589875,51.00033967222013,51.8927077016049,52.61820265417075,53.15684826951262,53.492752883689604,53.61551935145268,53.521252079692324
1619.9578810950916,21.64933060867944,22.517504382402002,23.426134870062196,24.37650311801974,25.36974894050137,26.406821746885697,27.48842185232354,28.614930931658535,29.786330207709543,31.00210494322137,32.26113385999945,33.56156228079415,34.9006581401441,36.27465062741329,37.67855223442312,39.10596655845198,40.54888660074196,41.99749181422268,43.439957161240024,44.86229430104406,46.24825391699684,47.57932877938741,48.834908011535866,49.99264095542746,51.029068334589,51.920561170028094,52.644566246053614,53.181088288323146,53.51425339949913,53.63372260558588,53.53569645688123
1618.1229773462785,21.648977919838032,22.517091474152146,23.42568554834786,24.37604836124885,25.369328325532738,26.40648510297408,27.48823116717283,28.614962531695618,29.786677230115533,31.002880108977138,32.26247254362367,33.56362585141197,34.903637517141995,36.27876994845731,37.684072469331795,39.11318881377164,40.558154741060044,42.009193872736944,43.45452482384845,44.88019953568273,46.27000161375779,47.60544413120058,48.865917410916374,50.0290455709814,51.07131044487774,51.96898489247813,52.69937641006187,53.242313385061664,53.58171989344674,53.70704737203238,53.61430116714605
1616.0310277957337,21.650460173875185,22.51946539061089,23.4290432585365,24.380488689668525,25.374956766594686,26.41341363551643,27.496577857950676,28.624850868673956,29.79823511450688,31.0162384215247,32.27776318576066,33.58097914600161,34.92317883731273,36.300615428112835,37.708323637953036,39.13992599581168,40.587429074294405,42.04101784264526,43.4888613009669,44.916949465784256,46.30899077901582,47.64640980651997,48.90849629894893,50.072765078607574,51.11558603397372,52.013126630114556,52.74260755700599,53.28380248927784,53.6206252620105,53.74256944344269,53.645735345958734
1613.9444803098775,21.653213803312113,22.522491064200125,23.43238459102014,24.384196197591972,25.379088880850095,26.418037836370814,27.501771937687792,28.630704322862456,29.80485065651551,31.02373360536303,32.286272108465475,33.59065418108631,34.93419232329169,36.31316119837779,37.722618227492205,39.15620929348746,40.60596410433322,42.06208925552748,43.51277203700913,44.94401493927415,46.33952984866254,47.68073180639032,48.94688359104694,50.11545106634514,51.16272944805835,52.06478418188432,52.79870856573348,53.34413035167949,53.68481092018411,53.810100660203275,53.71598252536212
1612.1231662098983,21.658631065356232,22.528294599085875,23.438622305783028,24.390922762031003,25.38636666070693,26.425937932832387,27.510375335937272,28.64010314807703,29.81514952913798,31.03505107780461,32.29874215150258,33.604427668622186,34.94943843699106,36.330068636658176,37.741396053845975,39.17708719449264,40.62919174613706,42.08793432958973,43.54151647728619,44.975948689692835,46.37494149442239,47.719895412721655,48.99004130505912,50.1627915391432,51.21436301843986,52.12071703096334,52.85881950210629,53.40815502954067,53.75233841364563,53.88058579811274,53.78877421674999
1610.046691354049,21.66003163448107,22.53038936432105,23.44147885527079,24.39461292337524,25.390966310416903,26.431526654368948,27.517035886113465,28.647920683869554,29.824210538374857,31.04544194783013,32.31054730005704,33.61772715133558,34.96430493700935,36.34656373557748,37.75956568194581,39.196956166454974,40.650757312644,42.11115872543628,43.5663185373286,45.00219475414529,46.40243605666596,47.7483722942915,49.01915657401589,50.192119875838166,51.24339965483936,52.14888752066033,52.88549911067429,53.43269819933447,53.77411654900454,53.8990290269047,53.80341079643045
1607.9755587715067,21.662787765010684,22.533418060850703,23.44482385047896,24.39832488062565,25.39510384341189,26.43615747099685,27.52223806200709,28.65378406715044,29.830838280747297,31.052952147727137,32.31907472975006,33.62742502025257,34.97534661596103,36.359144328683875,37.773903281854324,39.213292560855436,40.66935782358334,42.13231075709019,43.59032828730833,45.02938142268412,46.43312279900917,47.78287316227572,49.05775887361247,50.235061845622596,51.29084425623626,52.20089444901948,52.94199870566103,53.493472263978504,53.838791423643755,53.96708490397178,53.87420809235532
1605.9097478721696,21.66405382870796,22.53544786523303,23.447709496063425,24.40216760206225,25.400014632734383,26.44225766135624,27.52965983997055,28.66267087165691,29.841345034309715,31.06524524991011,32.33333172370013,33.64383381942588,34.9941041495172,36.38045442983606,37.797973603903756,39.24033026209866,40.69956371868644,42.16587159736915,43.62740682175585,45.070103933300935,46.47756394144096,47.831038236085796,49.1095641646946,50.29031447711993,51.34922403066523,52.261941282903415,53.00511003870545,53.5579146538263,53.90372883196698,54.03162283833135,53.93744858309635
1604.1065126724416,21.66785662769252,22.53881366648754,23.450618094944932,24.404603658909338,25.401969429523163,26.443731238314914,27.530663572631752,28.66323055286835,29.841504527564222,31.06507077852622,32.33291685276825,33.643305171034655,34.99362786238642,36.38024332631067,37.79829495248882,39.24151391214445,40.70201022291734,42.17005971376099,43.63389948655597,45.079551418139694,46.49070246783553,47.84868188228927,49.13258759796838,50.31962411383195,51.38571599721504,52.30644636425734,53.05832880098671,53.62034973674934,53.97562488284658,54.11292595912845,54.02779497140701
1602.0506247997437,21.672453565353397,22.544637921779657,23.457782444077683,24.413227452588778,25.41217817803042,26.45565593057698,27.544439660979922,28.678996522428616,29.8593999550576,31.085233769900633,32.35548073302971,33.66839428381293,35.02135232277418,36.41069256108487,37.831529861463004,39.27755750036303,40.74083659707202,42.21158142480982,43.6779533588138,45.12588326591091,46.538951501787245,47.89836618087704,49.18309276426923,50.37019807812584,51.43547364617046,52.3543878809734,53.1033747435538,53.66139349071871,54.01159919529697,54.142875690582706,54.05094476397022
1600.0,21.673995185676944,22.547152656009523,23.461369482806898,24.41799291325971,25.418235003299184,26.463123596658765,27.553443640969757,28.689667438243717,29.87187233868744,31.099644340104433,32.371966077674706,33.68708782117038,35.04238039824094,36.434169520748476,37.857551933811486,39.30619531759258,40.77212620665108,42.245513694136555,43.714461781929394,45.164830370703406,46.58011436568441,47.941422029400144,49.227606267188555,50.41561273211129,51.48111038749754,52.39945448827139,53.1469891926089,53.702622730968024,54.049511688758756,54.17660208327707,54.07973767449919
1597.9546180888462,21.673502991983334,22.546322776079084,23.460194592615437,24.41647030151126,25.41636793926797,26.460922971402216,27.550929922141187,28.68687298052655,29.86884409182277,31.096446993482417,32.36868567293611,33.683835850002446,35.03929837847326,36.43143400574694,37.85537985239821,39.304849457037,40.771920530918976,42.24681802415695,43.71770514661446,45.17050206660196,46.5887614566504,47.953641726248684,49.24403145608867,50.43688904586364,51.50786387520888,52.432250369003796,53.18628444104629,53.74871800076076,54.102510436912816,54.236385435148605,54.145961546436325
1595.9144589849982,21.677875153863095,22.55179466455797,23.466878990798538,24.42448901354492,25.425852023386145,26.47201283000388,27.563775197562308,28.701632192770244,29.885683939717325,31.115541223235176,32.39021339756269,33.707979179485704,35.06623919387858,36.4613496816198,37.888437702462966,39.34119965244247,40.81168722556236,42.29008843137164,43.76451636812753,45.220825612993025,46.642485667918486,48.01055276190234,49.30379423128896,50.499030452815454,51.57176174032226,52.497132545941966,53.251242668922025,53.81273996968091,54.16453043724617,54.295349345213644,54.20089717663276
1593.8795027095953,21.683305095631177,22.557613757549944,23.47313567942365,24.431238617791145,25.43315769703217,26.479946630716572,27.572419272769828,28.71108008107073,29.896041981208324,31.12693006265235,32.4027695503221,33.72185661107996,35.0816108355711,36.47840876750181,37.907398761716756,39.362298922947375,40.83518216821087,42.316255918214594,43.79364899653059,45.25322547752672,46.678454834990774,48.05037969997777,49.34773564720541,50.54728849619598,51.62445747981095,52.55427801620399,53.31271543428848,53.878265509001764,54.23367789791227,54.36754459035541,54.27545348896287
1592.1031682853052,21.68295126918313,22.55719933365385,23.47268449466109,24.43078174405462,25.43273489491725,26.47960803978953,27.57222736537236,28.711111904903504,29.89639171208831,31.127711881396866,32.40412084504867,33.72394148608806,35.08462387735219,36.48257897325528,37.91299347079514,39.369627500477364,40.84459906551371,42.328162569938044,43.80849380670303,45.27150090317815,46.70069032454532,48.07712904922942,49.37955731868449,50.5847177939498,51.66797040988361,52.60424837450337,53.369369098737934,53.941638563468736,54.30358701646987,54.443577740152364,54.356985678751386
1590.0779138177772,21.684219754130424,22.559233550904448,23.475577224376153,24.434635059371672,25.43766081754991,26.485729162036126,27.57967740750397,28.72003616695202,29.90694736654039,31.14006803762644,32.41845829678904,33.74045202905897,35.10350905448758,36.504048069120195,37.93726053449973,39.39690712860673,40.875100626607995,42.36208250770798,43.846005636120815,45.312742539928564,46.745748509637814,48.12602091269793,49.432209649273666,50.64094541353235,51.72745618850966,52.66652869403589,53.433829547462224,54.00752463071817,54.37003284944525,54.50965241873257,54.42175177350856
1588.0578053041131,21.68860518301483,22.564720087995088,23.48227814063801,24.44267274737455,25.447167041539597,26.496845167518487,27.592553839277823,28.734832732121447,29.923832164215952,31.159216459454967,32.44005138183198,33.76467413267377,35.13054466382832,36.53407756828976,37.97045469197992,39.43342005210141,40.91506091312464,42.40558232270411,43.893087507044285,45.3633837814395,46.799843460418806,48.183361619753306,49.49246634444002,50.70364910501034,51.79198683900839,52.732113470521874,53.49955593773953,54.072372101586346,54.432923655739685,54.569517441205385,54.477602316917306
1586.0428231562253,21.688525952779838,22.56478902124381,23.482525992104627,24.443135265521132,25.447885690606466,26.497867934703425,27.593936130368252,28.736638356077773,29.926134402847524,31.16209921184769,32.44361036378076,33.76901809798091,35.13579659555606,36.54037576213135,37.97795361868383,39.44229083895835,40.92549122371107,42.41777533837764,43.90725962533538,45.379760554485934,46.81865322231361,48.20482623608955,49.51678862739784,50.73099676450964,51.82247347834091,52.76577812031177,53.53634383739656,54.112120515394935,54.47535684840645,54.61425394025091,54.52417512228136
1584.032947885316,21.693961376659665,22.570615021511152,23.488791298743802,24.449895547356967,25.45520452836146,26.50581790947006,27.602600032199664,28.74611051343523,29.936522127450434,31.173524344165642,32.456210890788164,33.782949795267974,35.15123461836816,36.55751607174696,37.997014078554884,39.463511745740085,40.94913494860916,42.44412464300474,43.93661408740056,45.41243040643649,46.854949803483784,48.24504824816133,49.5612035642525,50.779817395473955,51.87583023210033,52.82368968835733,53.59869009771887,54.17862340443931,54.545575180136986,54.687596527444946,54.599932761833244
1582.0281601012498,21.698343157956945,22.576098633149662,23.495490340948518,24.457932810331542,25.464712254034126,26.5169379145112,27.615483641463296,28.760918240578732,29.953423024660342,31.192694925319973,32.47783351169804,33.80721035064104,35.178319387849974,36.587607517384946,38.03028536491087,39.50011972524203,40.98921133565278,42.48776510369118,43.98386501962122,45.463273312223706,46.90928341280959,48.30266900485512,49.62178579296902,50.842895455266664,51.940786135069544,52.889750719540956,53.664941342984996,54.24403902853357,54.609069245492826,54.74808934795653,54.65642369284521
1580.0284405119294,21.697988827411827,22.57568350983953,23.49503826873778,24.45747490236682,25.46428836134877,26.51659833642893,27.615291105828646,28.76095018075049,29.953774176745352,31.193480262124424,32.47919151769074,33.8093066225787,35.181350515485654,36.591805153653304,38.03592032963719,39.50750589382905,40.99870893636415,42.49978287624928,43.99886046935157,45.481750033113144,46.93178417599281,48.32976308141252,49.654048926948164,50.880881224509125,51.98498838923359,52.940558584119145,53.72259090414778,54.308568741755714,54.68028817779194,54.82556707483041,54.7395070881432
1578.0337699226764,21.699119571606392,22.577303157495756,23.497208686129337,24.46026470356544,25.46777349934626,26.520862702743848,27.62042712258471,28.76705936283269,29.960967633342428,31.201879096224022,32.48892706823983,33.82052047624184,35.194194192261335,36.606439341996705,38.052513511225335,39.52623215524003,41.019744715598506,42.523302339937764,44.02502917085144,45.51071648104913,46.96366898014918,48.364645490301825,49.69195089961826,50.921749763064426,52.028677735276105,52.986814973654134,53.771043592506224,54.35873141364372,54.731574000387305,54.87731817749599,54.79103558860511
1576.0441292356186,21.707678495101714,22.586587852199496,23.507288348260694,24.471215295889532,25.479678320565704,26.533812966638887,27.634522532122617,28.782408658253797,29.977689085008222,31.220100902172934,32.50878760215977,33.842168312959444,35.217787813692944,36.63214639548411,38.08050945301139,39.55669806371571,41.05286400243013,42.5592560258318,44.06398933593406,45.552837467160714,47.00907594910028,48.41342008479145,49.7441140901565,50.977242580275885,52.08734153195601,53.04837406596104,53.83509430096617,54.42474208831647,54.798899847446364,54.945232148741184,54.85877261280858
1574.059499449079,21.707323851420163,22.586172331760878,23.506835807396836,24.470756872988858,25.479253910287667,26.533472937903195,27.634329718523208,28.782440648635607,29.978040838708978,31.22088770670596,32.51014837925834,33.84426925963596,35.22082633514137,36.63635524200911,38.08616090807122,39.56410793749223,41.06239505673165,42.571320283183205,44.079048502995036,45.57140043410422,47.031692037272755,48.44066646910042,49.77657574653007,51.01548340738526,52.131866238185566,53.09958223553757,53.89323075914514,54.489850756864605,54.87079051976127,55.0234694364731,54.942692681267104
1572.079861656972,21.708595266258012,22.588211931654484,23.509737232145703,24.47462325514638,25.484198571016243,26.539620056542105,27.64181494593185,28.791411624482937,29.988657560359265,31.23332268155818,32.5245864725494,33.86090712489116,35.23987128361948,36.658023369636624,38.11067425280713,39.591690387102375,41.09326666908282,42.6056896253063,44.11710257625228,45.613291759053546,47.077522571207865,48.49046829441597,49.83028899307632,51.07293274768521,52.1927385450522,53.16340946418563,53.959383354003975,54.5575470982059,54.939126240287926,55.09146649023868,55.009362666414084
1570.1051970482022,21.71299082588429,22.59371298912769,23.516458294862264,24.482688207112222,25.49374096845142,26.55078328990476,27.65475221794167,28.806285681190626,30.005640097232654,31.25259332853658,32.54633124064581,33.88531617184859,35.26713582719421,36.688331544590135,38.14420567291568,39.62860913960741,41.13371244263226,42.64976666618153,44.16486620376555,45.664732285878124,47.13254672275218,48.548878675500355,49.891762886291545,51.137002585584085,52.25877770101666,53.23062824819004,54.02684065729114,54.62418214548912,55.003811686440656,55.15307881489763,55.066860054293564
1567.8896205707117,21.716811288606692,22.5970967319151,23.51938452752169,24.485140939026383,25.49571078243831,26.552269508304207,27.655765526109782,28.80685127907573,30.00580145337294,31.252416611247956,32.54591049629174,33.884779306896796,35.26665142495727,36.68811650300306,38.14453357789472,39.629819177872406,41.13621849328423,42.654065973606194,44.171546706648975,45.67447724522579,47.14613476290229,48.567176779439514,49.91570940879963,51.167577233541245,52.2969560967919,53.277320631620746,54.082817811145425,54.689996443393284,55.079725896396106,55.239017596312685,55.16239669701463
1565.9254619480112,21.718083845250405,22.59913836396453,23.522289151814288,24.48901203051656,25.50066208391911,26.558425716565516,27.663262925065645,28.815838280551592,30.01643899375919,31.26487833644089,32.5603826474456,33.90146019453304,35.285750347818905,36.70985192958194,38.1691303619459,39.65750452450515,41.167216331541326,42.68858933130881,44.20978763820496,45.716593861109025,47.19223499910644,48.61729880121164,49.969799064489884,51.22546386133896,52.358329276036564,53.341712018455496,54.1495935450072,54.75836593275734,55.1487711431232,55.307743160928304,55.22979476029098
1563.966218329684,21.722484113313346,22.604646291527846,23.52901971458522,24.49708966792605,25.510221008659034,26.56961009209403,27.67622686055451,28.830745580052895,30.033462581047935,31.28419925860733,32.58218853841045,33.925943053822145,35.31310345991596,36.74026571516655,38.20278691546661,39.694570555872396,41.207834199826095,42.732865847941895,44.25778034911795,45.76829462946749,47.24755096042013,48.67603122808166,50.03162144246866,51.28990158745837,52.4247447726911,53.40930038694548,54.21739450071199,54.82529673918927,55.21368184054775,55.3694897553914,55.28731992217013
1562.0118712902217,21.723757352992333,22.60668932873275,23.531926797170446,24.500964674365534,25.515178170366383,26.575774693932242,27.68373589018675,28.83974828689618,30.044120893025895,31.29668798897653,32.59669529482371,33.94266773648079,35.33225720399274,36.76206909344849,38.22746716940719,39.722357566848494,41.23895484936901,42.76753635241544,44.29619610528845,45.81061710110729,47.29389122223666,48.72643003933019,50.0860262522826,51.348141783421156,52.48650781585304,53.474113086896764,54.28461509667212,54.89412380569013,55.28318433286363,55.43865828787108,55.355133494929525
1560.0624024960998,21.730710940028843,22.613544412639044,23.53868336168984,24.50762736631602,25.52175767457508,26.582289395160657,27.690213867628444,28.846229689967032,30.050660748641473,31.3033594891697,32.60359360771415,33.9499143708457,35.34000493455202,36.770507415617836,38.23682819199494,39.73292216002092,41.25105873175599,42.781575612125,44.31263139184534,45.82997539207494,47.31676367079279,48.75346399783957,50.11790926255771,51.38557535036946,52.53016947143382,53.524606977725256,54.342414283308415,54.959511290516595,55.35620331209105,55.519083303790275,55.44247135547577
1558.1177937052041,21.731985771268924,22.615590095191486,23.541594317728528,24.511507680916992,25.526721823741457,26.58846295278244,27.697734162002146,28.855246370535127,30.061336210927895,31.315869089787977,32.618125580948096,33.96666933260338,35.35919482726591,36.792353707642526,38.26155909620196,39.76076857843325,41.282248568162615,42.816326029098335,44.351138537288655,45.87240111257715,47.363218815967016,48.803988181667435,50.17244749221854,51.443952870552636,52.592067546515885,53.589543994610196,54.409738004369494,55.0284084185975,55.42573071588863,55.588220836039525,55.51019012083824
1555.935895441108,21.733260155394383,22.617635170136538,23.544504610098862,24.51538741399545,25.531685653916483,26.59463668696861,27.705255427198573,28.864265196836296,30.072015476780773,31.328384762388094,32.63266666451961,33.98343741186368,35.37840306139957,36.81422509028467,38.28632374811322,39.7886597813673,41.31349718251197,42.85115287014871,44.38974422935931,45.9149529251466,47.4098340612665,48.85471399880354,50.227237367689284,51.50264116507465,52.65434466958468,53.654936559873185,54.477599830642184,55.097928714080254,55.495964122778354,55.65813967217132,55.578752982500106
1554.001554001554,21.737665981993572,22.6231509972911,23.551246219186222,24.52348022271208,25.541265057603788,26.605848273196845,27.71825501381991,28.87921863106062,30.089098117507117,31.347780549568625,32.65456665723115,34.00803765050562,35.40590157863728,36.84481785997971,38.32019932233395,39.82599232521111,41.35443758081,42.89581756112582,44.43820144010018,45.96720608004796,47.465802366680236,48.914210657140366,50.28994663659234,51.568096617573254,52.721912478580165,53.72380912158281,54.54680587655924,55.16636523131494,55.56245200801033,55.72149913482708,55.63788801919721
1552.072016141549,21.741495370284635,22.626543827037317,23.554181399467257,24.525941428587657,25.543242512721758,26.607340930884853,27.719273204252,28.87978724833683,30.089260425106193,31.347602684256934,32.65414290809965,34.00749657837049,35.40541301723251,36.84460079794123,38.32053059506341,39.827215936039245,41.3569743050759,42.90017424436924,44.44497905988194,45.977105181438084,47.47962390431209,48.93284962869628,50.31437531198059,51.599333940200154,52.760976806094405,53.771653466583786,54.60423863392609,55.233964792752424,55.640489178786375,55.809884151381894,55.73615645912919
1549.9070055796653,21.742770900332054,22.628590942581987,23.5570949065645,24.529825896334703,25.548213023913505,26.613523816508376,27.726806733475858,28.88882223588436,30.099960705435112,31.360145386096207,32.668718442726664,34.02430822945201,35.424675987795865,36.86654052965483,38.34538012515999,39.85521199727365,41.38835180530953,42.935158690109894,44.48377642586876,46.019888703938975,47.52651733970856,48.983906752846636,50.36955595411905,51.6584777739474,52.823777530606094,53.83763778580478,54.67275610027471,55.304195187139015,55.71147249510554,55.88057379842156,55.80548981033972
1547.9876160990711,21.747180689213018,22.63411227452912,23.563843964213092,24.537928583966842,25.557805325194604,26.62475202832106,27.739827526446483,28.903802479541124,30.11707698058483,31.37958308846262,32.690670359610415,34.048972444584074,35.452252938185666,36.89722900191217,38.37937193811045,39.8926850749693,41.429461305329916,42.98002582791448,44.53247464872197,46.07242695548401,47.58282037897164,49.04379293503354,50.43271364619186,51.724442742620724,52.89191516693758,53.90713562339705,54.74263304821514,55.37333317023304,55.778672779352604,55.944634151435366,55.86529156522177
1546.0729746444033,21.748377224623148,22.636230184075735,23.567009636657932,24.54228339857695,25.56350718123798,26.631976956482784,27.74877135992832,28.914682550533044,30.13013379153527,31.39508188578727,32.70890250839736,34.07025646416525,35.47693500718125,36.92568267384055,38.41199672063786,39.92990341308496,41.47171336834168,43.027761333925305,44.58614078053641,46.132451262168594,47.64958748808207,49.11761404948419,50.513788366949676,51.81281400343497,52.98742022443332,54.00935911618264,54.85087155974274,55.48658309135356,55.89565248238209,56.06384586331313,55.98511829414394
1543.9246564767639,21.75220146872895,22.639616735642466,23.569937086882756,24.544735060161205,25.56547287159699,26.63345518255565,27.749771973669628,28.915229950954913,30.13027075449946,31.394874105295607,32.70844393090996,34.069675487551315,35.476401593970756,36.92541638824003,38.41227563133292,39.93107369657755,41.47419928335172,43.032074994279746,44.592890806683755,46.142348917087276,47.66344829561444,49.1363521910164,50.53840048832608,51.8443487275021,53.02693015006202,54.05783404330462,54.90915564919077,55.55528449847345,55.97506017984424,56.15387189790387,56.08528139581979
1542.0200462606015,21.756601673560343,22.645131007363883,23.576682227958344,24.55283772554615,25.57506995192435,26.64469406774664,27.762810648053108,28.93023685826303,30.147424355608205,31.41436203275915,32.730461621573305,34.09442414714424,35.50408531494191,36.95623820378174,38.446432244853455,39.968748578638554,41.51555378234532,43.077237073937404,44.641941024534795,46.195303331946384,47.72023820248511,49.19680102137063,50.60219899721043,51.91103081356363,53.09585330481576,54.128170211493774,54.97989946538462,55.625285263431884,56.04308038653276,56.21866847298133,56.14569797356136
1539.8829688943642,21.75787902361531,22.647181585770895,23.579601483328947,24.556731020260433,25.580053342985803,26.650895076939545,27.77036899389638,28.939305112548862,30.158168474873943,31.426961699123574,32.74511030703031,34.11132878945721,35.5234654602711,36.978324429436654,38.4714636234137,39.99696888096791,41.54720604225519,43.11255605593013,44.68114306075602,46.23857295257673,47.767711027005014,49.248542592964455,50.658179754841036,51.97109835297619,53.159704580786126,54.195328286026744,55.049701318020716,55.696888026697685,56.11549182049743,56.290802725132586,56.21645050013997
1537.9883112888342,21.762289385574697,22.652703396411916,23.586351403921622,24.564835558915135,25.589649236941703,26.662129555310717,27.783399872210932,28.95430065787965,30.175306965135515,31.446430581696184,32.76710483969833,34.13605002011008,35.5511173703543,37.00911002945527,38.50557974726232,40.03459938139268,41.588513047326636,43.15766891673755,44.730144624326115,46.29148286796862,47.82446599626884,49.30897389897122,50.721989141381165,52.037834488878346,53.228743895002346,54.2658656487204,55.12075718750239,55.76733819306197,56.18412265496762,56.35638869420397,56.27784326859459
1536.0983102918588,21.76776284788581,22.658576232901957,23.59267404504438,24.571665742725823,25.597053067314736,26.67018269560379,27.79218888368732,28.963924489188997,30.185878594033657,31.45807880202118,32.779976174105194,34.15031072038272,35.56695543976088,37.02673716221998,38.525233024375204,40.05654248418094,41.61303664426723,43.185089739261564,44.76080257182566,46.325735278730335,47.8626780186324,49.35150376323907,50.76916719536546,52.08993531927368,53.28595196347204,54.32823681653436,55.18818118286407,55.839509788775835,56.2605306491426,56.43633006168996,56.360464392156
1533.9776039269827,21.767407172002326,22.658159775745396,23.592220791647907,24.57120708370791,25.59662932472074,26.669844909216774,27.792000891200093,28.96396533392056,30.186245292086276,31.45888949575474,32.781373688887015,34.15246652437136,35.570073978615184,37.03106049732941,38.531045637910836,40.06417601816982,41.62287420280749,43.19756919001316,44.77641802299395,46.34503557624158,47.886260721237214,49.38000267155146,50.803231274315706,52.13019701765933,53.33298387545646,54.382497752122916,55.249956177661744,55.90885285499283,56.33722255550266,56.51986374965509,56.450065981521504
1532.0974413972729,21.77160686437963,22.663344239169362,23.598506547322533,24.578722977252376,25.605517587012333,26.680262233202253,27.804119496945447,28.977973983063904,30.202350198328954,31.47731505904415,32.80236295616615,34.17628124744943,35.59699409763168,37.06138282373713,38.5650814408631,40.1022471298393,41.66530715020773,43.24468673636299,44.828527373168086,46.40241239960191,47.949128134607484,49.44850451780844,50.877399601461576,52.20991482925118,53.41794617200634,54.47217657432927,55.343578228144374,56.00539997306281,56.435463937282215,56.61842292584863,56.54751592529147
1529.9877600979194,21.77302654892413,22.66581958360708,23.6021660715959,24.583708156400164,25.611983792896098,26.68837963994709,27.814073909771327,28.989967536931886,30.21660185601519,31.494060816956875,32.82185563925919,34.198789740483505,35.622801816998496,37.09078518004378,38.59838197544931,40.1397519270769,41.7073170328025,43.29148664930527,44.88037227072607,46.45950890609392,48.01161132392085,49.51640946658466,50.95062808833311,52.28819887857205,53.50081221017034,54.55891664298462,55.4332372772624,56.09678927623231,56.52720824064453,56.70904194106988,56.63553051347922
1527.8838808250573,21.78164937556101,22.675184701204863,23.612345792147945,24.594782134623987,25.624039701981662,26.70151387615514,27.828392314160894,29.00558611655028,30.233647478804155,31.512671843677353,32.84218244092608,34.22099502981045,35.64706069545572,37.11728476615132,38.62732043227598,40.1713366448896,41.741761644368516,43.32900646087876,44.9211775875107,46.50379563523752,48.05954819075207,49.56812125486994,51.00617463158005,52.34755024508199,53.56382178895113,54.625295664807915,55.502536363741974,56.16839402956235,56.600355349904476,56.78285870334027,56.70909434720608
1526.0186174271325,21.782929748563955,22.677240888388464,23.6152741746821,24.598689220704006,25.62904294986404,26.707742514085826,27.835988130860912,29.014704186313555,30.244456772870407,31.52535566358438,32.85693858899718,34.238035605480974,35.666611372131946,37.13958335973212,38.6526145171718,40.19987990442709,41.773808559337496,43.36480484579128,44.96095839003786,46.547759346792105,48.10784722832701,49.62083785910199,51.06329432578739,52.40893189265493,53.62916691634242,54.694121931700685,55.57416235772125,56.24194378762843,56.67478956122461,56.85703431250692,56.78184604617308
1523.9256324291375,21.78371239187424,22.67845655119067,23.617010658711635,24.601048997576832,25.6321453994489,26.71172645895478,27.841014689965668,29.020959966027224,30.252157404638986,31.534749682890325,32.86831162766751,34.25171483507936,35.682970085366605,37.15904550273372,38.67565887902158,40.22704351959568,41.80568866939731,43.40205848385684,45.00429828427444,46.59794439343879,48.16566530387587,49.687078345423686,51.13870765837683,52.49417413120902,53.72472935331644,54.800249632451255,55.69077126751616,56.36855238045998,56.810484944821404,57.00049032296015,56.93139998766978
1522.0700152207,21.78813925317914,22.684002967601476,23.623795213526908,24.609200499003276,25.641803329617968,26.72304131346856,27.85414816020511,29.036084903698068,30.269457492380955,31.554418715616578,32.89055228589002,34.27673680294414,35.71098733152292,37.190272500620225,38.710305494242185,40.26530823661024,41.84774977144576,43.44806274833958,45.054346730961925,46.65207466354969,48.223830421391554,49.749122022752836,51.20433709718326,52.562932577632125,53.795972537066376,54.87313240059805,55.76425243051899,56.4414256169955,56.881440002289125,57.06820121555545,56.99462743035427
1519.9878400972793,21.791986927960384,22.68741461723006,23.626749096027318,24.611679559105294,25.643796999093173,26.72454772372866,27.85517684027272,29.036660044714722,30.269621866763817,31.554238343561632,32.89012194223231,34.27618645053573,35.71048954895442,37.1900509358674,38.710644312221824,40.266562424012484,41.85035599733308,43.45255022800502,45.06134717143701,46.66232984857923,48.23819530096559,49.76856033083139,51.22990565641679,52.59574987411091,53.837167443808504,54.92377093226075,55.82524492251651,56.513423773326814,56.96474113215165,57.16268185674776,57.09972604230718
1517.9113539769278,21.79655808166392,22.69338797255796,23.634276183709545,24.620925140622525,25.654939669431357,26.73778037781027,27.870706942275365,29.054709623154956,30.29042713817621,31.57804884303904,32.917199009046236,34.30680088038215,35.74491817980276,37.228571880711876,38.75353048853223,40.314072957143225,41.902724997863274,43.50997237244974,45.12395947710961,46.73018907531509,48.31125062065151,49.84662141583157,51.31260733532245,52.6825161812628,53.9271803216534,55.01595173458604,55.91825921280827,56.6057198774317,57.05462837608884,57.24844463151886,57.17975729843942
1516.0703456640388,21.797619351662085,22.695094813512334,23.636724470856457,24.62422334581564,25.659210374566545,26.74316192633139,27.877355225405534,29.062799989986466,30.300156407926636,31.589637382383337,32.93089281572556,34.32287358387334,35.763672827419654,37.25034231867081,38.77868206646061,40.343002174089776,41.93585756016741,43.54775894212905,45.16686815292575,46.77869338217184,48.36581153436198,49.90766182797192,51.380477569631985,52.75745002737999,54.00924294783067,55.10498406125709,56.01382763920992,56.707084368598395,57.160743311072565,57.358002656608114,57.29127590157944
1514.004542013626,21.803111089292905,22.70099031355375,23.643075040277072,24.631087794920248,25.666656121990794,26.751266251002765,27.88620667762225,29.072499971422435,30.310820926044237,31.60139897749022,32.943902647409814,34.3373036458913,35.779718233612826,37.26822356341933,38.798647106457956,40.365328097185966,41.960851493513886,43.575757697113666,45.198235901807294,46.813816412809544,48.40508885793912,49.95149018561316,51.42922933562625,52.811442879192846,54.068701301262855,55.16999447486409,56.08429369652923,56.78269022236456,57.24093734075297,57.44201118560933,57.3781503335234
1511.9443604475355,21.807257299340122,22.706046090903953,23.649151839033813,24.638309613335867,25.675160734473746,26.761206501802803,27.897751817801705,29.085837011038926,30.326155960395965,31.618958428666105,32.96393433869398,34.360077594701885,35.80552700580897,37.29738197433848,38.83149097739557,40.40221167500759,42.002143010823374,43.62183238879765,45.24946560674991,46.8705547010038,48.46765049175647,50.02012376729108,51.50408241353023,52.89251987577053,54.155816704106314,55.26272693288098,56.18195053649005,56.88429496854026,57.345252585385,57.54760327347191,57.483490896816335
1509.8897780462025,21.808460633776036,22.708177884250475,23.652341224229367,24.64270141450945,25.68091715484294,26.768508927393242,27.90680272160984,29.096861931384737,30.33940551223208,31.634710286082687,32.98249509880719,34.38178439482995,35.83074871364392,37.3265196998005,38.86497755867732,40.440509662339736,42.04574050166294,43.671235851600024,45.305188569592694,46.933100898704986,48.53748982506487,50.09765936896294,51.589607490954855,52.98616419473857,54.25748505362863,55.37203595472821,56.29817551493311,57.00634281573669,57.47167808661998,57.676679264296084,57.61332888458048
1508.0681646810435,21.812892494427487,22.71373114710722,23.659135296319995,24.650866119569773,25.690593219350397,26.779848363465142,27.919969059893223,29.11203024435729,30.356762152689203,31.654452246349457,33.00482887257839,34.40692419453305,35.85891386072001,37.357930962158015,38.89985215793902,40.47905461356129,42.088143882721155,43.71765553671124,45.35573792038363,46.987830924792156,48.596367472434,50.160541979040325,51.65621425126157,53.05604674324466,54.33000138669879,55.446334210348695,56.37319626396205,57.080848669253825,57.54431589494288,57.74607217514107,57.67818502810925
1506.0240963855422,21.81839213809051,22.719636619757875,23.6654983051302,24.65774596215513,25.69805790898737,26.787975906083854,27.92884889613653,29.121764867906954,30.367468912032944,31.666265330256124,33.01790146841007,34.42143079121381,35.875052641939824,37.37592619632738,38.91995643416066,40.50155069028964,42.113345798849224,43.74590847349154,45.38741608832379,47.02333248185926,48.63610517898304,50.20492802556092,51.70563760059162,53.11084166675313,54.390407017222245,55.51244726441785,56.44492267843529,57.157864009439,57.62604706847257,57.83171152959279,57.76674072783393
1503.9855617386074,21.819318539610205,22.721280462124334,23.667981348219012,24.661207956353003,25.70265907185981,26.793899689875282,27.936305061612867,29.13099287275747,30.378741610306832,31.679892961194025,33.034235885809764,34.44086984425863,35.89804455972933,37.40297374349291,38.95162048336555,40.538452685124724,42.156168340282264,43.795392935656004,45.44435574019397,47.088559063152886,48.710466299698055,50.28925227086172,51.80068413239195,53.21723196129275,54.50853893567096,55.64239668418837,56.58634550030378,57.30991981869775,57.78737083565505,58.00045579134442,57.940694565893374
1501.9525382997897,21.822098840805534,22.724345520953566,23.67137790050913,24.664990428971493,25.70689079399221,26.798654275896485,27.94166798237914,29.137063230563317,30.38563412927032,31.68774019850337,33.04319065869814,34.451107850779486,35.90976714550474,37.41641072750673,38.96703289782759,40.556135199626596,42.176451018802524,43.81864180460858,45.4709714154522,47.118972389598966,48.74512961472578,50.3286245755434,51.84520828735761,53.267302293518924,54.564458761632686,55.70432767335461,56.65425466965406,57.38353453031707,57.8661553673565,58.08362185288881,58.0272506491551
1499.9250037498125,21.827381726653996,22.72990281331191,23.677260271513273,24.671258502592007,25.71361694725003,26.805924733036584,27.949585239213263,29.145748846695593,30.39523192414795,31.69841988185163,33.05515191493522,34.46458487756854,35.925033614460894,37.433785084100975,38.98688383893569,40.578887048667895,42.202588543459115,43.84871376995157,45.505591813216554,47.158817815165875,48.790930683302285,50.38114864331039,51.90523025614619,53.335560310226185,54.64159280730418,55.79080216127546,56.75027175629862,57.48895225624997,57.980431242408095,58.205803388709185,58.156025625185734
1497.9029358897544,21.831968142974613,22.735899228705268,23.68482063235114,24.680550518294567,25.724822796278893,26.819241650736686,27.965225929399775,29.163941642720296,30.416220605172974,31.722463025288697,33.082521635315516,34.4955647640269,35.95991563175673,37.47286514359901,39.03045567420322,40.62723394410213,42.255972365059854,43.90736064271375,45.569673700515594,47.22842922771389,48.86605986716081,50.46164302080282,51.99075685163073,53.425563669562386,54.73525572859947,55.88701823375549,56.8476422385671,57.58582096972815,58.07496688514097,58.29612721080582,58.24036621366962
1496.1101137043686,21.83275440959736,22.737121376040026,23.686567694588653,24.68292659476743,25.727949402266415,26.823260394728965,27.970301547946303,29.170265420998597,30.424014204986513,31.731982730635533,33.094063006480006,34.50946766073985,35.97656951913253,37.492714523789665,39.05400538135914,40.655053885562324,42.288701068203224,43.9457066508039,45.614413427714,47.280399318712156,48.92614143019632,50.530734414631105,52.06973126484543,53.51520804390275,54.83618945885701,55.99959448843633,56.971842197644364,57.72116065551791,58.22044365959985,58.450232210935944,58.401175308982225
1494.0983116689079,21.83720176816432,22.742697382872745,23.693393587667853,24.691134414697522,25.737682553364504,26.834674116527083,27.983563252339135,29.185554837726688,30.44152326257918,31.751915080604867,33.11663307450618,34.534899078602585,36.00509275370566,37.52456347273527,39.089412647360675,40.694244370656435,42.3318834475088,43.99306219594212,45.66608156989639,47.33645930498985,48.986589503340525,50.595456260483274,52.13847021121826,53.58753090457741,54.91145419202359,56.07692688624341,57.05013184777483,57.799087573636655,58.296543711006635,58.52300009404027,58.46919037304183
1492.0919128618323,21.842855461830847,22.749042939115526,23.7005166674135,24.699131512206648,25.746662328084884,26.84475886167079,27.99489050311669,29.198279117101453,30.455817954685365,31.76797441047844,33.13467415590619,34.555163967160865,36.027850407182974,37.550111469200644,39.11807843934078,40.72638575034245,42.36788775455084,44.03334360387762,45.711075531188655,47.38661292060332,49.04234624220113,50.65723317855094,52.20662580687417,53.66232234806867,54.99298438641944,56.165085155005265,57.14453703436648,57.89904779197017,58.401049931068954,58.630767235333835,58.57874766040298
1490.0908955446282,21.846806198937138,22.753778301029783,23.706148904722106,24.70578821922378,25.754488449323755,26.85391892270738,28.005571075955686,29.21069152396262,30.470201204327225,31.784598346187934,33.15384277184705,34.57721881664074,36.05317397791271,37.57913033015514,39.151265862136604,40.764263362586696,42.411025577359446,44.08235754229132,45.76662100817046,47.44937286976163,49.113011136203916,50.73647028690761,52.295034718088246,53.760374457995574,55.100946300023246,56.28293058205491,57.27185900734225,58.03499140254566,58.54429108581935,58.779559205824626,58.73104092271248
1488.095238095238,21.848235975466235,22.756274032633335,23.709842992873355,24.710826951513084,25.761033135940362,26.862147034483527,28.015677350361187,29.222888993098692,30.48472208301806,31.801694697621066,33.17378684139955,34.60030288955517,36.079709570665216,37.60944646512931,39.18570609606792,40.80318113591784,42.45477731909556,44.13129280089044,45.82106868965873,47.50962247568305,49.17928777219421,50.808902294406806,52.37361331117803,53.844906093534306,55.19100109882413,56.37779417093697,57.37050011788115,58.136061422391144,58.64617091581974,58.8804597589971,58.8291467581873
1486.1049190072818,21.853254008550316,22.761357282028523,23.71503464185491,24.71618242511169,25.76662270510394,26.868058896313382,28.0220212556499,29.229800497524717,30.492367501179462,31.810276837887926,33.18355159170245,34.611546705746925,36.09278788403639,37.62478296512043,39.20380274499012,40.824628615283736,42.48026536457885,44.16161951787569,45.857147407751285,47.552483950789366,49.230074552203234,50.86885087528147,52.444018542110115,53.92706168340896,55.286111050551554,56.486854000307154,57.49415516282505,58.27446218692357,58.79885835766064,59.0463186617251,59.006454480809026
1483.8996883810655,21.85761517205834,22.7669994140429,23.72211192662841,24.724865501892154,25.777100123128985,26.88053860795763,28.03673211652693,29.246993729309523,30.512318055756026,31.83328457879524,33.20994217890436,34.641672029921935,36.12702584334307,37.663536305932716,39.2474965920755,40.873706188451386,42.5351812093095,44.222829359961686,45.925093477532016,47.62757433310406,49.31265487094718,50.95916656894709,52.542166419704564,54.03293083865847,55.39931615846282,56.606668973884005,57.61946172004761,58.403733845134205,58.93020121645524,59.17758098392813,59.135396611913656
1481.9205690574984,21.85889692605289,22.769060506442383,23.725050991715324,24.72879192536129,25.7821350102284,26.886815780252473,28.044399117646417,29.256212811746234,30.52326710990005,31.84615795107628,33.22495130704159,34.65904579827181,36.14701052801077,37.686394934706044,39.27350748441148,40.903160360752636,42.56837822501849,44.26007106783352,45.96667491445932,47.673770881745696,49.36370459544173,51.01524659336689,52.6033624371226,54.099199630671755,55.47044274769038,56.682223047048325,57.69876210574701,58.48583387513725,59.01390901858389,59.26152378913458,59.21812581569032
1479.946721918011,21.867230241881582,22.7780924456026,23.73488168087576,24.73953719750681,25.793928855410968,26.89981315112829,28.0587791286286,29.272182369328977,30.541065007225356,31.8660594503426,33.24727321626208,34.684152020268876,36.175318013591635,37.71837990016584,39.309711643410374,40.94419675443686,42.61493598748325,44.31291810490151,46.026656965796,47.74180474845848,49.44076244797856,51.102327315268944,52.7014451830356,54.20917478436784,55.59301730926825,56.817802556022585,57.84732055716283,58.64679576305516,59.18607872901621,59.44309821575254,59.406808648381876
1477.9781259237363,21.868522038528102,22.780169682035705,23.737844112212436,24.74349551602466,25.7990056860295,26.906144078225097,28.066513734230387,29.281485254064194,30.55211675398985,31.879057475496197,33.262432433075745,34.70170521251497,36.19551578116897,37.74148999012013,39.33601741419015,40.973994433101,42.64853026256702,44.350615446474144,46.06875587889338,47.7885819609716,49.492453855466,51.15910246002503,52.76337433964167,54.27618869555987,55.66486169695972,56.893993041058664,57.92710825301519,58.729157907477145,59.269748987231104,59.52664418291902,59.48874932162095
1476.0147601476015,21.872624166422398,22.785344356099543,23.744238537300717,24.75127575791397,25.808358948909504,26.91728120586292,28.079671937678256,29.296931060266573,30.57014915692846,31.900011252829703,33.2866815640445,34.729666293512054,36.22765127848741,37.77831108727627,39.37808609295157,41.02192425779445,42.70298509654457,44.41230499404563,46.13842649268793,47.8670005745971,49.58038222906167,51.257258297315815,52.87237558005749,54.39647804785418,55.79661127902185,57.036994998888105,58.08066693300079,58.89201067888315,59.44005030409701,59.70204212738809,59.66656019970143
1474.0566037735848,21.8781547962956,22.79128824655215,23.750648920953765,24.758213807727294,25.815894989830213,26.92549610053055,28.08865866535811,29.306796507645387,30.58101613731424,31.912020765771295,33.29999529911516,34.74446936802273,36.24415517628381,37.79675673018143,39.398746921453366,41.04510911403197,42.729040577657805,44.441616760599416,46.171418755206346,47.90413262312443,49.62214041298671,51.304141346253815,52.924870719400076,54.455025319014666,55.861554389099105,57.10851967324473,58.15873274622875,58.97628925772507,59.52988897542314,59.796472570048564,59.764362046389465
1472.1036360959813,21.883913774693625,22.7989706377365,23.76047871646043,24.7704374244492,25.83078296745274,26.943344768271576,28.109791718425004,29.331566413476025,30.6098052655755,31.94524210251754,33.33809256208772,34.787916283520815,36.29345360383381,37.85243322321997,39.46134718232117,41.115189629789434,42.80715649893377,44.52830480129963,46.267173551072005,48.00937462792655,49.73717313634161,51.429095777900976,53.059635580035014,54.599164035179825,56.01421430853528,57.26834664831064,58.32381405840568,59.1441561632656,59.69760947070844,59.96084738129916,59.922202200649316
1469.9397324709687,21.884962601114744,22.800673811755736,23.762935487322355,24.773760529773238,25.835100359916414,26.94880152970392,28.116552169166813,29.33981641980027,30.619754740023176,31.95712767991809,33.35218041594596,34.80450502063804,36.31287713548131,37.87506345301354,39.48759626562706,41.1455114349315,42.84204672024682,44.56829891751164,46.31284146740298,48.0613103718986,49.795977410136956,51.495348592946904,53.133855853553236,54.681753413974754,56.10538443695203,57.36803364949477,58.43159172103645,59.25916891514185,59.81855298031509,60.08602111466174,60.04963954545162
1467.9976512037579,21.89353924852035,22.810088033727503,23.77329015293368,24.785172206652675,25.847701161572974,26.962741191634674,28.13200037191375,29.356965373960495,30.638822042306565,31.97835943930894,33.37585463280756,34.83093517614958,36.34241590956462,37.908106429153456,39.524585390822274,41.18693786822606,42.888452504188464,44.62027661786347,46.37103051810496,48.126388310034365,49.86864349219449,51.57629652743416,53.22373180879065,54.781095600004086,56.214542361778825,57.48706987634709,58.56017752128138,59.39649660760916,59.96329706926947,60.23637892448049,60.203462950556684
1466.0606949127696,21.894610241016544,22.81181300156411,23.77576827882384,24.788516170541214,25.852038875305706,26.968217724437206,28.13878007577733,29.36523421340237,30.648790125614255,31.990263737071622,33.3899618524918,34.8475447360455,36.36186291769342,37.93076451689314,39.55086916858763,41.217304649358105,42.9234027664366,44.660352417729946,46.416810717252254,48.17847899534521,49.92766137775392,51.64284249255146,53.29835127432128,54.864222661981124,56.306426336071546,57.58768728506187,58.66914035480792,59.512977923171604,60.086003077558324,60.36359474229013,60.33318099188754
1463.9145073927682,21.898723882775567,22.817005136775723,23.782187787780426,24.796331193097316,25.8614391779514,26.9794173107721,28.152020047548543,29.380785881657186,30.666958359856782,32.01139052283183,33.414430001824094,34.875781657355255,36.39434429530713,37.96801766863834,39.59347572924946,41.26590205202535,42.97868373894741,44.72306134789294,46.48773523585542,48.25843445771337,50.01746511138567,51.74327384476704,53.41009298542525,54.98777963327263,56.442020689495855,57.73513527952483,58.82772814528671,59.6813674527533,60.26220953413041,60.54507160256336,60.51702004796477
1461.9883040935672,21.89991990339087,22.81913667330884,23.785387882611396,24.80074967792944,25.867244627770365,26.986799175449352,28.161190959929662,29.391984133319195,30.680450524605842,32.02747419203805,33.43343657281306,34.89807908330412,36.4203396580201,37.99815936772479,39.62825498317306,41.305853264822424,43.02438308281412,44.7751226230989,46.54680167031916,48.32516458160497,50.09251020200578,51.827243781631594,53.50350695747745,55.09099857684358,56.55516059717852,57.85796589093084,58.95957084592274,59.82101813126303,60.407921086246766,60.694627172420425,60.6679047746804
1460.0671630895022,21.908357049462456,22.828124448907396,23.794994821046195,24.81105473790605,25.878338849288216,26.998787589403648,28.17419478401532,29.40614328811963,30.695926503500413,32.04445331574554,33.452133652415995,34.9187415020285,36.443251858129756,38.02364768888361,39.65669273378476,41.3376658050148,43.060052537518324,44.815191598632516,46.59187498163716,48.37590746767771,50.1496407787671,51.89151656392248,53.57568330237516,55.171799248781966,56.64519616322279,57.957643703678386,59.06898454712799,59.93983734097147,60.53531203292602,60.82924097281621,60.80795853228011
1457.9384749963551,21.9095718712641,22.830279914714808,23.79822496633705,24.81551058818523,25.884190415699994,27.006226050700796,28.18343485552557,29.41742577104067,30.70952099713535,32.06066105974174,33.471290443614514,34.94122059809794,36.4694667331798,38.05405443795231,39.69179182348622,41.378002722327494,43.106216677689126,44.8678124304882,46.651614104724906,48.44344460714888,50.22565105856476,51.97663565034162,53.670456499118586,55.27661096933401,56.760178500358194,58.08256852964166,59.20315375810319,60.08199917077098,60.683641596472185,60.98141945638914,60.961359370537984
1456.02795573675,21.917944928668707,22.839361952237603,23.808118404094408,24.826334117566773,25.89608159679426,27.019344303725603,28.197964895828427,29.433581538950552,30.727550133271638,32.080849971736235,33.493969999139345,34.96677245785333,36.498330300271746,38.08673433792372,39.72886572842234,41.42012917212622,43.154142300920746,44.92237758225352,46.71375536085524,48.514191714414174,50.30611478254277,52.067981500495144,53.77385775842135,55.39317345731308,56.89083043241855,58.227913968144826,59.363300006230325,60.2563874722987,60.87093093000633,61.179480798917595,61.167416405342436
1453.9110206455364,21.920538857136485,22.84353628047127,23.814076686918206,24.834302840539934,25.906312411724176,27.03211638175288,28.213587370509206,29.452395997246423,30.749933092864364,32.107215256835424,33.52477089138551,35.002503450305014,36.5395282153256,38.13397847632032,39.78277658460575,41.48136506473649,43.223393004030534,45.000353676014775,46.80117152228825,48.61174152780167,50.41443390257203,52.18759531222549,53.90510946175531,55.53612960793414,57.04516480898328,58.392778953271765,59.53720834106282,60.43714359247802,61.055660854392094,61.36479814460518,61.34972081555378
1452.011035283868,21.924799472252705,22.848808492981604,23.82048516431501,24.84198647934455,25.915425809446923,27.042831411102803,28.22609484587997,29.466907415847693,30.766682422263493,32.12646072597811,33.54679672169996,35.02762143479032,36.56807901290042,38.166332430701125,39.819333793562905,41.52255430519809,43.269668945239445,45.05219156638668,46.859058193307,48.676161104411804,50.48584605719998,52.26640333869484,53.99161513078467,55.63047224781043,57.14724429547703,58.502167562768804,59.65306554744686,60.558159431954316,61.18006146234127,61.490441355791575,61.474283321836545
1449.905756125852,21.929996345872155,22.854362902693673,23.826475857518805,24.84850820881557,25.92259230908609,27.050778883051738,28.23498603498285,29.47693635411113,30.77807993097168,32.13950076491339,33.56180367104994,35.04497838191855,36.58823708710073,38.189821174682024,39.84677246551394,41.55466384614635,43.30728408658947,45.09627213774661,46.91069804397256,48.73659207377736,50.55643301469835,52.34862440943864,54.087018970132554,55.7406022449433,57.273519400245696,58.64571384649965,59.81450527120841,60.737387203344966,61.37606481961857,61.70123909333487,61.69703684244806
1448.0162177816392,21.934345957649214,22.859930390987486,23.8334137950062,24.85698667663998,25.93280071442387,27.062927904442745,28.24930968387152,29.49369413192594,30.797559048453603,32.16201837292559,33.58770902776209,35.07465484708591,36.62210378569647,38.22833410271502,39.89042471055715,41.60398444946805,43.3628348625417,45.15864146256709,46.98049019963128,48.81441015773414,50.642852709999694,52.4441551485237,54.192048519787896,55.855321166330285,57.39782442890455,58.77909570561817,59.955938071918,60.88525189924201,61.52815064139986,61.85486091056195,61.84927268738958
1445.9224985540775,21.93556532318124,22.86209496248692,23.836659148990382,24.86146576410746,25.938685944238067,27.07041343261948,28.258613913766535,29.505062423983677,30.811266628638283,32.17837341480834,33.60705586239821,35.09737722413987,36.64862806398352,38.25913218116892,39.926016410628826,41.64493891078398,43.409770291714636,45.21222224802233,47.04141993300341,48.88341844476498,50.72067279605926,52.53148839643476,54.28951093818574,55.96336718138407,57.51664524552838,58.90849587799513,60.09520602672908,61.03305709302933,61.68251428313287,62.01324419795629,62.00879418054812
1444.043321299639,21.945621543764172,22.8737225519862,23.85004064186191,24.876804246349455,25.956207209188054,27.090368301483664,28.281280712202793,29.530749596533454,30.84031545934859,32.211160803379826,33.64399707822116,35.13892852199708,36.69528898948718,38.311447312791735,39.984576165903874,41.71037886829207,43.482768221277496,45.29349166321069,47.13169843928854,48.983448413047554,50.831170938560334,52.65309976044494,54.42274201499858,56.10849309393477,57.67358892554401,59.076685103216285,60.27342914115712,61.21935866861966,61.87418830121536,62.206976194626115,62.20096037115753
1441.9610670511897,21.946391464962367,22.874936562021293,23.851791236906365,24.879200074361886,25.95937572851533,27.094458850117178,28.286468041743042,29.537237928215916,30.848343121051368,32.22100550506023,33.65598187664542,35.153428510643614,36.71273872088172,38.33234890989901,40.00950799322194,41.740004490879166,43.51784514824945,45.33487900156004,47.18036200247982,49.040460941995576,50.89770379645668,52.7304006975038,54.51209148590708,56.211129737088534,57.79059469071175,59.20882501103433,60.420953613301656,61.38179983988326,62.05020998252376,62.39435153273861,62.39672743387557
1440.0921658986176,21.950493364881307,22.880116398823247,23.858199553214995,24.887007289109697,25.96877468294317,27.105667646772293,28.299733197588374,29.552837859432465,30.866591970775637,32.242257314748294,33.68063508484602,35.18193073637616,36.74559174736675,38.37011371997212,40.05280960771528,41.789536206001884,43.57437152783725,45.39923661141731,47.25345631658397,49.123257029289384,50.99120724084645,52.83562369966784,54.62999742172346,56.34254823448398,57.93610002190807,59.368575978636166,60.59450661854658,61.56793007600319,62.24680266017075,62.5984368324139,62.604704579961975
1438.0212827149842,21.95918044648419,22.889737402416152,23.868867949452415,24.89885129010276,25.981939198642944,27.12031648735317,28.3160515452087,29.571035031627535,30.886904494637726,32.264952324825316,33.70601404656372,35.210333477958876,36.77740075229111,38.40575858198005,40.092771470411904,41.83435188208229,43.624636793114604,45.45560785783927,47.31664927309965,49.194040553297704,51.070389181828915,52.92402452764374,54.72840585323367,56.45165203842878,58.0563858685148,59.5001969824905,60.73712809301343,61.72058403796737,62.407803849988454,62.76542054707968,62.77481914457773
1435.9563469270533,21.961784409679776,22.893930718128694,23.874857687326095,24.90686834462064,25.992240728493258,27.13318851782376,28.331811716349506,29.590035462843513,30.9095347199047,32.291642230186575,33.737236710481646,35.246607771711,36.81929349616844,38.45388596475238,40.14779931089076,41.896994122340004,43.695651333293554,45.53578843114492,47.4068114640345,49.29499922822837,51.18292350405979,53.04882545376286,54.86599991482029,56.6022952364169,58.21992453038363,59.675901406860305,60.923522630424046,61.915322923456905,62.60766427652326,62.96647916735319,62.97282380948002
1433.8973329509606,21.96592255850286,22.89915876521426,23.8813286039082,24.91475545575882,26.001740352704793,27.14452291801337,28.34523238667383,29.60582677325561,30.928017934502606,32.31317990570565,33.762237465102515,35.275531388311656,36.85265628270908,38.492266228872765,40.19184270212462,41.94741843178455,43.753250083455214,45.60143218770472,47.481445185244255,49.37963304552227,51.278613006855075,53.156635801268116,54.986946105096735,56.73724935372815,58.36948154122792,59.84020137260248,61.102043327869005,62.10668466133151,62.80952014093837,63.175574954009114,63.18527279443803
1432.0492624946298,21.97091368375019,22.904376818192354,23.88685149762646,24.92067975532487,26.00818506800947,27.15163400206034,28.353188057616403,29.61484379351645,30.9383589956941,32.325162282188565,33.77624310974925,35.29201864769916,36.872173399334216,38.51546676458516,40.21950294221414,41.9804566836469,43.79274751886629,45.6486544144531,47.53786294760351,49.44693915707481,51.35873055835108,53.25170957397104,55.09930479630343,56.86932107682915,58.52364091866246,60.01852796078924,61.3059861761225,62.33666526511302,63.06456456498234,63.45311776089807,63.48126664774278
1430.00143000143,21.97672476270284,22.912141305277565,23.896803225181728,24.93307730477204,26.023313965025203,27.169808984307053,28.374755376706645,29.640183496885648,30.967887113103647,32.3593328139386,33.81554967679783,35.336995613906865,36.92339620710707,38.57355112826116,40.28510240490201,42.054257842301304,43.87546192930378,45.74100576182928,47.640567458194226,49.56067638617547,51.484100608601175,53.38917160129023,55.249090791141455,57.03131946301881,58.69724865020304,60.20248080524166,61.498197691136795,62.53413340781434,63.26342600094949,63.64891470461845,63.66941753516542
1427.9594459517348,21.98194713680251,22.917727769034848,23.902834048181198,24.939649229032323,26.030543327878696,27.17783539833559,28.383746056915047,29.650338336473943,30.979444620187085,32.37257703130638,33.830818213475304,35.354688917806435,36.94398819719768,38.597601273661425,40.31326927232027,42.087314007597385,43.91430992275536,45.78669432354897,47.69430671544201,49.62384947153438,51.558267504156134,53.47605838283669,55.35055383697123,57.14926994900227,58.83351939426297,60.35861925760546,61.675182607109065,62.73204584217017,63.48115566881482,63.88402479639283,63.91827725222837
1425.9232853272495,21.98609310077037,22.922967026316982,23.909320655647058,24.947557896243605,26.040072135898296,27.189208851052268,28.397218495445536,29.666197746072186,30.998016855788087,32.39423048110928,33.85596890783742,35.38380606997136,36.97760012780478,38.63630161407885,40.35772324874958,42.13826445617149,43.97258243966981,45.85320055780257,47.77004418155466,49.70989527962311,51.65576193561132,53.58617217073129,55.47443041393139,57.28793141809992,58.98772438673844,60.528666032745356,61.86066762799851,62.93162111372095,63.69237071467045,64.10336224466498,64.14145158069915
1424.0956992309882,21.99191061228508,22.930741149352233,23.91928665168083,24.959976158838792,26.05523047781445,27.20742488589783,28.41884208106036,29.691613442342412,31.027646330604203,32.428534773090355,33.89545042087407,35.42901012892373,37.02911586112277,38.6947618387379,40.42380290171586,42.21267692300248,44.05607284221145,45.94653463214955,47.87399074134865,49.82519934587765,51.7831043703278,53.726110129505976,55.627311483236156,57.45377395456947,59.16605960529562,60.71834773232323,62.059677642009675,63.13693275906959,63.8999643594981,64.30848166195106,64.33911208969462
1422.0705346985212,21.996880404924447,22.935928453132707,23.924767811250014,24.96584602791863,26.06160623277252,27.21445056337505,28.426693965812937,29.70050644989732,31.037841549005403,32.44034834816281,33.90926398858671,35.44528301390723,37.04839926737396,38.717715248475656,40.451212856187084,42.245478258419716,44.095372249242736,45.99363602032434,47.93042118968158,49.89273319700824,51.8637809572232,53.82223727702035,55.74144184956067,57.5886343748773,59.3244061080407,60.90271527574968,62.27200383708132,63.3780736999426,64.16919637204658,64.60317043450775,64.6547546734185
1420.0511218403863,22.001175720429554,22.941608276594884,23.932022768233846,24.974891322042254,26.072684724130298,27.22783619734162,28.442695579623447,29.719471981974074,31.060162671135256,32.46646553200472,33.93967200349085,35.480536829210074,37.08912029352298,38.76459778813885,40.50503053338096,42.307090025106675,44.16572729337819,46.073776451247234,48.021480655547414,49.99592845056634,51.98039164818052,53.95356674322373,55.88874842591286,57.75301938309274,59.506643363800634,61.10301248379579,62.4897065683804,63.61136485012031,64.41490137107934,64.85681302213914,64.91095823528525
1418.0374361883153,22.00378992789281,22.945821196751673,23.93804530783926,24.982959234609353,26.083061294453415,27.240815147205296,28.45860419175661,29.738674431033164,31.08306353893112,32.49351346797334,33.971363468446306,35.517419827356065,37.13179794911496,38.81373155023456,40.561342680358,42.371364966691985,44.2388108945457,46.156572171610115,48.1149406237982,50.101036558094165,52.098134211943034,54.08488416077186,56.03445865498633,57.91370180180472,59.682471821676614,61.29353380057975,62.693582457834516,63.82613626653207,64.63688470563001,65.08125761679825,65.13252789831134
1416.0294534126308,22.01198124875085,22.95460783878416,23.94753279624345,24.993272929987203,26.09435003238752,27.25325552482592,28.47240560931771,29.75408501179479,31.100377066821626,32.513077498817935,33.993588785533895,35.54279142305991,37.16088771626534,38.84721285114985,40.60000691222833,42.41614013183144,44.29078196491151,46.21700262665464,48.18529380134887,50.18299416723125,52.19360717858956,54.19600746161191,56.163556500518254,58.06320246413569,59.85474417001758,61.4906155722958,62.916785002381886,64.07555793321454,64.91095035111444,65.37648784573204,65.44373746141791
1414.027149321267,22.01781490216793,22.962407888751827,23.95753751479279,25.00574642801095,26.109584700467813,27.271574601656976,28.494165852232623,29.77967943115775,31.130237669243748,32.547677961809924,34.03344695603838,35.58847149071024,37.213001853413665,38.906422026341616,40.667020456745206,42.4917134459274,44.375711453234665,46.31211649274732,48.29143662448581,50.301002119919346,52.32426920237656,54.34000565766563,56.321376652494436,58.23500400491009,60.040180669153784,61.68860720217047,63.12527079213692,64.29130139604892,65.12952152541115,65.59254871876503,65.65165840965047
1412.030499858797,22.023199765403273,22.968450249552205,23.964354736182898,25.01347648679366,26.118389752435547,27.281645150973585,28.505725622084835,29.792991046197095,31.145609274605835,32.56547091799064,34.054084762398425,35.61245010053965,37.24090154599054,38.93892098836946,40.70491018268108,42.53591596849738,44.42729821674401,46.3723283040261,48.3617034255569,50.38296010232676,52.419770683157296,54.45111368355042,56.45033097265301,58.3841377035,60.21175873711212,61.88455486283964,63.346772550092425,64.53829972337864,65.40023565361392,65.88323247643176,65.95681931515476
1410.039481105471,22.028813362672736,22.975897126773916,23.97387200871041,25.025329640337578,26.13287585477663,27.299096369092908,28.52651305584803,29.81752888389257,31.17435926691312,32.59894715400628,34.09285871201055,35.65715585813947,37.29224116524519,38.997669726434246,40.77192135774804,42.6121249483841,44.51372475105256,46.47007591163572,48.47195373278255,50.50695871722772,52.55879915215039,54.60643906620725,56.62312054692167,58.57532198839571,60.42182405289078,62.11325351545394,63.59276575893454,64.79880656905875,65.67084120934426,66.15805131205937,66.2291224108435
1408.0540692762602,22.034059749857136,22.98151324625142,23.979939611757178,25.03194744467347,26.14016283126085,27.307195638748507,28.53559650486761,29.82780262140495,31.186070069382072,32.612390060961864,34.10838595972342,35.67518735935622,37.313276761158576,39.022303445693815,40.80085790512055,42.646198591298756,44.55392063636487,46.51755355618865,48.52807186311482,50.57329956783794,52.637188409161844,54.69895432029702,56.73207569969371,58.703207006733486,60.57116947813495,62.28638163587884,63.791397484489295,65.02353611153949,65.92058644556126,66.42970719404762,66.51767782229868
1406.07424071991,22.039809156047593,22.98938041848887,23.990197477063784,25.044901171431206,26.156153406886443,27.32660377606629,28.55884688755501,29.855368492753836,31.218478159768633,32.650225836650165,34.152299156975786,35.72589773995682,37.37157998266176,39.08907687211447,40.87706607437251,42.73289787530697,44.65226232906412,46.62878412147008,48.653528236254076,50.71439602414369,52.79538929785634,54.875723553136865,56.92878903120059,58.9210072351852,60.8107400677557,62.54761761664902,64.07297746928658,65.32246353754532,66.23187249814306,66.74645381560882,66.83175763114863
1403.9028499227852,22.043669048101272,22.994122133567437,23.99596846798127,25.051872425571595,26.164523200839756,27.33660202600292,28.570740186725907,29.869465940207025,31.235138098235556,32.66986363224192,34.17539616802267,35.753011635280934,37.40335657728267,39.126263644025016,40.92052749661678,42.78363261893441,44.711422220145366,46.69769438885878,48.73370792383658,50.80757621703581,52.90352462374865,55.00098865698421,57.0735455999006,59.087718071465794,61.00179550640766,62.765031503067746,64.317919658671,65.59464983433116,66.52895277158687,67.06368786131516,67.16230055913974
1401.934669844385,22.05037780512175,23.001937559783194,24.00505406229631,25.062416000760514,26.17674056907654,27.350741244022004,28.58708644273085,29.88834717537763,31.25693146717211,32.69500291846433,34.204380281709206,35.786414328748116,37.44183751529473,39.170580953302384,40.9715518777259,42.84236300801498,44.77900279034922,46.77543229743839,48.82309049271391,50.91028493156938,53.0214410412508,55.1361834358186,57.22823566875929,59.264168040591024,61.20212904283782,62.990912658007346,64.5700787895843,65.87228990787568,66.8291953693207,67.38135381323598,67.49031486400264
1399.9720005599888,22.054468329478638,23.007288303686586,24.011857659222294,25.07089308883438,26.187143880725323,27.36336028953328,28.602252870788085,29.90644090417293,31.27838769109242,32.7203201072646,34.23412930069074,35.821248817932506,37.48250566919643,39.21793883330755,41.02657835215705,42.906176324100876,44.85287858829161,46.86082248998417,48.92164169434561,51.023853752495114,53.152101102544215,55.28621470547695,57.40007973636617,59.46032249392054,61.42494107386615,63.242222621088494,64.8506765723396,66.18121369694295,67.16305104883493,67.73401470545369,67.85338446890036
1398.014818957081,22.064352234586046,23.018564679187318,24.02471003121974,25.08553005642565,26.203802662464422,27.382310777942482,28.623802266548708,29.930939011194994,31.30623296420747,32.75196655557808,34.27009436100866,35.862122322621715,37.528960038129775,39.27074061372956,41.08660120083051,42.97441544914123,44.9304664992864,46.94904556310637,49.021956398399546,51.137900147275275,53.28170898472546,55.433393871549725,57.56697935788381,59.64913477163007,61.63771181353036,63.4805217680885,65.11509199035757,66.47069400147743,67.47426688913097,68.06108711243263,68.18835354723556
1396.0631020522128,22.066865654154338,23.02284600246723,24.031010328634167,25.094132975586916,26.215028554600263,27.39652131796341,28.641405617511094,29.95239558725312,31.332061849147383,32.782752636198246,34.3064962349418,35.90488103660036,37.57890870104742,39.32881490108094,41.153850707867846,43.0520157305801,45.01973140061689,47.05143900643981,49.13910196363728,51.271585292175274,53.4338780869222,55.60611970529737,57.762395176030324,59.86929814588758,61.88435806142291,63.75465677144248,65.41639305039232,66.79677225581248,67.82002436572019,68.41860116053603,68.54768947420567
1393.9224979091161,22.070964300118245,23.028209833725736,24.037833553108566,25.10263821957882,26.22547105701015,27.409193745526967,28.656643591671987,29.970584026172915,31.35364224293758,32.8082313897399,34.33645423027461,35.93998458466212,37.61992206772348,39.376614598955015,41.20944173015277,43.116549842464046,45.09452744745705,47.138004856708,49.23915700854834,51.38708106896054,53.567012048817475,55.75933256193207,57.93833431899547,60.07071713041673,62.1139050772793,64.01448962021605,65.70756551258513,67.11841100992939,68.16850118119478,68.7871478670089,68.92694451032138
1391.9821826280624,22.08062160101412,23.03911792248338,24.050172998095018,25.11661693567987,26.241328607934314,27.42720634053451,28.677129890592052,29.993911885640788,31.380236559162338,32.83858321927965,34.371131400576985,35.97964404037187,37.665324235636916,39.428640090109674,41.26911072259586,43.185044482688596,45.17321753113749,47.228476818441074,49.343245707615715,51.50690270511594,53.70499423225929,55.91823314021469,58.12123249682284,60.28094664948998,62.35487826087523,64.28933613296593,66.01849892702592,67.46578783119104,68.54972225999076,69.19587180404469,69.353289676694
1390.0472616068946,22.08148881451712,23.040881700344784,24.053000609893576,25.120703318147687,26.246900891554716,27.434529120411987,28.68651136470171,30.00571100443971,31.394871355257926,32.85654051512374,34.392978126692455,36.00604043682707,37.69703925486218,39.46656936696009,41.314297520103906,43.23870404109163,45.23676520422528,47.30356019391232,49.43178041479822,51.61111049898138,53.827439613538864,56.0618501579377,58.289324696967874,60.47712784471639,62.58289768729185,64.55270137446655,66.31979382109363,67.8056372863449,68.92556956076415,69.6011091181006,69.77751314727745
1387.9250520471894,22.09129051179794,23.052236691493402,24.066128970629958,25.13585703149974,26.26436864381645,27.45464183870046,28.709648613872528,30.03230838091882,31.425429038897395,32.89163316819605,34.43326636222071,36.05228411680888,37.75011292161097,39.52748015405156,41.38420592367466,43.318947935747886,45.32888741457593,47.40933968927908,49.55326659649831,51.750658741733396,53.98774354172301,56.24596089751177,58.50063758372284,60.719300049701985,62.8596337234847,64.86731121585292,66.67441445318677,68.20007913840345,69.3560027062889,70.05922700528389,70.25102651680739
1386.001386001386,22.097083030585427,23.060173499180205,24.076491507892058,25.148961116629206,26.280568559770817,27.47433487336382,28.733280096838627,30.060377263888206,31.458494071324527,32.93031972531543,34.478273989014944,36.10439485826547,37.81020051479706,39.59652015622014,41.46328683190936,43.40928329482568,45.43182876521766,47.52638988991171,49.686092388489946,51.90110010391011,54.157814818805186,56.4378338878128,58.71658813847627,60.961585192751464,63.13024468322418,65.16752412066725,67.00405950323713,68.55653444207877,69.73317706356002,70.44718345478053,70.63700009043372
1384.083044982699,22.103537341952748,23.06752506207531,24.084896965175993,25.158604316013943,26.291665320789537,27.487138603457087,28.74808841133158,30.077539794327397,31.478421682749293,32.95349540717598,34.50526573859835,36.13587094192136,37.84694757318653,39.63946471649466,41.51352090024301,43.46809481711075,45.50073783359052,47.607191569651185,49.78090679121303,52.01242951456909,54.2886056303466,56.591536493805435,58.89719832196064,61.173631772818446,63.37865468679218,65.45724610851103,67.33927564973168,68.93931852066913,70.16171783838638,70.9142848372411,71.13008148891203
1381.9789939192924,22.10736430660581,23.072404238038505,24.09101477555532,25.166178226819294,26.30094903917225,27.498428163467423,28.76172930333463,30.0939353236695,31.49804277921217,32.9768921509128,34.53308092274321,36.16885605935827,37.88598169748105,39.68557684613237,41.56791644908124,43.53218705164864,45.57618514864846,47.695941484224456,49.88524727008626,52.1350473257187,54.43264920620518,56.76067573289209,59.095663230611876,61.4061911789502,63.65045922414662,65.77340354337544,67.70397193362994,69.3543331078365,70.62449057797478,71.41636523031484,71.65730927957257
1380.0717637317139,22.117500570510856,23.08432557567093,24.1049547470811,25.182401244636015,26.31975458897669,27.520155622949886,28.786763448644276,30.122712630129914,31.53105864323061,33.01470918590294,34.576338514742474,36.21828140961121,37.94240263111702,39.74993672854796,41.6412916217398,43.61580726565201,45.67145750866406,47.80447835022453,50.00889825430546,52.27593466208563,54.59320373722236,56.94366632523478,59.30420328042196,61.643688031266414,63.92044038854171,66.07910510273038,68.04752804023472,69.73544337340489,71.03874223198234,71.85404150167946,72.10399031304041
1377.97988149373,22.12300893992244,23.09175934567695,24.114586418507844,25.194540060440833,26.334751556842097,27.538409237427867,28.808726215198256,30.14889851150775,31.562051571371455,33.05117281159027,34.61902740442611,36.26805394651637,38.000235938169276,39.816944004959126,41.71874237112828,43.705150980622356,45.774351434815294,47.92281990975854,50.14486240612654,52.43201557136089,54.77225791931539,57.14894950552087,59.53938286719929,61.91279257777646,64.22766991568864,66.4283675599695,68.44150698904873,70.17403591814188,71.51705003407316,72.36087498263673,72.62243313854545
1376.083665886886,22.12958560452363,23.099532808196564,24.12375318299874,25.2053286559597,26.347427895217514,27.553282900338864,28.82615784073547,30.16930848517069,31.58593026995802,33.07909270341062,34.651657379406544,36.3061763398724,38.04476682747129,39.86895750956968,41.7794998717379,43.77613640740077,45.85731403457835,48.01982614974122,50.25835877573009,52.5649036864966,54.927981784829,57.331590432261095,59.75374694938933,62.16445203635603,64.52287127639414,66.77363267627389,68.84263526086087,70.6341781897006,72.0338986927581,72.92413848174071,73.21386309886272
1374.0038472107724,22.134854265959262,23.106594274640297,24.132879227422364,25.21683058291155,26.361662445765596,27.57065907697834,28.847144807214008,30.19444472746299,31.61583424446401,33.114475249885686,34.69333624327873,36.35509323695795,38.10200760072326,39.93577608082305,41.857346890144086,43.86669374582278,45.962536578950775,48.141992624325944,50.400133527874345,52.729411107219825,55.118893629488646,57.553222057721,60.0111477570479,62.4634506893262,64.86998366227824,67.17564090456726,69.30549793607024,71.1608463864539,72.62098665776502,73.55875162366735,73.87344517246754
1371.9303059404583,22.144728279881594,23.118039320216372,24.146120462207403,25.232126465161706,26.37930991556389,27.590999590899894,28.870571379702504,30.221410164467557,31.646860796130547,33.150165962290096,34.7343883585597,36.402314082474625,38.156333528573384,39.99829517869147,41.92932639385115,43.94961335288294,46.05812919273031,48.2522944264014,50.52754559141992,52.87677477308596,55.28958093401621,57.75123912582855,60.24123985442601,62.73117525486815,65.18166788556722,67.5380416195802,69.7248254226457,71.64070196214273,73.15911129982277,74.14386128121417,74.48497744374788
1370.0506918755993,22.14871565564533,23.12337994308809,24.15304149860304,25.240891294385296,26.390224034709913,27.604417524803825,28.88690478008588,30.241137321666365,31.670537836837184,33.17844007141532,34.768013447984146,36.44216944151862,38.20344614054064,40.0538665881111,41.994765276530906,44.02657529360155,46.14856562675267,48.35851324263636,50.6522864531095,53.02330254073199,55.46180000497704,57.95382835609641,60.47979799814218,63.01234148865786,65.51312220128808,67.92816409392061,70.18157999920945,72.16913021961842,73.7572585429203,74.79887935646067,75.17314101120856
1367.9890560875513,22.151054944600027,23.12736773140207,24.15893427316686,25.24898279440875,26.400850784970864,27.617965230634915,28.90381573224934,30.261918991137925,31.695772881025476,33.208798028252254,34.804264467989086,36.4852005078974,38.25428036409465,40.11368635138494,42.064940258665914,44.108696755917244,46.24448880106326,48.4704102487237,50.78271283980077,53.17528112041535,55.638925597338236,58.16039493187435,60.7209418772146,63.294171938022295,65.84275435870836,68.31344107057154,70.63002962197353,72.68543469605738,74.33885878767558,75.4315153028501,75.83081345806838
1365.9336156262807,22.16093188082973,23.138817775284526,24.17218371363663,25.264291615601284,26.418517971650562,27.638334966578462,28.9272846580738,30.28894472544152,31.726884057105117,33.24460616222015,34.84547805871986,36.532641883249774,38.30890594303017,40.17661120428394,42.13746814041295,44.192357186622594,46.341083310498036,48.5820706108642,50.911974997940305,53.32517942222392,55.81311248069446,58.36329002458831,60.95790810183007,63.57169578106581,66.16855195226842,68.69627779704489,71.07877083488754,73.20650805808015,74.93161620539568,76.08341890122288,76.51716070204151
1364.070386031919,22.165958628683345,23.14542950947578,24.180645529381003,25.274911092611934,26.43165219079084,27.654398750263443,28.946760268801917,30.312393310467314,31.75495919699437,33.27806997311632,34.885220421647766,36.57970354182508,38.36450644258305,40.24218296816368,42.21469843244828,44.28324034743502,46.44798655351073,48.70781791202824,51.0599552979883,53.49948748750894,56.0187330281406,58.60633680804178,61.245925432077904,63.9140084546234,66.57657870713875,69.18352579221589,71.65976291833984,73.89313583098827,75.72548561063815,76.96710964208651,77.45378684831175
1362.0266957232363,22.175781818325774,23.15699499199219,24.19421803763978,25.290796357533385,26.450203624081652,27.67602529244352,28.97193562848247,30.341666873753123,31.788968955050223,33.31755790775586,34.93105091256508,36.632885528335215,38.426220307228824,40.31381343806402,42.29787525844534,44.37988918023812,46.560393371925215,48.83871167624781,51.21261531430939,53.67788433347222,56.22771456718222,58.85187261958275,61.53541974274195,64.25667067799445,66.98376580301847,69.66874811552405,72.23748555568216,74.57453725434686,76.50954531732222,77.83213026948724,78.36248699802132
1359.9891200870395,22.181071725575887,23.164090864864278,24.203396872624342,25.302376262109966,26.46455017537758,27.693558950768182,28.99314040447947,30.367100495362894,31.819274843453154,33.35347935648165,34.97344798060131,36.682755320558606,38.48472154494976,40.38229655043116,42.377919698923755,44.47335036132511,46.669462618813434,48.96599407463261,51.36123247054013,53.85161211226751,56.43116996753538,59.090768662957586,61.81690993207047,64.58979508245159,67.37995508645292,70.1421357490175,72.80415403894538,75.24842968307142,77.29206972679172,78.70062030132543,79.27604522834964
1357.9576317218903,22.189528870259988,23.17494451722444,24.216977660249277,25.319059380897414,26.484761646681708,27.71778282217404,29.02192706088822,30.401076287647946,31.85915329690042,33.40007429690765,35.027689021816634,36.74570630655333,38.55760275429557,40.46651177919264,42.475089786481455,44.585355376246255,46.79849587315235,49.11463251441806,51.53252995983247,54.04922483603254,56.65952656217976,59.35530078665912,62.12435772194381,64.94858191076364,67.8005399871643,70.6369545126525,73.38587314089523,75.92333721314759,78.04565726277625,79.48971399386436,80.05767283111173
1355.9322033898306,22.199352339045976,23.186504010843557,24.23053771656036,25.334925791241258,26.503288268427006,27.739379607211607,29.047069545319385,30.430316848673296,31.89313456352889,33.43954520987924,35.073524187431225,36.79892949750554,38.619415706319685,40.5383298584669,42.5585867259224,44.682520202603904,46.9117065330797,49.24675280951644,51.68703960929851,54.23039738329354,56.87267720424726,59.60713670072859,62.42347606543325,65.3061659951793,68.23125848981597,71.15979848222867,74.02357080812067,76.69573122102699,78.94975676081896,80.48442158774087,81.10294130242015
1353.9128080151638,22.20439938469989,23.193147876871006,24.239047704720942,25.345614936805788,26.516520719023788,27.75557933549834,29.066730666650745,30.454015882619057,31.921545068157826,33.47345533968999,35.11385789395502,36.84677232754935,38.67604648963372,40.6052600654237,42.63760999636897,44.77577562510815,47.021760889002906,49.37670950706727,51.84068592391631,54.4124076715744,57.08889907098434,59.86500080075035,62.73258750169533,65.67914419767489,68.68483045688934,71.71574031570849,74.70724092237002,77.52372691595905,79.8934482595333,81.45839863757259,82.06877638457719
1352.0822065981613,22.21425542732044,23.20475885798314,24.252682677938296,25.3615852541456,26.535187100053225,27.77736022232813,29.092112132008197,30.483563427231843,31.955917736232465,33.51342270763759,35.16032066320834,36.900787501044206,38.73885847003644,40.678339539160184,42.7227032528089,44.87496815337026,47.137560939539796,49.512160207634714,51.99951918453454,54.59926065892982,57.30962640141667,60.1271357269159,63.04603638236766,66.05723634011686,69.1458361780828,72.28458838919487,75.41474877054675,78.39004125799899,80.87019665825616,82.42563614914665,83.00326744931391
1350.0742540839747,22.219223801956826,23.211482557276696,24.26146801986095,25.37278953834964,26.549227417227243,27.794723900796335,29.11336916617584,30.509381321996855,31.987079321760355,33.55084764352873,35.20509158078651,36.95418205923693,38.80238907420495,40.753803172970976,42.81224492975181,44.98116311919736,47.26352330650062,49.66168978776111,52.17730498312221,54.8111706958931,57.56313265417147,60.43195595724615,63.41513036486357,66.50837743092174,69.70403078414337,72.98511212868107,76.30206282809262,79.48295117207564,82.04061899912095,83.48008037131527,83.9765396275509
1348.0722566729576,22.229096378920865,23.223118071969303,24.27513770729884,25.38880750571364,26.56795787059285,27.81658970485294,29.13886202009849,30.539073909907337,32.02163989795809,33.59105765274774,35.25186711024464,37.00860020022968,38.86572068054074,40.827554112091725,42.89820884450626,45.08149014392603,47.380811432108985,49.79910920386959,52.33877172676992,55.00159608019994,57.78879244602371,60.70105372520157,63.738680997426435,66.90161048543091,70.18852008196748,73.59100597626029,77.06258402281713,80.37340558705066,82.8450560305814,84.07402959273175,84.46868151745967
1346.0761879122358,22.232679151622985,23.229093077455115,24.283874566834022,25.400730030246827,26.583552391455328,27.836414811330105,29.163559987492487,30.569384178521375,32.058415069102125,33.63528261602992,35.3046821280801,37.07132908346559,38.93990564532693,40.914999596344266,43.0010376199982,45.202216717873874,47.522440386563304,49.96527047166611,52.5339121166864,55.2312589955519,58.060040130104774,61.02312676144759,64.12406171850363,67.36776839959578,70.76064961329575,74.30474864992132,77.95244541623623,81.36029039462711,83.6337373956454,84.65287820492709,84.98534527147115
1344.0860215053763,22.242039786257887,23.23985176635433,24.296287689653663,25.41510089357108,26.6002401036935,27.85584494771357,29.186237448237282,30.595908752328874,32.089500361384985,33.67177920372911,35.34760608717272,37.12189744290617,38.99958091895352,40.98554644130824,43.08459604883792,45.301398463560176,47.640458534692236,50.106118326333636,52.70261731820854,55.43425675932782,58.305742292739374,61.322825534915125,64.49342626130169,67.82940399441532,71.34836673362193,75.06815438654417,78.93348086467559,82.37915373555987,84.34253912419605,85.15414684706008,85.42716684397074
1341.9216317767043,22.247254427626654,23.246972948679165,24.305629344243773,25.427027061678302,26.615173379420842,27.87427648481447,29.2087388700646,30.623146398463998,32.122252433823455,33.710956556499234,35.394277661711605,37.17732172822216,39.06524537632176,41.06321768609359,43.17638490888129,45.40984614824167,47.76865360872283,50.25786000970167,52.88265076861493,55.648624249572265,58.562328300680115,61.63223953382713,64.87049463048412,68.29576380204533,71.93671998203308,75.82477513648129,79.86570876244215,83.16797346744691,84.78121327874152,85.42444658014314,85.63737150309515
1339.9437223636608,22.2587322598833,23.261278796194414,24.323168622792878,25.44826366723498,26.64063876742304,27.904580337283267,29.244581690827868,30.665334475404944,32.17171574471313,33.76877039071709,35.46168901397389,37.25578194003953,39.15645113370067,41.16916345625013,43.29943143220669,45.55281207446429,47.93494146237172,50.451634665133156,53.10910097861686,55.914360475833945,58.87601350762976,62.0056356916263,65.32028000491384,68.84678018155724,72.62728675218035,76.70660960341277,80.88989688902,83.86474858262679,85.12935247394238,85.62439660464483,85.77497608636277
1337.971635001338,22.26372109947527,23.26803629939803,24.332006862066113,25.45954761160042,26.6547956978696,27.92211109852944,29.266074195804496,30.691479997919274,32.203328699937636,33.80681253416454,35.507299321752996,37.31031392149575,39.22152006239259,41.24670713840847,43.391789925321,45.66283468824043,48.06613427716863,50.608370328917324,53.296927968994616,56.14047820505485,59.15003771820164,62.34090020709046,65.73618548871626,69.37324986115063,73.3128205961906,77.61906655679954,81.92142447242243,84.51057232933768,85.51508219855918,85.91444639901482,86.03722782577154
1336.005344021376,22.27495256966592,23.281864492879798,24.348824642123724,25.47980813120878,26.67902240037789,27.9509095879256,29.300146398668982,30.73164116412118,32.25052796348248,33.86215800389275,35.57208903264779,37.3860745139054,39.31005587202233,41.350163649609016,43.51273756858991,45.80438229691728,48.23208717643042,50.80345798812899,53.52714442049639,56.41361359836661,59.47655076328371,62.735434355715924,66.22037306699306,69.9811580458101,74.10051969875973,78.65221682315224,82.91668078238764,85.04317052398288,85.85284562503428,86.19407419618696,86.31267570404829
1334.0448239060831,22.28402741326621,23.292123122721506,24.36051505008,25.49322805054354,26.694529373362304,27.96893318864624,29.32120312546629,30.756352663692134,32.279643450773044,33.89658202443677,35.61291611798737,37.43463287240805,39.36796314636254,41.419399144248615,43.595737529939974,45.90416839894822,48.35244441315881,50.94918881170465,53.704445464432354,56.63065875548882,59.74443978642416,63.06982444990348,66.64444126646995,70.53103321447915,74.83170098024509,79.57967795919544,83.53658112998639,85.23850340722659,85.90625572147262,86.19654047799587,86.29720175874427
1331.9126265316995,22.290892288229262,23.301962698654684,24.373779978180206,25.51043567490626,26.7162743475394,27.995900018339228,29.354181073336598,30.796253586982342,32.32752333348048,33.953667242382096,35.68063588414064,37.51465992799841,39.462265719163895,41.530308710200195,43.726039380257546,46.05722615269089,48.53237680230977,51.16113005828598,53.9549451731382,56.92832641045257,60.10104332352377,63.50228826330091,67.17874307498121,71.21011906007625,75.72685720830684,80.68734758153128,84.23621259351583,85.58344260794323,86.1280658386895,86.37023915660764,86.45335644373
1329.9640909695438,22.302173978644273,23.315868131877906,24.390709536527012,25.530851975084374,26.740712764616244,28.024981234879657,29.388626129484333,30.83690205442488,32.37535544394437,34.00983110072494,35.746481337347255,37.591781326803705,39.552556837295654,41.63603471743719,43.84993342850963,46.20262262328128,48.703401109758396,51.362979208789476,54.194320636690556,57.214136197763274,60.44560921668041,63.92356650691067,67.70470464956128,71.88753790706865,76.62862871439083,81.69310555438086,84.70689926157378,85.78562164965099,86.23728790291274,86.43905182850767,86.50322917844353
1328.0212483399735,22.306789409163184,23.322182943806045,24.3990619977887,25.541642970562812,26.754417805413276,28.042164979259088,29.40996002343125,30.86318588348127,32.40754384438737,34.04906644396347,35.79413493575864,37.6495057095826,39.62235307607465,41.72034073026046,43.95174237246435,46.32564586071307,48.85229966463361,51.54370491218167,54.414641431415674,57.484487807531224,60.78056186646681,64.34452926860232,68.24523584277229,72.60331004153183,77.59084791033185,82.57263981847429,85.02159335727877,85.91292651846759,86.31009517812026,86.49781250335265,86.5665110405119
1326.0840737302744,22.318034989819044,23.33606208219772,24.4159791823186,25.56206615397282,26.77888928941392,28.0713144382397,29.444520184116023,30.904011542176338,32.45563513788705,34.10559763102674,35.86049045310786,37.72732603908641,39.71359416809292,41.82735267115808,44.07737620668982,46.473403010700856,49.026548276296026,51.75000594228762,54.66026377355635,57.77926832555993,61.13843841880717,64.78648856674026,68.80541505208484,73.34105076265493,78.57285589393625,83.3319452337631,85.30862328274331,86.03972927531412,86.36990708159148,86.52056823756126,86.5649772458512
1323.9772275916855,22.328777738742776,23.349063892467342,24.431626709719612,25.580813027375214,26.801268587540513,28.097953774830795,29.476160051012247,30.941527766190788,32.500066599628916,34.15818081733089,35.92270304331723,37.800942682861056,39.80075911173402,41.93067630917665,44.200066672485995,46.61945091149819,49.2009953099894,51.95935210965072,54.91311609415777,58.08743756910804,61.5189307685077,65.26544148177173,69.42656118142081,74.18284285633278,79.69741973016505,84.05773233516554,85.63047512073084,86.24027720104282,86.52717909124294,86.66275112476836,86.70663181477502
1322.0518244315178,22.33529960748987,23.35851364694455,24.444488053953787,25.597647807753628,26.822730439107104,28.12480449038676,29.50928934115656,30.981977294971774,32.54905949013677,34.2171582744759,35.993370419391546,37.88532835336244,39.901291172872185,42.05028477962268,44.342323365533474,46.788766950821724,49.402910439137614,52.200976971701806,55.20384316585488,58.44015366595387,61.95223397211581,65.80801774316083,70.12625168354832,75.11890921948105,80.79307612634935,84.4746490163373,85.72207590626245,86.23242679779528,86.47509234317245,86.58501614327753,86.6115013544092
1319.9577613516367,22.344355871467695,23.36892584009863,24.456546383861497,25.611701561577465,26.839200280016115,28.144197519458817,29.53221763849678,31.009180881076176,32.58143496960604,34.25579488852041,36.039595922479464,37.94076818015557,39.96794601313375,42.13063436062274,44.43946875557543,46.90663160646755,49.54653472021875,52.37696886495394,55.42110546725517,58.711134426761795,62.295247253276756,66.25193547069887,70.72050049816633,75.94468452136887,81.68263964690388,84.80355578298885,85.8556408502455,86.31020300047419,86.53524613703279,86.64287537707332,86.675947825796
1318.0440226703572,22.350886089722174,23.378393247239302,24.46943881789386,25.628586415653885,26.86073861369506,28.171161054402802,29.56550936965453,31.049860279519095,32.630749106940165,34.31521733533868,36.11087606453597,38.025994826117326,40.06963113605227,42.25182606541322,44.58390812440459,47.07897797414297,49.75270240033063,52.624654726988624,55.72066316017423,59.07712388092501,62.74941243967173,66.82947290086598,71.48390491549104,76.99251976780762,82.63491605759111,85.1396025716513,85.99880340337835,86.3830372113418,86.57342168710535,86.66064518487289,86.68063912676575
1315.9626266614027,22.361618879220874,23.39156526313752,24.485480756931914,25.648005448371357,26.884133033315727,28.199238100089186,29.599107051387413,31.0899743082105,32.67856643046514,34.372158365504774,36.178648562333706,38.10666378242274,40.16571117687041,42.36640653657204,44.7208272347266,47.243073518680035,49.95018752044316,52.86370877481444,56.012416065408004,59.437414679928345,63.202204302706484,67.41410552690628,72.27053010895777,78.06565826193497,83.36064521534027,85.35558790159878,86.07622069070429,86.40973284648202,86.57603638731729,86.65035772906872,86.66363151711464
1314.0604467805517,22.374287077157604,23.407727567121096,24.50567335291353,25.672848483819624,26.914345207440366,28.235654236427003,29.642699425551072,31.141878771796257,32.740114762868764,34.44491886817926,36.26447780111716,38.20777378304232,40.28475864170113,42.50661443020298,44.886155632204634,47.4384684313012,50.181958814636836,53.140133203463456,56.34475750428604,59.84177470219335,63.703160092609785,68.05239978615876,73.11718533246697,79.13976217643328,83.84371777659162,85.45146529602597,86.06969368578856,86.3633008319338,86.50887755210344,86.57029779132952,86.57467710823192
1311.9916032537392,22.380227552649515,23.416234019059804,24.517219651449338,25.687993090414956,26.933747418009837,28.260093975688694,29.673101536484,31.179343068649874,32.7859535869425,34.50070458554419,36.3321037502849,38.289533860546776,40.38345343876317,42.62569641158211,45.02993384635204,47.612407854208925,50.39313755197767,53.397978285174,56.662306297873776,60.238009848972304,64.20774305954835,68.71613485115782,74.03165539430462,80.27459578481896,84.32142351420872,85.62556008149754,86.15569102156884,86.41424802648966,86.54344017196306,86.59724571313856,86.59933234368023
1309.9292638197537,22.390993289770357,23.42945733829674,24.533337697433208,25.707521541034566,26.957295800099054,28.288384388433794,29.706991702471992,31.219854952143308,32.83430928360984,34.55837188028028,36.40085479978337,38.37152212841042,40.481316731455145,42.742698452913636,45.170164886421226,47.78107961860888,50.5970365309486,53.64620048269748,56.96752736943157,60.61885767439183,64.69364034502686,69.35782572513328,74.91447734974409,81.20309614950536,84.58446060177181,85.67351607354877,86.13399427602153,86.35890546352073,86.46699868387256,86.50526041275074,86.49482194076384
1308.0444735120993,22.401393328216578,23.442253804811283,24.548994608291476,25.726591229392724,26.980436864303954,28.31638375245492,29.74079191881799,31.26058827411075,32.883340611367366,34.61735354875747,36.471797503598836,38.45688838248989,40.584146713225955,42.86678393639154,45.32029738389582,47.963418219726734,50.819679079856584,53.92012196498233,57.30823163470314,61.049540301181665,65.25187035859571,70.11069154621607,75.97359800714175,82.17255318529544,84.88475558133179,85.7771248801249,86.1653563967531,86.35249942476293,86.4359646253641,86.45585644514797,86.43068187174201
1305.9945148230377,22.417080193895128,23.461785356893678,24.572975121900733,25.755723468244767,27.015540093376273,28.358415661915597,29.790875536655715,31.320045338369113,32.95373345390353,34.70053842215164,36.569993651308444,38.57276934492109,40.72096399185005,43.02853936965356,45.511991742202966,48.19142446983327,51.09233035239145,54.24869239488189,57.708689614073315,61.545951597620125,65.88361186179606,70.94775774385546,77.09950617427005,82.89012909814662,85.0574065568581,85.82228766380011,86.1720871624462,86.34646411332662,86.42768420508132,86.45104124957098,86.43332102828734
1303.950971443474,22.422997048947227,23.470448134822604,24.58490382883149,25.771533244274256,27.03596004345698,28.384311970721132,29.82328006288738,31.360191316522773,33.00310056841377,34.76091048142324,36.643533585980826,38.66211865588748,40.8293777601257,43.16007481809437,45.67178073338654,48.386083806023144,51.330610896647656,54.54256937280684,58.075331845197496,62.01159937463724,66.49191816449851,71.77677025322318,78.20017744397899,83.41969117093011,85.17611200651713,85.83353964487851,86.14139766464635,86.29386307965929,86.36136238274116,86.37517789896607,86.35056071562127
1302.0833333333333,22.434874336053078,23.485425382123537,24.60353997338083,25.794488806514728,27.064017359421886,28.41840008759369,29.86450562128231,31.40987722969643,33.062835028685704,34.8326099176973,36.729524905827375,38.7652488642189,40.95316365680978,43.30891349130212,45.85125613512108,48.6034325836509,51.59546733141102,54.868232791080246,58.48109113785792,62.5273903199712,67.168448073285,72.70389646776185,79.34428758548727,83.82618176843273,85.2474464568378,85.80551987093102,86.06711095617351,86.19026441867018,86.2353285992872,86.22999227124821,86.18805301119761
1300.0520020800832,22.44529057225119,23.498239852701488,24.619220461860753,25.81359336400404,27.087213070678775,28.44648628622273,29.898442833530943,31.45082359781269,33.112192661908466,34.89208467775646,36.80120479016702,38.8517088267867,41.057609190308696,43.43538311603779,46.0049172202731,48.79103240682427,51.82605746742348,55.154408074187465,58.84127559671278,62.990433338808295,67.78341923986103,73.55216966766874,80.2514889737637,84.05789770398611,85.27044913670706,85.77099067364465,86.01059786300846,86.1239688903176,86.16484896293544,86.15864653699143,86.11835263895608
1298.0269989615786,22.452806425006475,23.509523138219723,24.63493472097421,25.834518026866455,27.114265927715813,28.48075111315056,29.941203663588226,31.503607704717048,33.17682517150504,34.9707590415922,36.89657543974192,38.9670157438632,41.19684993346011,43.60355811971134,46.208393251262834,49.03810643419605,52.127881274494484,55.52660962772826,59.3070424719531,63.58694631736122,68.5760961974626,74.64771421810484,81.26924668371353,84.33533018388849,85.32679870777123,85.74498189525141,85.93851456026893,86.01857686772145,86.03144238785916,85.9995956419167,85.93474058201073
1296.0082944530845,22.467982591088287,23.528389941292065,24.658136118195088,25.86281380430782,27.14855494079725,28.522100020629388,29.990882778905654,31.56313621470527,33.248028912309614,35.05584547180828,36.99823275726556,39.08854688685336,41.34235868489181,43.77821607949504,46.41883803517049,49.29306419842396,52.439197001709196,55.91107461330558,59.78991818268077,64.20941424304786,69.4114129217855,75.79537686579887,82.08332095700912,84.52613601383288,85.35019986866148,85.70326259195812,85.86019412970158,85.91430252404733,85.90600258315132,85.85548443293406,85.77348988641893
1293.9958592132505,22.47974869184643,23.543414153575842,24.677020673760822,25.886272981350878,27.177438045842923,28.55741987549063,30.03385134824212,31.615209639993438,33.310965163350275,35.1317792846538,37.089774845094546,39.198918221456736,41.475577153398596,43.939364410376754,46.614463544780975,49.53180366302251,52.7328097796011,56.276268962943284,60.251835609310824,64.8087201103459,70.21661000883626,76.83317793808155,82.5190081877894,84.52894743867208,85.25646150252452,85.57898660311602,85.72370189110103,85.77263882494397,85.76274323679488,85.71301293366788,85.6338313657116
1291.9896640826873,22.491367424836064,23.558182779481854,24.695546057043234,25.909278705494764,27.205789023926037,28.59215299838597,30.07621400168363,31.666708640588592,33.37342974856679,35.207443477113905,37.18138721397919,39.30989155313303,41.61019830198915,44.10309862256283,46.81441423727318,49.7774425166704,53.03720858320054,56.65833711419031,60.74075334256963,65.45346990228967,71.10376995340933,77.96838913204276,82.99973698390907,84.64054134888116,85.25757533183165,85.52929842774273,85.64224107356588,85.66711062287345,85.63681480532573,85.56870951564461,85.47250458891325
1289.9896800825593,22.49833742685638,23.568712324466826,24.71032501613074,25.92912723515543,27.23168462870895,28.62526419012784,30.117942562263355,31.718743290508243,33.43781522764299,35.286670919776356,37.2785147196529,39.42870888059103,41.75545833087236,44.28085401341114,47.032527810073084,50.04640061871658,53.37149758674065,57.07894456209545,61.28007698973694,66.16531330165675,72.07337600196598,79.01878529953797,83.24511626360822,84.60665540344709,85.14335206994949,85.37944788966142,85.47093971419609,85.48012672659905,85.43704590097472,85.35798847328657,85.25231575285294
1287.995878413189,22.513200586624325,23.587230492625295,24.733180197815994,25.957131350266117,27.265807003419905,28.66666589219412,30.168019704389256,31.779182282019885,33.510664257312925,35.374433994131934,37.384277886337024,39.55631381481773,41.90974816301914,44.46803403115354,47.26071791904931,50.32652659674223,53.71882181578541,57.51589704285517,61.84191750613946,66.91164726004813,73.09204022952666,79.9627541978619,83.44449091247411,84.57489960137048,85.02801941853494,85.21711713841374,85.27366531610902,85.25255396450387,85.18110030574337,85.07451982942403,84.94178808359061
1286.008230452675,22.52471699610898,23.602270829136494,24.752429335117128,25.98140694045814,27.296087911340923,28.704127782608545,30.21408002366335,31.83555778694732,33.579445633704985,35.45818429252393,37.48616505097698,39.68029356157954,42.06082395878229,44.652640228297145,47.487309503921374,50.60653592570226,54.06831131845639,57.958627913186746,62.41544222104032,67.67866914713531,74.12136970547563,80.688572144046,83.54648472803376,84.51261574384834,84.90868032053773,85.06862792043711,85.10573465081937,85.06931574777225,84.9846779962224,84.86629531073898,84.72294267854438
1284.026707755521,22.54113687808244,23.623153916066197,24.778570088833806,26.01374651330822,27.335744852060248,28.75243646260736,30.272639247342816,31.906293078365124,33.664690275966876,35.560786710345454,37.60963425284673,39.8290013873306,42.24029536912549,44.86998615476744,47.75190260556791,50.9311255531005,54.4709887778087,58.46656242747381,63.07247073497631,68.55900512203516,75.27838792050125,81.35195356488258,83.65947175560913,84.46492332946627,84.79095338674674,84.90679867374905,84.90915444812754,84.84178781887684,84.72784776409713,84.58094296778384,84.40956171406036
1282.051282051282,22.55227143265422,23.637459647574264,24.796718434784932,26.036546967576573,27.364175804374188,28.787684038726216,30.31614671159242,31.959824416987168,33.73041319977083,35.64138287547428,37.70844868386035,39.95025019061731,42.389363398231254,45.053869613326455,47.97989715695024,51.21595472866549,54.83077268280544,58.928478846534944,63.67969780226965,69.37813611488562,76.26423763266101,81.66804779147485,83.58694486424747,84.2855233758191,84.56463206746007,84.65023950673113,84.62809976978387,84.53850688749182,84.403424119142,84.23613951828969,84.04520866603501
1280.0819252432154,22.560665143186796,23.650316790344093,24.814882829673984,26.061021475181487,27.396156054406127,28.82860074737391,30.367719366947973,32.024130288478716,33.80997744810095,35.73929844321008,37.828539436819035,40.09729898365787,42.5694413878842,45.274830545213845,48.252154322070425,51.55377035705306,55.25453245246218,59.468935830090906,64.3856843709147,70.31829614761297,77.26980565067377,81.90073071732122,83.4891575487906,84.08463235111245,84.31230005088503,84.36169881219857,84.30865232894185,84.19013918761681,84.0269501126042,83.83204361981225,83.61402930088806
1277.9552715654952,22.576855028476093,23.671226518617537,24.84138862365756,26.094167153141576,27.437189363383155,28.87901916976246,30.42932853317168,32.099119479866516,33.901018777180546,35.84967967587661,37.96234603607327,40.2596706600526,42.76694596106642,45.5160311189817,48.5485121461496,51.92116602733612,55.71599775752187,60.05984423839344,65.16309614751106,71.35592338467194,78.25632618534057,82.1344945259859,83.44676167017484,83.9437330922035,84.11797844596423,84.12860280654935,84.04229409536242,83.89273175837718,83.69944613417067,83.47499418170726,83.22800322826511
1275.9984688018374,22.58964084090836,23.688320010951742,24.86362972858209,26.12256125263808,27.472943887457898,28.923589868487223,30.48447864811929,32.166996440763164,33.98425523250232,35.95152917997387,38.086869573898085,40.41200034693238,42.953670643337844,45.74578352938843,48.83290711147235,52.27638590975188,56.16563613072787,60.640200338222265,65.93135938167387,72.36209662720174,79.00453317587964,82.22194892272535,83.32024700939793,83.7304446713585,83.85068772418212,83.81749283828242,83.69054832545655,83.5010106360374,83.26751614598984,83.0024452405576,82.71461619074252
1274.0476493820868,22.605371107585544,23.70840980963626,24.88894154700311,26.154130795866703,27.512019033313994,28.97168005320063,30.543418191698862,32.23902685217549,34.072133924485506,36.05867587407793,38.21756810188488,40.57168469773628,43.149344263314,45.98665904617873,49.13142926108718,52.64995537554176,56.63966008055141,61.253460536308815,66.74122569730528,73.3703390289272,79.52900321122023,82.17811308719276,83.10332407484829,83.43812292014732,83.5085800143717,83.43341069720191,83.26674847300417,83.03782974272505,82.76472637803246,82.45986571331322,82.13243417244576
1271.940981938438,22.617879854357305,23.725170114809643,24.91082428905223,26.182184450549027,27.54751002488065,29.01614400021298,30.598725739438578,32.30746940349115,34.156537114156414,36.16255272023975,38.345330598895195,40.72894446713318,43.343354297844485,46.22698894000511,49.43104522370952,53.02703207506681,57.12072186571266,61.878408941513804,67.56288130835864,74.31354293271018,79.8456923969412,82.04095118953639,82.82185650479626,83.08590739944043,83.10516547200622,82.98431827925927,82.77303260978317,82.49905248933678,82.18011606421794,81.8288656153439,81.45500549354463
1270.0025400050802,22.635523460123036,23.748449774058997,24.940776253496594,26.22004352951299,27.59475338847624,29.07454678031354,30.670432496815767,32.39508736001813,34.26325993553794,36.292328332692854,38.5030944386078,40.920953409153476,43.57768172786193,46.51428922777675,49.785789343180504,53.46959725466548,57.680996035196834,62.60106379465011,68.49942828407795,75.28611692981377,80.10501374412956,81.91517269585108,82.56358101272455,82.75846642741577,82.72696690072324,82.56112225972127,82.30632563751081,81.98882119560506,81.62597930129554,81.23062650605519,80.81295837047378
1268.06999746386,22.65271597901316,23.770920054594406,24.969545746393486,26.25633724317049,27.6400460345311,29.130621547288467,30.73945683399991,32.479712127066925,34.36675138409622,36.41874744632517,38.65754667181944,41.109946720654854,43.80965768821281,46.800442247491844,50.14138418456877,53.91616186033147,58.249898566198304,63.33718334062325,69.43518625049498,76.09146423744262,80.18432687604627,81.6817206091181,82.20853132746326,82.32988722627692,82.23823471598028,82.01542625522717,81.70338619567602,81.32723415266665,80.904234059028,80.44764293475765,79.96841131553523
1265.98303582732,22.66512459512309,23.787786424159627,24.991802568132144,26.28511209451533,27.67670699101959,29.176835561263946,30.79726536431626,32.55163055626749,34.45590199633196,36.52904103003163,38.79393676508072,41.27879623966614,44.01928633060804,47.06197694168396,50.47013677231301,54.333931267188866,58.78865911384813,64.04178898685919,70.32130767008823,76.74617414361808,80.23166485424407,81.48263306025113,81.89917680724137,81.94655609251645,81.79099681198011,81.50599203577703,81.13042110444236,80.6883626805965,80.19698793271817,79.67001119814522,79.11920688704107
1264.0626975097964,22.682136951799418,23.810151325878195,25.02057678090629,26.321566169911815,27.722374362379984,29.23357522059019,30.86734286282091,32.637824206240374,34.56164450435623,36.65861220790086,38.95273197211087,41.47371059695356,44.259281512056276,47.35894338165393,50.84023405264742,54.79962045916211,59.38096316542736,64.79460545770915,71.17256807350682,77.10091631532126,80.00399851073972,81.05213232760747,81.37594086426915,81.35786491867843,81.14314890055677,80.79896215630731,80.36219111634071,79.85654204834424,79.29958131745114,78.70586692937457,78.08831315330599
1261.9888944977283,22.6997237296985,23.8337000504166,25.051231309465642,26.360698731883645,27.771638034585756,29.294971093183346,30.943307133106913,32.73134285488747,34.67640704109757,36.79922223275176,39.125002831478966,41.6850926468223,44.51949967139999,47.68097976593243,51.241876004122894,55.305820334443005,60.02625013231098,65.61325307857352,72.05634271207737,77.43263996973418,79.83864139442342,80.6888022096813,80.90387955118823,80.80134645854017,80.50773363745826,80.08384864433437,79.56429637858831,78.97220470532125,78.3254587944514,77.63950786979366,76.92855963365623
1259.9218848431397,22.714970415412417,23.854718448271832,25.07916616996356,26.39692733820781,27.81782413122778,29.353133956067346,31.015911159784853,32.82141550851506,34.78769684539085,36.93641475358709,39.29402289534836,41.89353837134075,44.77728274014347,48.00129023744903,51.64262633611398,55.81152309293262,60.66801565134935,66.40452585609914,72.78300706657289,77.52349438049303,79.52392664327421,80.2106894996504,80.32956377222148,80.14825243778411,79.7787340611024,79.27692713759502,78.67583996365526,77.99843187146921,77.26321100385287,76.48678036860089,75.6848862497552
1258.019876714052,22.732528308745074,23.878240259512022,25.109801474355518,26.436056147759896,27.867109962500248,29.414591722777597,31.09199511914397,32.91513484277082,34.902770121557694,37.07748031461027,39.46693156595245,42.10576970908502,45.03854801103706,48.3244074461668,52.04471030295701,56.31499317439179,61.29685430319331,67.14049185680656,73.31094051060785,77.42035064281878,79.09260017025574,79.63653964838318,79.66233505500885,79.3996503176257,78.9490202806828,78.36254407588065,77.67213276898424,76.90090037188997,76.0682512540824,75.19220784441305,74.29032183785237
1255.965837729214,22.751344713355067,23.903628223586075,25.14302325206943,26.47862781899848,27.92086035319953,29.481737962861843,31.175240774292114,33.0177992535185,35.028961788401794,37.23233383932399,39.656938322326276,42.339249111662255,45.3263296070909,48.680810431833855,52.4888123594466,56.871300630924075,61.988153818982944,67.92084189742222,73.7816089926445,77.28492917342241,78.65472221729691,79.04747638131155,78.96444703674727,78.60252321500253,78.05147493920136,77.35953256290685,76.55743154831852,75.66847136287363,74.71311842294553,73.71111106092495,72.6822132893144
1254.075746175069,22.770463907743387,23.929489417079697,25.176905045942267,26.522063854743234,27.975698199998533,29.550214546555058,31.260080195920178,33.12234145000798,35.15733448308881,37.38968639780824,39.84976550152496,42.57584581380257,45.61743027254709,49.04044632827879,52.935182354916925,57.42591664864292,62.6617138028584,68.61562387418495,74.05096907775267,77.01511392759248,78.12934035830543,78.38241794186047,78.19143989218647,77.72743675180932,77.0714576892773,76.26865729460158,75.34903289624526,74.33640951972716,73.2526399262122,72.11950618694534,70.95930685835756
1252.0345561537497,22.789500047092453,23.95535524426723,25.210915557012996,26.56579841493023,28.031061633835606,29.619515246383315,31.34613113476856,33.22859248873128,35.28804807134592,37.55017416224603,40.04671046557235,42.81774204037228,45.915165545274014,49.40796965055744,53.38971616784417,57.984553081735726,63.31617155063622,69.19806201778485,74.10689478687404,76.5879488236911,77.47439170392452,77.5916616548538,77.28891340291193,76.71583159367398,75.9461695564705,75.022642981746,73.97494671497513,72.82784134678285,71.60500494065893,70.33073714777183,69.0303589151184
1250.0,22.809001138122905,23.98181465959491,25.245646082350685,26.61037457413096,28.087379978258777,29.689871385735486,31.433319250905836,33.336035458465524,35.41996977260599,37.71183030830837,40.244699938257746,43.06042308675029,46.21318024966066,49.77474350760964,53.841102865212136,58.5331806855748,63.93657409353405,69.67604797757008,74.05811261006615,76.1306951421472,76.80725102154476,76.78342405391008,76.3566615405962,75.65930872953392,74.75887859612429,73.6960249138315,72.50040954502764,71.19804932055247,69.81485456260155,68.37811855825312,66.91668266273939
1247.9720454261824,22.828604801729046,24.008509016692447,25.280748944537216,26.655462686563133,28.144347571633123,29.761004500229916,31.521390935593722,33.44442881007397,35.552838159423175,37.87430658482135,40.443166694644624,43.30284468325971,46.50943797711426,50.13665717062883,54.28068910725515,59.05235392566616,64.47662954897987,69.96363106949323,73.80774425421751,75.52848331509294,76.01785875154775,75.85961088532429,75.30964430385704,74.48628452457316,73.45214784990165,72.24659145300338,70.89984020349637,69.43971993658143,67.8949063391976,66.29617429394305,64.67627756292032
1245.95066035385,22.85020571519304,24.038235863029033,25.32007126226075,26.706133088075656,28.208464899552748,29.841093794900516,31.62050553657016,33.56628172246571,35.701971916463364,38.056312311370185,40.66496014809582,43.57298555631835,46.83838486426446,50.53646649062355,54.76202784389735,59.609244387921194,65.0192574184382,70.17740402869903,73.49290562642234,74.8847020611682,75.18355706262824,74.87959831095955,74.1932190294537,73.23013613719237,72.04854019247806,70.68687491734434,69.1764086983186,67.54736854046725,65.83184940825434,64.06473738914984,62.28320032436508
1243.9358129120537,22.870284329081375,24.065435429245024,25.35568882981977,26.75171421212711,28.26585732523673,29.912514277859955,31.708623158611534,33.67432147519853,35.833841752196406,38.216752879715436,40.85970155863128,43.808845557943165,47.12307440239969,50.87726833551726,55.16019904974253,60.03769794740915,65.34498438476373,70.09520069145991,72.9410326920104,74.06152999154486,74.19312422359869,73.75190615077649,72.9314461718963,71.82822872801805,70.49765484480687,68.97829606555491,67.30328253093458,65.50594641896424,63.622391028372896,61.692036902234186,59.75665966085249
1241.9274714356682,22.897086477091584,24.100215350381855,25.399841895634108,26.806897703246833,28.334046070380218,29.996069503449093,31.81037759957127,33.797683759074644,35.98292141286114,38.39650067659242,41.07603777671924,44.06867887990034,47.43388388276052,51.2451162178707,55.58202169773293,60.47255098387948,65.62958989804315,69.94408531938346,72.3562835281953,73.21843190882875,73.17730110895536,72.5882997762661,71.62199381654004,70.36668174190356,68.87548457230358,67.18761021257004,65.33865921406243,63.36574320706471,61.30961742937635,59.214724636152155,57.12766003775616
1239.9256044637323,22.91995709788221,24.131637838699685,25.44126448457683,26.860027335615857,28.400899678611,30.07903589527096,31.91229130272114,33.92191076088682,36.13345226603061,38.57803365648945,41.29399849082413,44.329016403391435,47.742153367946266,51.603257007390006,55.97736933784021,60.84148563665593,65.77728793000385,69.63250279592012,71.65113315331499,72.27576356180019,72.06681212136725,71.32976949078363,70.21635108493068,68.80849577766486,67.15824119980954,65.30646480932714,63.292182104180064,61.15706749867557,58.94701685133292,56.711552117816225,54.50162662133071
1237.9301807378065,22.946617155883324,24.16711499821305,25.486997815497375,26.917703869465374,28.472500654621967,30.166891027458217,32.01914076642364,34.05097181934643,36.28848020300361,38.76334779023783,41.51439341063093,44.58933584809582,48.04587492157253,51.94805659501059,56.34112000263921,61.141005912411906,65.80625764619501,69.2158755261843,70.88503489266185,71.29009774278248,70.91696162786637,70.03119411429464,68.76935130933674,67.20861304765833,65.40095274191617,63.38975897790567,61.21817206420087,58.932922407490715,56.58519845883875,54.229311539531786,51.91981645669318
1235.9411692003462,22.97025799943019,24.19941977677676,25.529371182563732,26.971786113684413,28.54020857031141,30.25046393452627,32.12118946154761,34.17452384893781,36.437004274881794,38.940713996289574,41.72465836957316,44.83605695934188,48.330118153929604,52.26260246875433,56.65345238736388,61.349824094903916,65.70782991699708,68.69790714181477,70.05714575945315,70.25992066813053,69.72882091659088,68.69728171464662,67.28978409148904,65.58020830141801,63.62141285423881,61.46002963511631,59.14384985436672,56.72489284337975,54.259482231326174,51.80612648191924,49.42200279719797
1233.9585389930899,23.00099764863306,24.239459197519476,25.580131369025136,27.034909718123295,28.617592573030038,30.344292971147276,32.233964665822434,34.30907528353998,36.59645958212704,39.128359268354245,41.943535653287405,45.08789971754476,48.61254178931697,52.56148704399772,56.92241942675311,61.46698981289256,65.47818342588361,68.06429405062516,69.13665550168545,69.14575580109458,68.45893360630329,67.28282973399337,65.7322558409197,63.87920070303171,61.778470952485335,59.48076299146672,57.039007157756465,54.51052615738174,51.95621960678529,49.437666758269756,47.01311144261536
1231.9822594554637,23.029240603566425,24.27691013517183,25.628172352224382,27.095127081458966,28.691801594105076,30.4345589219978,32.34261228944983,34.43866963224387,36.749721001089114,39.3079285903407,42.15139137726122,45.323932976092415,48.87099196538169,52.82178384450697,57.12662696074518,61.482819449484346,65.13711031138581,67.35326058772257,68.1659247634538,67.99257169237877,67.15493185950642,65.83815035451131,64.1497039349452,62.16095126463343,59.9294648173097,57.510489406907695,54.96218288476234,52.346783107395964,49.72888811535089,47.17188078017554,44.73361759864344
1230.0123001230013,23.05390909422302,24.310095257938737,25.671133565325093,27.14929827152804,28.758805466705233,30.51621291223323,32.44091500337019,34.55574530023407,36.887674461067235,39.46850662310097,42.33521056248911,45.528693083878366,49.087212267856515,53.02247276054969,57.24455813387706,61.385201101003986,64.69244429498426,66.58201884264638,67.16739594775916,66.8299161252697,65.85421110827158,64.40851931842735,62.5950241386154,60.48543538504657,58.14053451414912,55.62013767883283,52.987233563540165,50.30817467717066,47.65014764091983,45.07710106761493,42.64536323977408
1228.0486307257765,23.08757750776741,24.352537985669816,25.72356350814047,27.21307811478221,28.83545125393229,30.607383612479847,32.54837357355073,34.68126241700674,37.03281559694941,39.63417505733006,42.52065935656958,45.72932984920393,49.289570179775446,53.192736986815454,57.30643235529477,61.20738089432967,64.17390624493112,65.76174032197639,66.13434320328733,65.63821633304462,64.5272953990847,62.956221045216125,61.02348045611485,58.80202603004823,56.35631804350522,53.75079344631179,51.05284412018076,48.332032060783725,45.65685765432211,43.09039846822139,40.686102748175564
1225.940909648155,23.11520624242085,24.38963115060518,25.77138547559674,27.273028085437442,28.909055316549438,30.696266042487505,32.65418838556869,34.805548222523136,37.176699127797505,39.797765978998825,42.70178949471116,45.920844858978946,49.47337563555357,53.32714303093932,57.3056598411577,60.94391705660229,63.575795431898,64.88326574499358,65.0589480515268,64.41574661484646,63.18134550455042,61.49922776734472,59.465443236729996,57.15483511110893,54.635693963745375,51.976693205835296,49.24868879621088,46.523044924438786,43.86790770751534,41.34383273322757,39.00001447256333
1223.9902080783354,23.149595363426382,24.432608060039346,25.824011821926092,27.33644880195248,28.984472897897987,30.78488583213616,32.757110975096204,34.9235634653422,37.30989182951723,39.94474811479004,42.85816315242341,46.07603337697007,49.604030678875105,53.384454914897105,57.19977418192593,60.5626138537145,62.87953660479991,63.93521408727116,63.93345367936389,63.156210640811885,61.809524017544234,60.02815695794409,57.90679122560459,55.522463597813235,52.94704524918847,50.25273309557001,47.51278376673056,44.79913705978829,42.17843476001497,39.70786159664924,37.43194993891048
1222.0457045093488,23.17639965163711,24.468135098834367,25.86936059482874,27.39280883429985,29.053100081544773,30.867049512863584,32.85398831805974,35.03603533656273,37.43814966714091,40.0875258229571,43.0111996425415,46.22892457166968,49.7338217385207,53.44403720175346,57.10660628701423,60.22298237038491,62.267125765035516,63.101265376970694,62.93567128056587,62.02969267931892,60.573547770090805,58.695811788675194,56.49074589700671,54.03780758484633,51.412261943858184,48.689344846624756,45.94402639745322,43.24806052760897,40.66589724347664,38.25086074278072,36.04258934438605
1219.9585214102722,23.206906087370005,24.50767036927527,25.918955701610887,27.453532272161226,29.126006860113552,30.95308717803285,32.953827023933755,35.14976048948381,37.564698403107414,40.2236304220998,43.149355924714264,46.35342751143063,49.81327003641422,53.41970028117516,56.887588057736565,59.726019647332805,61.490841719471184,62.11119142371073,61.79395451313851,60.77442156188758,59.22763671082697,57.276586399405005,55.015338684948375,52.525523016089885,49.885017309050625,47.17082501184923,44.45803712500161,41.816575059179456,39.3072822038924,36.97865300565195,34.86499327173877
1218.0267965895248,23.24213208255787,24.55119395500556,25.971674494318133,27.516362217154246,29.19982851362229,31.038648603118897,33.051570427814696,35.25951158867896,37.685101633922564,40.351100005641534,43.27608671870481,46.46360717719,49.876268350405,53.38079641176461,56.66842034497377,59.2638891453571,60.79181823995891,61.22829050273786,60.77561045408182,59.651284585036,58.01937398095724,55.99905767098273,53.684693414213825,51.15992145241702,48.50475403237617,45.79737480924287,43.11247390686751,40.51782708377102,38.07064955384412,35.814878859659565,33.77998736057463
1215.953307392996,23.276109066991634,24.592559755369205,26.021086560574556,27.574419725473067,29.26698954287411,31.115090665333334,33.13695425401178,35.35257551538789,37.78295139592267,40.44793820821239,43.36090546111067,46.51605084072922,49.85994212676335,53.23647528935185,56.322172350701045,58.67134888663349,59.97617067302943,60.247052446858746,59.67675903726598,58.46569243661983,56.76817263971901,54.70020661502999,52.35645390116068,49.8220464379941,47.178195185583384,44.50308456615517,41.869806124741,39.34300123024426,36.97564082825739,34.806920890456816,32.8616826743411
1214.0342357654486,23.305259955425807,24.62941775399611,26.06632808705296,27.628648118345286,29.33064176850834,31.188281189604876,33.21921207922637,35.44239528257477,37.877013255234765,40.53972784290942,43.43825577945774,46.556893221283055,49.82597521552305,53.06849214179803,55.952588023320764,58.06706340435136,59.16458265354123,59.28202629881343,58.60295751013223,57.31325720009356,55.55901587370448,53.45355443525992,51.09172270831148,48.55967878690229,45.93916600188482,43.3076470343338,40.73598150541384,38.285248146975945,36.004004914159246,33.926781090848365,32.07403749448201
1211.9743061447098,23.339713971021155,24.671289792244828,26.11618086610925,27.68693303026405,29.397590571128696,31.26372792390043,33.3022976109958,35.53107008332977,37.96718658369573,40.62379203283906,43.5025333339829,46.57744633803335,49.76304310047121,52.864487380823164,55.54842297181557,57.441246920676065,58.34796870356001,58.32473686475543,57.54620178644771,56.18601577987075,54.38344431652497,52.24956694329191,49.87926036270711,47.35918698575468,44.77092830807793,42.19053000823171,39.68607522933377,37.314787930199365,35.12080258109324,33.1342133594317,31.37149246927361
1210.0677637947726,23.36929530971006,24.708351225359674,26.16128297586457,27.740515384421204,29.459857694238146,31.334462484374775,33.38055173884015,35.61464867133852,38.051770173254376,40.701435391023075,43.559128743873096,46.58875178308502,49.69001012071763,52.65345732075457,55.14906878373015,56.840096957957115,57.57532935779461,57.42524597789257,56.55690873232472,55.134136950128386,53.29072363260067,51.13592825682134,48.76453107124143,46.26329788560628,43.713156027081226,41.188296834993125,38.75375027469945,36.46281861790694,34.35534395405426,32.45725722586911,30.781379253798764
1208.0212611741965,23.4019606862261,24.74697584589585,26.206083518897838,27.791501719374082,29.51669253354322,31.396238728520277,33.44543506869524,35.6792960531085,38.110372961623895,40.74414356165864,43.5695344318517,46.54032796050474,49.542973538024164,52.35836236749125,54.66718611705628,56.17093057869712,56.75457313082658,56.49674577090381,55.555914701046284,54.086847226051404,52.218424436160554,50.05809767290292,47.70013955042969,45.23077482266451,42.72959250170455,40.26838070029676,37.90882711285618,35.700332012438714,33.678745915848005,31.86633759537551,30.27287797604308
1205.98166907863,23.434714077521985,24.785640703865486,26.250816669223568,27.84222225495009,29.572927246679498,31.456878543832648,33.508346999125095,35.74069782797884,38.16381769473501,40.77888294934912,43.56800138647201,46.47484791486112,49.37365908038693,52.038710520965104,54.164913658878184,55.49072178694704,55.932235152346216,55.57408952327513,54.567024550783565,53.05787978116488,51.17110786621423,49.012309123441916,46.67490554152031,44.24411252905524,41.79772496683922,39.40479065204491,37.12349927238323,34.99938491882465,33.06449844675304,31.337733356825876,29.826128525229272
1203.9489525644115,23.467190390940534,24.823838566483957,26.29486503448896,27.89200559836037,29.627928183834243,31.515930269184672,33.56924008717583,35.79954997628191,38.2140603074775,40.80965609082242,43.561768986211945,46.40452334309882,49.20146543990307,51.72290607663934,53.67926544033137,54.84215444985682,55.15329566155808,54.70188340447014,53.63234011769464,52.08502182351616,50.180657478253664,48.023152505241406,45.70496752253385,43.310131340502586,40.91452937731079,38.58448595630773,36.3748584940071,34.32760160313553,32.47131966035068,30.821891306884897,29.383944091270923
1202.0675561966582,23.496704160864684,24.858681444427926,26.33498431576532,27.937033219659835,29.676996127777297,31.567385056014917,33.62019732875397,35.84519504103301,38.24655370064074,40.81646714071876,43.52336489904531,46.292013168937835,48.97693382825588,51.34834012369536,53.135984509368306,54.143966382617734,54.33582463866475,53.80312236596527,52.683767116219656,51.111892648257886,49.20453327770433,47.06362072457513,44.780157605475026,42.436393560145675,40.10573867936332,37.85135553354714,35.724516982271,33.76353991162006,31.993684454753442,30.4280211777071,29.069019045149698
1200.0480019200768,23.527277497852726,24.893509048544246,26.373822197401477,27.979287347815976,29.721531723356136,31.612235417195436,33.662116054078666,35.878965522999955,38.26393491640712,40.80465064535892,43.46298792132239,46.15553424067461,48.73017407131154,50.9600193189953,52.594545844273426,53.46593416605478,53.55460084336686,52.953006873240284,51.7932536426089,50.20409896141459,48.299247904977456,46.178636111583536,43.93161569020703,41.63847617249357,39.37010281715681,37.18663273482202,35.13607019884498,33.25353994085383,31.56146324849214,30.070601366280485,28.781708155609284
1198.0352222355339,23.556189088028965,24.92584206283498,26.409196528075963,28.01695280753514,29.760176406897777,31.649696390058292,33.69494037898778,35.90174512456338,38.2683166127183,40.777946268296205,43.38652904533049,46.00370791562281,48.472821088327606,50.57187010997487,52.069227947202094,52.820778546377504,52.819924075471526,52.15919080914558,50.96568232583098,49.36362040188758,47.46380939771133,45.36430151637687,43.15277455160329,40.9075368798759,38.697012560768265,36.57848972303555,34.59697849837142,32.784742976288925,31.161706366120395,29.736631008262524,28.50881189109738
1196.0291831120678,23.588602661894484,24.961809546092116,26.448233880138474,28.05814747466074,29.80197022791243,31.68956032562489,33.728885839559595,35.923593917567835,38.26863813033435,40.74262266303474,43.29520051856924,45.829257085296234,48.18475483696624,50.14668461690415,51.5037592204791,52.13510779397436,52.046107633675945,51.32905086616532,50.106118192228976,48.496960786353206,46.609242937858724,44.53875485958829,42.371067935083005,40.18210098956638,38.03749358426167,35.99148358639057,34.08601534674631,32.35053215787959,30.802576665057572,29.44906955448668,28.288010483900685
1194.0298507462687,23.61474392250091,24.989434322960527,26.476484657745143,28.085664974546145,29.826662549022924,31.708264620943503,33.736873067271084,35.91385340403725,38.230885795417656,40.66207130624913,43.151487564679954,45.59683778540976,47.83736988929699,49.66761328473576,50.896408524199984,51.42271406663988,51.26046221823042,50.500274330710056,49.25924015047136,47.652526363218236,45.78462678099282,43.74892388757898,41.628723955945865,39.49748215223069,37.41812267574121,35.44205750052887,33.60851735136112,31.944554273364457,30.465782337020777,29.177709261650723,28.077414614953526
1192.0371915603766,23.6446855728545,25.02146878712503,26.509866125939915,28.119173617114733,29.858383059732883,31.735262014676604,33.75471983993052,35.91595184727563,38.20754309996817,40.599389766921895,43.030489845162315,45.39408485277001,47.529333203464034,49.23980989689512,50.352047785631875,50.7818991793085,50.550760151486685,49.74831709516859,48.487725825348974,46.8804814101618,45.02833027821575,43.02244904226418,40.94400623447833,38.86412820552145,36.84319408218827,34.929988118342344,33.16122823045453,31.561750882619712,30.145371914185272,28.91626276106653,27.870608649743186
1190.0511722004044,23.67203864859719,25.049262534693675,26.53707352313063,28.144250170577426,29.87904361767206,31.74816103460587,33.75499732689448,35.89660577297819,38.15862020166311,40.50711889458396,42.87685852276644,45.15810654869446,47.19183765846221,48.7917493928313,49.80082794715856,50.14891852821371,49.86259675658517,49.02978020006432,47.7596287900056,46.16002003018108,44.329915545962606,42.35818716782673,40.323792786039604,38.295554923568886,36.33146441082968,34.47796135563501,32.769627789233034,31.22950829543043,29.870045475535882,28.694465476032704,27.698394243319665
1187.9306248515088,23.69718501321634,25.075447524583424,26.563353494239443,28.169167089382526,29.900397959683982,31.762686104553318,33.75789747764978,35.88092186412561,38.11442262793015,40.42067227199527,42.73028815140033,44.93080405016046,46.86524960440702,48.35719021846983,49.26503424631151,49.531590125189766,49.188490743401466,48.32245964339121,47.03928897259667,45.44364180250926,43.63189987747693,41.69073242519321,39.69695477142524,37.717151151022414,35.806992576875935,34.010637907923,32.36057785875627,30.87808117010997,29.57420042771884,28.4511688469797,27.503981129137056
1185.9582542694498,23.722477196848743,25.099868986725372,26.585587325955366,28.187316217495784,29.9117525286516,31.763399454040233,33.742543328475996,35.841916787149465,38.041353698045896,40.29973852013024,42.544450594651046,44.66181170000879,46.49870120741936,47.88944948143886,48.70683719583745,48.904359985999214,48.51687319738815,47.629080187061206,46.343158584748444,44.76044768291999,42.97461326639707,41.069962168095834,39.12103848458712,37.1921417041742,35.33668538526875,33.59671730425607,32.00289264779479,30.575012942838402,29.323068829984706,28.24862066240473,27.346325055415036
1183.9924224484964,23.748893032767928,25.12622023085868,26.610764313079905,28.2096822231489,29.92892560224739,31.77194706001059,33.73756366805904,35.81649218595983,37.985915815643985,40.201545677061574,42.387732701070505,44.42963006571239,46.17747386386677,47.474966840944596,48.20735104692653,48.33758039315058,47.903800992886296,46.98951319333993,45.694127579440284,44.116269724452344,42.347299933283416,40.469476372977226,38.55535851734386,36.66724507516031,34.856566966546325,33.163506288337906,31.61707832556622,30.235750871321663,29.02852216374732,27.996292617800393,27.133350038412914
1182.0330969267138,23.77340588976961,25.149449218547556,26.631339518735462,28.225655222491778,29.937545796577336,31.76935616050279,33.71839029531416,35.773348396733645,37.90886563635148,40.077791402682394,42.20210742853422,44.1668577894369,45.82678620446627,47.03544472784259,47.689838720312004,47.76106351525175,47.28952954806149,46.357041168449044,45.06003839779924,43.49429492312865,41.748717601809886,39.90336900919947,38.02871331065452,36.18500341393572,34.42172097813313,32.77728954798395,31.279248185558156,29.94492825666222,28.782543926598176,27.7925365103633,26.969005283845576
1179.9410029498526,23.796843740179167,25.171213924233626,26.650072192289585,28.23944580111909,29.94372481781728,31.76421324219542,33.69680641469105,35.728351437244164,37.83118807989265,39.95567594064456,42.021906481872264,43.915238554249,45.49487578983241,46.623259624470144,47.20750648442998,47.22546119393771,46.71928450073351,45.76923135841034,44.469122353138694,42.91220010204823,41.185177029052774,39.3661556800077,37.52375163512895,35.71644078293672,33.992036710215324,32.38747786100038,30.92907206341762,29.633216155398102,28.507493143481106,27.551991348755667,26.76068858785541
1177.9950524207798,23.820079722274603,25.19262911185614,26.668197179718227,28.252214014579,29.948248658865065,31.756483725357196,33.67130570010439,35.67759495040109,37.74529197205266,39.8222257967333,41.82670459958758,43.6447186028535,45.14036856362442,46.185278204846114,46.69668476931389,46.65910465100897,46.11647872445828,45.147605424069425,43.84373270146479,42.29554100194756,40.58746444586772,38.79554463828093,36.986457771452564,35.21683781592469,33.532797463125846,31.969788390610038,30.552911335295583,29.29767118532156,28.211073164069603,27.292909824009822,26.53709261984539
1176.0555098200634,23.84281648675974,25.213180646820376,26.68512028604164,28.263508127501794,29.951154882640473,31.747219810416023,33.64473291381023,35.62684190664374,37.66143722808673,39.69430285877239,41.64253573993832,43.393185181310024,44.815076143851215,45.78788546204918,46.23723132011014,46.15287215826974,45.57994183823742,44.595844191384266,43.28956047343295,41.74952529968972,40.058163974631235,38.28969587558437,36.5090896168475,34.77137162333725,33.12118515996048,31.592710242004223,30.21002533001183,28.987888652192606,27.932830909996635,27.044413882417555,26.316517576842628
1173.984503404555,23.863027866636855,25.229972363597287,26.696856165498833,28.26796800571409,29.945334457028455,31.727071972725422,33.60485243616027,35.56012899293158,37.55885716065982,39.54501852637018,41.434901180736475,43.11710344847389,44.4654904375444,45.36761948376963,45.75684867926798,45.627479072679385,45.02540403506648,44.026459158544895,42.71730764849806,41.184123011674316,39.50732423815982,37.75933949882927,36.003501723073335,34.29334623328041,32.67220211792556,31.173159939048926,29.81947136318391,28.625344616299287,27.59702500759495,26.734020075806022,26.03034007986432
1172.0581340834506,23.88978717175237,25.253842265893482,26.716267832533077,28.280779477358564,29.94863281277541,31.716918193354804,33.575972001944486,35.505585612135455,37.46982836200006,39.410945412027864,41.24447502669412,42.860530990323916,44.137752999570196,44.97104480751046,45.30094588267263,45.126055007113635,44.49315293218819,43.47680831664036,42.161654629674395,40.63181537702453,38.96584817652115,37.23449636656645,35.4995439990195,33.81310960830761,32.21726926228167,30.7440686756525,29.415958238556602,28.246602622505407,27.241951865690382,26.40143779089741,25.71917351276381
1170.00117000117,23.91082272453047,25.272208999560107,26.730574258243596,28.289122508275096,29.94841963114037,31.70463662945028,33.54691298449722,35.45355310344025,37.38694595719723,39.28780366428509,41.07101972934947,42.62804492739279,43.84162992263546,44.61290766156676,44.88846258800002,44.67054815791605,44.00679757602145,42.970840736556575,41.64570789519202,40.113871639360696,38.45237706750059,36.73059299692798,35.00903639563634,33.33866196938083,31.76050956850335,30.305752335591112,28.99616221781684,27.844934199520566,26.857753529721215,26.033972540739047,25.367779949068996
1167.9514132212103,23.92952311808676,25.28658900329034,26.738921513050954,28.28915379531532,29.937097088733086,31.677938561486418,33.49957084400625,35.378804329141836,37.27643299096456,39.131882785318446,40.85986639527261,42.353808154117154,43.50115173644418,44.20947715458277,44.43117256134339,44.17166126231857,43.47896222615714,42.42541872882793,41.09221058913407,39.559974309535754,37.90409916603548,36.19247477622555,34.48428875498354,32.82931556654173,31.267587944743816,29.829476488595443,28.53617810754248,27.400546200268323,26.428145767950998,25.61840368675402,24.965742372801873
1166.044776119403,23.949625503919716,25.303544087375204,26.751311435248823,28.295060317822344,29.933932873629587,31.662233795237473,33.4667236030752,35.322836811671614,37.189867798254504,39.00597246009595,40.68551836577239,42.123429825141756,43.21100851522946,43.86127638526432,44.031666822920165,43.73056303199782,43.00664493083233,41.93146173245918,40.584842873078955,39.04601694744646,37.389070399108306,35.68070693804191,33.979027940420444,32.33282104384135,30.781251767277695,29.353971664343213,28.071630791425754,26.946719566501763,25.98462118064604,25.18474678298059,24.54164544868152
1164.0088464672333,23.96911587185646,25.319659154089468,26.762549210295386,28.299384056927217,29.928589646090202,31.64352549138998,33.42974045096236,35.261200539942806,37.09560898344329,38.869789989228465,40.49777105124092,41.87606290602756,42.89995283678529,43.48800699525638,43.6027697725839,43.255657888821744,42.496112511779884,41.39499126466488,40.03085243297447,38.48156668810277,36.8199439073258,35.1115113986416,33.41328183670046,31.773044549653736,30.229079621881247,28.81029702292037,27.536775898592246,26.420621158915733,25.46701618792946,24.67534558997883,24.040283536001116
1161.9800139437602,23.992809205048022,25.3391576342214,26.77627001757252,28.305223725655534,29.923757324331376,31.624337440940256,33.39139013229373,35.197555810935086,36.99916090391977,38.731984493617226,40.31002051555377,41.63154906585844,42.59570530737756,43.12606649997644,43.189551697492604,42.79998338967574,42.007203822722104,40.881247493908184,39.49939631069507,37.93821377314553,36.269312215188215,34.55714398077784,32.857755567823034,31.21807735290301,29.675652222070962,28.258796172266084,26.98715598397172,25.872574971998244,24.920143963585254,24.129312811243032,23.494960699493372
1159.9582415033058,24.01082076835097,25.353266790870478,26.78501870693487,28.306659180009234,29.915267854362128,31.60244797383388,33.35153029909571,35.133849313156745,36.90435525229935,38.59774186550748,40.127849800701725,41.394478903401826,42.30021581016509,42.77319636417118,42.78439300227919,42.349976522683036,41.520368008906125,40.3650713712016,38.960399152149606,37.381883168832836,35.700170403717316,33.97882628435656,32.273074730209565,30.629085239454685,29.083715966441012,27.664698284358607,26.39121828875445,25.274799488193118,24.32036104454105,23.52732717487686,22.89068789001709
1157.943492357573,24.03048065126293,25.369925495941104,26.797246750110528,28.31248670457144,29.91199295733516,31.586393884617028,33.31776319981863,35.07590895360623,36.81413074456427,38.46574210429999,39.94418908979423,41.15070422414313,41.99146803454649,42.39954275774603,42.35046253252057,41.863276003599815,40.98943449532176,39.798238337243916,38.36523550305823,36.76503205955368,35.067339934315854,33.33480918004834,31.62176657815996,29.973511705013795,28.42608639943999,27.006495146474734,25.733321014055207,24.61763357480803,23.664059886972247,22.871894535188595,22.236151312003308
1155.9357299734136,24.052271038977636,25.38846322048019,26.811117963594064,28.319757591453655,29.910027755909045,31.571626245514945,33.285434466666885,35.01982670407414,36.72657711343406,38.337766244310245,39.76656647238822,40.91563646791042,41.694508864769475,42.04070240689446,41.93379337626272,41.395349947610015,40.477730463575995,39.25008272868918,37.787322382801456,36.16328018090453,34.44687307815337,32.69995595478922,30.976056116642617,29.31967720040003,27.766094256027074,26.341609966441645,25.064206404830873,23.944481169478063,22.986735513751302,22.190090466045454,21.54953548335883
1153.9349180706208,24.072434846205397,25.404879632135724,26.822356558789703,28.323874840412277,29.904387659110295,31.552675573702185,33.24844723866732,34.95867259550938,36.63364329416645,38.204260290148234,39.583461200967434,40.67529590126991,41.39247358713608,41.676659248710436,41.511142362994796,40.91979772382434,39.9558387004336,38.68832909897461,37.1916815926559,35.53910092414397,33.79885759110011,32.032148816601726,30.291822494735744,28.621684019244984,27.056313715019062,25.621357877746412,24.334217811477046,23.205017808531743,22.237715583757385,21.431230413734802,20.78049485237537
1151.9410206197444,24.091432871457172,25.420936459145278,26.834098899928765,28.329384828282723,29.901001394830075,31.53672752239579,33.21497487746771,34.90113991514905,36.543824665357384,38.07253468578613,39.39980306145536,40.43100912445533,41.08211975786335,41.29916219300374,41.069454393870146,40.419543121289855,39.40385677397862,38.091684631017195,36.55717163306043,34.8730511768358,33.10702362084262,31.319632675965668,29.562988172726712,27.880088312563018,26.30467404455107,24.861569764616597,23.567422825388373,22.43171362798409,21.45789526437072,20.64453749340595,19.986382956679336
1149.9540018399264,24.109666615134998,25.435957587088975,26.844410198725207,28.332897863291556,29.89482142597957,31.51688430465901,33.176119023922176,34.83627405671107,36.44422728688368,37.92814129137146,39.20032193202771,40.16776166562572,40.749976995551,40.897545899322196,40.60187527277686,39.892177626325356,38.824085363983066,37.467114181283016,35.89514167877248,34.18041346274977,32.390017569997646,30.58377572632008,28.81297030224607,27.119690294591454,25.536731276582216,24.08799286346833,22.789273386597415,21.649324322170543,20.671019395782622,19.852513397476184,19.188301349566093
1147.9738261967627,24.128067521137194,25.451635515330533,26.855958376603468,28.338319100125794,29.8913043072222,31.50052052930708,33.14158113378163,34.77652417914747,36.35041893380778,37.78998418271495,39.00718718365788,39.91050858718449,40.42287345110141,40.49928522750837,40.135199721968526,39.36258664418117,38.238484014081415,36.8328838351981,35.219638354374254,33.47070690071404,31.652712852398903,29.824847304324194,28.037603628148712,26.332154077546644,24.740304215954275,23.284956769188234,21.980970662833695,20.836267761615034,19.85303779925591,19.02891677082298,18.358052402145677
1146.0004584001833,24.152372134421174,25.4730467432264,26.872854028727158,28.348399811338584,29.89134389896965,31.486056571817393,33.10657341477047,34.71306909789949,36.24870928813489,37.638811123884736,38.79525547689841,39.62847064443026,40.065335104399686,40.06573727551973,39.629465914656215,38.79137799065642,37.60995161678343,36.15562977308222,34.50216410488078,32.72110401688973,30.878441409994064,29.032539052171693,27.23289016490061,25.519544143313638,23.923131087432452,22.465402336971778,21.160158222476895,20.01440637427361,19.029598244236652,18.202821032960568,17.52786297396307
1144.0338634023567,24.169253845232515,25.487731891397967,26.883716729524465,28.353078002972474,29.88646050146256,31.4668743535762,33.06661654837264,34.64381302766857,36.13955267531797,37.477654278403264,38.56996129717232,39.329066059386456,39.68612681827733,39.60626484706917,39.09392697750526,38.18716026041575,36.94616105485229,35.44205498641166,33.74865181427529,31.937159743885523,30.07291471701629,28.213342993982852,26.40676452140661,24.69189108434088,23.097944038158026,21.645290705822074,20.346454173774834,19.207330438773095,18.228458696333107,17.406225384523143,16.73392579863024
1141.9435879867535,24.18779177911805,25.503835662968136,26.895646530409365,28.358315422727625,29.881418845832844,31.4465456008048,33.024195596272335,34.57041405467914,36.024246926578414,37.308156525046954,38.33420457481654,39.017442412355116,39.293511256474865,39.13280122955913,38.54433586879588,37.56925697468358,36.26942517664523,34.71662826216267,32.984716239199024,31.14451843602816,29.26065146563158,27.389522550592005,25.57818874596506,23.86393947017169,22.27451590302278,20.828847151000357,19.53814199810163,18.40716216550524,17.43552244212619,16.618902821012085,15.950102971601666
1139.9908800729593,24.201949199211416,25.514967719752786,26.901966076098805,28.35725887547179,29.86936323495888,31.418469496290186,32.97333010769382,34.488004866617146,35.89965671991455,37.12961392481926,38.090383998753786,38.69958946028126,38.897243648788226,38.658694213841066,37.99718403073137,36.95669564322927,35.60064660329312,34.00148452820898,32.23314146708412,30.366111431318245,28.464318715407696,26.58315992475549,24.768424420276858,23.055967865736108,21.472038097126806,20.03411321484077,18.752075314154414,17.62953873334168,16.665178650866494,15.853950261784451,15.188135624002394
1138.044838966655,24.221071578204704,25.531607590151527,26.913958889281165,28.3614690158864,29.8613410539856,31.392052049363848,32.92025328539881,34.39768903539506,35.75945396232503,36.92586947219354,37.81046359136317,38.334426203244384,38.443323945935795,38.118517288985274,37.37820749137579,36.26961832147318,34.857845923619635,33.2159031897912,31.41753858094329,29.532512360890145,27.623568029048684,25.744562260109415,23.939496444656417,22.242323539098855,20.67740897156199,19.260483562305183,17.999898350317203,16.89799719486138,15.952457887067752,15.157500778124422,14.504911261606846
1135.9763716914688,24.236237648235612,25.5437421296811,26.92074343869325,28.35957067537892,29.846066397122797,31.356955841277465,32.85678187464487,34.29503613261398,35.60492481898508,36.70608100977846,37.51345293938201,37.95212589636664,37.973323995002715,37.56428993774915,36.74794958512014,35.574564465594236,34.11077720627407,32.430076136102876,30.605938132263645,28.707283313266537,26.79555173224869,24.922935813724198,23.131539431125542,21.453329584936665,19.910736594011304,18.517719703827908,17.281096910272964,16.201954395820408,15.276993070633367,14.499720982251102,13.861447455726939
1134.0440009072352,24.250147428172962,25.55441001761034,26.925816489554627,28.35567505697531,29.82846627738476,31.31917671530747,32.790286090721175,34.189135915360445,35.44722522498208,36.48374682139337,37.21530366792161,37.570965523022984,37.50747858149138,37.01767496349417,36.12891178699414,34.89430133733607,33.38195509252936,31.665815910793373,29.819075685614294,27.90978596964445,25.99804031169332,24.13432046562518,22.358794995864823,20.701423034380557,19.182695078235486,17.814808103599866,16.60306502105412,15.54731542073413,14.64330308670076,13.883839253141934,13.259766916532064
1131.9900384876612,24.26323737754527,25.563366321394522,26.927768722404103,28.346567797176743,29.802695486915653,31.26921403936772,32.70640703493839,34.059474492251475,35.25847341783799,36.22276158276771,36.87149702261437,37.1387079214464,36.98742182481669,36.41644480169988,35.4576060828165,34.166681668615674,32.612928289505284,30.87032974120524,29.011318347953818,27.102575065636255,25.202358919510235,23.35900827723242,21.610410268905945,19.9842721331737,18.499002141453396,17.164981620150783,15.986014762774364,14.960779666633893,14.084157453087666,13.348370385688822,12.743904209031472
1129.9435028248588,24.267129348296756,25.5625092788245,26.91907283068739,28.325697376959557,29.763708115419295,31.204208587428877,32.605313138595484,33.910221052958505,35.04784828159786,35.938169559754826,36.50338847238907,36.682837009523716,36.44590496066651,35.79723117356114,34.77288914077955,33.431098848926254,31.842063478418666,30.0796049444479,28.215173342826702,26.313844316013366,24.431819013792378,22.615105797575012,20.89917774713531,19.30941702307209,17.86213089133036,16.565909144353622,15.42311048630084,14.43131090191314,13.584603891205646,12.87469588169802,12.291781684541832
1128.0315848843768,24.278773009294834,25.569144166675553,26.917227446591347,28.31052456110725,29.728610641228247,31.140498591634522,32.50206251473684,33.754566733685,34.82606844186177,35.63768220379447,36.11532330099529,36.20423495609564,35.88054356197839,35.15483046880808,34.067336360447385,32.67854224590526,31.059346712361883,29.28310532092036,27.419946913329802,25.532998775220733,23.67609188208489,21.8926513884352,20.21555742362685,18.667763539869455,17.26343810321161,16.009391611098334,14.906582948467127,13.951550221903142,13.137670484971895,12.456204270017656,11.89711897581978
1125.9993244004054,24.28519012486124,25.568688677861946,26.906009587139803,28.283228913918677,29.678157014313545,31.05777740625201,32.37591942030861,33.57230312347863,34.57473213187483,35.30619131438701,35.69694183683321,35.6984262679993,35.29335586298766,34.497785560522225,33.355541368229126,31.92880521690273,30.288672629970215,28.50759480142445,26.65400396894546,24.78878133287951,22.963185150945634,21.217958491491093,19.5833876844929,18.080077054225864,16.72019140792007,15.50892850418952,14.446024160912302,13.527150161107604,12.745123768759585,12.090896401348209,11.554323362891648
1123.9743733842868,24.289862328375058,25.56547290925717,26.89068518971426,28.250095187296306,29.61972129849428,30.96455391283124,32.23652856884589,33.37413758745175,34.305421990703834,34.95581558224699,35.260404496111114,35.17702602305007,34.69484720016999,33.83505897748368,32.6446747937464,31.1871984215225,29.533575228980634,27.755032326942686,25.91801942969802,24.08093733426909,22.292306543090223,20.590100261103718,19.001995952632658,17.546292072957154,16.23323283301677,15.066507278052242,14.04473803229193,13.1628355367982,12.413150891010117,11.786405598668777,11.272406933892311
1121.9566924716705,24.28384644164291,25.55051780864876,26.86227146973106,28.20218333814306,29.544474791611876,30.852210879670352,32.07562306975816,33.15232774829778,34.011104907032866,34.58037906352984,34.80045425696377,34.635653635268085,34.08138962747189,33.16360914692238,31.9321000607399,30.451305667962504,28.79167755862653,27.022911865428775,25.209215203421426,23.40631115731149,21.659863130098643,20.00503489118602,18.46692545230202,17.061610008315526,15.797526663072968,14.676983672488923,13.697617621052297,12.853694576069007,12.137201033564098,11.538712641930367,11.048055141491744
1119.946242580356,24.280059307823016,25.537345886270295,26.834896528563828,28.15421026704752,29.467683813853107,30.73649524086751,31.90932379633503,32.923212650918266,33.70812011272395,34.195934657490106,34.332520001380175,34.0887738571863,33.46620064387262,32.495216446976784,31.22806498197424,29.72982228562667,28.070158413706654,26.316975189368534,24.532012342662956,22.768150104615472,21.068097340558598,19.4641788546355,17.978942260473406,16.626306005560696,15.412990173524934,14.340016756720392,13.404126422216258,12.59902005005415,11.916384750648062,11.346700974034285,10.879849907267129
1117.9429849077696,24.276058491605315,25.521788844894928,26.80267370762937,28.098694385321284,29.380564907165187,30.607842219086304,31.728075737704266,32.67830340882557,33.390275614851,33.799805978149166,33.85841340538615,33.543220141261614,32.86114578093681,31.846290149105354,30.55262985146076,29.045285618011828,27.39270359794518,25.660689733659048,23.90835248013637,22.185695282952008,20.532554363856836,18.978586649960615,17.544016485318775,16.24085896530096,15.074368536882263,14.04451398273093,13.147343451650189,12.376162588444483,11.72249636664223,11.17683797706997,10.729207253222265
1115.9468809284679,24.26402913604737,25.49643967914424,26.75830750974547,28.02802137968208,29.274599319727546,30.456081163761606,31.51916940045908,32.401392034245205,33.03695383832577,33.36627242377049,33.34701619230536,32.962710030797766,32.22555915942506,31.17301112667328,29.86033630113592,28.352224472784314,26.715427883121244,25.01322798740991,23.30174717461805,21.627853828775095,20.028357264943804,18.530188550574966,17.151268636980877,15.901784032900892,14.785630891632083,13.801846202813577,12.945907533726924,12.210838917804269,11.58810348449045,11.068291851582796,10.641631088124143
1113.9578923916674,24.24566144036025,25.463661864248714,26.7054273307739,27.94787218209145,29.158514332785323,30.29416990562139,31.301080778738125,32.11768500275253,32.68096315757299,32.93599068310363,32.846270240429156,32.40110387326574,31.61723723453669,30.534793527535495,29.2098383467111,27.706317752318412,26.08913734149753,24.41903244327574,22.749224022901263,21.123611345688722,19.5761960100303,18.131426310148075,16.805160317457158,15.605973890123574,14.536588195522992,13.595252444597467,12.77697928390981,12.074582880744304,11.479508443337915,10.98246653341929,10.57389849279062
1111.9759813188034,24.2294245061269,25.432285490072754,26.652961517749336,27.866906476391517,29.04021544727318,30.128652788605052,31.07828410742564,31.828830164499145,32.320420595355145,32.50303137016263,32.34601184446287,31.844225634748117,31.018607903022232,29.91157675662158,28.579645125995476,27.08572259610636,25.492638078507344,23.858420323257707,22.233303123126134,20.658203593747757,19.164364304187025,17.773843682626723,16.50055459606519,15.351587340115994,14.328607631915718,13.429182828309521,12.64794915249708,11.977581240231272,11.409559720099796,10.934753574624274,10.543844463800523
1110.00111000111,24.20907137551116,25.395524277275484,26.59359995157281,27.777347566135717,28.911575120391515,29.95123879589652,30.84258419783861,31.52703674457121,31.948250326747036,32.06128841136282,31.841259527194143,31.288256737394484,30.42694451898661,29.301566300831613,27.968672401659298,26.489810683826924,24.92549936906022,23.330919611081057,21.75326722955062,20.230506279916273,18.791211419600174,17.45518240086014,16.234536605784925,15.13502933226692,14.157409989251825,13.298684856072633,12.553213477203101,11.91360992638525,11.371450390016077,10.91780626647845,10.5436302034961
1108.03324099723,24.181613003825856,25.34952840662491,26.52258964009336,27.673544916269474,28.766122114488418,29.754804237639103,30.586471129428173,31.204754646014,31.557243045224116,31.60425098178571,31.326485311380367,30.72883394238101,29.839119257615387,28.702836435369342,27.37607951172355,25.91865493505943,24.38851337626704,22.837851484580735,21.310798479153934,19.842425000889047,18.45875998256569,17.177502297474238,16.009143482868403,14.958267403425284,14.024853274086581,13.205469363080592,12.49429726751045,11.883966363105454,11.366204312889064,10.932324350584253,10.573576418833927
1105.9500110595002,24.144434613108913,25.292133631019755,26.4385149880172,27.55520379525924,28.605117113958336,29.54262382034354,30.31564272443504,30.870360476137407,31.158451126431803,31.145325142317606,30.816825167643437,30.181984942522917,29.27111664739957,28.130406967743006,26.815097311971304,25.383025182493096,23.88949696238784,22.383772653668903,20.9070570228124,19.4917310807271,18.16151152644557,16.932232087821127,15.81297614372446,14.807343464205863,13.914694884996047,13.131277106026285,12.451178338205903,11.867101062309175,11.370960988705646,10.954333692319944,10.60877527381918
1103.996467211305,24.112635567913312,25.239855182972253,26.35942659499148,27.44200594375046,28.44991764375311,29.3376862374381,30.054542296977434,30.549413599972052,30.77805666647295,30.71072759085759,30.33794604308304,29.672343769728826,28.746216314733584,27.606058134536866,26.306020262194426,24.901868474529547,23.446274201452635,21.98565688148595,20.558453393104045,19.19454579737804,17.915539077869404,16.735592568580508,15.662549145859137,14.699162103330112,13.844279855662947,13.093903917451865,12.442080108544763,11.881614628250357,11.40462642236199,11.002957581088888,10.668467173393397
1102.049812651532,24.074539573507103,25.181010781454138,26.273284167231285,27.321062394983297,28.286145220873596,29.123343347151973,29.783380128294198,30.218113277752895,30.38751644679421,30.266725396790886,29.85087053754301,29.15605729104333,28.21643128339941,27.078680852450812,25.795779201290813,24.421357971198187,23.005414942106263,21.591513317593712,20.215327114260287,18.904260195714507,17.677835640614237,16.548570635159216,15.523097042446265,14.603345220041776,13.78766742829226,13.071829030639247,12.449836093508713,11.914595938915546,11.458424100021334,11.073419518001364,10.751732381780245
1099.989000109999,24.028710790146846,25.112351969055172,26.175470084037833,27.187105981398908,28.108919401409246,28.896450397818157,29.50233112407843,29.881606835464822,29.998436988946217,29.832460361928725,29.382759304567006,28.66812608894744,27.7238071842397,26.5960868329372,25.336361644786777,23.995929971794002,22.622090899742567,21.255662791712584,19.929762486931175,18.66957446733156,17.492816137610156,16.41062886381059,15.42867198869751,14.548254278206436,13.767393493239034,13.081742863663512,12.485359745097739,11.971316393266688,11.532167304192567,11.160294460293132,10.848153598539373
1098.0564401010213,23.983688807342165,25.043275612750968,26.07603663773857,27.050518229532447,27.928471187203353,28.6664366672789,29.219210644975036,29.54518004964466,29.6126668644009,29.40558945422531,28.926609186215696,28.19677856734757,27.252055050659497,26.138019711683928,24.904301892718593,23.599779628224923,22.269054506161385,20.950269163854472,19.674098055451886,18.463645147036107,17.33496658288824,16.2979640749042,15.357443771034802,14.514191381912717,13.765967474591353,13.10837102159329,12.535552063905218,12.040776002583415,11.616854459293771,11.256463280316416,10.952369413769802
1096.0105217010082,23.93061713478203,24.966719404470137,25.9698666689413,26.908204547791165,27.74369005159181,28.433977808277046,28.936093683576,29.211735928304776,29.233234249197462,28.98852786655219,28.48356077539984,27.74138854060546,26.79851156640977,25.69974019165221,24.492954285679605,23.22469023787489,21.93696780328062,20.66538632083939,19.438310780650855,18.276885815796543,17.195607750568083,16.203216455115303,15.303718676043633,14.497408948938297,13.781804136237263,13.152448070349894,12.603572094770405,12.128616233102177,11.720626275001864,11.372546590505612,11.077429097821353
1093.972213105787,23.873641595005964,24.884404070797846,25.85631836679809,26.75738853406276,27.550091708421128,28.19351742506153,28.647169008040816,28.87613451372226,28.856595143092484,28.580125634943762,28.05541956632949,27.306972448245915,26.371337092521767,25.292194863958194,24.115467901268488,22.885282110785877,21.64112041650282,20.41616595799642,19.23665131857295,18.121960280990614,17.08522684661888,16.134210234453427,15.27227405318692,14.4993498075477,13.81281130684981,13.208223316981917,12.67995395853419,12.221656941933343,11.826638756934104,11.488129600806204,11.19947707589603
1091.9414719371043,23.817068856457077,24.801756915944317,25.74170679240694,26.604909265014438,27.354528391501084,27.951266897623917,28.357247862679532,28.54100217734256,28.482494392067185,28.17675632459818,27.63499187978487,26.88289718414681,25.956882998613278,24.899372041814665,23.754264481329592,22.563267492076104,21.36336147360901,20.185375780473706,19.053487382921634,17.985398740394405,16.992955166458884,16.08299766037225,15.258295590114408,14.518452724980856,13.860722887401343,13.28070470280926,12.772908129054748,12.331199886805004,11.94914256981903,11.620245138541156,11.338142446818242
1090.037061260083,23.752263334658668,24.710943937912603,25.619371623368885,26.4456900040927,27.153918292226734,27.706497472436755,28.06819472498004,28.210861103768895,28.11796949645411,27.787630393174098,27.23316086786076,26.481123574263805,25.56756541310434,24.53355199511405,23.42097098363399,22.269200820956964,21.11286038044005,19.980590566794604,18.894680878880667,17.87130789223452,16.921161458010136,16.05027109622567,15.260891932095396,14.552355638656977,13.921831117886363,13.364969585121653,12.87642928914256,12.450287674313403,12.080355288208553,11.760408054054956,11.484354247003669
1088.020890001088,23.687188558245122,24.619254249319514,25.4960333645929,26.28604776126654,26.954393054923475,27.465408555718657,27.78653693622739,27.892801651169233,27.77085441176324,27.421429548839008,26.859471357613362,26.11198429069418,25.21434778500911,24.206107872946944,23.127107949461113,22.01446959860413,20.900592856878497,19.812111928491795,18.769622817445686,17.787962348953208,16.876830237040572,16.041582427345997,15.284068637025209,14.603429934935182,13.996808109429159,13.459945541497245,12.98767259025241,12.574290521877582,12.213863589536562,11.900435740079713,11.628187012226386
1086.0121633362294,23.61833252206511,24.52464638976785,25.370843444465038,26.125882485747177,26.755980092426867,27.22737839624973,27.51013488923731,27.582310538480403,27.433545829322618,27.06699772788384,26.49907488454545,25.757132109561788,24.875868748229607,23.893364439826886,22.847515120014513,21.7733035044665,20.701031622096863,19.65543757331321,18.65551618521224,17.714834815630336,16.842150887603125,16.042174112989976,15.31635891435565,14.663652438509896,14.081156323436238,13.564684626680174,13.109216534346023,12.709252085453608,12.359083885843836,12.052999244651003,11.785426631956556
1084.0108401084012,23.54576530020841,24.425087026277236,25.23961382876229,25.95890631697221,26.550477683448204,26.982620596288513,27.228081322879042,27.267924402267564,27.09463359205049,26.713562889494717,26.142331887566144,25.40841507951672,24.54565683934477,23.590563751512917,22.579042686049757,21.543948997041277,20.51353592929779,19.510717031218842,18.552966539141533,17.652661841500112,16.817689800203038,16.05217428976021,15.357222375934287,14.731623299098976,14.172464130429374,13.67564765017806,13.236312307520537,12.849162482919525,12.508721291663871,12.209519292564899,11.946231852413348
1082.0168794633196,23.46665055963197,24.319804029573692,25.104048090878102,25.78966797429899,26.345549064807656,26.74202058819984,26.95438105633155,26.96643579388658,26.773159374183532,26.38172836952154,25.810649473187986,25.0872949893062,24.244553076811588,23.317367113139895,22.339750032853175,21.342579341395602,20.35223462477567,19.389982532308778,18.471940634173166,17.609436842357315,16.809600304501394,16.07605411871388,15.409617766266097,14.80896095795659,14.271177531074427,13.792267466766422,13.367527778457173,12.991860331040511,12.66000807871807,12.366732076499511,12.10694096273885
1080.0302408467437,23.388536534315556,24.214347221575498,24.967470279202644,25.619104268685433,26.13968143458038,26.50168382532972,26.68297747112031,26.670000861426917,26.46000097820242,26.061691285484144,25.49416978641698,24.784450586232087,23.964279588292243,23.066930154145187,22.124487480801182,21.165875560902258,20.215664848841698,19.293562534225607,18.414425432399025,17.58862570634573,16.822619507840134,16.119601345293756,15.480161750636862,14.902896637647164,14.384941035969268,13.922417244802672,13.510798680036126,13.145197095132891,12.82058380558124,12.531956229732648,12.274460401717121
1078.0508840017249,23.308736876548355,24.108522722543004,24.83203404479794,25.45138326173984,25.938515336370948,26.267982539631742,26.420085178181292,26.383727785478793,26.158262909887654,25.753813557560893,25.190009355079038,24.493521805277272,23.695033922073442,22.82626998694022,21.91752603459357,20.99590880823553,20.084299792696818,19.20094307896137,18.359504579658935,17.56944493739723,16.83656904322789,16.16364629460425,15.55102798487524,14.997216348776941,14.499361687303901,14.053679478425876,13.65578928953053,13.300982884179113,12.984431415892288,12.701342101620375,12.44707409650514
1075.9629868732516,23.22877834553725,24.0022631531973,24.696373056348623,25.284273615246036,25.73951647472628,26.038735436800305,26.16456834567778,26.10818191320333,25.870755111002374,25.463518761368057,24.90636402720177,24.2254200941429,23.450194056972556,22.610831393004673,21.73587678501541,20.8507042196429,19.976616737734073,19.130514492599094,18.324987442240438,17.56868724581017,16.8668534942266,16.221898774124455,15.633986770366718,15.10156317828081,14.621818905112837,14.19107886066982,13.80511841162144,13.45941446175646,13.149340267502177,12.870313474175875,12.61790620576996
1073.998496402105,23.139637160654992,23.886302450259283,24.550896972325106,25.107761003680203,25.532134875763642,25.802746020609096,25.904493533851877,25.83064575767995,25.583991612161036,25.17663992321685,24.628541383319998,23.96513610807632,23.214673716531998,22.405700181314003,21.56503634116546,20.71638360964677,19.879544661580166,19.07015958067177,18.29982328643571,17.576450939126495,16.904778131691817,16.286910031040374,15.72286078651329,15.211047633190793,14.748721787060543,14.332330536452362,13.957812697677857,13.620833892468184,13.316969958172205,13.041847088635595,12.791246686278251
1072.041166380789,23.050927792857063,23.772198901687197,24.409077101647018,24.937078107876165,25.333075232277796,25.57776634395954,25.658127132165813,25.56930800561683,25.315494193597534,24.909505863002146,24.37126082442685,23.72549894509525,22.999271566344323,22.219633577531038,21.411815961106228,20.597986304115405,19.796575004820127,19.02206995867102,18.285154326686165,17.593064992987557,16.950068888081965,16.35797984013634,15.816663481256725,15.324498672172139,14.878779790808412,14.476055219108389,14.112404247990474,13.783658391256052,13.485574698208872,13.213968865117334,12.96481536075966
1069.9764605178686,22.9601450491933,23.657018085722484,24.267644025582882,24.768753172678036,25.13883331179271,25.360461251962096,25.422525952712327,25.32184639332045,25.063777517390683,24.66165119995375,24.135209791464625,23.5084205714033,22.807131488848864,22.056954732586128,21.281615221566966,20.50184830069686,19.734817032277952,18.993955159627177,18.2891190216554,17.626936248522597,17.011257887515722,16.44364424398794,15.923837436899289,15.450192619125628,15.020054091650481,14.6300723647055,14.276464340001498,13.955222115675582,13.662277304502677,13.393627911908858,13.145434275862636
1068.0337498664958,22.870459946943573,23.54214305162471,24.125909236581112,24.599778864057182,24.943901959599817,25.14273871575435,25.187046689480667,25.07522752967114,24.81369809235537,24.41619562612316,23.902201396481853,23.294855558949376,22.61878053818088,21.89815104399201,21.15521044432084,20.409297214233195,19.676346091859944,18.96877399325138,18.29564272319518,17.662996274555127,17.074288423627277,16.53083809114992,16.03227055767051,15.576919676854285,15.162179001097467,14.784798474721892,14.44112876814086,14.12731825147347,13.839468809214013,13.573756811402946,13.326525057332155
1065.9844366272253,22.775223419513903,23.422371065590998,23.980285119514377,24.428290446528248,24.748164140376563,24.926157881991532,24.95475660388597,24.833776433460415,24.570531870174175,24.179034236649233,23.678423812923793,23.090989698094017,22.440153797555162,21.748713675991798,21.037511559739173,20.324576009855363,19.624696758820328,18.94934705896672,18.306853903659672,17.702723114425215,17.140043246161106,16.61991225144987,16.141849533666484,15.704171351587364,15.304318951797892,14.939136578130597,14.605101300782868,14.298509177605238,14.015623301433543,13.752789367736922,13.506523942148094
1064.0561821664185,22.67817505273016,23.302107198693246,23.835971610597248,24.260387388031262,24.558684768829913,24.71876631190586,24.734650742634862,24.60735123114505,24.344874979739142,23.96134723368429,23.475471393398088,22.908657730571143,22.28315904908181,21.620470159357644,20.940131410630766,20.25896937750432,19.59073296855752,18.94604406837058,18.332570979575404,17.75534002461471,17.217116574905507,16.718805081940666,16.259834619118003,15.838510247643047,15.452320748693198,15.098200203852643,14.772745169535241,14.47239146625959,14.19355551777337,13.932745238789082,13.686645066099183
1062.0220900594732,22.583276938378674,23.183692901398366,23.693391534614452,24.094321148121338,24.371369612235288,24.514058607230787,24.51787640626949,24.38494951305388,24.12389256767509,23.748874473587012,23.278116896513637,22.732134620833012,22.132019506995547,21.497989803036475,20.848320586492207,20.198676707220123,19.56180506955397,18.947510274821152,18.362829574640102,17.812330483954515,17.298469239065202,16.821964963216757,16.382159665084764,15.977346557526362,15.605058301677497,15.262312943383817,14.945819079544552,14.652143793429248,14.37784769453692,14.119591447942028,13.874217822904251
1059.99576001696,22.488078408931298,23.066244785467727,23.55345098214129,23.932944563301355,24.19108597274391,24.31887876896082,24.313107912906396,24.17683171200813,23.91911154943901,23.554043478725447,23.099306742844373,22.574515027266113,21.999638788429944,21.393689960059195,20.77376446844984,20.154454861556143,19.54758963867438,18.9622283085512,18.40483529213337,17.879563242799808,17.38859011098418,16.932469442819855,16.510467155551808,16.12086911236495,15.76125196051879,15.428715181390157,15.120075646880197,14.832027746629365,14.561272852693195,14.304621934422943,14.059074833950122
1057.9771476936098,22.390668538197854,22.946929353593646,23.412321224339138,23.771385158108874,24.01190290253715,24.126264523507125,24.112424714894193,23.974235979438895,23.721081292705495,23.366889704645867,22.92874461459981,22.425346342805625,21.87556627637193,21.29725684986344,20.70639546688338,20.116567575601838,19.538746144007092,18.98130169875039,18.450172885802225,17.949134834765285,17.480115260553653,17.04352195717921,16.63855769147298,16.26350841383239,15.91599796288968,15.593207320508967,15.292059443962915,15.009372271135105,14.741983119057087,14.486847746069293,14.241117099792948
1055.9662090813094,22.290843114427076,22.825531245122267,23.269530477595936,23.608657472238587,23.83207734446176,23.933513256916722,23.912031229810758,23.772227856182504,23.52377753007533,23.180438280733387,22.75871933496761,22.276449112005498,21.751452521996725,21.200477430112066,20.638432850183793,20.07793774372724,19.529138301881822,18.999732553039635,18.495138497255667,18.01874919491904,17.572229905811493,17.155824793435848,16.768651787691695,16.4089730335633,16.07443479606498,15.762275002507915,15.46949921378788,15.193027186260508,14.92981272685716,14.676939589626123,14.431695960237542
1053.9629005059023,22.190918955102667,22.70591059868774,23.13090769812689,23.452931329980185,23.662397926052662,23.754181535228454,23.728249948284752,23.589736641754666,23.34843123375578,23.017796046336663,22.613701652760426,22.153097686860647,21.652802699415457,21.128532727921094,20.594219192507516,20.061610979769334,19.540120283063622,19.03685584160019,18.556785589417657,18.1029776164773,17.67687900190251,17.278603283878095,16.90720726864199,16.560945779175555,16.237498689237732,15.934168423582411,15.648048422834947,15.376164287175438,15.115589799289678,14.86354008550864,14.617444028932493
1051.967178624027,22.088636214874732,22.583663257640865,22.989590056934105,23.294645807833316,23.490475030561083,23.573055324071163,23.543193643052064,23.406494741290967,23.1728067494944,22.855256731666824,22.46905742203899,22.030279482732325,21.5547496151118,21.05717581985008,20.550539860623964,20.045748552359925,19.551505378090287,19.074350782227853,18.618818705629593,18.187663445506313,17.78212060157232,17.402175920901037,17.046824716718188,16.714311554215204,16.402344985855184,16.108285505669027,15.829306931989775,15.562532495938713,15.305147345188203,15.05448924156652,14.808119139116807
1049.9790004199917,21.98816480812998,22.463410025011978,22.8506392070353,23.13926344901742,23.32210180499025,23.396161469175887,23.363006591716346,23.228637625124136,23.00290429790838,22.698567265843096,22.330177076018096,21.91294394637439,21.46173737304518,20.99030063222961,20.510711214759983,20.033076361843335,19.565427315423634,19.113765128823268,18.682210778238353,18.273218433054048,17.88781949483259,17.525873997221552,17.18631383326598,16.867368487362405,16.566768437266436,16.28192436650577,16.010082110850604,15.748454192764445,15.494329179265009,15.245160178082116,14.998633746792983
1047.998323202683,21.890470690033165,22.34826306558601,22.719401677211174,22.994366338858,23.167003824984103,23.23518737015316,23.20107996770616,23.070946205679938,22.854548516791986,22.564241895588204,22.213922968591742,21.81798834801632,21.39042330184927,20.94409269493312,20.49025838126623,20.03831082258489,19.59568083347805,19.16788842741857,18.758686064546033,18.370259282415493,18.003455596612675,17.65802059946913,17.33282720214958,17.026089481644135,16.735556567093898,16.458684622606732,16.192786548918026,15.935159842131258,15.683193392003343,15.434454100099778,15.186754215079025
1046.0251046025105,21.789427330423624,22.228789880368097,22.583046924038,22.843768904081763,23.00583120284983,23.067954865714636,23.032870185366875,22.90706878678709,22.700190494647448,22.42415625452379,22.09218959525992,21.71786336934134,21.314275737661383,20.89341518925331,20.465732611166395,20.039907159287917,19.622774225299583,19.219376552434994,18.83310024168694,18.46586262391546,18.118326054350995,17.79011881874631,17.480050531689734,17.186314253898814,16.90667102881664,16.638614817132783,16.379517156323786,16.126751570881144,15.877798060729463,15.6303281061005,15.382270696727428
1043.950307965341,21.68932805918663,22.11191786354294,22.45101872733507,22.699196993652826,22.852249742808304,22.90964110246878,22.874581550953952,22.753732840583243,22.55659220216204,22.29466327573144,21.980543887323062,21.627051550436704,21.24647617738278,20.85000966401023,20.44736535942981,20.046573493620592,19.653923035745972,19.274014609452088,18.909890069512986,18.563209187889022,18.23445026870383,17.923117861436214,17.627946216867144,17.3470913898612,17.078307922713357,16.819108008554295,16.566902180303885,16.319121154757468,16.073318717721538,15.827255655032276,15.578964853088955
1041.9922892570596,21.595425302585767,22.001813713854666,22.32649110689936,22.562972520313682,22.70791070924457,22.761437107155288,22.727168172317253,22.611873836027044,22.424866552046513,22.177213277368615,21.880888318259785,21.54797329729285,21.189980853175395,20.817343021849627,20.439073238402436,20.06258777945032,19.693659333118845,19.336470702837804,18.993737822861632,18.66687571202988,18.356186697560734,18.061055868545896,17.780143537939857,17.51156821412665,17.253076205262587,17.002195656804254,16.756373780443564,16.513096510029253,16.2699900349678,16.024903791334722,15.775974661579497
1040.0416016640665,21.494298364149266,21.88561183662778,22.1972924191714,22.423727863047848,22.562325531023177,22.61377044998684,22.581973526102058,22.47371728833167,22.298059591400605,22.065591040918115,21.787652078854723,21.475602730989237,21.140210574467293,20.791190812796973,20.43690448499292,20.08420098140007,19.73837992468341,19.4032436696036,19.081212897651447,18.773481799438812,18.480194403136412,18.200628568203385,17.933378387740643,17.67652898246947,17.42781992683188,17.184794966895733,16.944936479319544,16.70578350343898,16.46503235938294,16.220619010647944,15.970782556318872
1037.9904504878555,21.398508782918274,21.775601926772577,22.075163179318015,22.29239455398804,22.42539562267349,22.475347938783063,22.446413891018395,22.345365848141327,22.181006687265704,21.963470871410355,21.70350102854967,21.411781280954173,21.09838325821625,20.77235262488634,20.4414397239258,20.111960918669627,19.788767850163595,19.47529878042243,19.173687457318056,18.884908574876416,18.60894340422241,18.344953539008046,18.091454388891776,17.84648285422343,17.607755533010497,17.372814983145435,17.139162184851678,16.904373631464374,16.666201616545052,16.42265644113101,16.172069545828784
1035.947373873407,21.301723058588447,21.665078118271566,21.953196606304704,22.16204276171401,22.290340944140983,22.339695414535214,22.3144496994043,22.221307653434895,22.0687763347516,21.86651266576359,21.624658255301725,21.353232907232876,21.06163430370092,20.758266619958842,20.45029987767758,20.143547313118933,19.84244015836414,19.550076792009904,19.268324459319373,18.997955017352165,18.73880012733949,18.48991513463997,18.24974407374837,18.016280630455228,17.787221497684214,17.5601095032888,17.3324643520632,17.10189901173557,16.866219872095588,16.623508971249844,16.37218691652747
1034.0192327577295,21.20131850799272,21.55152903797049,21.828944671826335,22.0302388101326,22.154698357016727,22.2042874797557,22.183475970142602,22.098858707484883,21.95862422143028,21.771946984029928,21.548377905178317,21.29729392610789,21.027446847486473,20.746629898858117,20.461462526242393,20.177281514464003,19.898119953512673,19.626753609316975,19.36479545050557,19.1128219747935,18.87051845304724,18.636833523991342,18.410136318766035,18.188371315402005,17.96920743382238,17.750178602756588,17.52881333700774,17.30275095129882,17.069842089575832,16.828231416903446,16.576420704355073
1031.9917440660477,21.109323188358584,21.44706223031917,21.714391325858006,21.90863853295033,22.029602460252445,22.07956751635667,22.063107090306726,21.986704287175,21.85824571165675,21.686456086894854,21.480339362890263,21.248678804404797,20.999629854934845,20.74042065375233,20.477159577142256,20.21473868729477,19.9568164671701,19.705861706486573,19.463241560988426,19.229339393103338,19.00369105345016,18.78513113867359,18.5719431072724,18.362008816845943,18.15295408197223,17.942287357729082,17.727528800165775,17.50632693305458,17.276560143688485,17.03642039069218,16.78447693218675
1029.97219075085,21.018204024879974,21.344737686961828,21.60340262292916,21.792104216023308,21.911068023192154,21.96281623016203,21.951954566206854,21.88480074351489,21.768906518437486,21.612534352455,21.42414625787347,21.211950003041768,20.983531200300703,20.745583337024645,20.503734496481385,20.262460600646094,20.02507038966102,19.793746152881493,19.5696253012964,19.35291015196071,19.142995950313257,18.938609629490173,18.7379537869279,18.538851730265183,18.338890227390714,18.135556901823882,17.926369211463694,17.708991826471795,17.48133916591036,17.24166001591321,16.988601632166237
1027.9605263157894,20.925986707437144,21.241996938619064,21.492679914931134,21.67646740932247,21.793964098248193,21.847891711574167,21.842864559801402,21.785028049996637,21.681608702916076,21.540430305440065,21.36944657203337,21.17632910364592,20.968134645996546,20.751061351407824,20.53029233870696,20.30991728860513,20.092918959178544,19.881210577188043,19.675711066457705,19.47644709303682,19.282673219006075,19.093003577610638,18.905550139049076,18.718063725172993,18.528074474460627,18.333028565521484,18.130417843654833,17.91789875333048,17.693396850804625,17.45519331511861,17.201990393675615
1025.9567046270647,20.835733690444588,21.142093322044186,21.385711624190225,21.56549005375113,21.682356622602097,21.739184304312182,21.740560273546052,21.692437278295735,21.601711859756357,21.47577809522213,21.322100779699557,21.14784128835086,20.95955630660684,20.762977238312242,20.562868344471255,20.362955267249877,20.16591238253289,19.97339671160336,19.7861170533635,19.603928778161617,19.42594672877483,19.250670478557726,19.076117559050534,18.899961096923743,18.719668615811415,18.53263867032017,18.336331653608585,18.12839075419674,17.906748831659677,17.669717103500172,17.416052093620245
1023.9606799098915,20.749156634307845,21.045555736631748,21.281810635142065,21.45727264283936,21.57317459314837,21.63252700508214,21.639883497457493,21.601006004495652,21.52247070188994,21.41125770873138,21.27436255293515,21.118457620189076,20.949620347814378,20.773134287188388,20.59336088707463,20.413674497317768,20.236450465452574,20.063095691733025,19.89411188394991,19.729183328724293,19.56728273099456,19.40679019630314,19.245621525889085,19.08136257909864,18.911406554198166,18.73309075373718,18.543828902129,18.34123457587794,18.12323100212694,17.88814256096644,17.634763907851323
1021.9724067450179,20.66205115926616,20.949984177083234,21.180364557361813,21.35292061929823,21.469123253475903,21.532066524945357,21.54623387920601,21.517179147271957,21.45115948090099,21.354758223457633,21.234530605412957,21.096696313389852,20.946892954569652,20.78999528984117,20.62999807820674,20.469955876367727,20.311970976381858,20.157220309765126,20.00601296198569,19.857871335761196,19.71163050351361,19.5655515687255,19.417445717359872,19.26480600608209,19.10494382562976,18.93512650059367,18.75271181240473,18.55527457501628,18.340719979068005,18.107378449175258,17.854077360097133
1019.9918400652795,20.57674280948638,20.85682753051629,21.082095659360615,21.25259943938417,21.36999126245267,21.437394326610892,21.459174330640643,21.44063942832283,21.387701601613323,21.306532583964096,21.203242548386378,21.08360193657639,20.952818154882383,20.815371079077106,20.674905379959252,20.53417391869105,20.39502468249601,20.25842348227473,20.124505370939467,19.992648956863768,19.86156906974533,19.729424292251284,19.59393652054182,19.452519885121124,19.302416069242714,19.140832407788558,18.965078308403598,18.77269473206136,18.561570943608725,18.330042710869876,18.076966738185874
1018.0189351521939,20.498869857836045,20.772481273704084,20.993816998203727,21.163203115504945,21.282439654194082,21.354664507848657,21.384131312940042,21.37592660060922,21.335655941456714,21.2691281397358,21.182061853419178,21.07983203322244,20.967266056746677,20.84849276194382,20.72684255082248,20.60479357540477,20.48395756231062,20.365098683577106,20.24817956964657,20.13242964289173,20.01643206223548,19.898226444195874,19.775424994327814,19.645339670997732,19.505117526112723,19.351880525911717,19.182865127503145,18.995555910435506,18.787806899746478,18.55794410856582,18.304843439471263
1015.9504216194249,20.411873711764848,20.67901330051764,20.896562883326755,21.065089270921224,21.186504744121283,21.26392787158653,21.301470487672983,21.303973928636108,21.276720760645087,21.2251471485398,21.15457668637434,21.06999039942134,20.975841191728776,20.875915369108206,20.773239645959205,20.67002942238448,20.567672941825855,20.466745870384237,20.3670514755584,20.26768254085921,20.167102111314996,20.063240879485846,19.95360933146238,19.83542260071939,19.70573533383166,19.5615828527237,19.400123684085774,19.21877736689271,19.01535062767629,18.788144798320452,18.53603793319613
1013.993104846887,20.33481603292166,20.596759005310943,20.811686093894814,20.980356670418114,21.104757998631886,21.18796574127187,21.233941000784903,21.247284823035944,21.232973280462872,21.19609492602787,21.141608460372247,21.07413312120042,20.997778791671298,20.916018040983328,20.83159876182562,20.746493890341185,20.6618837483802,20.578166545298412,20.494993172030657,20.41132327851751,20.325500458045344,20.235344942678065,20.13826238662404,20.031366998617255,19.911616482713068,19.775955052087358,19.621459376775178,19.445480976799928,19.245777585049318,19.02062567768135,18.768906922639733
1012.0433154539014,20.26001711832729,20.516496919864466,20.728503160012,20.896972168331505,21.02395566132382,21.11248226811879,21.166364997066903,21.189973467380927,21.18799113992811,21.16517629867839,21.126141957011185,21.075165235032806,21.016032063277322,20.951919046175124,20.885311366925716,20.817953833104124,20.750831428577644,20.684175804514467,20.617494713918443,20.549622177389857,20.47878790328968,20.402704962211452,20.318674780181347,20.22370808091482,20.114659467841573,19.988371976942364,19.841826336277016,19.67228811226446,19.47744473895142,19.25552394650965,19.00538558305408
1009.9989900010099,20.186820905128233,20.438538404758784,20.648203303264573,20.816905289729128,20.946747658989686,21.04071088995813,21.102470193626242,21.136183931787826,21.14627062147655,21.137190673425494,21.11324577760909,21.078404825976477,21.0361612639931,20.98942337987483,20.940436591994843,20.890735352780958,20.841121743651794,20.791667977014065,20.741740591254914,20.690044864303236,20.634688644254425,20.573265201039337,20.50295468655011,20.420643256350175,20.32305783465968,20.206912971425997,20.06906442980485,19.90666234262734,19.71729534962455,19.499116447480922,19.250941652085967
1007.9629069650238,20.11302229031083,20.3614615446998,20.570268793523002,20.74063351029737,20.87466362022508,20.975253937979666,21.045915313091704,21.09057945406965,21.113394828562054,21.11852751318514,21.10997801046724,21.091421596103046,21.066076373159927,21.036600371815652,21.005017001339628,20.972666991923653,20.940184566088497,20.90749577172489,20.873837469418987,20.837796165770868,20.797366504071597,20.750029570326017,20.692851088318076,20.62259895589236,20.53587838286366,20.42928119394802,20.29954384015774,20.143706620623284,19.95926494591579,19.744302591429694,19.49759714312978
1006.036217303823,20.045873798349874,20.290869979320703,20.498662851893265,20.670521936968157,20.808542648026823,20.91552080089879,20.994793960881946,21.050062718788666,21.08520511936644,21.104096026340653,21.110440723354408,21.107629122434517,21.09861411973531,21.085815288504016,21.071047438161056,21.055472640986395,21.039574058350137,21.023150135341503,21.00532828635046,20.98459786215105,20.958862771615518,20.925514442214507,20.88152568222799,20.823565336557124,20.748132358015518,20.65170609602361,20.530907407781235,20.382662928698434,20.204362913181193,19.994001931293408,19.750291779895143
1004.016064257028,19.978142636445444,20.221412912438144,20.429768932936852,20.60452300243681,20.74773297066016,20.862083619513765,20.950739686578142,21.017181958736074,21.0650378329805,21.0979164274591,21.119256178566353,21.132190377087007,21.139433718577447,21.14319098643292,21.14508762103794,21.14612119388084,21.146632640166967,21.14629638034123,21.144129016062013,21.138516938091662,21.127263745516935,21.107658665038084,21.076567009365906,21.03054299437038,20.96596387932429,20.879182436829574,20.76669236459071,20.625298733540035,20.45228336772329,20.245553674812008,20.00376334739882
1002.0040080160321,19.91352308426373,20.154275669290566,20.362357974536785,20.539131767706138,20.686628012641325,20.80743471031421,20.90456079321773,20.98128600689094,21.041006527545385,21.087084856300308,21.122710673358316,21.15077723803593,21.17377594016094,21.19371000044246,21.21202722047335,21.229571129329006,21.246549813433088,21.26252204348869,21.2764008858081,21.28647564329899,21.290453539313237,21.285522856254666,21.26843909754835,21.235635010404987,21.183353900188674,21.107803596250687,21.00532584405089,20.872573112873415,20.706682287712148,20.505433010823364,20.267378075776616
1000.0,19.85137094922382,20.09151279733179,20.30116439333598,20.48168905786458,20.635051061181905,20.7637113024092,20.870502467621794,20.958492212639534,21.030842682677363,21.090673623397457,21.14093476652699,21.184291421376894,21.22302556248821,21.258953383263005,21.293359402435875,21.326946795365547,21.35980363779541,21.391385109050525,21.420512283567515,21.445388798737596,21.463637259230342,21.472357546374504,21.46820906688823,21.447518238117993,21.40641105928165,21.340968449769647,21.24739928094388,21.12222299937537,20.962450922795256,20.7657532829523,20.530598478320368
998.0039920159683,19.790705393691635,20.02895506726602,20.238813251867565,20.42166588234108,20.579435872580067,20.714485505848167,20.82950152391359,20.927370252778942,21.011049806155075,21.08344545847241,21.14729293565346,21.205052905860253,21.258818599650482,21.310237419853927,21.360446712199707,21.41002358582527,21.458948769959903,21.506584898616182,21.5516702261428,21.59232946355767,21.626104035393805,21.650004415496365,21.660587122364934,21.65405826319266,21.62640407686134,21.57354669824074,21.491520455316326,21.376660714914234,21.225794109831945,21.03641655401635,20.80684444762872
996.0159362549801,19.73107423744715,19.969608594941842,20.181795243853575,20.368994153352837,20.533045850429726,20.676181677553643,20.80091912443724,20.909948466479673,21.006016656320863,21.09181360722162,21.16986488849416,21.24243364433362,21.311433440357167,21.378352878376745,21.444192282480085,21.509412576381948,21.573896624823284,21.63692374471732,21.697158717752725,21.752657339599438,21.80089117763535,21.83879460801503,21.862837172975095,21.869123648925548,21.8535227883563,21.811823424348976,21.739913585358558,21.633974743399264,21.49067981700195,21.307380754554202,21.082270167545136
994.0357852882704,19.677691381651794,19.916218459140985,20.1303791328405,20.3215095543151,20.49137383389731,20.642081623135404,20.77599290127425,20.895615223648534,21.00349841294688,21.10213098576969,21.193841678159057,21.280708442789756,21.364476393290147,21.44648548453392,21.527608313152303,21.608198327786177,21.68804894345376,21.766364515969162,21.841744778111643,21.912185066900392,21.97509534658517,22.02734148760258,22.065312302826094,22.085015263652497,22.08220243918118,22.052525920579665,21.99171885595869,21.89579448756512,21.761251756751097,21.58527283803643,21.365896184455128
991.9650828290844,19.62437612074557,19.863720111331535,20.08054502017455,20.276152027353376,20.452225079047835,20.61075535843001,20.75395461025453,20.884161754503765,21.003746970743595,21.115016853379906,21.220123468466536,21.320979329955804,21.4191795855594,21.515932157973175,21.6119962891509,21.707629911963487,21.80254652183869,21.895882709069603,21.98617818045532,22.071370856197692,22.148810348975033,22.21529365316271,22.26712699430309,22.300217293158404,22.310195380114457,22.29257081984513,22.24291498323018,22.157065064331807,22.03133758298606,21.862736283297604,21.64913710864761
990.0009900009899,19.57548420962783,19.815478011148087,20.0347186547168,20.234475015484406,20.41635766507754,20.582249646495207,20.734227538541013,20.874476534218896,21.0052030240041,21.128547682106138,21.246501415761706,21.360825872300687,21.472979611880067,21.58405062833409,21.694695692455507,21.80508702988124,21.914867132552516,22.02311301649628,22.128311931056338,22.228351316519923,22.320526582042255,22.401570874922253,22.4677112341369,22.514755134018596,22.53821019854816,22.53343763238598,22.495836639353257,22.421052975794982,22.30520029673341,22.14507886344142,21.938373434844507
988.0446596186146,19.52767604002792,19.769901083772655,19.993063140186365,20.198373766602,20.387350522915145,20.561754202661152,20.723517401472094,20.87466752282375,21.01724712538754,21.153234113511434,21.284463754305957,21.412553967671457,21.538834867189337,21.66428320144646,21.789462208078135,21.914467476398336,22.038879727664433,22.161725951739,22.281451047287284,22.395902931126344,22.502334903696774,22.597429728384903,22.677350200360795,22.737820704255235,22.774243138377138,22.781848412204727,22.755881429588825,22.691813205118525,22.58556898326565,22.433756716555322,22.233877010833584
985.9988168014198,19.4830085862088,19.726882614753723,19.953345198019147,20.163556169600316,20.358947739851125,20.54116771272918,20.712015026739518,20.8733701695457,21.027122849018976,21.175098973762562,21.31898857727135,21.460275889754865,21.600172392843586,21.739553445946544,21.878898995180503,22.018238996797223,22.157104520409433,22.29448603806063,22.428801125672795,22.557874646377698,22.678935354378083,22.788633608311958,22.883085315528927,22.95794709580051,23.008526684729862,23.029930554772942,23.017247492525552,22.965762532632073,22.87119062491384,22.729914467977682,22.539207122346003
983.9614287119946,19.44023265954814,19.686016724511724,19.91595638132604,20.13115936441353,20.332975937051746,20.52294752147496,20.70274846518548,20.874123028393942,21.038819536494977,21.1985233723907,21.354790145721882,21.508980033108955,21.662193995842387,21.81521240185586,21.968436549611223,22.12183374325487,22.27488691850949,22.426550369068693,22.575213855101207,22.71867824180249,22.85414673073316,22.978236573501658,23.087016701118227,23.17607671139569,23.24063184439167,23.27566667114483,23.276117053722448,23.23708554725539,23.154080172612744,23.023261139114435,22.841675716512388
982.0288716488265,19.399755752468064,19.648885845994798,19.883595429560692,20.10492737076148,20.314142817773565,20.512674908120264,20.702076166736838,20.883961295065166,21.059946941378048,21.231589827955617,21.400324341061012,21.567400417182977,21.733822335079214,21.90028889443008,22.06713546805904,22.234278586859926,22.40116407579788,22.56672031349106,22.72931892629632,22.886746112877596,23.036188750786707,23.17424033494978,23.29693244918812,23.399797622140046,23.47796876758509,23.526318655862404,23.539639791985053,23.51286067299479,23.441288974244465,23.320866491502485,23.14841574178014
980.0078400627204,19.361556232426764,19.613542189577384,19.852503845525668,20.079427654566352,20.295495517992606,20.502043088519,20.700512304735373,20.892399523135275,21.07920052448127,21.262353498824034,21.4431808980697,21.62283082962892,21.802218492913113,21.981968073451,22.16235554415859,22.343253011148114,22.524075606324555,22.70373248420025,22.880584222947363,23.05240983172321,23.216387562461865,23.36909469758214,23.506532253280724,23.62418084833892,23.717093528884874,23.78002978138288,23.807632044678247,23.79464166774569,23.73614569697212,23.627839789030354,23.466287037307
977.9951100244499,19.327821324796712,19.583776624388218,19.82803563523764,20.06151441568694,20.285304264597777,20.50063445932485,20.708829626702077,20.91126282712012,21.109305364368332,21.304274201505997,21.497377696544856,21.689660206566636,21.881945982139218,22.074782722134113,22.268385216877498,22.462579706206252,22.656749944434782,22.84978651393647,23.040041666264333,23.225292874570737,23.402719297890986,23.568896379920535,23.719814659295256,23.850929307025662,23.95724661377523,24.0334522778051,24.074083592186746,24.07374336279254,24.027347786080206,23.930394196538806,23.779228644566086
975.9906304899472,19.294573667214983,19.553841113907524,19.802648691591866,20.041857627978356,20.272486671188627,20.495678595943648,20.712661735159465,20.924707380968936,21.133083845226977,21.339007863930608,21.543593897775228,21.747801751723323,21.952382841827138,22.157825410342795,22.364299062814577,22.571599204268573,22.779092313719968,22.98566353831167,23.189668820111685,23.388894678672898,23.58052981613166,23.761153794398126,23.926748994469115,24.07274266516738,24.1940857839466,24.285374318703404,24.34101595262371,24.35544121258948,24.323352322914822,24.239996534047407,24.101444203843375
973.9943508327652,19.26505295337139,19.528468887467934,19.782596495261764,20.028237192531268,20.26633439295209,20.497943495517085,20.724197203783277,20.94626682079979,21.165320122604673,21.382476330990468,21.59875860316826,21.815044356631788,22.032013679520908,22.250096069588615,22.46941582900903,22.68973664833433,22.91040627002149,23.130302654717106,23.347783796682297,23.56064424459281,23.766082445388253,23.960684158754166,24.14042823832341,24.300721810416775,24.436471983942788,24.5422003148485,24.612203946038395,24.640763388646246,24.62239132316592,24.552110046486863,24.42573828220331
972.0062208398133,19.237453329176446,19.50535160192827,19.76506064771937,20.017321675483426,20.263004256433216,20.503079497671305,20.73858881155065,20.970608756373434,21.200212393771427,21.428427544918602,21.6561922480895,21.88430764465757,22.113388473416542,22.343811360736698,22.575661185236157,22.808676000366642,23.042191346524632,23.275085303118377,23.50572633972307,23.731926927114362,23.95090693793089,24.159272031659988,24.35301334273074,24.52753565298698,24.677721517924066,24.798038140959484,24.882691743755863,24.925830447790403,24.921791203736667,24.865379459628866,24.75216298840275
970.0261907071491,19.209987709272387,19.4824696999129,19.747831853320278,20.00675511751148,20.260035947295012,20.50856242814084,20.753286250690223,20.995190866557426,21.23525613417189,21.474419715578545,21.713535424701316,21.953328671887117,22.194349119403032,22.43692068192805,22.68108910174733,22.926567529382595,23.17268087694971,23.41831021244961,23.661839151329566,23.901105086024938,24.133359157935963,24.35524005987682,24.562767937814375,24.75136563249112,24.915914962194208,25.050855308591938,25.150330000758593,25.208382535729847,25.21919939106493,25.177389358337496,25.07828180978438
967.9605072113059,19.18293450958992,19.460314469718714,19.731578025751645,19.997347277161158,20.258348475923498,20.51539078743783,20.769341125167276,21.021095269542617,21.27154546617198,21.521544662579224,21.771867497405914,22.023168115849863,22.275934868259355,22.530441976909323,22.78669835405186,23.0443939503618,23.302844336944,23.560934706095818,23.81706514168247,24.069099873317644,24.314324280452773,24.549414604367794,24.770426549132083,24.97281001592906,25.151457829690333,25.30079609852443,25.414922355019623,25.487794462915513,25.513468226933103,25.486374905255133,25.401622149929754
965.9969088098918,19.160794606972644,19.4435223084318,19.721046420523773,19.993934818383366,20.26285019230088,20.52853110993761,20.791769338272577,21.05338353840425,21.31418943509127,21.57496653554348,21.836421437396975,22.099147736483317,22.363582536987177,22.629959599609442,22.89825926088702,23.168155445920508,23.43896040735723,23.70956828653871,23.97839923648937,24.243346689647126,24.50173139426984,24.7502670443089,24.985043593051476,25.201535495312918,25.39464289085862,25.55877374436082,25.68797374350361,25.77610788832514,25.817092906389966,25.805172991195853,25.735223540856158
964.0412609659694,19.14287027060147,19.431125920844725,19.71505076616688,19.995157281182564,20.272043664216955,20.54637697098302,20.81887268888974,21.090270783295054,21.361308239237847,21.63268810201105,21.905044994757773,22.17890707176738,22.454654366510958,22.732473531632333,23.012309065992522,23.29381130728762,23.576281766970375,23.858616828307053,24.1392514479681,24.4161053184215,24.686534966435094,24.947296452819717,25.19452461706312,25.42373601710033,25.629863589543348,25.807331232800053,25.95017554454249,26.0522193673342,26.10729728687914,26.1095267961295,26.053611040361282
962.000962000962,19.124024097877395,19.418029596745267,19.708534650505907,19.99600033543671,20.280965523036834,20.564031913840115,20.845845686739068,21.127075726652112,21.408388387312055,21.690418730423325,21.973738163547853,22.258818386000865,22.545991557320953,22.835406642820416,23.126981985693188,23.420354329745557,23.714824799508865,24.00930276642397,24.302249121803086,24.591621264351726,24.874823101825044,25.148664542770128,25.409336245408372,25.652406652804657,25.872849335383318,26.06510903222148,26.223214084674694,26.340940711685615,26.412030407399314,26.43045556755684,26.390720710106812
959.9692809830085,19.108249437007526,19.40743947696655,19.703887456601542,19.998011503485287,20.29030036847967,20.581300030214365,20.87159708671803,21.161798843794116,21.45251000369887,21.744305844469075,22.037701765051718,22.333119062192086,22.630846813055932,22.9309997776774,23.23347232652575,23.5378885641346,23.843549087452157,24.149375218231814,24.453852114038213,24.754972919710063,25.05018708489959,25.336357131577934,25.609729450331624,25.86592600810081,26.099964939909714,26.30631853843618,26.479016708792425,26.61180203122883,26.698338749763437,26.73247211768087,26.708526908125467
958.0379383023567,19.09434890578663,19.399505199720792,19.70266361307985,20.004197534326305,20.30454425224824,20.604193027058354,20.903670106799,21.20352055252393,21.504286729575266,21.806483310939374,22.110568626566092,22.41691218665907,22.725758217330565,23.037185087266714,23.35106059184913,23.666993218668622,23.984279772171874,24.30185011568774,24.61821032829396,24.931386301103704,25.23887073101276,25.537577604697066,25.823809554672426,26.093244799687394,26.340951548922543,26.561438436800053,26.748749334959466,26.89660926453115,26.998624649700357,27.04853557963573,27.040510301774116
956.0229445506692,19.084932010671444,19.396298896392132,19.706322386946766,20.015329524118105,20.32370519067553,20.631881479647742,20.94032415324022,21.24951601942733,21.55993704837733,21.872041041525957,22.18622865711276,22.502816593499897,22.822002744628673,23.143827182970156,23.46812891068775,23.794498470256247,24.122226746818484,24.45025065544057,24.777096918652227,25.100825832948864,25.418977817995454,25.728526639032207,26.0258444531866,26.306685154663274,26.566193695663,26.79894984405436,26.999054797133304,27.160267716617685,27.276196113751254,27.340538812290372,27.34737308198909
954.0164090822362,19.073200550610274,19.390600588062917,19.707307452652802,20.02360862660136,20.33984370423019,20.656394898446237,20.973674784029576,21.29211107652571,21.612128238699114,21.934125697541653,22.258452447094466,22.585377811325532,22.915058155165728,23.247499371947768,23.58251505715396,23.919680421142886,24.258282221562148,24.59726533785143,24.93517709669142,25.27011111878348,25.599653316980493,25.920833738391437,26.230089178978037,26.52324282203035,26.79550839287003,27.041527206240893,27.255446620444655,27.431047324766975,27.561924090079643,27.64171977473572,27.664405540264166
952.018278750952,19.06491591236136,19.388442772176962,19.711888332080367,20.035503276281638,20.359585050014616,20.68446935039112,21.010518993314957,21.338109932243555,21.667614196506765,21.999379507811923,22.333705326477507,22.670815078797094,23.01082433117845,23.353704715841584,23.699243491092844,24.04699875496294,24.39625054731518,24.745948399764167,25.09465635536328,25.440497111543362,25.781097764885093,26.113540663783933,26.434324082495575,26.739338742592352,27.023867472715487,27.282616259286478,27.50978522922967,27.69918725390536,27.844419380403366,27.939087812094083,27.977080639189708
950.0285008550258,19.057478545416316,19.38746046000673,19.71793853271767,20.049124925785996,20.381273362020586,20.714671534718185,21.04963103356343,21.386474544762986,21.72552007459587,22.067061936499684,22.41134823546177,22.758554584327275,23.10875380144339,23.461881377475333,23.81769657439143,24.175739148723142,24.535281895911627,24.89527951885331,25.2543147609789,25.610543342326356,25.96164002146522,26.304749088430793,26.636443757752353,26.952700212121417,27.24889330975439,27.519821978361076,27.759772729940632,27.96262909716753,28.122032628525133,28.23159699147152,28.285170618330408
947.9571523367144,19.05395564950123,19.390241925097605,19.727557070053575,20.066079533079385,20.40602454018501,20.74763725010984,21.091183551911964,21.43693824995597,21.785170371249876,22.13612532059829,22.49000360287851,22.846935833049226,23.206953769528933,23.569957144295145,23.935676135722783,24.303629453969883,24.673078204110567,25.04297598399812,25.4119160902596,25.77807727622071,26.139170255602735,26.492388089136902,26.834364716177806,27.1611471443229,27.468188063654463,27.750366692827512,28.00204616700441,28.21717531553708,28.389440773272238,28.512471614441605,28.580092939925603
945.9842966606753,19.05045525542732,19.39283863065173,19.73676486502969,20.082383444413917,20.429876228135843,20.77945126571314,21.131334382033106,21.485758267098696,21.842948794514633,22.203108282328987,22.566395402986842,22.932901449838926,23.302622681679452,23.67542850249408,24.05102530243557,24.428915903200473,24.808354735826015,25.18829915510988,25.567357689624956,25.943736568471458,26.31518658159169,26.67895323544594,27.031734253352024,27.369649692862257,27.68823120128548,27.982438007345664,28.2467078482703,28.4750507492766,28.661191937259225,28.7987667577188,28.881565069665594
944.0196356084207,19.046606560198946,19.39601946970109,19.747469580137082,20.10107241095407,20.45697122315015,20.81533142423139,21.17633285636396,21.54015969632245,21.90698768289403,22.27696837647794,22.65021014899687,23.026755603555465,23.406555137999625,23.789436402468414,24.175069468950806,24.562927645052227,24.952244042915606,25.341964279909817,25.730696066203084,26.11665695327572,26.4976222021648,26.870875596870025,27.23316707236255,27.580682206344573,27.90902983896247,28.213255152322514,28.4878861778881,28.72702151875715,28.92446562460744,29.073914819277746,29.169192227893795
941.9743782969103,19.045488512816018,19.401205564228757,19.759415896323656,20.120207246152138,20.483690866982048,20.849996417709903,21.21926484869345,21.591639009174877,21.967251687284243,22.34621078188163,22.72858129843285,23.114363862186785,23.503469456289082,23.8956901274852,24.290665467854943,24.687844791032212,25.086445092840204,25.485405140401213,25.883336395217704,26.27847197094832,26.668615480370537,27.05109245489038,27.42270802178096,27.779715662826224,28.117803062463096,28.43210211575949,28.717230842079616,28.967374874854386,29.176414938448495,29.33810386289479,29.44629197647321
940.0263207369807,19.04707003017465,19.409249565967098,19.77437177312304,20.142497281340106,20.513705943028047,20.888092146672847,21.265758240415206,21.64680579018073,22.031324381344707,22.41937766036818,22.810986305283098,23.20610761466439,23.604611418698845,24.006252050082246,24.41063617626289,24.81718640063945,25.225100704926145,25.63330804797835,26.040420781234303,26.444685012759717,26.843930674520127,27.23552383751804,27.61632477643516,27.982656377754015,28.33028863101857,28.654445987837523,28.94984507228531,29.21077023817648,29.43119338121499,29.604941819841688,29.725913692718194
937.9983116030392,19.05250667439543,19.42136400175554,19.793594652641936,20.169230685712098,20.54831885175118,20.93091626043477,21.31708426961532,21.706880323333174,22.100347448601017,22.497501108048013,22.898313097911398,23.30269218186999,23.710461165509056,24.121330150358926,24.5348657694159,24.950456309677953,25.36727278666062,25.784226269724734,26.19992208707367,26.612611988941495,27.020145939058484,27.41992595354795,27.808865313025237,28.183357509145743,28.539260376191514,28.871901859956235,29.17611456414809,29.446306272442328,29.676572687095064,29.86085626565557,29.993151011235152
935.9790340696369,19.05487201454783,19.430306467418305,19.80951327668874,20.192501661568652,20.57929180623078,20.969910808641284,21.36438694228699,21.76274195767183,22.164981133136802,22.571080770622746,22.980972823624985,23.394526344972284,23.811525455749287,24.231643570003154,24.654413671420777,25.079194539259955,25.50513297594195,25.93112231565485,26.35575781285824,26.777289944241723,27.193577228968284,27.602040895291758,27.99962459773715,28.38276339187382,28.747367233536472,29.088825253300747,29.402037751507624,29.681482963131693,29.921324785400394,30.115565466513296,30.258243451510385
933.9684318670028,19.06200958649536,19.44404113265381,19.830228737210117,20.220556590993958,20.615015643315786,21.013599762444997,21.41630030230714,21.82309880610157,22.233957559579707,22.648807692406308,23.067534517570195,23.489959799388778,23.91582065471221,24.34474482559308,24.776222123174215,25.20957194262958,25.643906901365256,26.078092874097297,26.51070600834795,26.9399877233484,27.36379924421683,27.779577915614578,28.18429837515936,28.574442621632798,28.945984020518527,29.294391224761103,29.614658651604735,29.90137026497814,30.148802620202048,30.35107107770365,30.502319526355418
931.9664492078285,19.067635895625,19.45610654066349,19.84910023956528,20.246580792626162,20.648515149721575,21.054869752281064,21.465605363926446,21.880670123770877,22.2999905374634,22.723460105886623,23.150925282217777,23.582168447999504,24.016887612308516,24.454672571009073,24.894977323383717,25.33708864150593,25.78009083667823,26.222826983117173,26.66385716041499,27.10141468318121,27.533361817670166,27.957147154563003,28.369767614849913,28.767738988427908,29.14707988036535,29.503314849636283,29.831503179595277,30.12629985024168,30.38205455755764,30.592952700932386,30.753198879555764
929.9730307821073,19.07403187890096,19.468568872126703,19.868010605558602,20.27230143799471,20.681384765579917,21.09519948020201,21.51367501108749,21.93672469159337,22.364237173745586,22.796065597400595,23.23201421126135,23.671822142485734,24.115144024550478,24.561527225122127,25.010385474538747,25.460968790954812,25.912329742621594,26.363286296192356,26.812381789720188,27.257842958787432,27.697537451548115,28.128932905682856,28.54906042752532,28.95448618878443,29.341295781310933,29.70509683537401,30.04104603550667,30.3439068106911,30.60814332295523,30.82805460694247,30.997949575971514
927.9881217520416,19.084285694274733,19.485371319795377,19.891682149804648,20.30314282849114,20.71967361054263,21.141186899287682,21.567582429531047,21.998740840037364,22.434515360451392,22.874721321153828,23.31912318446201,23.767418794867602,24.219220558941768,24.674033297853452,25.131228574637564,25.590015394058824,26.04940731720221,26.50818624034429,26.964863374947083,27.417638350591044,27.86435786194845,28.30247590579387,28.729018403853125,29.140555859477004,29.533188593230477,29.90254993689343,30.243833365335792,30.55184966950109,30.82111962246923,31.046005853241187,31.220884583596956
926.0116677470137,19.09324440509498,19.500966901243082,19.91427964815761,20.333086817129388,20.757283957818792,21.186754570717667,21.62136540662832,22.06096024656937,22.505351895048957,22.954312103096346,23.40755912717713,23.86474262932328,24.32542563674084,24.789063311423206,25.25497833917911,25.722332842245223,26.190096861782337,26.657013659796377,27.12156237002799,27.5819189005947,28.035916472741437,28.48100777973674,28.914231465905775,29.33218643537007,29.731018347647662,30.106423440255668,30.453675374582794,30.767680903591494,31.043069529141423,31.274320663348607,31.45592891337313
923.9582370876836,19.10348885194988,19.51710464189451,19.936633102590896,20.361962560795117,20.792969202613037,21.229513662322198,21.671436408163974,22.118551686270187,22.570639763054544,23.0274371894191,23.488624799382922,23.95381315442119,24.422525157126035,24.894175589282103,25.36804738719584,25.843264560106253,26.31876179679417,26.79325100424422,27.265185295270644,27.73272130493751,28.193681182467113,28.64551618499701,29.085274489662606,29.509576618782972,29.9146026857683,30.296096418557656,30.649391448331663,30.9694654482372,31.25102710486535,31.48863932917079,31.676879354081386
921.9988936013276,19.11619151084865,19.5368717668383,19.963777388328978,20.39677580408558,20.83571840829302,21.28043710153809,21.73073967883421,22.186403830120337,22.647169497413202,23.11272931551871,23.58271685240168,24.05669236427332,24.53412579351262,25.014376770298565,25.496671438452317,25.98007602142599,26.463467186546282,26.945499467367423,27.424570279638157,27.898783430640247,28.36591248737375,28.823365943469152,29.26815680341219,29.69687996112586,30.10570153235787,30.490365007130777,30.84621956567608,31.168275937033275,31.45129451767849,31.689908847913184,31.878784777119396
919.9632014719413,19.128498942712678,19.555291086442665,19.988617489527897,20.42832955028784,20.874258993316584,21.32621435195769,21.783976356110575,22.247291998468437,22.71586703083423,23.189356624638044,23.66735391871442,24.14937617612889,24.634848284719858,25.12308336864325,25.613260337660265,26.10439829599662,26.5953278739671,27.084659745612168,27.570750868040374,28.051669336871768,28.525159208963096,28.988607204523728,29.439013860306055,29.872972438491836,30.28665964656023,30.675842894089666,31.035909253411372,31.36192129822045,31.648704322767834,31.89096784776595,32.083461622060206
918.0207472688882,19.141762594961794,19.574377670804306,20.013839941763475,20.45998810046638,20.912637722457976,21.3715776608697,21.836565400532493,22.307321152812836,22.78352045084675,23.264784987053172,23.75067142337321,24.240657902960045,24.734128004395867,25.23035191151574,25.728464630600968,26.227441180737944,26.726068822937773,27.22291659123402,27.716302657623043,28.20426041558024,28.684504615003505,29.154399429993603,29.610930983625163,30.050687565131774,30.46985149956367,30.864207272151546,31.229170923650738,31.559845721444717,31.851108438631865,32.097729004372,32.2945236578624
916.0025648071816,19.15732359815957,19.595825668420666,20.04147263830192,20.494090111604248,20.95347719376619,21.419402786334917,21.891600890041172,22.36976470545032,22.853539298425193,23.342512579595006,23.83620433525069,24.334053044965625,24.835400233154015,25.339472133317575,25.845358501895408,26.35198851201556,26.85810379630125,27.36222890399209,27.862639703781426,28.357330612561036,28.843981971979336,29.319929433687545,29.78213784323532,30.227182805477653,30.651243815829517,31.05011345698366,31.419227546915327,31.753721088923733,32.04851419043245,32.29843055894924,32.49834859566735
913.9932364500503,19.17105508371206,19.615442311236457,20.067258607271057,20.52631722670727,20.992401778975236,21.46526241542333,21.944611065025487,22.43011551318094,22.92139209629587,23.41799676633936,23.919414267259118,24.425045162461647,24.93419046395319,25.44603364485717,25.95961987493181,26.473832412033538,26.987366221450355,27.49869909135891,28.006060778931648,28.50740107011871,29.00035807662995,29.48222862978039,29.949943254644474,30.40004889211406,30.828703224837874,31.23168506031783,31.6044255880468,31.942065266957613,32.239540390627475,32.491701801408645,32.693465633856135
911.9927040583675,19.187206270639383,19.638219645283087,20.096976048022853,20.563272503994707,21.036872306041587,21.51750100691505,22.004841502571416,22.498528009746476,22.998138719089045,23.50318688677457,24.013110115377795,24.527257572374882,25.044874906507683,25.565086654126347,26.086875986664786,26.609061745250806,27.130272849285674,27.648920364130312,28.163167780970426,28.670900411056216,29.169695235491904,29.65679308267533,30.129075618371626,30.583050298668574,31.014847095276046,31.420231358864317,31.794637496887148,32.13322802032886,32.43098174305875,32.682813292544274,32.883723483758
910.0009100009099,19.203475308213733,19.659838282738527,20.12421853383698,20.59640311996246,21.076142287783703,21.56314532064884,22.057075517994093,22.557544116992926,23.06410294589895,23.576235580057073,24.093346759110943,24.614749821043727,25.13965191990271,25.667136825134534,26.196145158530793,26.725452018477284,27.25364208061531,27.779082460498575,28.299893889283865,28.813921099126553,29.318703748950778,29.81144974513764,30.28901341482961,30.74788164191933,31.184171718828438,31.593645204565092,31.971742370569462,32.31364167664933,32.61434793913719,32.86881123364703,33.07207599481399
908.0177971488241,19.221135977550894,19.682763387988985,20.15266534713897,20.630621318344982,21.11637145122433,21.6096123016245,22.10999170645321,22.6171026284722,23.130475763797,23.649570685680438,24.173765284871497,24.702343263008984,25.23447944575864,25.769222712601923,26.30547639760889,26.84197610896835,27.377265054796798,27.90966716033901,28.437258529207796,28.957838150118572,29.46889918887255,29.967602734490722,30.450756477382686,30.914801455360873,31.35581065028799,31.76950375589321,32.15128272255629,32.496292530922055,32.799510839838085,33.05586849570016,33.26040026128267
905.961224859576,19.23693276835396,19.703839925498308,20.179302692425964,20.663093102814255,21.15494096501699,21.654529408369044,22.161489616176755,22.675394567949567,23.195751591117585,23.7219935031358,24.253468111185846,24.78942583222775,25.329005205576884,25.871216099383357,26.41492046869358,26.958810615010833,27.501385035771257,28.040922148452367,28.57545244019055,29.10272994101212,29.620204355075792,30.124995710714916,30.613873995095776,31.083246891575918,31.52915937697261,31.947309463360217,32.33308464160387,32.68162341582552,32.9879054982099,33.24687256579325,33.45357885118444
903.9956608208281,19.253817241004068,19.726031370566762,20.207078937006703,20.696724773909086,21.194688625909208,21.700640514031722,22.214195316272285,22.734906392947504,23.262258064023612,23.795656726066394,24.33442038231467,24.877766354254035,25.42479695163561,25.9744829060976,26.525644428795967,27.07692984365497,27.626791885425547,28.173461947302364,28.714922828494768,29.248880879053477,29.772738875286194,30.28357148500985,30.778105785777363,31.252709949049823,31.70339383788312,32.125825785616385,32.51537008445364,32.86714952966763,33.17613652692972,33.43727458294533,33.645629353266294
902.0386072523904,19.274596346706684,19.75179903263567,20.238089041500576,20.733224867728396,21.23691737357802,21.748824995539547,22.268548191895732,22.7956229671432,23.329513286550412,23.86960217421444,24.415181273232033,24.965438640612344,25.51944455702785,26.07613515842808,26.634293750388665,27.192529755861727,27.749255383265723,28.30266029635546,28.850684832271565,29.3909926608728,29.920944214825234,30.437572746684314,30.937565474292196,31.41725292684577,31.872610239230024,32.2992746614009,32.69258380788476,33.04763898268736,33.35939706569843,33.62279274384043,33.83289020506153
900.0090000900009,19.293741378418822,19.776507151111538,20.26863684579527,20.76988122323924,21.279940448414,21.798459074837105,22.325020287805927,22.859139247426217,23.40025534980265,23.947723204547138,24.50080211157173,25.05864381361263,25.620278307876593,26.18459752675711,26.75033675139001,27.31605371216969,27.880105468039012,28.440623353430023,28.99548655064274,29.542295197633116,30.07834438448349,30.600600926536984,31.105685415242046,31.58986270506349,32.049044631966716,32.47880927207799,32.87444128892373,33.23099769263362,33.543402430367536,33.8065714505581,34.015567132702586
897.9885057471265,19.314069657289192,19.80155236865608,20.298643716630316,20.805089831648637,21.320583973756623,21.844761366289784,22.377193311808036,22.917380436967512,23.464744890283463,24.018621296042543,24.578246251617948,25.142746147754785,25.71112309683165,26.282238778849052,26.85479606668262,27.42731838035212,27.998126855684834,28.565315608048927,29.12672563955286,29.679918289992383,30.222149576064183,30.750347300564407,31.261093430653492,31.750614907761268,32.21478669668534,32.649151403265286,33.048960038003756,33.409238283319105,33.724881717346825,33.99078166042894,34.201980537162804
895.9770629871877,19.333517326998454,19.825958404262533,20.328277165633004,20.840216006713888,21.361461984740007,21.891641450595955,22.43031398059706,22.976965460487605,23.531000151326776,24.091731545913834,24.658371807780615,25.230019576174982,25.805645924705633,26.384078284666135,26.963982194357015,27.54384082253968,28.121932348707084,28.69630547769484,29.264753634374532,29.824788737865244,30.373615902374215,30.908110954243472,31.424803279191675,31.919867185604424,32.38912562330866,32.82807062599297,33.23190509568664,33.59561032182134,33.91404270376413,34.1820613240238,34.394685194479415
893.9746111210442,19.354258376236537,19.850852851170586,20.357550807012665,20.874094764382956,21.400170525379746,21.93540170530701,22.479343575941904,23.03147607467005,23.591195810211353,24.15780687345829,24.73051024374669,25.308391570291615,25.890407110405402,26.47536762680393,27.061920093807114,27.648527146364614,28.233444338184967,28.814695468896403,29.390046508913592,29.95697900751627,30.512664324130483,31.053940576919565,31.577294844805277,32.07885385519351,32.55438707411129,32.99932667986219,33.408809187832105,33.77774329753071,34.100907620605426,34.37308010641218,34.5891980914348
891.9810900008919,19.372330216898497,19.87332462690845,20.384671798933415,20.906113164894112,21.437331497543244,21.97794527917268,22.527502397745167,23.08547302976585,23.651241545391077,24.22409724852256,24.803223745495817,25.387686724018437,25.976419924096348,26.56820910116813,27.161673826642918,27.755247052482616,28.347152496234475,28.935380094444874,29.517660039944168,30.09143627567863,30.65384077485978,31.201670496956943,31.731369560470203,32.239019883229155,32.72034424325684,33.170726298669,33.58525241323994,33.95877995535841,34.28603583260119,34.561747169695415,34.780803107868714
889.99644001424,19.392328797184547,19.897476572237164,20.413212901442517,20.939279568457444,21.475358147084073,22.02106424682906,22.575941101331072,23.139452362906653,23.710973942167758,24.289784708044717,24.875055843077163,25.465838635039955,26.061050483674755,26.65945891688624,27.259663452412777,27.860075218844113,28.458894376071317,29.054085563694912,29.64335187147346,30.224108182988147,30.793455203649664,31.348156050975604,31.884617949046152,32.39888229815582,32.88662711968362,33.343186495250755,33.76359196534278,34.14264071031112,34.474994457118925,34.755311203072864,34.978408882370715
888.0206020779683,19.413118566503094,19.92277796533156,20.44326088632851,20.974307342900715,21.515595405578207,22.06673532378695,22.627263005698264,23.19663272242108,23.77420887772948,24.359256659704993,24.950931368548098,25.54826619888312,26.150158249993943,26.75535255005629,27.362423918926556,27.969756568840747,28.575521466032985,29.177651663271778,29.773816079306407,30.361392561613386,30.937441536112303,31.49868212690804,32.041473312084285,32.561803436764734,33.05529216653973,33.51720962098604,33.94251781057148,34.32593938686354,34.662057844436255,34.945451432965655,35.17085999494878
885.9750155045627,19.432050912257374,19.94457915670449,20.468148358647348,21.002507946876495,21.547345233046478,22.10227949931979,22.66685545562447,23.24053593541517,23.822693673147374,24.41260198075484,25.009424116545503,25.612201121454138,26.219837889208733,26.83108724501733,27.444531840130743,28.058563737516433,28.671361679601613,29.28086620745703,29.88475305827796,30.480405621160465,31.064887694251475,31.634918367188256,32.18685154624901,32.71666341868006,33.219951956271366,33.691953278372424,34.12758016477627,34.52148800160384,34.86817268508631,35.162103225426705,35.39788879645723
884.0169731258841,19.451793774455563,19.968596123638882,20.49667411087689,21.035776716556494,21.585589148706656,22.145726796022377,22.715728564787845,23.295049472366813,23.88305234370393,24.478998430398036,25.082036746582364,25.691191895379394,26.305350148772856,26.92324354873019,27.54343182670042,28.164282002861075,28.78394563876984,29.400333892774572,30.011090783777032,30.613565423288943,31.204784443656013,31.781426441061363,32.33980096180496,32.87583536344919,33.385073718182944,33.86269268503987,34.3035397903039,34.70219958647611,35.05309242425849,35.35060877977438,35.589279024545284
881.9897689186806,19.47356891496957,19.993693630657923,20.5253027723847,21.06814930633527,21.621921543898914,22.18623702154693,22.760635781630103,23.344572931317934,23.937410330383468,24.53840723090494,25.146709665294058,25.761338356535656,26.381174910684795,27.004946052775324,27.63120569166202,28.25831465760509,28.884418061807978,29.507420395316128,30.124958733356628,30.734374758804844,31.332686781866517,31.916563523413256,32.482302145657506,33.02581383327336,33.5426210936746,34.02787175097937,34.476375185610344,34.88266648318161,35.24110350846315,35.546000206258235,35.79179641854828
879.9718409010911,19.495073682232295,20.018514405248457,20.553654084050752,21.10025172048148,21.658001144831807,22.226524861858433,22.80536731489047,23.39398744861603,23.991750423945085,24.597918309499402,25.21163954571694,25.83193695229161,26.45769403209903,27.087639321021715,27.72032855142164,28.354124448091813,28.987174072715057,29.61738379224072,30.242392186560213,30.859541551063923,31.46584910875239,32.05797963827014,32.632221950920396,33.18447249293427,33.710230256723186,34.20460805476267,34.66236587542263,35.077972260968664,35.44569911845468,35.759753764130984,36.014449042634425
877.9631255487269,19.514575864594818,20.040647854239488,20.578613344784173,21.128239534555373,21.68922827582416,22.261209898485497,22.843736467170167,23.436274356270268,24.03819599987545,24.648770644006078,25.26715389856399,25.8923758589292,26.523327546310096,27.158745407739723,27.79719362905624,28.437044057865087,29.07645362169962,29.713339275620033,30.345350742190533,30.969841635712775,31.583840011988773,32.18401997089046,32.766676667538455,33.32770794522187,33.86260674287201,34.366469356395136,34.83402538481896,35.25969552956012,35.63768302547745,35.962103015776805,36.22715133495587
875.9635599159075,19.536015734819895,20.065264840684414,20.60662046031284,21.1598553413849,21.724676166586875,22.300717322150334,22.88753412285323,23.48459538454328,24.091275207822623,24.706843806485608,25.33045718321878,25.961145425566855,26.59779937120705,27.239155378847187,27.883777947398073,28.530039961830937,29.176100422570492,29.819879652701168,30.459032192881065,31.090917908959078,31.712572273423273,32.3206773572893,32.911535793049865,33.48105083273818,34.02471658753421,34.53762350807682,35.01448499275581,35.449691459206136,35.83739796643237,36.17165016670461,36.44655066199727
873.9730816290859,19.5533888151452,20.084877975020895,20.628646674534465,21.184476206578346,21.752081922701226,22.331107033854547,22.921115890931503,23.521586641208007,24.13190312920523,24.751345879767022,25.37908196867591,26.01415355429302,26.655464816195753,27.301767028993766,27.95164149894834,28.60348011778185,29.25546335518564,29.905535635272606,30.551378242003505,31.190380196431985,31.819607967420627,32.43577543806858,33.035216265570604,33.61386163926575,34.16722742759015,34.69041573051907,35.178136774897126,35.62475767769536,36.024384540815745,36.37098325068167,36.65854186369226
871.9916288803628,19.57298958953654,20.107192439987205,20.653856571383507,21.212768082051838,21.78364656372286,22.366138877873993,22.959812439004498,23.564147908328827,24.178531174059742,24.802244463539065,25.434456399156197,26.07421077641741,26.720413812119485,27.371819588440186,28.027013412096835,28.68439282633121,29.342146070153483,29.998227890150073,30.650332794738464,31.295866121456797,31.93191368865371,32.555211346411966,33.162116443845036,33.74858409235885,34.310152101014886,34.84193952029314,35.33866471908034,35.79468961729417,36.20409679111299,36.56080527200177,36.85872857587287
870.0191404210892,19.592636451656674,20.129295714320612,20.678597156871803,21.240335401375436,21.81423869308438,22.39996272229885,22.997083980421234,23.60509255941019,24.223384276383587,24.851251973523578,25.487875808678066,26.13231231601818,26.783481981927583,27.440155053731615,28.100935284784782,28.764241328271588,29.42828553636402,30.091050017117865,30.75025996832975,31.403354568533334,32.047456085662866,32.67933838869914,33.29539673697748,33.89162158315923,34.46358014162969,35.006410584765476,35.51483481219097,35.983196584365814,36.40553211352053,36.7756795636979,37.08743189301705
867.9802100512107,19.614066318272002,20.152306473346453,20.703341333763966,21.266974955831554,21.84294515606093,22.430917341933974,23.030477903624206,23.641127085102767,24.26227122682732,24.893214241544026,25.533148150376423,26.181142469913404,26.83613220518341,27.4969041725041,28.162081356521067,28.830105006099796,29.499214205927696,30.167422740011578,30.832493208746026,31.491908595532184,32.142841827470896,32.78212436356747,33.40621549592725,34.011174876938604,34.592641779204946,35.14582570800287,35.665514112474575,36.14610389366151,36.58166389667222,36.966035213493946,37.29297446728384
866.0258075690655,19.63230122955007,20.172465664221622,20.725580975476554,21.291458282975757,21.869842328524687,22.460405315443975,23.062740339984963,23.676354342781455,24.30066048316615,24.934969809238606,25.578482062374704,26.23027541770662,26.889294924356616,27.554339374726883,28.224046306711518,28.89687483452441,29.571086024124373,30.244720592635232,30.91557383620526,31.581167899780443,32.238721820877515,32.885120234767484,33.51688224565032,34.13013276425218,34.72057958508913,35.2835005908553,35.81374663698157,36.305766717783804,36.753662678145425,37.151280636539916,37.492344974903986
864.0055296353896,19.653865584027386,20.195702958368106,20.75062505894265,21.318449149684,21.89892600839493,22.491733783308373,23.096471473828895,23.712651973453646,24.339694588994615,24.976916921296276,25.623525958964667,26.278608199206133,26.94111857072803,27.609867896181473,28.28350860106884,28.960518359989308,29.63918138005506,30.317567069216665,30.993505941893993,31.66456279753133,32.32800749491181,32.98078406394358,33.619479474076705,34.240294135132075,34.839017147176214,35.41101041649435,35.95120694058531,36.45412968864826,36.91393831993286,37.324511135224306,37.67956869911971
861.994655633135,19.672285060626358,20.216329774113703,20.77361290709529,21.3439537029447,21.927103833305832,22.52274116857104,23.130463206393,23.749780109651965,24.380107283519262,25.020757394239062,25.6709317000795,26.32971052829636,26.996042692553583,27.668733606000192,28.346431810806447,29.027613622370982,29.710565585404716,30.39336447283254,31.073854643927465,31.74962273636303,32.41796992280197,33.07588234376129,33.72000086241573,34.346591996501914,34.9515227772135,35.53024334851788,36.07778229181807,36.58876081172886,37.05743282814715,37.47775835853817,37.84351691376914
859.9931200550395,19.691478170538343,20.23694814478914,20.79578146228699,21.367801882544835,21.95276505914049,22.550352266085646,23.160163815191815,23.7817121292664,24.414414416611045,25.057584867617212,25.710426264127097,26.372020857060225,27.041320328840555,27.71713461681946,28.398119336226184,29.082761512362378,29.769363320656176,30.456023551919067,31.140616584584585,31.82076877578713,32.49383240275144,33.156857622093845,33.806563395229745,34.43930897789637,35.051068405213336,35.63741141330696,36.19349537850561,36.714074019457485,37.19352960559635,37.6259359523263,38.005159159745936
858.0008580008581,19.712118769311083,20.258726484658514,20.81879590073097,21.392154385936042,21.9785607978405,22.577699190834366,23.18917224840853,23.812494417766114,24.4470847074845,25.092259086582033,25.747222395280673,26.411059644119277,27.082726539717292,27.761039034345757,28.444661655953276,29.132094340830594,29.821657470638943,30.511474820155296,31.199454166544392,31.883265414021505,32.56031627224274,33.22772581890699,33.8822967048467,34.52048734954271,35.138386244837804,35.73169143511567,36.295699341185134,36.82530825766593,37.31504291847475,37.75910723247654,38.151472275811045
856.0178051703475,19.732875210501525,20.280690255987693,20.842051860386896,21.41678756051486,22.004655532218123,22.605338252024456,23.21843592126179,23.843459645109554,24.479824344767874,25.12684136128645,25.783710684037914,26.449512705188166,27.123199364276026,27.80358450559458,28.48933322825987,29.17894996930085,29.87076503085732,30.562919253659484,31.25334656395375,31.939754197461244,32.61960055340341,33.29007087934486,33.94805136107575,34.590102717845234,35.21243510297072,35.81088698982021,36.38091176274376,36.91757686583886,37.41558145626943,37.86929934038702,38.27285421467877
853.9709649871903,19.747502531638357,20.29700326539097,20.86016743012599,21.4368203040079,22.02671598136062,22.62953083435577,23.244856763369203,23.87219424480915,24.510945174490548,25.160405488701127,25.81975752323777,26.48806204244982,27.164249835809933,27.847112739686434,28.53529389900425,29.227277041264678,29.92137450013041,30.615713706515102,31.308221874309172,31.99660866185742,32.67834670943324,33.35065016126483,34.01045160467026,34.654378324981806,35.278729404959414,35.87945600093548,36.45214809117132,36.99203206176304,37.493984559788586,37.95256891027921,38.36210077693811
852.0064752492119,19.76767584705996,20.318104126283536,20.882263141625415,21.45997462059186,22.05098738503754,22.65497062768571,23.27150700622019,23.900085581694032,24.540094621481536,25.1908142755987,25.851409118007393,26.520920520779416,27.198258798421225,27.882195022647643,28.57135236592185,29.264196788176875,29.959026840406484,30.65396232904318,31.346931577245837,32.03565704812707,32.71763917920314,33.390138439257115,34.050155883338064,34.69441287422,35.31933118134783,35.921015373398625,36.49524028117102,37.037447284198294,37.542754178615645,38.00598425914436,38.42172075631201
849.9787505312366,19.78642092618979,20.338297125550763,20.903970057106847,21.483251352815074,22.075876852252915,22.68149956667199,23.2996824842126,23.929891262498323,24.571486852991125,25.22371809514937,25.88571430649138,26.55647787612837,27.234876843502242,27.91963741083125,28.609336297957608,29.302392804131756,29.997060396925775,30.691417610643,31.383358015099926,32.07057902392068,32.75056936674442,33.42059517285286,34.07768482817425,34.718613097528575,35.339885470524294,35.93772430532321,36.508059105401976,37.04652413828823,37.54846751785586,38.008976691719056,38.42292580176461
848.0325644504749,19.806390824133143,20.35941672151269,20.926282933499873,21.50679217205226,22.100669026145876,22.707552690599055,23.326989560715198,23.958425756071676,24.601199638955052,25.254534390920497,25.91753070345863,26.589159624527976,27.268255580699353,27.953509564258884,28.643462436041187,29.336498249495882,30.030837452824283,30.7245297796898,31.41544660377544,32.10127252067711,32.77949594845506,33.44739862547514,34.102044053605056,34.7402652099722,35.35865225256782,35.95354148781673,36.52100755095361,37.0568615473467,37.556658753034,38.01572026445011,38.42917354910737
846.0236886632825,19.824894878942953,20.379172113211173,20.947312720670194,21.529103988202454,22.12425169498232,22.732372500174854,23.352986222235156,23.985508093888377,24.629241084017462,25.28336838104699,25.94694613050931,26.61889651075531,27.298001213749213,27.982895371403167,28.672061931476907,29.363826441329433,30.056352145101314,30.747635244906668,31.435500127006033,32.11759432097274,32.79138295871079,33.45414254976102,34.10295401150687,34.734695110638434,35.34603280651531,35.93341645212443,36.49307340514925,37.02100930957428,37.513016074922355,37.964691311241985,38.371473528432254
844.0243079000674,19.8458848029089,20.40166107545339,20.971318085570108,21.554624317743755,22.151262782064762,22.760822986130766,23.382792817738693,24.01655044329838,24.661356339231858,25.316345582624542,25.98052053139119,26.65274402135204,27.331733195980533,28.016054062465575,28.704116833947115,29.39417207215353,30.08430758861765,30.772445999894142,31.45634276948496,32.13358451690427,32.80158734692486,33.45759496794027,34.098676449051204,34.7217236336829,35.32344850409826,35.900381190407415,36.4488698412342,36.96508420252765,37.44502543889293,37.88454539421207,38.27937899849324
842.034355001684,19.864767453741255,20.422142472111034,20.99341215457056,21.578322741369874,22.176530293802546,22.787592153653772,23.41095832964914,24.04596293946054,24.69181585428738,25.347594708738434,26.012237449791705,26.6845356027874,27.36312842730411,28.046498118986882,28.732966182913056,29.420691058727613,30.107667017879916,30.791724281443,31.470530228875596,32.14159149322228,32.80225668048971,33.44971942843962,34.08102155441042,34.69305615615276,35.28257074544451,35.84617082644961,36.38032478205698,36.88137148516293,37.345532665029474,37.76893265587721,38.14762862428306
839.9832003359933,19.882718260313066,20.441294418907475,21.013744795996217,21.599791818273946,22.199063104014243,22.81108243544014,23.43526067672047,24.070886789750862,24.717119124431974,25.372977182522632,26.037334072172822,26.708909881336602,27.386266199475163,28.067802005177178,28.75175110962658,29.436181300021644,30.11899526227543,30.797933280053908,31.470577612087222,32.13435835048465,32.78656047298862,33.42433174000968,34.04469107516824,34.64453713016941,35.220656893953766,35.76973447874265,36.28836060614874,36.773043810508966,37.22022493462391,37.626297046209004,37.98763335176566
838.0122349786307,19.900692674435454,20.46060444879209,21.034343682163122,21.62160376862299,22.221978119727204,22.834950627853413,23.459886099200396,24.0960208335843,24.742453558829986,25.39813695648304,26.061870040333673,26.732291666823325,27.40787546325949,28.086926452024056,28.76757962279233,29.447800656932674,30.125388936849305,30.797982878524795,31.463067511824523,32.1179841086621,32.75994153759027,33.386028923894926,33.99322914049722,34.57843267292239,35.13845151589276,35.670032987781994,36.16987369747798,36.63463435219098,37.06095661577094,37.4454837486727,37.78488718912902
835.9806052499582,19.920633892312434,20.482738998617716,21.0586322212575,21.64797089019517,22.250306007747724,22.86507211575671,23.491577166229504,24.128992602330026,24.77634389401524,25.432501808622746,26.096174728488837,26.76590235163406,27.44005112341052,28.11681174197583,28.794199053643514,29.47005460118563,30.14205200608309,30.807705254173026,31.464379816671297,32.1093063838632,32.73959683167076,33.35226190289456,33.94422999149897,34.512366398777964,35.05349251179708,35.564404556741145,36.041891907957755,36.48275537199636,36.883826373574095,37.24198847864514,37.55420310574438
834.0283569641368,19.939840422150656,20.503643636129077,21.0811588600067,21.67200626004036,22.27569351349756,22.891605124477817,23.51899178298525,24.15696000436031,24.804462330298037,25.46028841564189,26.123057363692308,26.791211702719245,27.463013412636947,28.136542407619846,28.80969785179374,29.480202625484484,30.145611164836232,30.803320766798176,31.450586287841322,32.084537977569504,32.702201993928966,33.30052296850825,33.876387857914594,34.42665026274006,34.94815444932764,35.43775849273813,35.89235627718892,36.30889852528929,36.68441353532135,37.01602881540784,37.300995221680814
832.0159747067142,19.958832694176944,20.524539777195248,21.103877995236278,21.696427194346256,22.301648070019542,22.91887089395453,23.54728432950233,24.185924606041333,24.83366537381182,25.489208611058704,26.15107700089679,26.81760823122811,27.486951691303794,28.15706803624784,28.82573205878342,29.490539238723255,30.14891623041703,30.798135394514315,31.435333286489097,32.057532790691695,32.66166835373255,33.2446135515485,33.803210054053,34.33429696627576,34.83473955879594,35.30145657590949,35.73144563159731,36.121806650040334,36.469763829781826,36.7726871325896,37.028114724399586
830.0132802124834,19.977707184910233,20.545088073588825,21.12597885364288,21.719915334677907,22.32630746113259,22.944427519023776,23.57339849537943,24.212182896080105,24.85957238601013,25.514178672487535,26.174426104527925,26.83854650088661,27.504576741993127,28.17035965677351,28.833548696423488,29.491616805476774,30.141869770059344,30.781464142005404,31.40742960957806,32.01669542301796,32.606120207594515,33.17252423919094,33.71272305590436,34.22356117449695,34.701944709176566,35.14487187544981,35.54946070537773,35.912973776162346,36.23284030525707,36.506676509655115,36.73230556622979
828.0202036929702,19.997567595085346,20.56723650827998,21.15032177112749,21.746312484917613,22.354564280309187,22.974286882237664,23.604531890289984,24.24418112024513,24.891935918792395,25.546307928558193,26.2056118394081,26.867960707864675,27.531264451151465,28.19323211635063,28.85137847841327,29.50303542391698,30.145368423579225,30.7753981833453,31.390027296319406,31.98607141036759,32.560294104317364,33.109444365387056,33.630295325702534,34.11968279248421,34.57454213436533,34.99194228879172,35.369116030588074,35.70348615616595,35.99268782625583,36.23458788191709,36.42730240124356
825.9684480052863,20.017496315716205,20.589487208087583,21.174770731234045,21.772786504982204,22.382833401366312,23.004056634038108,23.635435157326334,24.275769761700875,24.923672325190804,25.577556751108,26.235632185315595,26.895899153517014,27.55614928115984,28.21396924475194,28.866749542435514,29.51169855333101,30.145862172338312,30.76614905838535,31.36936122673955,31.95222936817004,32.51145191998709,33.04373658818375,33.54584277546546,34.014623256609106,34.4470635006006,34.84031728825596,35.191737704798655,35.498903154935036,35.759638676635745,35.97203341956675,36.1344555988089
823.9947264337508,20.03722916735519,20.6102687088211,21.196409771569996,21.795045014996784,22.40542028819025,23.026621420784583,23.657561425314054,24.296968534868512,24.94337557768568,25.595111265164178,26.250294034925712,26.90682913729233,27.562409671322857,28.214522253474495,28.8604579258469,29.497328771080227,30.122090490401394,30.73157091988283,31.322504117357763,31.891569270598104,32.43543329155981,32.950795618682356,33.43443350308943,33.883245957120195,34.294294634353456,34.664840204580386,34.992373267519845,35.274639461681126,35.509659084006806,35.69574213660959,35.831500152828276
822.0304151253597,20.0564175348254,20.631320810674048,21.21916342039332,21.81928710991306,22.43087984461329,23.05296223412772,23.684374484035484,24.323764340884523,24.96957658042193,25.620044668040727,26.27318528761842,26.92679648027194,27.578460146266245,28.225549628262907,28.86524299912557,29.494542511463358,30.110300422600698,30.709251089367577,31.288048844985518,31.843310752128502,32.37166291299402,32.869788661705705,33.334476724833216,33.76266736604945,34.15149466812432,34.49832345829377,34.80077992368806,35.05677562627331,35.26452531551115,35.422559540590385,35.52973347734505
820.0082000820007,20.073152444602474,20.649993455815757,21.239600498361703,21.841263743854274,22.45411308061834,23.077104334131423,23.70900615564832,24.348388087094897,24.993610397132883,25.642816363763593,26.2939277442712,26.944644212740933,27.592447545901322,28.234611285617504,28.868216487460085,29.490173968681585,30.09725319088264,30.686117557344087,31.25336548993192,31.795576208031164,32.30935870911432,32.791402105081325,33.238525261172505,33.64772366743484,34.01621167744607,34.341458673449345,34.62121832010732,34.85355077194455,35.03683839647481,35.169796151789186,35.251478113646584
817.9959100204499,20.09399789638223,20.673348441854696,21.265292914665068,21.869063954827784,22.48372647120409,23.108163619558066,23.741063611704288,24.380907911867855,25.025961466828306,25.674265697996965,26.32363504641336,26.971657893485283,27.615702666989026,28.252929868457795,28.88031061080366,29.494652023909765,30.092629568427423,30.670825902688417,31.225775497458084,31.75401372715088,32.25212873765954,32.71681406292238,33.144919797234664,33.53350017740905,33.87985571078702,34.181568486976474,34.43652997672191,34.64296135782484,34.79942710102484,34.904843083310276,34.95848078033645
815.9934720522235,20.11079046002288,20.691923381629636,21.285452643416175,21.890558634366766,22.506248113213957,23.131340175093705,23.764453220026716,24.40399351900265,25.048146064332222,25.694868469973674,26.3418887438453,26.98670777446852,27.626607343739312,28.258664381004134,28.87977199766214,29.4866675779936,30.075967851342583,30.64421044622469,31.187900956922057,31.70356408246519,32.18779698501181,32.63732272468175,33.04904152172399,33.42007771730763,33.7478206627737,34.02995833505547,34.26450318284415,34.44981045070609,34.58458988825249,34.66791221801271,34.69921192933188
814.000814000814,20.12643383677204,20.70960517289048,21.304997643779544,21.91174043760022,22.52878322087324,23.15488209841921,23.78858674780528,24.42822936312312,25.07191613361803,25.717522058371486,26.362689947026656,27.00483446428746,27.64115202709581,28.26863724275995,28.884106371470047,29.484228001418668,30.06556074310854,30.624597299198033,31.15781378154937,31.661722678327067,32.1329274835636,32.56817675584533,32.9644153293483,33.3188305942331,33.62889219384076,33.89238411027298,34.107428844405156,34.27250412939013,34.38645322849009,34.448490255157516,34.4582020508102
812.0178643930167,20.14333082334893,20.728308103004284,21.325313651890074,21.93342592676887,22.55153844218847,23.178345826421435,23.81233123381517,24.451755784551384,25.094650791672674,25.738813605601532,26.38180794545822,27.020969579391593,27.653418147015792,28.276075771020142,28.885692871053386,29.478881267521476,30.052154253891715,30.60197284634575,31.124796928825518,31.61713955487353,32.075622310512614,32.497029450313,32.87835854419215,33.21686564042939,33.510103447156055,33.75595170330962,33.95263965590377,34.09876126598822,34.1932843132508,34.23555486575528,34.22529857881041
809.9789405475458,20.159518581041926,20.745926969680458,21.34416783699551,21.953274309666977,22.57209031975345,23.199256879240266,23.83319988066833,24.472120121171745,25.113986331959275,25.756532058091807,26.397257260937085,27.03343549272444,27.66212740352036,28.280201171786743,28.884360191384438,29.47117799994072,30.037140007878563,30.57869111161416,31.09228779252199,31.574452873460256,32.021830792622694,32.431241122402945,32.79972815368691,33.12460469745395,33.40348879921016,33.634332748877206,33.81544449674402,33.945502236305614,34.023563376203725,34.0490693165615,34.021847340092584
808.0155138978669,20.174172232184574,20.761110351708478,21.3596444085598,21.968767827181562,22.587282402300215,23.21378504037689,23.8466561923401,24.484050688065,25.123891760023394,25.763869095175227,26.401441766902316,27.033846857636743,27.658114473041863,28.271089657993834,28.86946144680664,29.44979891826558,30.008593696262007,30.542307870829248,31.047425859345868,31.520508342749178,31.958246160107713,32.35751198274089,32.715407751166985,33.02930624613552,33.29688573995197,33.516157357958456,33.68548546569542,33.80360196920695,33.8696157731724,33.88301872022276,33.84368912371443
805.9966148142178,20.190123900657717,20.77830502012375,21.377886968540984,21.987821950781324,22.606867289109534,23.233572511447182,23.866268292603888,24.50305797522477,25.14181246731643,25.78016935468322,26.415537065605374,27.045104866871636,27.665859340925845,28.274607782914096,28.868008660064092,29.44260890069464,29.99488734644055,30.521303244546182,31.018348227325184,31.48259988284471,31.910774825259903,32.29977917451435,32.6467545784433,32.94911834542913,33.20459685215499,33.41125206183285,33.56750162383647,33.67213351427505,33.72431642884672,33.72360710710753,33.66995545907491
803.9877793857534,20.208968261093545,20.798618900098756,21.39946951346902,22.01043088932893,22.63021627717349,23.257328991083448,23.890052040720896,24.526440525883277,25.1643175903135,25.801274758017172,26.434677456758322,27.06167645460398,27.67922578393188,28.284107495179885,28.87296326951679,29.442332536435174,29.988696313758464,30.508525553216018,30.998332386708825,31.454722385518664,31.874445822816977,32.25444600930844,32.5919030652565,32.8842719752062,33.12931438123267,33.32512421134883,33.47014780069541,33.5631995393515,33.60347419653966,33.590556899344115,33.524431314968275
801.9889325527307,20.22134367317598,20.81139565777561,21.41245258700141,22.023396863186147,22.642912648273423,23.269474030125885,23.901335335854753,24.536524321914854,25.172839020172077,25.80784903378732,26.43890204330965,27.063136188810308,27.677498827539495,28.27877192289692,28.863604002270122,29.428548242738,29.970105832544363,30.484773354014578,30.96909259220836,31.41970094894166,31.833380583476576,32.207104540478184,32.53807846451458,32.823777003540386,33.06197460014748,33.25077096027441,33.388611965974285,33.47430706554348,33.50704416924415,33.486402791782766,33.41236566137928
800.0,20.231138773716154,20.821490698075884,21.42265132642509,22.033476492685047,22.652623558766823,23.27854019205623,23.909455398553067,24.543373529201535,25.17807201491423,25.811103586766713,26.439803689310814,27.061303685242496,27.67255027012755,28.270331263689272,28.851307625279382,29.412051173061403,29.949087099563453,30.458940013203,30.93818194700797,31.383480613797612,31.791646193850074,32.15967513798548,32.48478984667981,32.764473599143585,32.996500676791115,33.17896215248662,33.31028819589532,33.38926789020341,33.41506742002312,33.38724708232597,33.30577695784323
798.0209081477934,20.246336975388154,20.83726653025561,21.43883543836398,22.0498757952149,22.66902117101758,23.294695965353114,23.92510710924992,24.55823881689642,25.191851116001914,25.82348287388275,26.450459974030657,27.06990917497301,27.67877799307432,28.27386069333706,28.85183015617979,29.409275033939043,29.94274125099745,30.448776579156423,30.9239767842785,31.36503173850619,31.768769959444,32.132200285421845,32.45254980466024,32.72729767147619,32.95420498011079,33.13134132443561,33.25710894979112,33.330265425808676,33.34994550480467,33.31568230478686,33.22742725346546
795.9882193743532,20.260242142335674,20.851134091550687,21.45247620146231,22.063083697018566,22.681574920914525,23.306361417079565,23.935640421199867,24.567390429179426,25.199370527916315,25.829124146592566,26.453987810523543,27.071105345201282,27.67744778145846,28.269838956435816,28.8449865012346,29.39951757765335,29.930018407076208,30.433076366825972,30.90532325881933,31.343478322954976,31.744389699231665,32.10507333937287,32.42274880048787,32.69487185714127,32.91916435498781,33.093642097517076,33.21664171378397,33.28684733515749,33.30331749751804,33.2655120260445,33.173317855974915
794.0289026520566,20.273057124111503,20.863461567104522,21.464151574907277,22.073933254478007,22.69141797678407,23.31501305438935,23.942914841687035,24.573104895686726,25.203349838453608,25.83120552596091,26.45402604323301,27.068977905659505,27.67305964929007,28.26312674374736,28.83592147411317,29.3881071369476,29.916305614399885,30.417137169887614,30.88726119094782,31.32341662449596,31.722461025289896,32.08140746305749,32.397458969929936,32.66804068946373,32.890830320640646,33.06378773565682,33.185184701735544,33.25363540057623,33.26812791176112,33.22805606722254,33.13325021074172
792.016473942658,20.283085008577434,20.873681817420525,21.474428224961038,22.0841196001247,22.701358453562847,23.324545729325155,23.951874541543297,24.581326959078503,25.210674432686123,25.837482411278327,26.459119598701264,27.07277215542415,27.675462951018268,28.264075730784537,28.835383789727835,29.38608247516387,29.912824599878782,30.412257680169613,30.88106185533858,31.315987425987963,31.713891178014098,32.0717710214978,32.38679892226782,32.65635256363509,32.87804655180964,33.049764172068016,33.16969063176516,33.236348346939785,33.24863415372514,33.20585743126399,33.10777714771891
790.0142202559647,20.292316049819412,20.881751304287327,21.48117655466388,22.08938788856298,22.70499217940797,23.3263989894054,23.951814883956974,24.579240716524506,25.206472425081863,25.83110582510662,26.450545783446902,27.06202000947271,27.662597506984493,28.249211501733175,28.818686412809544,29.36776819788161,29.893157205622398,30.39154255022689,30.859637016274593,31.29421163008761,31.692129299609867,32.05037730596205,32.366098874213016,32.63662447999799,32.85950386688007,33.03253986037094,33.153824891494416,33.22178064989733,33.23520049654904,33.19329326901617,33.095726060677435
788.0220646178093,20.30175586587435,20.89116126008868,21.490477406198575,22.09850133247569,22.713843508339462,23.334920188095754,23.959948126515346,24.586942186271227,25.21371633124376,25.837888436617497,26.456889241740413,27.067975623638713,27.668248181941234,28.254672910772076,28.82410650889311,29.37332467277412,29.899052560923526,30.397996546011147,30.866876413766644,31.302457341688402,31.701581293288612,32.06119786549176,32.378395069753125,32.650430928197835,32.874767026538024,33.049105189571684,33.17142815960009,33.240044534991114,33.253637300200616,33.21131415624401,33.112656714005915
785.9781498074353,20.31431270232818,20.903044262593635,21.501579296900385,22.1087207900416,22.72308903986091,23.343114520300954,23.967033050712164,24.59288374399937,25.218510171866832,25.84156511586947,26.459519164878042,27.06967327337708,27.669175216561108,28.25503968004953,28.824171524184855,29.373391592146273,29.89946431887084,30.399126375583386,30.869115678047017,31.306200307292958,31.707207230373783,32.06905112991829,32.38876409128592,32.66352726751342,32.89070584469866,33.067888567890535,33.192932689701024,33.26401444896504,33.27968412037509,33.2389234200126,33.14120179790441
784.0062720501763,20.31901398651278,20.90643539504496,21.50357313820807,22.10924537019375,22.722092368517334,23.340569856100352,23.962944527105048,24.5872921987626,25.21149897070658,25.833265699805853,26.450115990256574,27.059407757674403,27.65834825934605,28.244012304279384,28.81336318664294,29.36327575094484,29.89056092661049,30.391991092200627,30.864325766932566,31.30433738665613,31.7088372889819,32.07470246766824,32.39890409220891,32.67853913457754,32.910866599127075,33.093349716856764,33.223704972084306,33.29995795926635,33.320504872569074,33.28417704449186,33.190304581464545
781.983109164842,20.330751353172946,20.916959174134853,21.51279816644109,22.117102278170993,22.728532439373378,23.345570325959287,23.966514220481358,24.589477342330767,25.2123889732539,25.83299862714202,26.448883405146116,27.057458541615546,27.65599099163666,28.24161575161537,28.81135446115227,29.362135733235224,29.890816628749537,30.394204756640608,30.869080660845256,31.31222045248592,31.720419042496584,32.09051478152853,32.419416749575376,32.70413626388491,32.9418242856104,33.129816204431314,33.26568489562225,33.34730195855402,33.37290571731982,33.34117303842286,33.251290524688365
779.9703611262772,20.336218186228077,20.921361401824484,21.516090949284607,22.11925997423678,22.729553311422837,23.345481581370386,23.965377261833417,24.587393058872134,25.20950285129005,25.829505403253417,26.445030933818035,27.053550503267907,27.65238803415949,28.238734645037617,28.80966485784822,29.36215417137563,29.893097499364252,30.399328077215266,30.877636660355535,31.324791170225595,31.737557368351485,32.112721607202765,32.44711714383351,32.73765581170577,32.98136691918636,33.175444977604705,33.31730718451725,33.4046604818716,33.43557653728223,33.408571317603254,33.32268428595097
778.0284758422158,20.347483612400797,20.93128562390376,21.52462641451167,22.126382497599,22.735267404164507,23.349826116428694,23.968431339164834,24.58928188428911,25.210403389159445,25.829651508947638,26.444717619972508,27.053136949556233,27.652298919208295,28.23945936754255,28.811754228190388,29.366214200653285,29.899779993921012,30.409317865561672,30.891635435388437,31.34349811958915,31.761646983571215,32.14281929899296,32.48377353498705,32.781320815164236,33.03236491807926,33.233952582144724,33.38333511859735,33.47804111792061,33.51595842105969,33.495421684710735,33.41530006860693
775.9757895553658,20.35114194788342,20.933231125080553,21.524833246508347,22.124853712151168,22.73204061035623,23.344979433833046,23.96208948558578,24.58162220354305,25.201661574932963,25.820126731394215,26.434776715905475,27.043217299189187,27.64290960729431,28.231180219606053,28.805232328225756,29.362157539319305,29.898947968777097,30.412508458557934,30.899669027187954,31.357198063283146,31.781817248439335,32.170219703375196,32.5190933097197,32.82515146654719,33.08517357896941,33.296057232273014,33.45488319357113,33.55899307614173,33.60607776076579,33.594272665590566,33.52225397594339
773.9938080495356,20.3593039879959,20.939586789303323,21.529352446338812,22.12753582868166,22.732920160712307,23.344131991154857,23.959637702412625,24.577741743701022,25.19658671229899,25.81415532782758,26.428274248576653,27.036619573536072,27.636723770382314,28.225983684353128,28.80166923605454,29.360932430830495,29.900816401364786,30.418264407487168,30.910129032108514,31.373182233828345,31.80412741789078,32.199615214977904,32.5562651315432,32.870695550943054,33.139564600563745,33.35962403626621,33.52778743744471,33.64121261746608,33.69739629109554,33.69427687758053,33.63033915499776
772.0219254226821,20.36616972954059,20.945409745061443,21.5341771778221,22.131436265701733,22.736003895059927,23.34654459003991,23.96156689388611,24.579421292376143,25.198299769998027,25.81623701260857,26.43111317974684,27.040658072931006,27.642456434752813,28.233954043443088,28.81246423875921,29.375174549899228,29.919153216756744,30.441355620034738,30.93863097202517,31.407730061536622,31.845315365781147,32.24797538546648,32.61224554522559,32.93463832205164,33.21168529388304,33.43999341176797,33.61631688947022,33.737644630106814,33.80130112325842,33.80505642862153,33.747238531426284
770.00077000077,20.370475247593777,20.94820666667911,21.535500311711836,22.131353365948353,22.73462066842819,23.34400979897748,23.958077411076708,24.575226928292185,25.19370766029953,25.811615319474924,26.426893832761174,27.037338253692024,27.64059849778733,28.234183566904225,28.815465914103434,29.38168565194809,29.929954445343963,30.457259172383925,30.960465791482935,31.436324313941597,31.881476320882378,32.29246702942003,32.66576442335926,32.99778830922398,33.284952208842476,33.52372061975637,33.7106832500005,33.84264630690758,33.91673883181795,33.93052960077741,33.882147583225894
767.9901697258275,20.37461092473218,20.9510000211258,21.536993597592335,22.131621623617043,22.73377669042046,23.34220919739528,23.955523644497863,24.57217611152885,25.19047294489107,25.808570598573535,26.42447649335638,27.036050674536988,27.641007975708607,28.236920350143293,28.82121903147996,29.391196253128015,29.944006412142308,30.476666825403765,30.98605860211761,31.468928640916175,31.9218943258465,32.34145309093803,32.72399956588854,33.06585339378025,33.363300889698124,33.612653341418735,33.810323811610104,33.952922711929006,34.0373702110445,34.06102088385103,34.0217932482524
765.9900421294523,20.381132022741177,20.954938185187732,21.538373643573404,22.130509263877055,22.73028431347502,23.33650169540529,23.947824132566158,24.562771353175876,25.17971827030465,25.796894078242584,26.41238211157258,27.024120236946448,27.62990148421821,28.227374588002203,28.814044121387916,29.38726998096476,29.94426614679088,30.482098909250453,30.997685135699218,31.487791638864653,31.949037282314958,32.37790006699318,32.77073200822163,33.123785024986596,33.43325118597129,33.695320338878496,33.906257250972615,34.062498818371836,34.16076966612506,34.19821171420883,34.17252035776291
764.0003056001223,20.384488851845344,20.956708893516584,21.538633555520974,22.12937070850171,22.727901336069927,23.33307475632774,23.943604655379932,24.558065958151914,25.1748925043508,25.792375429901416,26.408662081466154,27.02175522157022,27.629512225726906,28.22964394568474,28.81971293254797,29.397130800117818,29.95915468239593,30.50288301666974,31.025251274483452,31.523028763978196,31.99281821680377,32.431060504454386,32.83404742567427,33.19794595883554,33.51883754089878,33.79277565876248,34.01586416560226,34.18435715446461,34.2947789206074,34.34405966168687,34.32967943128067
762.0208793720948,20.39159863199792,20.962898452725298,21.544012344561814,22.134080133569466,22.732118033721353,23.337013742516962,23.947522239371526,24.56226229730549,25.179713663006623,25.798214795879694,26.415960987976987,27.031002621382704,27.641243268699828,28.244437320214193,28.8381868456469,29.419937488797228,29.98697336966196,30.536411247908852,31.065194594231997,31.57008872056029,32.04767871678345,32.49437258659331,32.906412593777475,33.27989831427714,33.610825097072436,33.89514140411762,34.12882766188032,34.30799768969254,34.429021442102496,34.488664837106086,34.4842391638072
759.9939200486397,20.395207442713257,20.964856931820147,21.544393996134644,22.13299527603245,22.72971852257246,23.33349772118324,23.943138796385607,24.55731588458731,25.174568107053172,25.793296712324302,26.41176239141933,27.028082507689874,27.640227937015528,28.246019197253055,28.843121575694116,29.429039059086755,30.001107052323885,30.556484156727862,31.092143678422854,31.604866051975097,32.09123397754329,32.5476327405004,32.97025883946143,33.355140584746735,33.698174601076325,33.99518200383927,34.24198723864457,34.43452103205639,34.568946539652316,34.64180469445463,34.6501712665164
757.9777154551656,20.400314767526936,20.96942824315811,21.548566748207193,22.136937395002708,22.733631040358482,23.33761722206363,23.947739575221046,24.562711703778685,25.18111342967028,25.80138728197379,26.421835026118263,27.040613975837786,27.655732788807413,28.265046434496885,28.866250056584903,29.4568715513752,30.034262867790396,30.595590321561275,31.137824618488143,31.65773180096329,32.15186695352042,32.61657318849621,33.047989112376875,33.442068540456674,33.794616536605695,34.10134572853264,34.35795609745966,34.56023990272079,34.704211001685856,34.786254648178975,34.8032902064124
755.9721802237677,20.404416816194306,20.972355968826083,21.550450960250846,22.1379448895203,22.73396814532835,23.33753323642915,23.947530004208073,24.562721181189055,25.18173820822337,25.803077165604073,26.425094613910574,27.046003086105078,27.663865933357158,28.276591216528207,28.881924369508017,29.47743945833452,30.06052904090113,30.628392914395267,31.17802643499502,31.7062096108928,32.20949879399758,32.684223493475706,33.12649154073866,33.532206447957094,33.897101176786464,34.21679248988097,34.48685939516784,34.702947730696074,34.8609005738442,34.956910945800935,34.9876895024348
753.9772298876574,20.407823663228136,20.974410776188535,21.551267434446792,22.13767146048792,22.73279148348156,23.335681677811117,23.945276788555756,24.5603873958923,25.17969532106288,25.80174902140545,26.4249587653385,27.04759132695425,27.667763903692173,28.283436952218977,28.892405672930643,29.492289970679384,30.080522897928827,30.65433786522247,31.210755297252895,31.746569927039502,32.258340547360056,32.74238474736146,33.19478189271116,33.61138826102849,33.98786867859013,34.31974903618339,34.60249348267034,34.831608705787104,35.0027753828328,35.11200364191896,35.15580547298457
751.9927808693037,20.411950520206965,20.977377434587797,21.55320695044371,22.138751900434073,22.733219272372818,23.33570485271797,23.94518807166643,24.56052699252623,25.18045334041018,25.803567412273903,26.42833265607098,27.053069657815993,27.675949240880428,28.294984374155174,28.90802062006609,29.512724947677025,30.106572909645543,30.686834453682565,31.25055902520954,31.79456112639319,32.31540812262341,32.80941280500388,33.27263397130854,33.700888984498675,34.089782768558145,34.43475782202535,34.73116935353428,34.97438835488293,35.15993316945068,35.28362687414694,35.341773792148494
750.0187504687617,20.416073509931312,20.98049607505944,21.555452674181698,22.14028765175874,22.734242279656915,23.33644928757292,23.94592752400898,24.56157668482409,25.182172000636335,25.8063587235259,26.43264620152563,27.059401282441947,27.684840755421543,28.30702253109617,28.923835293822528,29.532986449878106,30.131988362658234,30.718143129251242,31.28852652897969,31.83997227372512,32.36905831003276,32.872097642484185,33.34513691649249,33.78396672829062,34.18414818610897,34.54106044666081,34.849973573965165,35.106149884049294,35.30497476935476,35.44211479469797,35.513696807017105
747.9991024010772,20.42126067057085,20.9853549879259,21.560120894871265,22.144928721824215,22.739047770089048,23.341640715322793,23.951758079185993,24.568332700467305,25.190174092435935,25.815962523821838,26.444242610447322,27.073416159081024,27.70173397307884,28.3272863222322,28.947991811380422,29.561584470945515,30.16559905679115,30.75735480634953,31.333938270395475,31.89218633683989,32.42867118467512,32.939689634080125,33.421260145959785,33.86913148580839,34.278807670244355,34.645594075956744,34.964669282810185,35.231186103237434,35.44040311858645,35.587844828305684,35.669484380231104
745.9903021260724,20.425468294791667,20.988464654926826,21.562275654725976,22.146304341989293,22.739855475626204,23.342129815229814,23.952218416077432,24.569096857903155,25.19161929338557,25.81851215528453,26.448367313062075,27.07963442617509,27.710612210025932,28.33943832258904,28.964077608749186,29.582308521970056,30.19170769785662,30.7896329011904,31.3732049254526,31.93928950512902,32.48448090947723,33.005089607843395,33.49713719038696,33.9563625163202,34.37824371912462,34.75804104580786,35.090865317564564,35.37177582044179,35.595909443996966,35.75863977505507,35.85576073579279
743.9922624804702,20.43064462117295,20.993325298524447,21.56698600773513,22.151056897797968,22.744871473298993,23.34766069106265,23.95854700707077,24.576538301529567,25.200521569766934,25.829256222050365,26.461366789713882,27.095334793391395,27.729489499253074,28.361997281232057,28.99084933455084,29.61384756452704,30.22858862315854,30.832446304087586,31.42255285309672,31.995780220945083,32.54872288349987,33.07768456980907,33.57867203546993,34.04739982330291,34.479310645287185,34.86961642332436,35.21336491373254,35.50553595303772,35.74116946251139,35.915524302845434,36.024262960338504
742.0048972323217,20.432024529102186,20.993626326646794,21.566329398992288,22.14959487358929,22.742790332655137,23.345183913793942,23.955938307042427,24.574104569310013,25.198615637564767,25.82827937817134,26.461770964614296,27.09762433438185,27.73422244525544,28.369786041518484,29.002360664453697,29.629801714680234,30.249757514721935,30.85965054866126,31.456657391585985,32.037688301274464,32.59936803666993,33.138020185782025,33.64965809922676,34.129986368637155,34.57441754784922,34.97810931786697,35.33602731464981,35.64303810143909,35.89403501015256,36.08409662399415,36.2086735547721
739.9733609590055,20.437870436574187,20.999602759130948,21.5726196791374,22.15640520064945,22.750350502109008,23.353747788486274,23.965784001325776,24.58553431268923,25.21195529218668,25.843877595288742,26.479997978761446,27.11887040994671,27.758896007484932,28.398311541272285,29.03517624116124,29.667356732305862,30.29251004796384,30.908064887694163,31.511201610102024,32.09883189174704,32.66757955747777,33.21376478834569,33.73339471450087,34.22216424086887,34.675471724947464,35.088454663512294,35.456050623585185,35.77308800329508,36.034409559702645,36.23502880183402,36.37031531972585
738.0073800738007,20.442301841388954,21.003225036867857,21.575558355069337,22.158811919729292,22.752405128627508,23.355660432595577,23.96779693196913,24.587923715456686,25.21503283114959,25.847991740061502,26.48553506179203,27.126255383939128,27.76859287808921,28.410823454425202,29.05104520584834,29.687162955607704,30.31687084715679,30.937633120803635,31.546663528816477,32.14090426713512,32.71700585965062,33.27131011955035,33.79983910949342,34.29829387362567,34.762067519195206,35.186277825888006,35.565824736859575,35.895477565714614,36.16999525521787,36.38428032741982,36.53356323006815
735.9976448075366,20.44816686010985,21.00921374872008,21.581848501473505,22.16560307023903,22.759919379849194,23.364142889215678,23.977515938654733,24.59917081388406,25.228122424573833,25.863260458780747,26.5033408364496,27.146976249369878,27.79262554743155,28.438581720024693,29.08295823799906,29.723673579701746,30.358433881048846,30.98471384343575,31.599736324582814,32.2004514447168,32.783516576930985,33.345279257790104,33.881765833842174,34.38867950203144,34.86141221322723,35.29507553788183,35.68455582827677,36.0245985860382,36.30992557089209,36.53538563445934,36.696136462336064
733.9988256018789,20.4505274655524,21.01209331794852,21.585394660632506,22.16998082676146,22.765312062572917,23.370752999217505,23.985565885293358,24.608903509664465,25.23980171209847,25.877171343173952,26.519789497042225,27.166289804757486,27.81515154771753,28.46468733835219,29.113029129369522,29.758112367413762,30.39765821866225,31.0291539819359,31.64983208985317,32.25664849997139,32.8462618104636,33.41501510266429,33.95892330047875,34.47366969823205,34.95461615388015,35.39683212593466,35.795148036803994,36.144238100214025,36.43873645712329,36.673387968522974,36.843231216588656
732.0108337603398,20.456333883421635,21.01813645915781,21.591841812405594,22.177019104011315,22.77314904063436,23.379617149915372,23.995706786009368,24.620591799018015,25.253328772055347,25.892848695986757,26.537947916364303,27.187278153243405,27.839335367757247,28.49244723716952,29.144759012924947,29.794217587222604,30.43855369909355,31.075262389723473,31.701582089212327,32.314473102927465,32.91059678071171,33.486297302207255,34.037588784020286,34.56015126759752,35.04933999582855,35.50021309020411,35.90758309184542,36.266097560436386,36.57035273468572,36.81504188118895,36.99513627470974
729.9802905321555,20.458797525916292,21.020222374239115,21.59369696391002,22.17881358427899,22.775077527863235,23.38190027159234,23.998592363027665,24.62435594781982,25.258276846714484,25.89931605863228,26.546300532588194,27.1979130186719,27.852680781913406,28.508962949711805,29.16493627329422,29.818579128985782,30.46765368151087,31.109686297459522,31.741946552648468,32.361425542582374,32.96481469747184,33.548486930587984,34.10848270294344,34.640504432892094,35.139923539957955,35.60180515666904,36.02095597321655,36.39200053534978,36.70949029356494,36.968047519228044,37.16254270335356
728.013977868375,20.464616261729965,21.026263505609446,21.600120726637513,22.185799142480178,22.782823630980474,23.3906257460779,24.00853641419007,24.635778251450088,25.27145741634066,25.9145548827139,26.563916986612806,27.21824506964858,27.876084016522835,28.535809471278135,29.195613525181237,29.853488710801795,30.50721022686982,31.15431647472599,31.79208822952937,32.41752711813265,33.0273345482448,33.61789284003318,34.18525104625014,34.72511877908919,35.23287222095632,35.7035772582551,36.132035152968555,36.512856100806665,36.84056511619249,37.10974264353814,37.31519894211797
726.005517641934,20.4670014747831,21.02918497489691,21.603727231740535,22.19025645165814,22.788315398439064,23.397354330001313,24.016723594152275,24.64566582366203,25.283307645663385,25.928650791439527,26.580562461533635,27.237764770589155,27.89882307078022,28.562132938539662,29.225905615433255,29.888151732220997,30.546663230218847,31.198993543836696,31.842436342743948,32.47400347241072,33.0904031965777,33.688020446372676,34.262901515819294,34.81074648503178,35.326913534714464,35.80644011930606,36.24408650512783,36.634407197975634,36.97185497331888,37.250920274366976,37.46630545151715
724.0081088908196,20.47055670757425,21.032892401145055,21.60773947219737,22.194743973026416,22.79346710257735,23.403377989447552,24.023846113641156,24.654133312068833,25.293385289734957,25.940622531926444,26.594730483903188,27.254448836112427,27.918359728839437,28.584874676440325,29.252220016230716,29.918420721859057,30.581282499739643,31.238372227029263,31.886997010331974,32.52418246652722,33.1466512699741,33.75080358689901,34.33270172796074,34.888062170553894,35.41225897373086,35.900343419535716,36.34708528871921,36.74704126959556,37.0946553038122,37.384393882081746,37.610916191877465
722.0216606498195,20.477057209954843,21.03979777332891,21.615193366385956,22.202905615101386,22.802511798641103,23.413497504251772,24.03524890338365,24.667044597597513,25.308046961431693,25.95729288456044,26.613683788515374,27.275974766285053,27.942762670007674,28.612472958342888,29.28334511886696,29.953416512614886,30.62050456133506,31.28218732981102,31.935782765015727,32.57832716153473,33.20655384815495,33.81687364792963,34.40535935549271,34.967737281170194,35.49938977703664,35.9953734810793,36.45045862351711,36.859194894711,37.21600877848213,37.51533559433546,37.75178652636603
719.9942400460797,20.48135395685034,21.045887269610912,21.62326036410425,22.213143037389916,22.815119813440404,23.42868235583997,24.053221488324517,24.68801877745874,25.33223761212101,25.984913691444245,26.644944807588406,27.31107978436861,27.98190641090111,28.655838196449523,29.3310997762254,30.00571082839284,30.677468433343865,31.343927933930562,32.00238255892273,32.649842372162155,33.28301352644072,33.89827934865918,34.491685464177905,35.0589319648437,35.59537648400489,36.09605286041214,36.555710684864664,36.96888119150845,37.329974382675225,37.63341064806496,37.87378721213808
717.9781734635267,20.48716908054011,21.051899103617576,21.629619756925276,22.220019649001408,22.822703038788617,23.437182138561855,24.062869001852512,24.69906695278587,25.344961495223988,25.999610618845455,26.661934395816473,27.33070373798932,28.004528163893195,28.681842412180814,29.3608917408644,30.039715779448322,30.71613086675099,31.387710926718885,32.0517671265994,32.705326846961924,33.34511289134949,33.96752439061384,34.56862151845592,35.144116915682794,35.68937757401665,36.19944176107424,36.66905621880121,37.09273910913664,37.464873720220204,37.77983646572027,38.03215994665015
716.0246312473149,20.491100605980797,21.056105453059132,21.63423195546812,22.22518373205211,22.82858067707515,23.443951166039746,24.070723830847953,24.70821886351523,25.355638791095316,26.012058644815518,26.676415424561828,27.347496737593477,28.023928470747368,28.70416134310614,29.38645618793852,30.068867838015993,30.7492275494323,31.425124011175452,32.093883169194946,32.75254736484414,33.39785466864176,34.02621979795115,34.63371864849606,35.21607923318966,35.768682665331966,36.28657865879811,36.76452069615475,37.19702631618002,37.57846760826024,37.90319565347242,38.16570004569579
713.9797229758674,20.493859923626633,21.05976302369322,21.638941152346206,22.231109581975918,22.835899731020632,23.452851201801728,24.08140337393816,24.7208865173455,25.370512374101605,26.029364140787063,26.696385763078784,27.370370434024668,28.04994816936597,28.73357232188369,29.41950489843397,30.105800566985664,30.790289298341474,31.47055769315981,32.143929217187996,32.8074438262022,33.45783782724854,34.09152531146118,34.70458311421223,35.292742001367714,35.851387607327766,36.37557547847359,36.86006526220922,37.2993794142513,37.68789149555104,38.019947879509196,38.290024210166
711.997152011392,20.497794118982,21.06397234315928,21.643555966798765,22.236275383377976,22.841777815901196,23.459619266270774,24.08925600404695,24.73003556085954,25.381187183398417,26.041811681774277,26.710870591805215,27.3871745509283,28.06937077054156,28.755929476726983,29.44512919249612,30.135040756343876,30.823510025202896,31.508139309147847,32.18626774768889,32.85495108282739,33.51094163249166,34.15066973726612,34.77022855331631,35.365364788809856,35.93147879597906,36.46363826004275,36.956610435397415,37.40491826496754,37.80292550775032,38.14495487768409,38.42544087386627
709.9751508697195,20.50186524951782,21.069669112399794,21.65103080894287,22.24568775455971,22.85329362511099,23.47341013060845,24.105498312832133,24.748909335281546,25.402874721486388,26.066495982582573,26.73873355786365,27.41839497415676,28.104122113841377,28.794377471094972,29.487429277405727,30.181335398824704,30.87392595995469,31.56278474752655,32.245229606904445,32.91829228774398,33.57869854085667,34.22284973531755,34.846807863465585,35.446286526174866,36.01665130843094,36.552933790190345,37.049864155656074,37.50192776069686,37.90345081816223,38.24871924550058,38.53213239272794
708.0147267063154,20.50890608207133,21.07727652903473,21.65934206294018,22.25485294172257,22.863475891583914,23.48478574740856,24.11825660354325,24.763252447802774,25.419017241087424,26.084664392022173,26.75916556109794,27.44133871316123,28.12983532300716,28.823126629913528,29.51948883865266,30.216987184565856,30.913458829138026,31.606494643676584,32.29342008875079,32.97127562509897,33.63679741794966,34.28639953947245,34.916159444871035,35.52180919326993,36.09873567604153,36.641993933489815,37.146338360928844,37.606277033660355,38.01615425370577,38.37026542864496,38.663006237538255
706.0152499293985,20.509993179247736,21.079623627882153,21.663107842236947,22.260206786375154,22.870597770289336,23.49386593896975,24.129495255189983,24.776858951067947,25.43520941412979,26.10366746188881,26.781210945334127,27.466662607352564,28.158677109088003,28.85572712901798,29.55608844130995,30.257823899269983,30.9587662965854,31.656500166820507,32.34834272661456,33.031324389291974,33.702169593473414,34.35727912463826,34.99271566893864,35.604195026371556,36.187086198067945,36.73642438394681,37.24694166088497,37.71312056758194,38.12927573869209,38.4896677951308,38.78865160557562
703.9774727208729,20.516733393048163,21.087141312294655,21.67153080576143,22.269671881723532,22.8812505860518,23.50586031696508,24.142992619804463,24.792027441947827,25.45222282074925,26.12270396805928,26.80245170387174,27.490290179969858,28.184873824020176,28.88467342854312,29.587961312404243,30.292795501884232,30.997002923562267,31.698161684709607,32.39358265422457,33.080290766602836,33.75500677269482,34.414130572511624,35.05372779973182,35.66952198433015,36.25689537471367,36.81090229232531,37.32629960540542,37.797599363948834,38.2191485850061,38.585240315840096,38.89025813549021
702.0007020007021,20.518574201425313,21.090301687162892,21.676164123510727,22.27594116927315,22.889328343710837,23.515928202531,24.155240981334597,24.80665468945211,25.46943463104528,26.142712322307478,26.8254737639045,27.51654701736979,28.214589024760443,28.91807160544431,29.625266566994817,30.33422988548017,31.042784953173097,31.748504971063408,32.44869469482877,33.14037194420621,33.820249576751344,34.48471902668285,35.129837031519756,35.751317814769266,36.344533740490924,36.90452824719984,37.426045594272544,37.90358243787738,38.33146624912613,38.70396479437004,39.015429014000475
699.9860002799944,20.52507509638933,21.097435810367095,21.68405992345925,22.284739275773102,22.899181880735657,23.527002984433697,24.16771557341595,24.82072031537495,25.48529491238261,26.160582839857838,26.845581436497508,27.539129301830833,28.239892950477522,28.94635266834797,29.656787520202403,30.369259476472045,31.081596668810658,31.791375860153394,32.4959043408669,33.192201655482314,33.87698184392144,34.54663726597256,35.19722558224753,35.82446209163137,36.42372035540829,36.99004481796389,37.518179858893525,38.00262021252925,38.43768772906789,38.81763873133861,39.13680443974917
697.9828296223913,20.527232974290325,21.100959147764332,21.68907946688354,22.291391300163163,22.907607573887223,23.537347668032886,24.180127749909367,24.835350533509366,25.502294449166627,26.180102203110796,26.867768700160052,27.56412829583689,28.267841338127308,28.977379956508248,29.691013060809023,30.406790530974167,31.122526619324695,31.8357826608022,32.543849308354915,33.24372869739734,33.93211721437424,34.605389918799084,35.25958816020958,35.890412544677936,36.493224122216326,37.0630574348133,37.59464978348002,38.082491576292085,38.520902672818664,38.90413895182904,39.2265315972056
695.9910913140312,20.533379287725868,21.107507143581195,21.696149270877726,22.29911679403408,22.916137138175174,23.546844869941953,24.190771961224584,24.847337464634215,25.515836587126028,26.195429144360475,26.88512737334168,27.583783075250555,28.290074055539552,29.00248982662861,29.719316543697797,30.43862116173006,31.1582348400939,31.87573569034307,32.588431077402504,33.293339860726284,33.98717521931877,34.66632906181456,35.32685949557117,35.9644834224409,36.574577029631016,37.15218770562245,37.69206163963429,38.1886919022538,38.63639192801203,39.02939874104458,39.36200867723778
694.0106877645915,20.5351870315559,21.110581453959373,21.700608845812404,22.305086411416077,22.92374739601834,23.556231817665196,24.20207661143036,24.860705176131432,25.53141631188021,26.213372533691945,26.905587742057726,27.606914226459732,28.316028973545418,29.031419250327012,29.751367437968113,30.473935108939745,31.196946377399637,31.91797062021216,32.63430477785393,33.34295561736829,34.04062259267318,34.723682290380715,35.38817591799271,36.02980188242064,36.643916207713055,37.225544307126114,37.7694083640977,38.26997513421873,38.721529129400004,39.11827559706233,39.45447615053268
691.9936336585704,20.54351005520932,21.120319324910806,21.71191961695053,22.318136195915223,22.938709624111514,23.573286255237097,24.221408120761215,24.882502204228118,25.55586909929769,26.240671046980715,26.935919346332998,27.64046113134809,28.352965506034497,29.07190903168382,29.7955605684069,30.521965492135884,31.24892934567148,31.974001047891704,32.69445589183394,33.40727872590457,34.10914795115103,34.79642130004164,35.46512480421119,36.110946916866816,36.729240418753456,37.3150354631731,37.86306781868811,38.367826901023115,38.82362833316775,39.22471525936623,39.56539116683253
689.9882701994067,20.543469476923324,21.120896536533106,21.713224809289965,22.32028900888053,22.941839332910295,23.57753186625801,24.226918364370196,24.8894354133127,25.56439296507289,26.250962247514607,26.948163048618078,27.65485037462435,28.369700482438084,29.091196289953995,29.817612176893586,30.54699820794734,31.277163846319123,32.00566128858533,32.72976865349662,33.44647341335847,34.15245668473351,34.84407931399442,35.51737111875504,36.16802518626263,36.79139977540033,37.38253108206658,37.93616082675774,38.44678316808603,38.908715628911175,39.316198273397035,39.6635239974619
687.9944960440317,20.551689887771524,21.130298829471002,21.723934280345656,22.332439331085016,22.95557254637033,23.59299826513253,24.24427626762588,24.908850807335874,25.586039008276288,26.27501863013703,26.97481520508085,27.684288551127015,28.40211866890063,29.126791032755094,29.856581296738614,30.5895394550026,31.32347353155979,32.055932934884396,32.784191710772745,33.505232077272886,34.21572884603606,34.91203564385798,35.590174263066324,36.245828998776176,36.874348467783676,37.47075811289317,38.02978729988942,38.545915476306874,39.01344207764155,39.42658447020111,39.779606911813715
686.0122110173561,20.55319724881711,21.133039698778386,21.728048895589847,22.33807657684004,22.962889731872124,23.60216075284859,24.255456935186984,24.922229327127905,25.601800931945125,26.293354269652255,26.995918308035726,27.708354775772634,28.429343874073226,29.15736940926517,29.89070337964406,30.627390069906408,31.365229741726,32.10176206821922,32.834249554792606,33.559661333874566,34.27465793365224,34.97557791974692,35.65842771058079,36.31887638176809,36.95225789660434,37.553583895957615,38.11757087719528,38.63868615677673,39.11121724571839,39.52936890794017,39.887390921428526
683.9945280437756,20.55502959815921,21.136158776120393,21.732576182560134,22.344139601688234,22.970621734678552,23.611700225243933,24.266947022661515,24.935817083785825,25.61763642025663,26.31158950151306,27.01670602836984,27.731847096064406,28.45569077056153,29.18671710892398,29.923192666195423,30.663154551437316,31.404394130237197,32.14444052857136,32.880544184711034,33.60966083637545,34.32843653678796,35.03319458434427,35.71992564345038,36.38428283930239,37.02158422272161,37.62682569195146,38.19470815476916,38.719683287912225,39.19602250535135,39.61791342058686,39.97958688269813
681.9886789879288,20.56292202382483,21.145168577030457,21.742819617120784,22.355740089830217,22.98370967067593,23.626412659836184,24.283427197503194,24.954213802244247,25.638103240586094,26.334283741673048,27.04178757644164,27.759477026542356,28.486029774876485,29.21992375841834,29.959421537275112,30.702554255422218,31.44710530388089,32.19059385434203,32.93025852134834,33.66304154818925,34.38557411251497,35.09416363076454,35.78478432303635,36.45307279297176,37.094330977284734,37.70353949773999,38.27538513536887,38.80430671737157,39.28456396902743,39.71033357788991,40.075835549514046
679.9945600435198,20.564647033861295,21.14825433456776,21.747403113798235,22.36196478564902,22.991724904988576,23.636372875186776,24.295490958585987,24.968542595125783,25.654860041801708,26.35363135316645,27.06388673085483,27.784484278322164,28.51409520618793,29.251188544933758,29.99401543730083,30.7405931059739,31.48868862825614,32.23580270598778,32.9791537063195,33.715662380550604,34.44193786034126,35.15426580113543,35.84859990854871,36.52055855595408,37.165428778158535,37.77818057981788,38.35349516205175,38.88581122631139,39.36939377489779,39.79842954195294,40.167152068123535
678.0120686148213,20.56762029489198,21.151947600628816,21.75192372946521,22.367429936535157,22.99826205819248,23.644120173601504,24.304597557542817,24.979168929852356,25.66717801473028,26.367824431354066,27.08014994577482,27.803024123112248,28.535129429072732,29.27494584183384,30.020735051271533,30.7705243455223,31.52209031988977,32.27294259732475,33.02030783311881,33.761114402133984,34.49197835088382,35.20919145706626,35.90871259323108,36.58616405159323,37.236835053498886,37.85569531617796,38.43742221999612,38.97644569697033,39.46701526550481,39.90329342000076,40.2794785563109
675.995403231258,20.57274456307207,21.157963253228424,21.758941797476925,22.37556949371904,23.00765021749048,23.654891974437344,24.316895728793476,24.993143514450338,25.682985844106504,26.385628441501453,27.100118331841788,27.825329336326305,28.559947028579845,29.30245322472263,30.051110096441175,30.80394402067799,31.55872931496409,32.31297206071512,33.063894297432164,33.80841899118158,34.543156356439866,35.264392358944455,35.96808056599352,36.64983895260696,37.30495381835752,37.928393599522444,38.51483601738109,39.058712577201405,39.55427475037667,39.99568599431055,40.377142805190154
673.9906989283548,20.57490334692678,21.16146655539034,21.76391684270145,22.38214973208157,23.015974915856248,23.665105660458043,24.32914747227836,25.007586032810718,25.699774421576507,26.404919656221608,27.12206859086489,27.85009322634222,28.587675499752297,29.333291636460785,30.085196166983046,30.841405736580715,31.599682871196936,32.35751991585939,33.11212343989421,33.86039951925222,34.598940475015155,35.324013886036205,36.03155502010626,36.717164255417174,37.37611159479308,38.00335099014665,38.593547839711896,39.14112359093126,39.64032170869232,40.08529911642042,40.470246303424474
671.9978496068812,20.579069345222237,21.167154886698288,21.771262083380325,22.391292411565132,23.027060967225594,23.67828569442082,24.34457585458723,25.02541974641003,25.720171697176063,26.42803835881807,27.1480643552287,27.879117341906536,28.61987255487703,29.368796943809585,30.12413300571091,30.88388246295733,31.645789966689918,32.40732705975068,33.165676711004146,33.917718846695166,34.66001746912974,35.38881018544567,36.10000128687681,36.7891599352464,37.45152553135205,38.08202294138404,38.67529088988425,39.22572738817383,39.72755638935052,40.17491971194461,40.561997373340866
670.0167504187605,20.58435183384518,21.173287000420206,21.77834454339868,22.399433815292337,23.036377981469172,23.688903181874256,24.356626921444228,25.039045699093435,25.73552189697337,26.44526996479237,27.167341948274355,27.90061242636383,28.643762938775048,29.395266004540314,30.15336885457212,30.916077029148603,31.68113802834033,32.446025255391625,33.207922568176755,33.96370986330369,34.70995027559027,35.4428797993531,36.15840044473589,36.8520784464543,37.51914954831209,38.154533979205716,38.752864366187374,39.30853039945876,39.81574441181149,40.268631932277486,40.661350440762575
668.002672010688,20.588993013195214,21.179480718087948,21.786223338474223,22.409135816534157,23.048046344828265,23.702685355961403,24.37267372208389,25.057510175472466,25.75655797440265,26.469030853008938,27.193978309780565,27.930270306765085,28.67658147063072,29.431374907977343,30.192885771782212,30.95910474563973,31.72776165091169,32.496309434372144,33.26190886823801,34.021414401434264,34.771361754505364,35.50795806731834,36.22707570600694,36.92425122797858,37.59469149634307,38.23328951355713,38.83465316130827,39.39315059402675,39.90297637863197,40.358242377314134,40.753096555695166
666.000666000666,20.590265584153137,21.181829386262013,21.78976750026548,22.414002047094343,23.054368151274158,23.710602785420328,24.382332805480953,25.06906218900928,25.770158502908295,26.484838643067253,27.21215390607046,27.950974472696597,28.699973404376898,29.457610277549797,30.222114607867084,30.991469248236722,31.76339398477819,32.53532960777476,33.304422807881785,34.06751235133897,34.821117135000634,35.56142692858641,36.28429689465856,36.985247350984835,37.659470710964975,38.3018480931696,38.90697868672938,39.46922550429837,39.98278149644217,40.44175992175755,40.84031209470606
664.0106241699867,20.59535433340281,21.187662612234387,21.796451547930786,22.421653335590953,23.063113689595326,23.720580647649324,24.39369255202393,25.081965219440065,25.78477832563536,26.50136104721226,27.230777021862455,27.971908708478743,28.72344125108867,29.483845975303765,30.251363673862173,31.023987870413336,31.799448290715556,32.5751948223837,33.34838231505511,34.11585667202751,34.87414282492644,35.619435380512094,36.347593000508404,37.05413793668764,37.734262601990004,38.382845604748944,38.99448026760861,39.56351921024385,40.0841389496953,40.5504284503341,40.95650486715885
661.9886137958428,20.59998462725937,21.193818176350643,21.80425981550314,22.431247160623702,23.07463084927698,23.73416318791106,24.40948595868063,25.100117398423556,25.805438377963128,26.52467782772829,27.256897475680006,28.000975985670998,28.75559260869049,29.519210486199093,30.290059774592336,31.066120794109914,31.845107446729184,32.62445119990456,33.401286002874045,34.172434598926735,34.93439683299691,35.683340744678674,36.4150974993668,37.12516156037392,37.808697950954354,38.46055898910293,39.07531346229443,39.647291761367384,40.17065086959388,40.639463093580886,41.04783175848723
659.9788806758183,20.60106584880616,21.19584716616769,21.807335362586837,22.43547476431774,23.080122803599302,23.74103859917255,24.417870684981203,25.11014389948598,25.81724546407487,26.538410297418935,27.27270563327373,28.019015032110495,28.776021902079517,29.54219267233634,30.315759792243092,31.094704764609283,31.87674146225624,32.65930002870116,33.43951173182451,34.21419523303669,34.97984486599809,35.73262170382222,36.46834844931534,37.18250952558129,37.87025818401421,38.526432977359285,39.14558653251048,39.72203012177608,40.24989793275297,40.72323496650521,41.13611188160208
657.9813133307014,20.603481244220212,21.199791648817698,21.812935843976486,22.44286265826287,23.089433312133124,23.75240980997453,24.43144246071801,25.126056541179466,25.835638133668894,26.559419189418286,27.2964618920013,28.045642420091543,28.80563423659067,29.57489106143505,30.35162971865207,31.133813085463334,31.919133414398527,32.704996351981706,33.48850604523244,34.26645181841751,35.03529702888318,35.79117088728143,36.52986427108703,37.24683088730558,37.93719556085777,38.59577193440905,39.217092430696425,39.79545387336189,40.32498255119015,40.79972253910401,41.213750492572544
655.9958016268696,20.611232186797615,21.20857709012565,21.822856527842244,22.454026292456394,23.101954664691,23.76641073210747,24.447051822655204,25.14341006687919,25.854878120379933,26.58069409876113,27.319925800711463,28.071454320984337,28.833957183794915,29.60589115857503,30.385474954404785,31.170672027606795,31.959173780708596,32.74838348347351,33.53540131329458,34.31701100102547,35.08966869066263,35.84949479189779,36.59226984052059,37.31343569979716,38.00810384759146,38.67107299618744,39.29685885462865,39.879739394135775,40.41381938378199,40.893118024594386,41.31168296117172
653.9794650447976,20.613778813282504,21.2127972233504,21.828880344740433,22.461988431152033,23.111993554004876,23.778667744111626,24.46167022858827,25.16053377756836,25.87465019412933,26.603255002696315,27.345411416064124,28.099993688998662,28.865669997049398,29.6408850126833,30.423842387326104,31.212487388039072,32.00448998291828,32.797228722837744,33.58777583388168,34.37288402250186,35.148975615192214,35.91213482083023,36.658104133903244,37.38228620772244,38.07975293032791,38.74526393004943,39.373297293825416,39.95809582769032,40.493732594048495,40.97419952294394,41.39352234899741
652.0179956966812,20.615952474696797,21.216326307968423,21.833895882053106,22.468628587908583,23.12040332559037,23.78899849123213,24.47407903811219,25.175182626872466,25.891704899900855,26.622883938159944,27.367783985371908,28.12527855438548,28.894033063631266,29.672487187701904,30.45883714531446,31.25101819066586,32.046687621685,32.84320867341897,33.637635731196916,34.42670138339595,35.20680594796959,35.974010264277005,36.72403275885611,37.45225208774062,38.15371704136236,38.82316587069025,39.45505772923805,40.04361945758899,40.5829113394192,41.066915535248775,41.48965039202864
649.9837504062399,20.617063573647922,21.21843676044528,21.837113116602772,22.473067061915657,23.126184484062673,23.796250622081654,24.48293700738074,25.185787477362517,25.904203297461105,26.637427451679823,27.38452818961615,28.14438194940884,28.915655810892744,29.696789671320595,30.485978377228403,31.28115409062728,32.07996921662074,32.87978027487972,33.67763316309906,34.47025034313398,35.25402058975584,36.02499209123852,36.77886989668663,37.511018984438266,38.216474592543946,38.88996190783122,39.52592773178006,40.11858726651131,40.661989572461565,41.15010535109811,41.576940245290444
648.0041472265423,20.624687714831182,21.226860694892913,21.84642331736829,22.483357007568358,23.137554908376327,23.80880971407955,24.496800549240767,25.201078906857376,25.921053681141558,26.655975355052217,27.404919431284878,28.16676922772558,28.94019819424035,29.72365194688642,30.515330258037416,31.313169286622003,32.11482438240505,32.91765385381842,33.71870415385739,34.5146970191082,35.302019202414925,36.07671558304513,36.834486635741,37.57069150932916,38.2803583210872,38.958203718296666,39.59866427370676,40.19594280823513,40.744073156775684,41.23700702627577,41.66872618564116
645.9948320413437,20.626865596330894,21.23039687141002,21.851449708947328,22.490012897130587,23.145986660741624,23.819170339143064,24.509249086629694,25.215779609488806,25.938174976264786,26.675688563917713,27.427397232905957,28.192183858674674,28.968719385428685,29.755444610133058,30.55055195013754,31.351967496553108,32.15733370791092,32.96399315606324,33.768973801718204,34.568976355807,35.3603643836089,36.1391579434363,36.90103173638781,37.64131899562777,38.35502267787733,39.03683594136531,39.681174386673305,40.28222304539218,40.83400151673888,41.33045079565973,41.7655449598616
643.9979392065945,20.627977094401405,21.2325197157548,21.85469336726599,22.49449404491325,23.15182913296653,23.826504971036723,24.518213425019294,25.226517476034445,25.95083586442706,26.690426853166812,27.44437120671431,28.211554517579113,28.99064905321512,29.780095340255155,30.578083750989922,31.382536408151235,32.1910897785598,33.00107838498415,33.80952013105545,34.61310381099236,35.40817947201543,36.190752424185455,36.95648186513536,37.70068532309433,38.41835043638912,39.10415598801012,39.752504586243916,40.35756987714328,40.913361588288964,41.413811864104034,41.85288601925654
642.0133538777606,20.629637487670347,21.235384942778218,21.858876438120337,22.5001152271708,23.15901603999995,23.835392577340965,24.528943994391575,25.239240387495187,25.965707320080263,26.707609451892182,27.464033367770707,28.233869738992972,29.01579499132194,29.80825269901203,30.609434972665113,31.417264160593707,32.229375238175706,33.04309931831819,33.855448780789445,34.66310459330772,35.46240649054892,36.24934680017905,37.01956887309589,37.7683713063611,38.490719458860596,39.1812661603972,39.834383993799,40.444212040062354,41.00472041754593,41.50979614658426,41.953353585829795
640.0,20.633844220474284,21.24083144690572,21.86567191187256,22.5083745325636,23.16885945079172,23.84694540403063,24.542336068750668,25.254605389272132,25.983181929389225,26.727332312719206,27.486143851268903,28.25850650007972,29.043094318807437,29.838346668306503,30.642449421150555,31.453316518959177,32.268572266087205,33.085534809051126,33.90120131574677,34.7122354419818,35.51495776216771,36.305339957179825,37.07900371052634,37.831225482207046,38.55694862571425,39.25080469792963,39.907146275900715,40.520094095643486,41.083601769694674,41.59154155549957,42.037814394535296
637.9992344009187,20.638467753017576,21.245919115145245,21.87131245626588,22.514667393262453,23.175915638073654,23.854888380146427,24.551302628577215,25.26474652462158,25.99466365922173,26.740336458952363,27.50086873751674,28.275167548666037,29.061924519979367,29.859596894918592,30.6663885623615,31.480231407746015,32.2987673775351,33.11933170904322,33.93893784209417,34.75426460092984,35.56164632074158,36.357066703582234,37.13615733799861,37.894202023755106,38.62614832620215,39.326628156866725,39.989989633435094,40.610342976404084,41.18162366226427,41.69767631519909,42.152362644771436
636.0109393881575,20.64049613642197,21.249223293699973,21.876011976890307,22.52088872896667,23.18379205903422,23.864559709370457,24.5629148641375,25.278451310195035,26.01061758515076,26.758700177517202,27.521805878828502,28.29884342785104,29.088504632404685,29.88924520433687,30.699265597159233,31.516492192912636,32.3385592442056,33.16279203879011,33.98619181833794,34.805423053077874,35.616803755483915,36.41629961911378,37.19952290738914,37.961737209952595,38.69786945080025,39.40253088728988,40.07004928130791,40.694514920830514,41.26984363832441,41.789860258532045,42.24840577992825
633.9948012426298,20.641567068009795,21.251283570951518,21.879169550708127,22.525259386304867,23.189499559225197,23.871735835193626,24.57169936929516,25.288991743509218,26.023068970882687,26.773224530947562,27.538571536870382,28.31802417627831,29.110278614565743,29.91379360127692,30.726771076132863,31.547137130462055,32.37252374124035,33.20025175807088,34.02731568866344,34.8503708980036,35.66572391566956,36.469326643914826,37.25677539014319,38.023315829540124,38.763855256994106,39.47298382812582,40.14500691882059,40.77399122251181,41.35382767595704,41.878314609056474,42.341264423801604
631.9914049168931,20.64690061653942,21.258536490697498,21.888480075735856,22.536769559569894,23.203354340044,23.888081987326988,24.590684103660212,25.31076108993698,26.047765854898138,26.800986534608974,27.569528327645813,28.352294595168555,29.14796742461423,29.95498791061612,30.771536466085664,31.595513539066694,32.42452117576505,33.255845936136495,34.08644373554942,34.91292725608196,35.73155664863121,36.53823434093197,37.32850489041234,38.09756099276539,38.84025699765857,39.55113160904028,40.22444186185021,40.85421094239542,41.43429287880135,41.958457423040656,42.420498348130685
630.0006300006299,20.648906713322265,21.26180460261484,21.893129752491788,22.542927870278945,23.211155885948664,23.897668817052804,24.602205512875067,25.324373286212058,26.063631467967802,26.819273952293827,27.59041083866421,28.375949322167425,29.17457403425712,29.98472709270614,30.804588180642078,31.63205503905287,32.46472482361456,33.29987684387025,34.134457270247324,34.965066463410665,35.78794965516036,36.598991798775046,37.39371752276039,38.167297283826954,38.91456104399939,39.63002111186028,40.30790619489721,40.942209185597605,41.52675167546145,42.05526851465498,42.52151568312302
627.982918864607,20.649843201259788,21.263670103826467,21.896021567821595,22.546950086671373,23.216419476048888,23.904291666416974,24.610312360555888,25.334095563854763,26.075107022422205,26.832646637312454,27.60582996273976,28.393568942207377,29.19455208884167,30.007224374339547,30.829767153815546,31.66007852007008,32.49575454872368,33.33407196368324,34.1719728196142,35.00605186517215,35.832547321193815,36.647335889523426,37.445932913628,38.22349876012338,38.97485270302879,39.69449589078582,40.37664536910359,41.01528160240287,41.60421241648999,42.13715663791437,42.60785070880112
626.0172780768748,20.654861320570113,21.26903037954363,21.901795299161943,22.553218688603202,23.223275583857394,23.911840317845392,24.618672252182577,25.34340037584229,26.085506802740802,26.844309232956327,27.618942481286133,28.408339222288134,29.211210152683673,30.026023829453564,30.850986504126013,31.684022339178764,32.52275445939564,33.36448735769353,34.20619124024381,35.04448896007027,35.87564625491844,36.695566081507586,37.499787937284516,38.28349320151573,39.04151773361658,39.76837326154253,40.458279490586804,41.10520935122934,41.702950324904464,42.24518520895557,42.72559578814128
623.9860227130912,20.659010096283726,21.274592332676526,21.908908924137094,22.562031423009245,23.2339437823692,23.92452909008836,24.63355513837388,25.360658832292344,26.10532946822545,26.86689094689611,27.64448302598361,28.43704176462921,29.243279366204952,30.061663686032084,30.890397736238768,31.727399589063516,32.57028315063831,33.41634034748571,34.26252533593148,35.10544140999658,35.94133134834149,36.76607201189204,37.57517409291217,38.36378804191739,39.126717384712485,39.85844091279244,40.553145602962026,41.20477258916666,41.80707901868447,42.35371905356307,42.83834741469792
622.0065932698886,20.660065814862364,21.276641142935333,21.912060205681108,22.56640270457045,23.239660916129335,23.93172634019007,24.64237516356896,25.371252540822393,26.11785572155616,26.881516088062313,27.661380208330243,28.45639005799156,29.265262620438534,30.08646913668185,30.918214344413503,31.758416117559026,32.60468599116497,33.45431112933908,34.304238363988,35.15106099829981,35.99100913278598,36.819944338793626,37.63335958597457,38.42638544418777,39.193803750615125,39.93007018544913,40.629347553504125,41.28555202155516,41.89241506533987,42.44356432007704,42.932626698134605
620.0012400024799,20.66143334077442,21.278887402028506,21.915270765359644,22.570669741707068,23.245083573015375,23.938411072978802,24.650436077217947,25.38081170355882,26.129043450845355,26.894471198959877,27.676250213944996,28.473331310567044,29.284440380242458,30.108057554397543,30.94239634091805,31.785383142614084,32.634637639278495,33.48745458635456,34.340787651115235,35.19123597043185,36.03503417405826,36.86804667949914,37.68576714060101,38.48332404083599,39.25549358939339,39.996721332224745,40.70115425389302,41.362685620971476,41.975015361573945,42.53172927554789,43.02640061906383
618.0087757246152,20.662997600071865,21.281768594542378,21.919602442631316,22.57659361448176,23.252749316644746,23.9479759676507,24.662064453787718,25.394674164294077,26.145315833898394,26.913333256276253,27.6978839751185,28.497919110468455,29.31216253676018,30.139089695048796,30.976906394104365,31.823528031454543,32.676559743514275,33.53327807053278,34.39061479411085,35.2451436702673,36.09307083947038,36.93022975073066,37.752081499766206,38.55372156886308,39.32989409328211,40.07501499515885,40.78320564625546,41.4483391523573,42.064101860360054,42.62407317197664,43.121827010791066
615.9911297277318,20.663609352121046,21.283067841840104,21.921700666289595,22.57961408869972,23.256827916693272,23.953261961174988,24.668721257762684,25.40288004695744,26.155264538013085,26.92523451733055,27.711963905820987,28.514420421464777,29.33134456328718,30.16122820069677,31.002293126438683,31.852470010355425,32.709378271960176,33.57030746908313,34.43220087389831,35.291641973454986,36.14484468837771,36.98764815344239,37.8155169560031,38.62354779924361,39.40648367176908,40.15873679384627,40.874421902934074,41.547401850688296,42.17134798650352,42.73981830967651,43.246356701983565
613.986615091791,20.669347498269598,21.290846432391966,21.931652971507503,22.591876876206918,23.271540771880254,23.970566452065857,24.688759927508116,25.42579521738187,26.181196908508337,26.95432154499486,27.74433795522283,28.55020667588028,29.370658693787185,30.20417379504027,31.048958886241657,31.902926732163873,32.763675635174955,33.62847066043265,34.49422708337802,35.35749679923099,36.21445848699501,37.060912366039794,37.892280431231214,38.70361312085442,39.48960348734657,40.24461013780872,40.96269052192231,41.63764658548439,42.26308535482171,42.83249757786573,43.339357930069774
611.9951040391677,20.67058532588877,21.293050381168136,21.934945693502385,22.596391131902756,23.277419707731,23.977963771637366,24.69783992915078,25.436732668708736,26.194176725849463,26.969538244836368,27.761994844896435,28.570514753031865,29.393835229115357,30.230440581233385,31.0785401487594,31.936046715249173,32.80055589976385,33.669327159540195,34.53926711442085,35.40691596984876,36.26843786800047,37.1196160370604,37.95585364426919,38.77218130537733,39.56327228746222,40.32346659774757,41.04680541337722,41.727077698353696,42.35788136061475,42.93270184536049,43.44501146500056
610.016470444702,20.6751603173398,21.298047977175134,21.940455233641813,22.602513160996928,23.284266909860243,23.9856619133816,24.706528796137793,25.446566976109263,26.205326979891375,26.982191528894983,27.776355500511556,28.586804923658047,29.412295232975914,30.25132907986677,31.10213408033068,31.96264096707804,32.830462703332245,33.70287520377262,34.576800389073554,35.44879236939414,36.31502760527828,37.17129993149897,38.01302135620893,38.83522957881812,39.63260323015861,40.39948596204275,41.12992073825049,41.81769603381705,42.45640613127363,43.03952824680252,43.56051966807457
608.0136195050769,20.676603086737202,21.300561604774778,21.944135212342417,22.607461904071055,23.29059412870818,23.99348499538024,24.715973178014202,25.45776650725339,26.218424268823835,26.997338264679005,27.7937127391849,28.60654332767197,29.434595249043937,30.276381037365798,31.130138188212836,31.99380718179297,32.86501043305718,33.741032804689965,34.61880439677797,35.4948863919125,36.36546078283501,37.226324841506994,38.07289121013404,38.90019452196327,39.702905519606915,40.475353768750416,41.21156030764427,41.90528196132708,42.55006958598641,43.139343131662855,43.66648696045499
605.9871530723549,20.6774243541256,21.302079863061596,21.946460938514928,22.61071717211485,23.29491339714219,23.99901587595559,24.722877167451628,25.466219660777877,26.228617791179822,27.009478991491974,27.808023479270894,28.623263035571178,29.45397899714332,30.29869975903751,31.155678168033297,32.02286927670367,32.897909019723194,33.77809446342386,34.66036636076295,35.5412948107178,36.417068868737374,37.28349098167931,38.13597713131397,38.969563579104985,39.77892113768639,40.55837798944083,41.30195227540362,42.00339602892322,42.656252541383836,43.25392987586091,43.78979384657337
604.0106305870983,20.67858050326639,21.30447613393729,21.950225254658537,22.615986414891026,23.301833520354066,24.007741907529592,24.733573072294543,25.47905803616305,26.243779363638705,27.02715188244963,27.82840220593734,28.64654721434569,29.48037171956047,30.328405615713887,31.188900904845227,32.059809080199656,32.93875944609015,33.82303904743657,34.709574967807804,35.59491982518317,36.47524134374147,37.34631690489569,38.203533984767375,39.04189738119496,39.85604414660621,40.64026721230111,41.388548862646154,42.09460553937955,42.751945946802394,43.35394505082101,43.893937185477206
602.0107157907411,20.682302881685665,21.30902481344802,21.955697951776497,22.622490742287347,23.309487824448063,24.016676143894713,24.743929712693156,25.49099299874681,26.257462955190597,27.042769738488936,27.846156211059338,28.66665638133895,29.50307300166406,30.353954621882277,31.217572483104753,32.09189772910079,32.97457950878703,33.862924636815,34.75387956384732,35.64401547655333,36.52951739325169,37.40617814116182,38.26939809834096,39.114191570528746,39.935200676586255,40.72671767683752,41.48271684823159,42.19689734020331,42.862738964146594,43.47357354998789,44.02267522052429
599.9880002399951,20.683419851502602,21.31115755801038,21.958983685603894,22.627078889776254,23.31554051378263,24.024368603399108,24.753450539405772,25.50254426523312,26.27126011726524,27.059041303996043,27.865143128707395,28.688611109500844,29.52825822089768,30.382641562720227,31.250038853538538,32.1284252452972,33.01545105893314,33.908421142188594,34.804276643051026,35.69958006682346,36.5905045334293,37.47282816831886,38.34193454517174,39.192820061271675,40.02010909068759,40.81807776616386,41.580687341889515,42.301628344188,42.974377166988525,43.592267405163646,44.14857894084103
598.0145915560339,20.684622722048495,21.313285399921405,21.96214100638583,22.63138021462025,23.321111204510068,24.031345714143328,24.761983702989287,25.512796601811694,26.28340915394447,27.07327989072934,27.88168033180671,28.707673059488993,29.550088886163575,30.407503414468597,31.278213380807458,32.16021327128063,33.051172801368416,33.94841595093123,34.8489023367967,35.74921177768276,36.64553295191904,37.53365706131065,38.408977394421335,39.26649563970016,40.100835758096146,40.90626622834899,41.676731583974046,42.40589443310244,43.087189639786914,43.71389304781876,44.279207950971085
595.9830740806962,20.686775703845502,21.31696126077955,21.96747293235148,22.638508449184854,23.330182778747844,24.04251402018403,24.775407883749395,25.52864072820942,26.301841159850504,27.094470236015827,27.905800365501573,28.734893058761646,29.580575753290606,30.441418023742497,31.31570758125683,32.20142656968926,33.0962287738108,33.99741845986998,34.90193166401142,35.80632081923213,36.706743656976144,37.59895732749273,38.478318651968145,39.339791358011716,40.1779610826512,40.98705889674244,41.7609941726251,42.49339785261802,43.17767763677124,43.80708730395952,44.37481322664149
594.000594000594,20.68787211318143,21.319083076969942,21.970761997659007,22.643119969576325,23.336286012980057,24.05029289212615,24.78506148696559,25.54038368687452,26.315903805148235,27.11109855260889,27.925255658940053,28.757451292453922,29.606526503733058,30.47106300613046,31.349358705609923,32.2394035015793,33.13885599504813,34.04502185422225,34.95483469176,35.86484039158888,36.771185874833954,37.6696133039653,38.55546068687783,39.423669763643545,40.2688019592838,41.08506310748785,41.86633765478875,42.60623321744162,43.29813675273331,43.935284250333574,44.51084668673129
591.9962112242482,20.688888180083133,21.320904453248723,21.973494051202604,22.646879285270582,23.341201395032304,24.056506419620376,24.792729616820615,25.549678395799383,26.32701375915062,27.124230289097767,27.940634762478922,28.77532354080018,29.62715895600823,30.49474499989986,31.376402724425404,32.27014586925992,33.17365734768672,34.08426733550564,34.998933811299366,35.91422647875322,36.826315050620586,37.73096287850425,38.62352686722091,39.49896452193267,40.35184886176411,41.17639183820459,41.96647688606074,42.715701391152884,43.41743026152109,44.06486247904504,44.651113440022506
590.0053100477903,20.69222547010731,21.325339092997776,21.97915144272354,22.653896113996918,23.349726317366553,24.06670072636238,24.80476785448459,25.56374892440627,26.34331922142771,27.14298796230388,27.96207676050919,28.799696831101855,29.654725153546586,30.52577989944253,31.411195533342674,32.308998106501484,33.21688138119763,34.13218454053149,35.05187234587706,35.97251868961117,36.89029454113816,37.800961287356124,38.69987041728047,39.58197039771639,40.44182145283685,41.2736188383662,42.071225159093615,42.828212404517195,43.53791476057243,44.19349395082699,44.78801983817497
587.9931792791203,20.693350771433735,21.3275191943398,21.982531765229805,22.658635339489763,23.35599695373943,24.07468956404594,24.814676277333906,25.57579303286572,26.35772972047151,27.160009761857317,27.98196823243376,28.822728665196497,29.68117875645489,30.55594528621459,31.445368673311478,32.34747770494348,33.259965107882145,34.18016475745904,35.10503144037153,36.031124185305366,36.95459423598852,37.87117874921531,38.77620124415462,39.66457970714767,40.530843083462116,41.36915670349388,42.17335706333526,42.93699640082592,43.65339777892548,44.31572198396932,44.91704846571307
585.9947260474655,20.693980296908,21.32851900955554,21.983990410064962,22.66065448655068,23.358692984883962,24.078195287761808,24.819142788717215,25.581391714731218,26.364654379966442,27.168478891706908,27.992227379486692,28.835052881160795,29.695875096550317,30.57335531091135,31.4658708964422,32.37148991841244,33.28794649916658,34.212617721337004,35.14250297097691,36.07420671861719,37.0039257956362,37.92744222866594,38.84012263350687,39.73692503923591,40.61241382715263,41.46078326733233,42.27588998761092,43.051294713883884,43.780313888144015,44.45608239375454,45.07162961618388
584.0098113648309,20.695963727201597,21.33207310623312,21.989267441616153,22.66781730434189,23.36791524557632,24.089661566597222,24.833048556001007,25.597943144288198,26.384067954950343,27.190980770168462,28.01805247992348,28.86444364736673,29.729079902072485,30.610626467056054,31.50746223491482,32.41765393125187,33.33893103552016,34.268662263464584,35.20383454081767,36.14103550057128,37.07644059885085,38.005805949222896,38.92446790748973,39.827350293538075,40.70897992628333,41.56351091145219,42.38475793204192,43.16623875185165,43.90122637517346,44.58281191657478,45.20398025967841
582.0044232336166,20.700777035375026,21.337665823745205,21.995760649541495,22.675345688860144,23.376628176581928,24.099724181579685,24.844642828146338,25.611268908674965,26.399343861176504,27.208445123927444,28.03796393024855,28.8870816709358,29.754745031762678,30.63964020974314,31.54016662446763,32.45441066816333,33.38012017621094,34.31468044156792,35.25509273099167,36.197956373084004,37.13945555935564,38.075352009409606,39.00098458191284,39.91127675492575,40.80075266056457,41.66356207546412,42.493514511123834,43.28412242468757,44.02865371350682,44.72019419172469,45.351721738943404
580.0127602807262,20.701328775793623,21.33871878565552,21.997424587124915,22.677746035590488,23.3799078720436,24.104045653883606,24.85019013201191,25.618250015170712,26.407993089901233,27.21902570191584,28.050770653967263,28.902443638311134,29.77302840022859,30.6612509239009,31.565553043320655,32.484066007402284,33.41458466620086,34.35454308717362,35.3009925458046,36.25058294840324,37.19954881726394,38.143700978251935,39.07842501857977,39.9986874166019,40.899049991820824,41.77369301602327,42.616447037162196,43.42083330866888,44.18011283180249,44.88734455235624,45.53545429793585
578.0012716027976,20.704430978742757,21.34276697553158,22.00254954958875,22.684092152485107,23.38763412715273,24.1133266352103,24.861217009412986,25.631231467221976,26.423156148436487,27.236616476937296,28.07105489583505,28.925707088698545,29.79957687887801,30.69141009555752,31.59966780943145,32.52249947157111,33.457716632505225,34.402768067844185,35.35471728078808,36.31022347463591,37.26552716939398,38.21644165217252,39.15835137839759,40.08621826445041,40.99459653370512,41.877656427381666,42.72921673935675,43.54278589556167,44.311611327214436,45.02873734629128,45.68707274108178
576.0036864235931,20.706801163447075,21.346752832559684,22.00832575643786,22.691846283599304,23.397566850188202,24.125651729802247,24.876161162711178,25.649033794165327,26.444067378623878,27.260897744515106,28.098976064762837,28.957544544039713,29.835610716678136,30.731920651071185,31.644931477979295,32.57278380054816,33.51327469964663,34.46383221237035,35.42149232256418,36.38287964277779,37.344193064295375,38.30119767852012,39.24922420109521,40.18317693790957,41.09755101437212,41.986459170685364,42.843667974095304,43.66264293316988,44.43660188415053,45.1585763399556,45.82148139827664
573.9869130983814,20.707525156392418,21.348286352218903,22.010805989623094,22.69542711476159,23.40242047513148,24.131970354972534,24.884158777328512,25.65894799701017,26.456161234824798,27.275461640197513,28.116329518976542,28.97803792817233,29.8596268219335,30.75987603512098,31.677277513426404,32.610007341531755,33.55589828023695,34.51241369305015,35.47662391080458,36.44518623186251,37.41432986150376,38.37984712802058,39.33709224386944,40.28098868199103,41.20604589995417,42.106385687841396,42.97577790493052,43.807684926276046,44.59531391828829,45.33167630752297,46.00965468118027
571.9842132357146,20.707772839774776,21.349190739471595,22.012484294310102,22.69801077707809,23.40605648025357,24.1368226062961,24.89040951025777,25.666799213955915,26.465836136283514,27.28720602025407,28.130413086446403,28.99475550714606,29.879299378162827,30.782851468179608,31.703931149870247,32.64074206267202,33.591144221250346,34.552627459839236,35.522287279167195,36.49680432161689,37.47242881667299,38.44497138140503,39.409801495508326,40.36185476680782,41.29564974553298,42.20531454859362,43.084622980020995,43.92703930240414,44.72577050965649,45.47382509723598,46.164078133941715
569.9954400364796,20.709829580614706,21.35284962635392,22.0179295747069,22.705442463204466,23.415691101939675,24.14889386915306,24.90516882089774,25.684516026949066,26.486798069998734,27.311718681026235,28.158799533107597,29.027355281553064,29.9164670229494,30.824954451936645,31.751347124114094,32.69385538656681,33.650341711776456,34.61829335986146,35.59479748642702,36.57651999004052,37.559689527729184,38.54008818456796,39.51305022534553,40.473470145550124,41.41582085245991,42.33418225244291,43.22227985499303,44.07353235114892,44.881106678052774,45.63797908864272,46.337001451775016
567.9881858457344,20.71028177538593,21.353892648117224,22.019695104207088,22.708080574248118,23.419372305139817,24.153811308600226,24.911540617700663,25.692587757844297,26.496845362095407,27.324049895102032,28.173758497638648,29.045324027888455,29.937868458945573,30.85025489740693,31.78105861741939,32.7285376587864,33.690603714852834,34.66479423008963,35.64824682719717,36.637677370394925,37.629363117972524,38.61913248707947,39.60236290488973,40.57398801078356,41.52851507430478,42.46005290329444,43.362349786597484,44.22884026748466,45.05269897812345,45.82689964775573,46.54427800963519
565.9950192438306,20.710272726402643,21.354608386938935,22.021287271958418,22.710720633078797,23.42325350975341,24.15915077801499,24.918581488323944,25.701601391074917,26.508133570266946,27.337947138584806,28.190633993387443,29.06558369588722,29.961956618357476,30.87865560965621,31.814296560277334,32.76717840580074,33.73525329087435,34.71609781969302,35.706886532565555,36.70436895303821,37.70485171812808,38.704187397387734,39.697771578426675,40.680549598583426,41.64703389565427,42.59133232380956,43.507186974311004,44.38802216952716,45.226999567046406,46.017078002461,46.751076133972724
564.0157924421884,20.714905572623813,21.36088836328711,22.02940091844018,22.720870487921015,23.435658871187357,24.174048364800175,24.936225957798975,25.72226566560562,26.532108914431344,27.365542920590023,28.222177055553217,29.1014172513333,30.002438585440363,30.9241562938327,31.865195597113086,32.82386089162663,33.798105052602835,34.78549981653461,35.78320844396315,36.7879620925876,37.7960415242696,38.80326588629029,39.80499029483837,40.796113750094364,41.77109847785898,42.72400110030584,43.648515119926046,44.538023169670296,45.38565655281535,46.18435907758599,46.92695244433785
561.9871866921434,20.71535206540921,21.361924339943556,22.031158094293133,22.72349905053774,23.439329549733376,24.178954657108914,24.94258650932156,25.73032678839745,26.54214722678983,27.377868078711618,28.237134537517193,29.119391140845035,30.02385428826494,30.949483104186864,31.894949015324713,32.85860457951539,33.83845230134053,34.832114396010574,35.83680470640631,36.849304220314956,37.86594184565176,38.882582237671826,39.8946224783167,40.89699922118333,41.884207478193886,42.85033150316971,43.789087244073784,44.693874695638485,45.55783740242019,46.37392566367406,47.13496007064731
560.0044800358403,20.716579988943437,21.36442102149489,22.035109838346255,22.729112212397627,23.44683210463302,24.18859777536788,24.954646103603697,25.745104989649796,26.55997373449927,27.399101318749207,28.262162547274293,29.148632087078248,30.0577565088998,30.988524552636278,31.939635976689786,32.909469525237114,33.896050756350434,34.897020715120846,35.90960670040904,36.93059664319357,37.956318857845545,38.9826290991924,40.00490689691989,41.01806297288836,42.016559105484404,42.99444103988996,43.945383959667375,44.86274872936977,45.739645807309735,46.56900275813024,47.343631105186695
558.0045756375202,20.718111209606104,21.367380577177123,22.039684594452922,22.73550806398518,23.45527544151867,24.199336961525344,24.967952942745203,25.76127614088741,26.579332032703405,27.42199694372343,28.288973974335377,29.179766739479202,30.09365102049292,31.029644538421415,31.98647520119923,32.962548356589465,33.95591380064101,34.964233545881086,35.984751636154336,37.01426758777789,38.04911530777433,39.08514954086981,40.11774196140191,41.14178887386902,42.151732033768745,43.14159328606195,44.105022534064915,45.035357085120694,45.92568889302846,46.768935000167886,47.55790605819741
555.9879906594017,20.718508058539783,21.36851683390737,22.04171516300942,22.738608712491903,23.459645022822997,24.2051997799483,24.97556125371579,25.770912762219265,26.591313036351977,27.436674384830386,28.306738600112258,29.20105060405945,30.11892991361274,31.05944011641478,32.02135668965524,33.00313367729772,34.00286996439389,35.01827615184036,36.046643333694185,37.08481539495934,38.12916674916863,39.17558767230172,40.219479492247366,41.255761772751306,42.27889319201523,43.282906978943956,44.26146050687232,45.20789702694463,46.11531576703071,46.976645110015326,47.78471282166811
553.9859287574096,20.72240646093384,21.373954855417878,22.048897732736133,22.747761981169095,23.47101798969345,24.219065922746445,24.99222012510535,25.79069150551804,26.6145677610653,27.463791328390045,28.338134986437822,29.237175092544632,30.160262514721996,31.106491433667227,32.074666334604885,33.063267697487376,34.070417128793686,35.093842960109676,36.130847662333004,37.178278773658775,38.23250538289428,39.28940249493373,40.344345756118166,41.39221893452658,42.42743612200618,43.4439797498732,44.43545413857315,45.39515248770361,46.31613317074781,47.19129933476097,48.01347469684452
551.9982336056524,20.723721915712748,21.376545058214695,22.052975145688535,22.753563653425996,23.47880763366781,24.229136017908218,25.004894005667836,25.806325374669463,26.6335525580924,27.486554356007513,28.365141183938178,29.2689278164051,30.197303662939532,31.14940072499759,32.12405953180481,33.11979354885076,34.13475280091911,35.16668775546105,36.212914868783066,37.270285593042956,38.33516104576347,39.40339490146337,40.47032729421294,41.53079250767937,42.579142841285005,43.6092901456222,44.61476503187464,45.58879170258823,46.52437392695049,47.414385321360356,48.25165543987066
549.9945000549995,20.724590938226036,21.37859661720887,22.05641236116087,22.758614328893604,23.48572659132807,24.23820753248375,25.01643430661744,25.82068517429459,26.65111954818076,27.507755597732185,28.39044529459075,29.298846832227582,30.232394430261994,31.190265643136033,32.17134644271328,33.17419454368225,34.19700169758972,35.23755600150644,36.293205650416596,37.36082599721387,38.43679224188299,39.51696049771744,40.5966602899243,41.67070160680725,42.7333992916329,43.778616672873866,44.799828760110564,45.79020307167508,46.74269339151041,47.650138919495454,48.505359086332625
548.0052608505041,20.725703233017697,21.38083406518403,22.059971176763792,22.763715769991933,23.492619605364162,24.247171585648548,25.02778238245825,25.83476691843605,26.668324523465426,27.528516598662268,28.4152416511249,29.328207610547167,30.266901412144342,31.23055593661778,32.21811454612918,33.228193655420384,34.25904403914669,35.30851190795591,36.37400118914633,37.45243891445442,38.54024612113734,39.633317159209774,40.72701067694502,41.81615569529118,42.89507590731227,43.95763446164174,44.9972998514799,46.00723108553164,46.98037722473789,47.909583079883205,48.78769013971066
546.0005460005459,20.72688934932861,21.383359378401188,22.064068183424446,22.769644894393597,23.50067172519885,24.257670628125773,25.04108794560157,25.85127685580359,26.68847741040001,27.552793973873086,28.444169898621322,29.362359313646262,30.30689597391671,31.27705922100589,32.27183725364714,33.289888111317204,34.329499047373545,35.388545321985625,36.4644498857839,37.554145949135496,38.65404501679056,39.760013560937395,40.86736201257626,41.97085002400052,43.06471179310029,44.142704408416066,45.19818045570344,46.22418341460265,47.21356078988328,48.15908593094889,49.05357594606262
544.010445000544,20.730458988919487,21.388402088582374,22.070807483034443,22.778329892227134,23.51157938133017,24.27110807647425,25.057394836980457,25.870827665813298,26.711683638217654,27.580106135803135,28.476079193871772,29.399398809088243,30.349641119927337,31.326127472998728,32.32788653587685,33.353613825125876,34.401629301925574,35.46983406187336,36.555667621143314,37.65606787931804,38.767436501652746,39.885613159651406,41.00586269988276,42.12287971557056,43.23081494437475,44.323327128616484,45.393662174429124,46.43475846495688,47.43937310398644,48.40021917399415,49.310099737302835
542.0054200542006,20.732695585651122,21.392384196378337,22.07678025429045,22.78656622286146,23.522382547173947,24.284814510646203,25.074377023145665,25.89149710976017,26.736493864424887,27.60955563606096,28.510714231067794,29.43981595062471,30.39648934189379,31.380109638782635,32.38976001297497,33.42418996473383,34.4817714729978,35.56045391358978,36.6577192581191,37.770539690334566,38.89534050770282,40.02797196584518,41.16369447094945,42.297182057022546,43.4225491450625,44.53340484507531,45.62293719227729,46.68402647263319,47.709382232085,48.69169317690077,49.62377401130254
539.9859603650306,20.733005015267285,21.393858771134262,22.07967829512555,22.79118063057997,23.52904429490287,24.29389629618194,25.086297031110128,25.90672281116332,26.755545752938257,27.633010764943712,28.539209371169488,29.474050137303994,30.437225516590242,31.42817501983058,32.446044752164035,33.48964356591304,34.55739637567858,35.64729559311981,36.75685218799264,37.88304858541998,39.02229646487371,40.17040349553763,41.32255402658374,42.47330956218099,43.616635192719535,44.7459576221033,45.85425857089642,46.93420377433474,47.97830246218473,48.97908559072703,49.92928440880872
538.0104374024856,20.735124799598832,21.397835858290115,22.085777709896966,22.799696581864733,23.540302673982875,24.308257227715426,25.104157425374375,25.92851884702192,26.781755197153647,27.664155003984582,28.575854995790216,29.516809877311747,30.486758273225202,31.485184686791857,32.511277455745386,33.563882894636976,34.641456118641756,35.74200947780737,36.86306012372049,38.00157900798743,39.153944581231436,40.31590559147211,41.482558572619446,42.64834666413378,43.80708697227338,44.95203329048653,46.07597907396848,47.17140161326564,48.23064221563294,49.24610939231277,50.21048398294894
535.9918529238355,20.738229389528904,21.40206074753698,22.09136329312415,22.80691709811249,23.549470063819452,24.319725283239006,25.118326212714027,25.945839363265065,26.802734200063362,27.68935992207702,28.605918786782357,29.552435653040174,30.528723447466096,31.534344328132548,32.568566441146544,33.63031636324502,34.71812762630524,35.83008616327377,36.963774139310594,38.11621447457535,39.28381944846005,40.46234808334366,41.64687844962131,42.83180240329546,44.01085118593694,45.177160217715034,46.32337958825144,47.441832517293264,48.524717095401115,49.56433739368926,50.55334016134337
533.9883590537727,20.739608522446456,21.405158174382585,22.096484606485728,22.81440582651644,23.559711323743166,24.333149570922576,25.135413272407778,25.967122040826588,26.82880215512802,27.720863026595048,28.643569980604013,29.597012956479272,30.581070744715348,31.595370433222964,32.6392418408192,33.71166690294006,34.81122427641435,35.93602989174088,37.083674855767356,38.25116305087631,39.4348520336754,40.63040241416331,41.832742721112766,43.03605861224161,44.23381673373282,45.41883387191901,46.58340033624637,47.71946179833045,48.81885551272093,49.87358539312907,50.876107791418555
531.9997872000852,20.742597762110815,21.41063004627649,22.104783066055834,22.825911829422168,23.57484584533006,24.352376637489417,25.15924292013067,25.996113087432082,26.86356463026432,27.76206005754311,28.6919188685693,29.65328510333394,30.646089999260735,31.670009319437575,32.724415009970066,33.808321022678385,34.920323445575534,36.05853557262931,37.22051928497047,38.40321518518235,39.60287539550437,40.815004832908514,42.03431904890486,43.254729132027656,44.46936619817457,45.67065875618088,46.85047450652729,48.0003325851595,49.111682057751835,50.17622809861033,51.186271364513225
529.99788000848,20.74323820023423,21.412679624376604,22.108547770885544,22.831739955629644,23.583132647803673,24.36356928541064,25.173845705577435,26.014692811570864,26.886756050251346,27.79057122447372,28.726536117905354,29.69487737050304,30.69561202066386,31.728503139393553,32.793009045078364,33.88822573798347,35.012822479643276,36.16497093069755,37.342269039113944,38.541662044775656,39.75936464588958,40.99079063700052,42.2304991591771,43.47216987333388,44.70862229346104,45.93189611251472,47.13340800669053,48.30419424744139,49.43523612716434,50.51784709354627,51.54407990189917
528.0109826284387,20.747187173119432,21.418355754909545,22.116245056090694,22.8417899509774,23.595908435135822,24.379489683831714,25.193379680519723,26.038364010085115,26.915147354101048,27.824329164228544,28.766374927858404,29.74158238236917,30.750041989964977,31.79159096888169,32.86576021262332,33.9717135536085,35.108179096081706,36.273372834114916,37.464915591122406,38.67974560264042,39.91403096434842,41.16308880962116,42.421321488722185,43.68218397389979,44.938200544042516,46.18105118480878,47.40174701843086,48.590906984743924,49.73913305526237,50.8374588724476,51.87782120248692
526.0112566408922,20.74856893147125,21.421524195815067,22.12156534190016,22.849676347621564,23.606829525918222,24.393973868191033,25.21202088137661,26.061827471026472,26.944175350620952,27.85974637725382,28.809093127589332,29.79260393987119,30.810461566060788,31.862594517820433,32.94862017638828,34.06777881070219,35.21885787509692,36.400106434745304,37.60914043278851,38.84284095361137,40.097249875378665,41.36747056150687,42.64758562997018,43.93060917695984,45.20849633271802,46.4722369552893,47.71205974147726,48.91776441619227,50.079180022222126,51.18671706626391,52.2319467512812
523.9991616013415,20.750526251645006,21.42557557655362,22.12807559174546,22.859055330519457,23.619536442614248,24.410521648150514,25.232980576320404,26.08783249207206,26.975925325615737,27.89801031847494,28.854711486823096,29.84648898124683,30.873595299517905,31.936023200613736,33.03344410166559,34.16513576198427,35.32989824713527,36.52595764216702,37.75085792641992,39.00134308332252,40.27323421336583,41.561310481615436,42.85920838317677,44.15936088505107,45.45300550275157,46.730295919231054,47.98055127559038,49.192665552118214,50.35567245449217,51.45942005432575,52.495264258079814
522.0024012110456,20.75485517026309,21.43186764799911,22.136720179106987,22.870494484703563,23.63427060802728,24.42911569265448,25.256070057049218,26.116130016502808,27.01022679561586,27.93920074758882,28.90376994983143,29.90449208018702,30.94171830030888,32.01553769659278,33.12571068309014,34.27158970748511,35.452025711304906,36.66525922812142,37.908795990652145,39.17926879793544,40.472290617808056,41.78230898138437,43.10247907154274,44.424582431511276,45.739028674785686,47.03498568174599,48.30068362999971,49.52392215760179,50.69277217100454,51.79640673192109,52.825935487060306
519.9937600748791,20.75565047032958,21.43435177442994,22.14127314496372,22.87754865525795,23.644316222682715,24.44270662147163,25.273829669138014,26.138756973037538,27.038500491842694,27.973986008069996,28.946020419272084,29.955251536048458,31.002118828218446,32.08679329906515,33.20910442114365,34.36845189502976,35.56370000339123,36.79305271437236,38.0539087450548,39.34269799045589,40.6547046985161,41.983889296265126,43.322730512618385,44.662122396244314,45.9913752865527,47.29838097071296,48.57000137376737,49.792715904974465,50.95350735658713,52.04088630906046,53.045877118561194
518.000518000518,20.760175534210827,21.441062181185817,22.150589452097947,22.889946706819376,23.660332773316064,24.46294514608135,25.29896620760569,26.169545782924075,27.07577917674028,28.018679645510918,28.999144017302914,30.01790988601222,31.075502474120473,32.17216889033475,33.307797136261804,34.481816908139635,35.693079129112775,36.939711475488075,38.21894833348237,39.52693628044647,40.85852124204235,42.207032064294566,43.56408836606266,44.919478225545134,46.26117091469006,47.57554417576145,48.8479011319344,50.06331265378097,51.207738532964036,52.26927077449028,53.23925183446313
515.9958720330238,20.761419849137205,21.444291570019132,22.1562294102673,22.898479176461684,23.672301594069214,24.478961541652094,25.31971409449359,26.19578658771176,27.108355711100376,28.058518400779246,29.04725498663095,30.07538268102513,31.14349704990502,32.25189860037535,33.40050108330485,34.58871762793176,35.81532056946864,37.07827112268653,38.37451645683485,39.6997551479543,41.04817875047807,42.41220899399323,43.78226831508312,45.14664589749406,46.491547686833094,47.801435014856835,49.05974200210635,50.24999468960774,51.357230395497865,52.369470507903905,53.278911338247134
514.0066820868672,20.76237149272489,21.446598232151487,22.16030453198015,22.904797510865784,23.681405805657644,24.491468998756265,25.3363236399114,26.217284959311733,27.1356231257216,28.092532594450816,29.089092700164873,30.126217164261316,31.20458959564499,32.32458137081625,33.48614751926251,34.68869551229214,35.930921377559095,37.210607770547696,38.52438031003456,39.86742292416778,41.23316209106518,42.61294611947547,43.995771044091406,45.36813863849637,46.7141668367535,48.016089014527395,49.255244865693946,50.41355377765365,51.475279526018014,52.42871614128818,53.267366067952274
512.0065536838872,20.765170401195014,21.45071681336284,22.166176629068396,22.91292073968418,23.69234794326935,24.50587434107891,25.35491901499203,26.240884931046438,27.1651337111104,28.128952523548122,29.133510842416616,30.179804190141905,31.26858119206855,32.400249330626124,33.57475373114603,34.79142226763373,36.048769543918546,37.344252493877555,38.67397258486062,40.03232581042711,41.41161468506765,42.80165982990823,44.18948508022963,45.559197030929646,46.8922233579201,48.1680814959963,49.36577419886094,50.465722849378075,51.451895860884036,52.31360430974106,53.046472724292634
509.99592003263973,20.764661408798286,21.450907379519577,22.167467163857157,22.91577443451464,23.697297136159243,24.513526779574235,25.36596365172056,26.256096708555166,27.18537654193332,28.155179320989934,29.166758970836884,30.22118403345237,31.31925462796765,32.461393681757365,33.6475051868448,34.87679081810346,36.147515246851654,37.456710766930776,38.799815060668536,40.17024485752227,41.558927023683566,42.95384213420838,44.339686559614684,45.697821324117164,47.00672366006111,48.24313834194944,49.383979841090074,50.408752705140195,51.301946611727786,52.05473640505852,52.665522026798
508.0010160020321,20.771603843606307,21.45898711757166,22.177130904995405,22.927533062863347,23.711730949332907,24.531290069280455,25.387788066173865,26.282792573938774,27.217830966890286,28.194349417460913,29.21365784723662,30.276856289666743,31.384736831880495,32.537653657897934,33.73535184810491,34.97674375727329,36.25962062741593,37.58028791883489,38.93311815590821,40.31002906530766,41.699923411243844,43.088176427414176,44.45632806214779,45.78221441164895,47.04080817305713,48.20595302761834,49.25290937047902,50.16123188026819,50.91719783820284,51.51506357176992,51.956878141323095
505.99605323078475,20.77182771297592,21.45981030721671,22.178966489413906,22.93085416104439,23.717074862469573,24.539261386950788,25.399060025561884,26.29810564594076,27.23798720933738,28.220200533409265,29.24608405544227,30.316731980306848,31.432877458269868,32.59473632576179,33.80179957926701,35.05256054276338,36.344161605846885,37.67194747222352,39.02892080261585,40.4051180389617,41.78696614888888,43.156751676062086,44.49242698026463,45.76806055850735,46.9552299624037,48.0254561195119,48.953360952758956,49.71976964733186,50.313815733215854,50.733454136632126,50.9844520789796
504.0068544932211,20.773713105099556,21.4623316741417,22.182560248522016,22.936016417207995,23.72436399194512,24.54929885918696,25.412528460594356,26.31574268446874,27.2605731874659,28.248537144105153,29.280960066494597,30.358870570583377,31.482857731576246,32.652878992657385,33.86800369381418,35.12607484410051,36.423271330628474,37.753557491328,39.10802251687347,40.474147154708305,41.8350997618174,43.16926203089804,44.45029740540471,45.64813534967262,46.731134527126436,47.6693115851457,48.43796315726645,49.02061330866018,49.41036658022696,49.609426461940174,49.62727875340362
502.008032128514,20.775244144467585,21.46404951956279,22.18485484396587,22.93932714065182,23.729179129014167,24.55615229421979,25.421992231161354,26.328413499397232,27.277050253872574,28.2693876126771,29.30666699583926,30.3897564296603,31.518974015260692,32.69384950249569,33.912805621124356,35.17273864236275,36.46847908608275,37.792123406095676,39.13225409556219,40.47312037489258,41.79394454573906,43.06864473989591,44.266375609461605,45.35327262263792,46.29550267453911,47.06315313544134,47.633906163028286,47.9953220309093,48.14511506966492,48.08968519450525,47.84175064983377
500.0,20.774577591900268,21.46330936920845,22.18442083330809,22.939622132024382,23.730665451652428,24.559324067278936,25.427361852270533,26.33648976701573,27.28830460676415,28.28420362658456,29.32526647058,30.412093024236317,31.54458238397664,32.721634340848716,33.940751404807415,35.19751838198133,36.48494186360564,37.79265100682162,39.10600508622106,40.40523582315794,41.66487850744905,42.853887868178504,43.93689984463822,44.87693237207302,45.639307936003505,46.19588157592476,46.52825356482762,46.62897196814376,46.50064089902602,46.15368229601073,45.60374799869749
498.0079681274901,20.774701218122313,21.462544127994025,22.183030867991725,22.93789329646944,23.728896482192155,24.557812252105244,25.426380912404404,26.33625679407061,27.288931722066447,28.28562844144892,29.327153343035462,30.413694457960084,31.544546745446592,32.7177427058644,33.92956372195737,35.17390938563307,36.44151445898835,37.71903626951428,38.98810324403553,40.22452944895531,41.39805054680755,42.47305872897512,43.410765190454086,44.17283697151096,44.72585732458747,45.04532753525828,45.11792211654694,44.94147491885185,44.523171890807866,43.87696501860125,43.02111722684546
496.007142502852,20.777552034999957,21.465715014568506,22.18680694519011,22.942564020409357,23.734739816686453,24.565071011203063,25.435228228140094,26.3467465559225,27.300928352997925,28.29870843106128,29.340468483721747,30.425783744628284,31.55308064999724,32.71918077354017,33.91870590515595,35.14332675090993,36.38086207788969,37.61428936763934,38.82082639143859,39.971387397885245,41.030867982186905,41.959753886415555,42.717306711712226,43.265968209626045,43.57588095217741,43.628105001697826,43.41560779959395,42.94212405100331,42.219779771126696,41.26651079031278,40.1039431177764
493.9979252087142,20.782437376394828,21.4716920451661,22.194113576527855,22.951415115714862,23.745302561925264,24.577429747333476,25.449334870330535,26.362351384836277,27.31748421502748,28.315239169863137,29.355389757864813,30.43666146506571,31.55630970683975,32.70956594262814,33.88893073080446,35.08330999804895,36.27703303292154,37.44887209405299,38.571312461439994,39.61047778548583,40.52721466578335,41.27972395713395,41.82765175088888,42.13681163273326,42.183160268957806,41.95481547613191,41.45178718536878,40.68405076724981,39.669000455917846,38.429115629832125,36.990213689713414
492.0049200492005,20.790880340539083,21.480716895627566,22.20380680092939,22.961807767237516,23.756337223887208,24.588914549127615,25.460880001238248,26.373282065472257,27.32672221208077,28.3211426868549,29.355539055220273,30.427575324782296,31.533076955253158,32.66537890967872,33.81451781050158,34.966288812344295,36.10125220131186,37.193883592543116,38.21220869772216,39.11839482910671,39.87075920819438,40.42733781251163,40.75050970338446,40.81149275147728,40.59335714344381,40.09180701716989,39.313965065420874,38.27606418814196,37.000985910414364,35.516203590702105,33.8522645561518
490.0039200313602,20.79849340528587,21.49071236758373,22.216232480804873,22.97661924610862,23.773353172466923,24.607755700124383,25.480886398216885,26.393401530295026,27.345361051308647,28.335967546998756,29.36321693521197,30.423437952411202,31.51069783206098,32.616059600395744,33.72669977789328,34.82494530425921,35.88737727770077,36.88427857728197,37.779841080141935,38.53360263806579,39.103405878264226,39.44966388234026,39.54003138454455,39.353165230140704,38.880529368593514,38.126050647887,37.10425887872392,35.837844099524574,34.355341441748266,32.689242299634785,30.874513675088675
487.9953152449736,20.807054214214684,21.502147435538514,22.230428557911022,22.99332450492646,23.792120733871187,24.627867964838718,25.501254218376758,26.41243070554981,27.360776972502485,28.344587356304622,29.360658031903228,30.403753446928146,31.465936155673667,32.5357609819161,33.59737227111332,34.62961279034003,35.60536071187657,36.49144158813628,37.24955302738128,37.8385710014662,38.218256638655745,38.35377944577541,38.21992591937576,37.80381420189843,37.105528001804565,36.1369280592642,34.91943259855049,33.48156144558044,31.856713775016757,30.081305887891993,28.19319943933427
486.00311041990665,20.816622853499062,21.515047173463678,22.246396673559556,23.011914962662505,23.812636340613633,24.649270712441126,25.522047516953975,26.430505885464928,27.373215286262585,28.347408298614962,29.34850619005364,30.36952121082802,31.400331562024864,32.426853099063635,33.430185438816274,34.38589686370933,35.26372688748632,36.02808938959142,36.63976454033303,37.05895684822219,37.249423668126084,37.182810707673084,36.84204493406927,36.22292145471185,35.33374335848176,34.19354540389138,32.829676154833365,31.275345159957695,29.567423892425104,27.744545188426724,25.845445821373886
484.00367842795606,20.827491379722524,21.52953592967042,22.264044085031387,23.032022805932517,23.834189919640956,24.67083507545317,25.541633528099247,26.445399133225706,27.379760593281656,28.340743820978698,29.322245206803295,30.315389035812824,31.307782860205585,32.28272493171249,33.21848531898993,34.08787733332905,34.85843714135782,35.49357716534989,35.95497600060551,36.206136043151965,36.216536566690536,35.965396984918904,35.44406903371952,34.65657277663612,33.618470072428444,32.354708292738806,30.89710101982824,29.28188482664103,27.547533801443084,25.732858290068712,23.8753702533106
481.997397214055,20.844554032589485,21.550784004964303,22.288841912616665,23.059446421145754,23.86293620150691,24.699105477204117,25.56698675014974,26.464566978106927,27.388422265561,28.333257182148365,29.291340704505053,30.251845681098207,31.200128619142117,32.11703809117246,32.97841606692525,33.755046569439955,34.413372402956114,34.917270800786575,35.230971156782985,35.32280109808087,35.16900966737184,34.75671928306244,34.0852976297118,33.166005982804954,32.0203186822505,30.677538512175484,29.172247607263355,27.541911996487066,25.824768024894983,24.058022832649698,22.276378491184747
480.00768012288205,20.860303116216645,21.57104533744442,22.312799214881338,23.085944176830434,23.890378967834447,24.725331185321355,25.58910936206015,26.478784700226182,27.389790055753483,28.315427822474046,29.246289103457947,30.169608561038952,31.068618089385275,31.922021790031895,32.70379057967606,33.38354465436454,33.927805625615385,34.30228704244335,34.47510848513812,34.42042563668162,34.121666184926895,33.57357701186517,32.78266827385041,31.766167259098104,30.549966936988117,29.166132540275242,27.65039383153458,26.039861526669448,24.371069356332708,22.678378100745892,20.992756823328488
477.9886238707519,20.873723536418737,21.588629070526647,22.333544047852882,23.10846645579617,23.91280688742954,24.745172964642,25.60309324189066,26.48266960847764,27.378149916478307,28.281420188855144,29.181431770378673,30.063607571445182,30.909317016791725,31.695570920982625,32.39515298690739,32.97744112873266,33.41012488446393,33.66184208650548,33.70544372186381,33.521267286888296,33.09965557434483,32.44213573732074,31.561100623548974,30.478267336236993,29.222414023943937,27.82688127418701,26.327178055582166,24.758877428754694,23.155884055165917,21.54910315530864,19.965514613307064
476.009139375476,20.890302609512528,21.609472092394796,22.35741513860356,23.133685070148573,23.937131762122732,24.765662229948664,25.615939824401536,26.48301436109759,27.359880989639628,28.23697731097299,29.101649591492695,29.93765333243793,30.724801983163804,31.43893401035032,32.052412438963955,32.535363533681014,32.85775475022927,32.99218431946944,32.91695889340127,32.61881442788859,32.09464558985406,31.35188626976849,30.407586794266802,29.286549614826708,28.01899528306069,26.638164048068493,25.178120077743635,23.671900048584362,22.150065697408316,20.63967303167099,19.163641820212195
474.0010428022942,20.905611566627716,21.628711797768247,22.379206017201255,23.156178067583234,23.957892978472692,24.7815371312356,25.62289849598715,26.47598365575536,27.332576776785153,28.18176135534147,29.0094513802538,29.798016257267477,30.526130889734347,31.16902674744619,31.69933535888033,32.08866387664737,32.30989090781265,32.33993086234933,32.162472620892146,31.770091268152257,31.165255578816073,30.360068476316062,29.37492098575618,28.236452809594525,26.97524509672878,25.62358069157346,24.213481661887002,22.775129259728896,21.335701770031548,19.918622424295208,18.543181168619974
472.00981780421034,20.923595511860572,21.64873297845592,22.39957090671644,23.17467953814277,23.971696428583975,24.787051584506415,25.615637389365645,26.45042564978434,27.282045500758898,28.09835500521066,28.884067927513996,29.62053476740159,30.285817195204608,30.855220885812212,31.302435247378387,31.601338327356185,31.728350286828082,31.664999382880552,31.4001987740663,30.93172918943304,30.266614877695254,29.420383227004322,28.41546487587135,27.279118327803594,26.041246893349875,24.73237897625519,23.381972197375756,22.01711345045723,20.66162700778113,19.33556437341527,18.05502522834257
469.9910701696667,20.93783643911025,21.66539956549096,22.416846220325667,23.190200697671607,23.982442631222746,24.789222281010613,25.60452828820227,26.42031675957461,27.226124678538774,28.008712285058618,28.751808585937482,29.436068257751703,30.039376710989,30.537643545898973,30.906177062598314,31.121614631155072,31.164206536142505,31.020073728604228,30.682975646287854,30.15520162144833,29.447421916857436,28.577599968520936,27.56925901821083,26.44945847286344,25.24678945555949,23.989603107686456,22.704588400523846,21.415741170578908,20.14371525735531,18.90551467596172,17.71446738176492
467.98951703481845,20.95196729592738,21.680388741221023,22.43061770530233,23.200106740984683,23.98516023001611,24.780647261395735,25.57967788214297,26.373258647362686,27.14995961133225,27.895647657841394,28.593368923793577,29.223490087316122,29.764221699102,30.192626994777317,30.486146915445975,30.62454165762709,30.591989783702157,30.378963652167737,29.98348844922977,29.41152040500311,28.676400216546774,27.7975524442771,26.79872822895851,25.706105405825635,24.546499190279153,23.345846751796092,22.12804535125221,20.91416064939041,19.72197992660372,18.56586004379464,17.45680773850305
466.0049396523603,20.963500181150195,21.69286339648804,22.44185886552159,23.207352974039097,23.984968301555945,24.768800470266573,25.551111753051938,26.32202453280887,27.06925520988417,27.777951545766847,28.430720388627588,29.00795009950849,29.488528822933002,29.851018873236132,30.0752576842282,30.144226231871286,30.045896904001726,29.774706648499784,29.33234701273662,28.727717025006125,27.97608524587981,27.097670743043267,26.115927255730096,25.055800678778176,23.942162227712824,22.798537462200088,21.64617967794956,20.50348398964038,19.38570519806753,18.304924511806185,17.27020351192162
463.9940608760208,20.98140859373469,21.709956414902354,22.45570988105941,23.214942137372322,23.982604400903906,24.752056490334954,25.51479019564932,26.260175217188554,26.975274945784232,27.64479942809486,28.251280477565025,28.77555960918903,29.19766003230751,29.49805698127618,29.659264590604682,29.667542491169694,29.51443510847502,29.19784126154186,28.722394995418444,28.099095666483954,27.344292882508274,26.47824722110495,25.523523001447224,24.50343706457771,23.440720045933176,22.356474249039344,21.269452341005522,20.19563913051305,19.148093444048385,18.136995112453896,17.16983971263022
462.00046200046205,20.989955800986518,21.71630950783822,22.45733559214496,23.208736638456816,23.96483511527739,24.71832535809145,25.460035554282207,26.178734888681447,26.861037385648206,27.491470220648388,28.052784224720664,28.52657833113082,28.89427679851202,29.138431711025344,29.244230401588624,29.20099454595687,29.003405545146677,28.652214155006536,28.154294768837723,27.522050492212838,26.772308026279035,25.924917630306783,25.00128194838472,24.02299584642124,23.01071578656916,21.983314674121885,20.95732866078459,19.94666921014393,18.96255515663793,18.013612223567133,17.10608814138339
460.0027600165601,21.000397798775147,21.72408949949098,22.459767034794012,23.20255649033768,23.94616117341646,24.68264301121655,25.40223241528284,26.093205989947002,26.741885504508303,27.332822590688338,27.84923493672966,28.27374254321173,28.58940931771453,28.781025690852967,28.8364856861401,28.748045580284632,28.51323441989385,28.135238148987114,27.622687563998216,26.988906606558167,26.250776338116708,25.427414107380923,24.538857056055253,23.604893393307943,22.64412710274728,21.673308942039387,20.706926855567843,19.757023658468462,18.833197050480326,17.942733558463097,17.09083081220827
458.0012824035908,21.010135378697235,21.729744839415364,22.458595803894088,23.191288177654744,23.92098242215131,24.639216979677812,25.335771739055982,25.998619046704295,26.614014493032194,27.166784885425457,27.640863896670737,28.020099852447352,28.289311368274603,28.435500142779293,28.449063557854803,28.324809535444086,28.062586432751573,27.667407520083227,27.149053065900386,26.52123663004833,25.800492006848067,25.004958434732057,24.15322048626878,23.26331369225368,22.351956108290512,21.434022168165864,20.522243613310312,19.627103360554774,18.75687971609715,17.91779747619056,17.114246438247246
455.99635202918375,21.018934277392656,21.733854373975404,22.45516308787352,23.17695024812358,23.89186918263979,24.590996570143627,25.26375536096972,25.897942552607176,26.47991022443164,26.99494716119582,27.427893884803364,27.763991396438655,27.989913782441025,28.09487623876905,28.071661640187862,27.917392762992712,27.633907967984875,27.227671397447597,26.709241159539218,26.09239937010043,25.393093127085262,24.62833962318704,23.815221179057566,22.970053199800066,22.10776443653002,21.241493317804938,20.382379740057466,19.53951811381493,18.720032466425284,17.929235394207403,17.170837269017845
454.00889857441206,21.02729841573212,21.736070204449017,22.44832292731459,23.157693409693547,23.856411461762555,24.53520675132987,25.183293408985318,25.788472183868954,26.33739209390643,26.816006556819133,27.210238585857635,27.50683389739444,27.69433347135182,27.76404970403358,27.71090018757684,27.533956668199455,27.23660963722441,26.82632086773153,26.314013938353042,25.713211931459636,25.03905764612218,24.30734474760735,23.533658730361832,22.732688029316204,21.91772907234481,21.1003806509478,20.290404493521798,19.495719452181635,18.7224941729126,17.975305221979642,17.257332390787745
451.99783041041405,21.031831232575623,21.73321103883526,22.435148381802193,23.130888920268838,23.812325074317602,24.469952373422462,25.092915136222988,25.66917734992067,26.185852299028223,26.62971255046456,26.98787766705211,27.24864113515411,27.402356634551154,27.442268992548797,27.36516149664548,27.171708950818807,26.866474195528777,26.457551340292206,25.9559211997373,25.374625527596063,24.727878793944065,24.030222739754528,23.295799827482366,22.537788040271053,21.768009420203814,20.99670240044119,20.23243420194159,19.482123206297416,18.751140369894863,18.043461448601235,17.36184640201242
450.00450004500044,21.037537996671315,21.730549266279088,22.42119673805079,23.102396548707883,23.765787715571957,24.401738993409783,24.999453259023966,25.547199681125075,26.032697543830196,26.44365985815647,26.768478927666184,26.997002578944343,27.12131634775474,27.136424749889112,27.040724733570997,26.83619132927908,26.528244229615186,26.125320509932862,25.63822616402122,25.079365522647205,24.461949826838147,23.79926924022193,23.104085406362312,22.388172979700517,21.662014274674483,20.9346339339474,20.21355048982851,19.504817678405814,18.813128665338795,18.141959306798594,17.493730853890067
448.00860176515386,21.04162948055305,21.724567873118684,22.402251936991043,23.067353085757603,23.711364766232666,24.32465828349198,24.896640097549135,25.416033957037026,25.871301559220687,26.251197454461952,26.545428371102382,26.745358205926127,26.844675368868636,26.83992836923451,26.730845531389157,26.520386101051344,26.214515267016843,25.8217418513346,25.352491832518698,24.818406039352137,24.231646173389187,23.604275284804636,22.947754550843623,22.27257433443907,21.58801819192367,20.90204536881417,20.2212701636998,19.55101418318905,18.895408493050102,18.257525633206964,17.63952532958392
445.99054500044593,21.042553799444217,21.714227548575035,22.377789192723245,23.025739671928736,23.64952022167227,24.239614626737275,24.785752942944416,25.277232394972387,25.70335911145413,26.053995622296505,26.320175641505916,26.494724520173953,26.572808029408005,26.552330849442225,26.434122868999722,26.221883721570407,25.921895638619795,25.542550756084182,25.093762407455312,24.586336754157195,24.031373026573657,23.439743001027363,22.82167930436735,22.186482659692423,21.54234310294941,20.896260400992773,20.254043958948074,19.62037134049819,18.99888590686275,18.392316907279703,17.80260877470802
443.9905873995471,21.041334023400434,21.70111984916586,22.35009403657704,22.9806705338139,23.58433442071828,24.15178502252668,24.673176669293102,25.138465134331643,25.537854457662256,25.862320740225158,26.10416945540926,26.257565877709965,26.318970341915012,26.287415850977535,26.16458587286519,25.954680868432582,25.664095236197717,25.300953309096936,24.874567808875288,24.394885239375178,23.871972652382045,23.315583830260977,22.734825085820663,22.137925185436316,21.53210223966245,20.92351318759511,20.317268196076558,19.717491942663056,19.127415328353425,18.549483786986833,17.98547135459783
442.00848656294204,21.030869151917617,21.677027214682983,22.309833034328424,22.92171664896518,23.50432270560176,24.04868712496758,24.545503746395227,24.985481750035117,25.359781188915463,25.66049768758438,25.88115151525506,26.01712535462999,26.065993628038704,26.02769667663373,25.904534329370332,25.700980655617048,25.423348076983334,25.07934815148931,24.677604646547895,24.227171980484005,23.737101552580825,23.216083938874736,22.67218014982497,22.112642695732,21.54381829601909,20.971118817611547,20.39904488980841,19.831246795185994,19.27060884363235,18.719345795883452,18.17910249208114
440.0052800633608,21.01716564529829,21.64771985072516,22.262451680085796,22.853900983565786,23.413978129600842,23.93416738100198,24.40580933478229,24.820456656181815,25.1702847108108,25.448525158900388,25.64987930780114,25.77086270995169,25.81003602724529,25.768090235746175,25.6477745492762,25.453678284571,25.191897761670877,24.869631906860306,24.49475370872668,24.07539995986436,23.61961149935627,23.13504370809676,22.628755067626663,22.107071935692254,21.575521042461453,21.038817508504888,20.500894913829292,19.964964421379815,19.433591512474255,18.9087809759934,18.392063006123003
438.0009636021199,20.990411699799104,21.604336285380917,22.20030502890163,22.771069076598895,23.308903753086117,23.805828185321868,24.25389107169677,24.645511821690377,24.973855289430613,25.233207914793166,25.419316061177273,25.529646392534215,25.563534785817236,25.52220400390549,25.40864843119658,25.2274024576826,24.984223457143344,24.685728003617708,24.339020364993385,23.95134667138222,23.5297988527803,23.081082013261547,22.611349370251954,22.126101432172646,21.63014113206707,21.12757403225827,20.621842009379233,20.11577946135561,19.61168252036198,19.111383578928137,18.616325328582505
435.9958144401814,20.95854986264991,21.554294065725735,22.130158073460514,22.679195397035542,23.19413682072112,23.66761741472873,24.092455424377615,24.46196869442716,24.77030541375606,25.012758784535226,25.186031934269206,25.288421700470735,25.31989826479245,25.282070749205158,25.178044092281546,25.01218644672416,24.789836100798777,24.516980986073865,24.199942265507705,23.845087656314053,23.458592001085712,23.04625407308991,22.613371110643318,22.164666904543807,21.70426562555419,21.235701795540283,20.76195648884419,20.2855105534911,19.80840695266088,19.332315912723516,18.85859818365426
434.00894058417606,20.91053470547761,21.486869422393873,22.041753507770842,22.5686316440382,23.06076900086562,23.511476013785774,23.91437065166049,24.26366194516104,24.554432000781283,24.782889491114112,24.94656723866655,25.04444085557008,25.076954174332318,25.045948868410584,24.95450781598926,24.80673188236915,24.60747601690868,24.362072150497855,24.076063780793536,23.754971604481966,23.40410265982868,23.028408586630864,22.632392783092754,22.220061944622675,21.794914803406773,21.359959671764045,20.91775231098028,20.47044635103713,20.019849656429066,19.567481411324,19.114626094650358
432.0027648176948,20.84409628941084,21.398668640090577,21.930565388062984,22.433721068482754,22.902023045880707,23.32952470504186,23.710682197880107,24.04059822366387,24.31525208449705,24.531693520973977,24.688179512575665,24.784238539114437,24.82065504611002,24.799376526721897,24.72335480917948,24.596340067833214,24.42264965878731,24.206933899674965,23.953957943793228,23.66841400364912,23.354772536172703,23.01717561183475,22.659371221827953,22.284684049027636,21.896016271996928,21.49587113349465,21.086392041486917,20.66941061718874,20.246498120025862,19.81901586612791,19.388161466287514
429.99656002751976,20.772189518495324,21.305557816972104,21.815515497060762,22.296522777051933,22.743098703753798,23.150016180559042,23.51250901442237,23.826475444519918,24.08866027508205,24.29679774255681,24.44970004279735,24.547281857607715,24.590518422908584,24.5813423619261,24.52249122861122,24.417322305079853,24.2696130715128,24.083364962644243,23.862625110351903,23.611336595872626,23.33322317075437,23.03171016219621,22.709879813869296,22.37045683369753,22.0158184324324,21.648022520566098,21.26884780342336,20.879840078374894,20.48235991232902,20.07762790912384,19.666764844849414
428.00890258517376,20.680013152496624,21.19084245130824,21.677903240394873,22.136233565525462,22.561018199183042,22.947760525984346,23.292456838263472,23.5917593313064,23.84311325845975,24.044854880442568,24.196260117702113,24.297538816645535,24.34977546978883,24.35482304635551,24.3151612863776,24.23373367055279,24.113778023636126,23.95866451059683,23.771752139170154,23.55627143587642,23.315237340921303,23.051393061461223,22.767182941025247,22.464750479542534,22.14595647288907,21.812411747102907,21.465519012443917,21.1065188175605,20.736535313046822,20.35661842154648,19.967779961601252
426.00323762460596,20.573040352915143,21.062193510381473,21.52777084518015,21.96539118574062,22.37087796865906,22.740405456120474,23.070640775790693,23.358870381178452,23.603099674272524,23.802116249252705,23.955510415950823,24.063650925314104,24.12761847312453,24.14910383337941,24.130280693328928,24.07366500158667,23.981972793769078,23.857987219340547,23.704443253507186,23.523935812506583,23.318854141927183,23.091342756935315,22.84328709441057,22.576320485433545,22.291848077311855,21.991082874800686,21.67508904856955,21.3448279838631,21.001203123559627,20.645100413093665,20.277422002497435
423.998304006784,20.459046797874628,20.926698451334982,21.3713288519532,21.78913515678246,22.17655675188487,22.53039545715251,22.847927161421726,23.12699586077479,23.366081801022393,23.564337309154446,23.72158676078437,23.838290582907625,23.915476710770648,23.954645965452393,23.95765996265757,23.926621165049383,23.863754534588764,23.77129910370885,23.65141596143992,23.50611697819259,23.337216376109858,23.146305224067056,22.934747245432867,22.703693042981456,22.45410898101802,22.186816495266022,21.90253748271422,21.60194160499022,21.28569176580698,20.954484639765276,20.609083877881723
421.99434527577336,20.339096997470627,20.785804610342076,21.210427321339832,21.60971200758524,21.980663295325698,22.320639172286274,22.627435854799835,22.89935508788201,23.135248024581824,23.334531598113486,23.497175675778006,23.623661951445094,23.714918114556603,23.772232967467772,23.797159581342843,23.791414154943638,23.756777989071914,23.69500905096835,23.607768188121714,23.496563389256465,23.36271378800151,23.207333520039622,23.03133418044025,22.83544353859671,22.620237372165416,22.38618077527695,22.13367506572045,21.863106441390677,21.574892794751655,21.269525556252198,20.947604065531966
419.99160016799664,20.218686145756365,20.646256860981495,21.05292735534321,21.435943056032883,21.792808135589368,22.121359701767027,22.41983050343882,22.68689515090661,22.92169585573382,23.12384523287938,23.293405605530634,23.43084626968486,23.53698204655745,23.61289794031277,23.659865662879554,23.679258119337202,23.672467694755927,23.64083344918248,23.58558125654793,23.507779669345684,23.408312990658413,23.28787179364863,23.146960016426355,22.98591681820304,22.80495063159388,22.604182295969657,22.3836938142628,22.143579145956693,21.883993535059666,21.60519816980002,21.307597464500628
418.00777494461397,20.101349407249334,20.51276614594362,20.904688554450047,21.27478255164644,21.620960261013547,21.941436892022818,22.234776538493694,22.499923269731525,22.736214806742385,22.943377341062476,23.121501530455934,23.271001218423958,23.39255779130355,23.48705415271472,23.555502957786548,23.598973971269853,23.618525218578686,23.61514205822754,23.589687515014266,23.54286627716907,23.47520376748037,23.38704071774511,23.278542755803038,23.149723685601437,23.00048042366274,22.830636967359645,22.63999433072037,22.42838311439503,22.19571530071543,21.94203199996271,21.66754422486788
416.0079873533571,19.98521503065647,20.381197151016778,20.759290390766115,21.11753929309716,21.454213098021903,21.7678480716709,22.057279837478003,22.321663161492992,22.56047740885959,22.773516874685196,22.960866298979717,23.122862981190323,23.260047894976726,23.37310896883374,23.462820178897086,23.529980274234305,23.57535483838713,23.599625029155277,23.603345792529236,23.586915679762075,23.550559664865393,23.49432560671212,23.41809425579787,23.321601991348818,23.20447480669966,23.066271458332913,22.90653318127593,22.724836982441033,22.52084929032961,22.294376699272,22.04541072425447
413.99296211964395,19.883390736718123,20.265952185823956,20.632276832081434,20.980724929054553,21.309855937020902,21.618459619670002,21.905578477540523,22.170519734414885,22.4128557009212,22.632412088528238,22.82924466576086,23.003605455502093,23.155900388996674,23.286640894470313,23.39639226488321,23.48572180517196,23.555149713445253,23.605105429954932,23.635891828861162,23.647659168887298,23.640390193154985,23.61389720101463,23.567831322769656,23.501703623890776,23.414917060098265,23.306807714445462,23.17669319659047,23.02392560723852,22.84794611022757,22.648337957145632,22.42487481592581
411.9973632168754,19.792357811822068,20.164491816765402,20.52207060299736,20.863704490593506,21.188175843933845,21.494461990544124,21.781750847232896,22.049447977292886,22.297174270139195,22.524753995831325,22.73219359279382,22.91965214343312,23.087405027215127,23.2358026715267,23.365226619147975,23.476045285632175,23.56857179363417,23.64302615882985,23.699503884189415,23.73795271754322,23.758158959944826,23.759744292305605,23.742173622984698,23.704773954385633,23.646763727974154,23.56729154576159,23.46548260299099,23.34049063427051,23.19155271807595,23.018043954483264,22.819528880597023
410.00410004100036,19.71714549530999,20.080669536902548,20.431266703769985,20.767749573357243,21.089076565469092,21.394368826340827,21.682921080892616,21.954205522601143,22.20786816259602,22.44371747606222,22.661705632233122,22.86190303826203,23.04446733257263,23.20960830122823,23.35755044161451,23.488495051581683,23.60258377879225,23.699865531075094,23.780268534600516,23.84357914359131,23.889428761693118,23.917289935869967,23.926482329913842,23.916188875576637,23.885481935410386,23.833358798387863,23.758785282415747,23.66074566460436,23.538296641762336,23.39062259250478,23.217089126557816
407.99673602611176,19.653718470190615,20.010817570109378,20.35656358272405,20.68992338982306,21.00998465135909,21.315968474300682,21.60723718236959,21.883296481404233,22.14379157504674,22.3884970925175,22.617301023082266,22.830183186735056,23.027189084489876,23.20840024463871,23.373902398767264,23.523752974712675,23.6579494802748,23.776400373075013,23.878899972617994,23.965108874668797,24.034541178116935,24.08655963035081,24.12037953577088,24.13508194885023,24.129636284504567,24.10293202533535,24.053818696811497,23.98115273878456,23.88384935990916,23.76093696895112,23.61161139143238
405.99244854045713,19.605073569566038,19.956789761737575,20.298657142600675,20.62976952409214,20.94931860322536,21.256603488636344,21.551036306367184,21.83214334038717,22.099561351339517,22.353028940474147,22.592373071139825,22.81749111225801,23.028329011573568,23.22485642749926,23.4070398362679,23.57481477863339,23.728058513718096,23.866564405667827,23.990019381856083,24.097985769763927,24.189888742283962,24.2650104747771,24.322491936140544,24.361342993349147,24.380461197774693,24.378659238743833,24.354700598767295,24.3073424395416,24.235384215191026,24.13771999028665,24.01339198800268
404.00775694893343,19.57377757141713,19.923007580541864,20.263795668909097,20.595320396391287,20.91683734786735,21.22768665925188,21.527297439733065,21.81518864596943,22.090966098509007,22.354315493926066,22.604991449706603,22.842802812856547,23.067594657204612,23.279227578661466,23.477555063943246,23.662399850057504,23.83353030475042,23.990637939276496,24.133317212264295,24.26104879498263,24.37318744077446,24.46895552990547,24.547443238756905,24.607616101026544,24.648330480315096,24.668357152478027,24.66641280213115,24.641198779159698,24.591445958147574,24.515964029872244,24.41369307582254
401.9938896928767,19.550746603089916,19.89772852175039,20.23757562125888,20.569539523116504,20.892930821311353,21.207125027580602,21.511566083614543,21.805767076514595,22.089307888322583,22.361829628090902,22.6230258308077,22.872630555365173,23.110403666878632,23.336113740250614,23.549519165694683,23.75034816765655,23.938278561865104,24.11291816759651,24.273786860495363,24.42030129207739,24.551763311057012,24.66735309320283,24.766127913235234,24.847027365778978,24.908885653758908,24.95045130457038,24.970414343559728,24.967440554436106,24.940212000690934,24.887472496462692,24.808076237716318
400.0,19.542310506609265,19.88918357841206,20.230137977560315,20.564473718641974,20.891533624113833,21.210708205286323,21.52143866221939,21.82321769626361,22.115587894025047,22.39813752579645,22.670493702312555,22.93231294737158,23.183269366042254,23.42304071413403,23.65129279963857,23.86766276650161,24.0717419212694,24.26305886007688,24.441063733358607,24.605114544481726,24.754466411362884,24.8882647210303,25.005543068705318,25.10522678688,25.186142727253817,25.24703575144131,25.286592110218752,25.30346954636521,25.29633355162609,25.263898763161812,25.20497402979185
